
-------------------------------------------------------------------------
|    ___ _   _ ___                                                      |
|   / __| | | |_  )   Release 8.5.0 "Harrier"                           |
|   \__ \ |_| |/ /                                                      |
|   |___/\___//___|   Suite (Computational Fluid Dynamics Code)         |
|                                                                       |
-------------------------------------------------------------------------
| SU2 Project Website: https://su2code.github.io                        |
|                                                                       |
| The SU2 Project is maintained by the SU2 Foundation                   |
| (http://su2foundation.org)                                            |
-------------------------------------------------------------------------
| Copyright 2012-2026, SU2 Contributors                                 |
|                                                                       |
| SU2 is free software; you can redistribute it and/or                  |
| modify it under the terms of the GNU Lesser General Public            |
| License as published by the Free Software Foundation; either          |
| version 2.1 of the License, or (at your option) any later version.    |
|                                                                       |
| SU2 is distributed in the hope that it will be useful,                |
| but WITHOUT ANY WARRANTY; without even the implied warranty of        |
| MERCHANTABILITY or FITNESS FOR A PARTICULAR PURPOSE. See the GNU      |
| Lesser General Public License for more details.                       |
|                                                                       |
| You should have received a copy of the GNU Lesser General Public      |
| License along with SU2. If not, see <http://www.gnu.org/licenses/>.   |
-------------------------------------------------------------------------

Parsing config file for zone 0

----------------- Physical Case Definition ( Zone 0 ) -------------------
Compressible Euler equations.
Mach number: 0.8.
Angle of attack (AoA): 1.25 deg, and angle of sideslip (AoS): 0 deg.
No restart solution, use the values at infinity (freestream).
Dimensional simulation.
The reference area is 1 m^2.
The semi-span will be computed using the max y(3D) value.
The reference length is 1 m.
Reference origin for moment evaluation is (0.25, 0, 0).
Surface(s) where the force coefficients are evaluated: airfoil.

Surface(s) where the objective function is evaluated: airfoil.
Surface(s) plotted in the output file: airfoil.
Input mesh file name: mesh_NACA0012_inv.su2

--------------- Space Numerical Integration ( Zone 0 ) ------------------
Jameson-Schmidt-Turkel scheme (2nd order in space) for the flow inviscid terms.
JST viscous coefficients (2nd & 4th): 0.5, 0.02.
The method includes a grid stretching correction (p = 0.3).
Gradient for upwind reconstruction: inverse-distance weighted Least-Squares.
Gradient for viscous and source terms: inverse-distance weighted Least-Squares.

--------------- Time Numerical Integration  ( Zone 0 ) ------------------
Local time stepping (steady state simulation).
Euler implicit method for the flow equations.
FGMRES is used for solving the linear system.
Using a LU-SGS preconditioning.
Convergence criteria of the linear solver: 1e-06.
Max number of linear iterations: 5.
W Multigrid Cycle, with 3 multigrid levels.
Damping factor for the residual restriction: 1.
Damping factor for the correction prolongation: 1.
No CFL adaptation.
+-------------------------------------------+
|  MG Level| Presmooth|PostSmooth|CorrectSmo|
+-------------------------------------------+
|         0|         1|         0|         0|
|         1|         2|         0|         0|
|         2|         3|         0|         0|
|         3|         3|         0|         0|
+-------------------------------------------+
Courant-Friedrichs-Lewy number:        4

------------------ Convergence Criteria  ( Zone 0 ) ---------------------
Maximum number of solver subiterations: 9999.
Begin convergence monitoring at iteration 10.
Residual minimum value: 1e-8.
Cauchy series min. value: 1e-10.
Number of Cauchy elements: 100.
Begin windowed time average at iteration 0.

-------------------- Output Information ( Zone 0 ) ----------------------
File writing frequency: 
+------------------------------------+
|                     File| Frequency|
+------------------------------------+
|                  RESTART|        10|
|                 PARAVIEW|       250|
|         SURFACE_PARAVIEW|       250|
|              SURFACE_CSV|       250|
+------------------------------------+
Writing the convergence history file every 1 inner iterations.
Writing the screen convergence history every 1 inner iterations.
The tabular file format is CSV (.csv).
Convergence history file name: history.
Forces breakdown file name: forces_breakdown.dat.
Surface file name: surface_flow.
Volume file name: flow.
Restart file name: restart_flow.

------------- Config File Boundary Information ( Zone 0 ) ---------------
+-----------------------------------------------------------------------+
|                        Marker Type|                        Marker Name|
+-----------------------------------------------------------------------+
|                         Euler wall|                            airfoil|
+-----------------------------------------------------------------------+
|                          Far-field|                           farfield|
+-----------------------------------------------------------------------+

-------------------- Output Preprocessing ( Zone 0 ) --------------------

WARNING: SURFACE_PRESSURE_DROP can only be computed for at least 2 surfaces (outlet, inlet, ...)

Screen output fields: INNER_ITER, RMS_DENSITY, RMS_MOMENTUM-X, RMS_MOMENTUM-Y, RMS_ENERGY
History output group(s): ITER, RMS_RES
Convergence field(s): DRAG
Warning: No (valid) fields chosen for time convergence monitoring. Time convergence monitoring inactive.
Volume output fields: COORDINATES, SOLUTION, PRIMITIVE

------------------- Geometry Preprocessing ( Zone 0 ) -------------------
Two dimensional problem.
5233 grid points before partitioning.
10216 volume elements before partitioning.
2 surface markers.
200 boundary elements in index 0 (Marker = airfoil).
50 boundary elements in index 1 (Marker = farfield).
Executing the partitioning functions.
Building the graph adjacency structure.
Calling ParMETIS... graph partitioning complete (316 edge cuts).
Distributing ParMETIS coloring.
Rebalancing vertices.
Rebalancing volume element connectivity.
Rebalancing markers and surface elements.
5555 vertices including ghost points. 
10532 interior elements including halo cells. 
10532 triangles.
Establishing MPI communication patterns.
Setting point connectivity.
Renumbering points (Reverse Cuthill McKee Ordering).
Recomputing point connectivity.
Setting element connectivity.
Checking the numerical grid orientation.
All volume elements are correctly oriented.
All surface elements are correctly oriented.
Identifying edges and vertices.
Setting the control volume structure.
Area of the computational grid: 1255.76.
Searching for the closest normal neighbors to the surfaces.
Storing a mapping from global to local point index.
Compute the surface curvature.
Max K: 7835.1. Mean K: 34.8252. Standard deviation K: 494.448.
Computing mesh quality statistics for the dual control volumes.
+--------------------------------------------------------------+
|           Mesh Quality Metric|        Minimum|        Maximum|
+--------------------------------------------------------------+
|    Orthogonality Angle (deg.)|        62.6714|        89.7089|
|     CV Face Area Aspect Ratio|        1.00001|        7.18337|
|           CV Sub-Volume Ratio|        1.00285|        6.47826|
+--------------------------------------------------------------+
Setting the multigrid structure. NMG=3
+-------------------------------------------+
|  MG Level|       CVs|Aggl. Rate|       CFL|
+-------------------------------------------+
|         0|      5233|    1/1.00|         4|
|         1|      1659|    1/3.15|   2.66667|

Euler Wall Agglomeration Statistics (45° curvature threshold):
----------------------------------------------------------------
  Marker: airfoil
    Seeds agglomerated:       37 (100.0%)
    Seeds rejected (>45° curv): 0 (0.0%)
----------------------------------------------------------------
|         2|       563|    1/2.95|  1.777778|

Euler Wall Agglomeration Statistics (45° curvature threshold):
----------------------------------------------------------------
  Marker: airfoil
    Seeds agglomerated:       18 (100.0%)
    Seeds rejected (>45° curv): 0 (0.0%)
----------------------------------------------------------------
MG level 3 has only 209 CVs (< MG_MIN_MESHSIZE=500). Reducing MG levels to 2.

Euler Wall Agglomeration Statistics (45° curvature threshold):
----------------------------------------------------------------
  Marker: airfoil
    Seeds agglomerated:       9 (100.0%)
    Seeds rejected (>45° curv): 0 (0.0%)
----------------------------------------------------------------
Finding max control volume width.
Communicating number of neighbors.
Wetted area = 2.0 m.
Area projection in the x-plane = 0.1 m, y-plane = 1.0 m.
Max. coordinate in the x-direction = 1.0 m, y-direction = 0.1 m.
Min. coordinate in the x-direction = 0.0 m, y-direction = -0.1 m.
Computing wall distances.

-------------------- Solver Preprocessing ( Zone 0 ) --------------------
Inviscid flow: Computing density based on free-stream
temperature and pressure using the ideal gas law.
Force coefficients computed using free-stream values.

-- Models:
+------------------------------------------------------------------------------+
|          Viscosity Model|        Conductivity Model|              Fluid Model|
+------------------------------------------------------------------------------+
|                        -|                         -|             STANDARD_AIR|
+------------------------------------------------------------------------------+
-- Fluid properties:
+------------------------------------------------------------------------------+
|                  Name|    Dim. value|    Ref. value|      Unit|Non-dim. value|
+------------------------------------------------------------------------------+
|          Gas Constant|       287.058|             1|  N.m/kg.K|       287.058|
|      Spec. Heat Ratio|             -|             -|         -|           1.4|
+------------------------------------------------------------------------------+
-- Initial and free-stream conditions:
+------------------------------------------------------------------------------+
|                  Name|    Dim. value|    Ref. value|      Unit|Non-dim. value|
+------------------------------------------------------------------------------+
|       Static Pressure|        101325|             1|        Pa|        101325|
|               Density|       1.29225|             1|    kg/m^3|       1.29225|
|           Temperature|        273.15|             1|         K|        273.15|
|          Total Energy|        231152|             1|   m^2/s^2|        231152|
|            Velocity-X|       264.994|             1|       m/s|       264.994|
|            Velocity-Y|       5.78219|             1|       m/s|       5.78219|
|    Velocity Magnitude|       265.057|             1|       m/s|       265.057|
+------------------------------------------------------------------------------+
|           Mach Number|             -|             -|         -|           0.8|
+------------------------------------------------------------------------------+
Initialize Jacobian structure (Euler). MG level: 0.
Initialize Jacobian structure (Euler). MG level: 1.
Initialize Jacobian structure (Euler). MG level: 2.

------------------- Numerics Preprocessing ( Zone 0 ) -------------------

----------------- Integration Preprocessing ( Zone 0 ) ------------------

------------------- Iteration Preprocessing ( Zone 0 ) ------------------
Euler/Navier-Stokes/RANS fluid iteration.

------------------------------ Begin Solver -----------------------------

Simulation Run using the Single-zone Driver
WARNING: SU2 was not compiled for an AVX-capable architecture. Performance could be better,
         see https://su2code.github.io/docs_v7/Build-SU2-Linux-MacOS/#compiler-optimizations
WARNING: SU2 was not compiled for an AVX-capable architecture. Performance could be better,
         see https://su2code.github.io/docs_v7/Build-SU2-Linux-MacOS/#compiler-optimizations
WARNING: SU2 was not compiled for an AVX-capable architecture. Performance could be better,
         see https://su2code.github.io/docs_v7/Build-SU2-Linux-MacOS/#compiler-optimizations
+----------------------------------------------------------------+
|  Inner_Iter|    rms[Rho]|   rms[RhoU]|   rms[RhoV]|   rms[RhoE]|
+----------------------------------------------------------------+
|           0|   -1.026860|    1.319487|    0.848737|    4.463888|
|           1|   -1.460632|    1.078762|    1.215235|    4.059108|
|           2|   -1.283007|    1.166781|    1.171521|    4.227025|
|           3|   -1.351990|    1.178513|    1.225595|    4.142530|
|           4|   -1.278469|    1.174197|    1.213534|    4.196000|
|           5|   -1.248920|    1.148435|    1.185566|    4.217445|
|           6|   -1.239812|    1.143274|    1.210934|    4.235994|
|           7|   -1.215447|    1.200149|    1.244834|    4.268723|
|           8|   -1.200612|    1.237812|    1.252344|    4.278141|
|           9|   -1.194452|    1.231622|    1.231689|    4.269346|
|          10|   -1.191334|    1.187793|    1.187186|    4.256381|
+-----------------------------------------------------------------------+
|        File Writing Summary       |              Filename             |
+-----------------------------------------------------------------------+
|SU2 binary restart                 |restart_flow.dat                   |

Writing the forces breakdown file (forces_breakdown.dat).
+-----------------------------------------------------------------------+
+----------------------------------------------------------------+
|  Inner_Iter|    rms[Rho]|   rms[RhoU]|   rms[RhoV]|   rms[RhoE]|
+----------------------------------------------------------------+
|          11|   -1.196336|    1.129890|    1.146599|    4.242974|
|          12|   -1.200737|    1.098306|    1.141723|    4.240832|
|          13|   -1.199129|    1.113422|    1.164324|    4.251090|
|          14|   -1.200659|    1.132883|    1.175378|    4.252982|
|          15|   -1.202196|    1.144219|    1.172830|    4.249082|
|          16|   -1.204892|    1.137525|    1.152908|    4.239033|
|          17|   -1.210422|    1.110783|    1.120109|    4.223969|
|          18|   -1.218556|    1.068198|    1.084444|    4.207587|
|          19|   -1.226592|    1.021555|    1.057350|    4.195560|
|          20|   -1.232082|    0.987424|    1.045581|    4.190878|
+-----------------------------------------------------------------------+
|        File Writing Summary       |              Filename             |
+-----------------------------------------------------------------------+
|SU2 binary restart                 |restart_flow.dat                   |

Writing the forces breakdown file (forces_breakdown.dat).
+-----------------------------------------------------------------------+
+----------------------------------------------------------------+
|  Inner_Iter|    rms[Rho]|   rms[RhoU]|   rms[RhoV]|   rms[RhoE]|
+----------------------------------------------------------------+
|          21|   -1.234705|    0.975161|    1.047423|    4.191543|
|          22|   -1.236238|    0.978349|    1.053301|    4.192701|
|          23|   -1.237321|    0.986427|    1.055416|    4.192318|
|          24|   -1.238698|    0.992591|    1.048856|    4.189704|
|          25|   -1.240313|    0.995715|    1.034531|    4.185749|
|          26|   -1.241774|    0.997045|    1.017145|    4.181860|
|          27|   -1.243478|    0.996984|    1.000972|    4.178120|
|          28|   -1.245010|    0.996998|    0.989033|    4.175293|
|          29|   -1.246864|    0.997145|    0.979363|    4.172806|
|          30|   -1.248922|    0.997965|    0.969575|    4.170606|
+-----------------------------------------------------------------------+
|        File Writing Summary       |              Filename             |
+-----------------------------------------------------------------------+
|SU2 binary restart                 |restart_flow.dat                   |

Writing the forces breakdown file (forces_breakdown.dat).
+-----------------------------------------------------------------------+
+----------------------------------------------------------------+
|  Inner_Iter|    rms[Rho]|   rms[RhoU]|   rms[RhoV]|   rms[RhoE]|
+----------------------------------------------------------------+
|          31|   -1.250599|    0.999981|    0.959119|    4.169297|
|          32|   -1.252050|    1.002354|    0.948727|    4.168571|
|          33|   -1.252799|    1.005703|    0.941407|    4.169013|
|          34|   -1.253515|    1.009005|    0.937737|    4.169609|
|          35|   -1.254114|    1.012089|    0.937334|    4.170159|
|          36|   -1.254178|    1.014625|    0.938623|    4.170933|
|          37|   -1.253451|    1.016412|    0.940170|    4.172132|
|          38|   -1.251985|    1.017370|    0.941410|    4.173716|
|          39|   -1.249899|    1.017340|    0.942527|    4.175634|
|          40|   -1.247284|    1.015995|    0.943970|    4.177869|
+-----------------------------------------------------------------------+
|        File Writing Summary       |              Filename             |
+-----------------------------------------------------------------------+
|SU2 binary restart                 |restart_flow.dat                   |

Writing the forces breakdown file (forces_breakdown.dat).
+-----------------------------------------------------------------------+
+----------------------------------------------------------------+
|  Inner_Iter|    rms[Rho]|   rms[RhoU]|   rms[RhoV]|   rms[RhoE]|
+----------------------------------------------------------------+
|          41|   -1.244159|    1.012917|    0.946011|    4.180450|
|          42|   -1.240593|    1.007705|    0.948619|    4.183299|
|          43|   -1.236610|    1.000061|    0.951545|    4.186386|
|          44|   -1.232307|    0.989839|    0.954478|    4.189619|
|          45|   -1.230088|    0.975575|    0.952986|    4.189781|
|          46|   -1.228109|    0.959038|    0.949956|    4.189048|
|          47|   -1.225015|    0.940782|    0.947175|    4.189570|
|          48|   -1.221382|    0.921641|    0.945036|    4.191188|
|          49|   -1.218138|    0.903270|    0.943988|    4.193021|
|          50|   -1.215489|    0.887005|    0.944163|    4.194810|
+-----------------------------------------------------------------------+
|        File Writing Summary       |              Filename             |
+-----------------------------------------------------------------------+
|SU2 binary restart                 |restart_flow.dat                   |

Writing the forces breakdown file (forces_breakdown.dat).
+-----------------------------------------------------------------------+
+----------------------------------------------------------------+
|  Inner_Iter|    rms[Rho]|   rms[RhoU]|   rms[RhoV]|   rms[RhoE]|
+----------------------------------------------------------------+
|          51|   -1.213278|    0.873708|    0.945397|    4.196573|
|          52|   -1.211351|    0.864324|    0.947422|    4.198298|
|          53|   -1.209780|    0.859941|    0.950049|    4.199778|
|          54|   -1.208843|    0.861322|    0.953125|    4.200678|
|          55|   -1.208670|    0.868578|    0.956438|    4.200964|
|          56|   -1.209496|    0.881161|    0.959687|    4.200473|
|          57|   -1.211400|    0.898035|    0.962588|    4.199197|
|          58|   -1.214185|    0.917905|    0.964880|    4.197383|
|          59|   -1.217592|    0.939407|    0.966299|    4.195266|
|          60|   -1.221522|    0.961297|    0.966656|    4.192843|
+-----------------------------------------------------------------------+
|        File Writing Summary       |              Filename             |
+-----------------------------------------------------------------------+
|SU2 binary restart                 |restart_flow.dat                   |

Writing the forces breakdown file (forces_breakdown.dat).
+-----------------------------------------------------------------------+
+----------------------------------------------------------------+
|  Inner_Iter|    rms[Rho]|   rms[RhoU]|   rms[RhoV]|   rms[RhoE]|
+----------------------------------------------------------------+
|          61|   -1.226027|    0.982642|    0.965829|    4.189957|
|          62|   -1.230904|    1.002858|    0.963692|    4.186805|
|          63|   -1.236271|    1.021608|    0.960231|    4.183207|
|          64|   -1.242329|    1.038640|    0.955479|    4.178919|
|          65|   -1.249141|    1.053745|    0.949452|    4.173927|
|          66|   -1.256416|    1.067571|    0.942604|    4.168755|
|          67|   -1.263910|    1.080164|    0.935098|    4.163820|
|          68|   -1.272009|    1.090110|    0.926194|    4.158311|
|          69|   -1.280501|    1.097439|    0.915816|    4.152191|
|          70|   -1.288945|    1.102180|    0.903848|    4.145762|
+-----------------------------------------------------------------------+
|        File Writing Summary       |              Filename             |
+-----------------------------------------------------------------------+
|SU2 binary restart                 |restart_flow.dat                   |

Writing the forces breakdown file (forces_breakdown.dat).
+-----------------------------------------------------------------------+
+----------------------------------------------------------------+
|  Inner_Iter|    rms[Rho]|   rms[RhoU]|   rms[RhoV]|   rms[RhoE]|
+----------------------------------------------------------------+
|          71|   -1.296867|    1.105138|    0.890680|    4.139625|
|          72|   -1.304108|    1.106701|    0.876693|    4.134140|
|          73|   -1.311544|    1.105858|    0.861646|    4.128049|
|          74|   -1.319422|    1.102783|    0.846094|    4.120922|
|          75|   -1.327260|    1.097534|    0.830626|    4.113193|
|          76|   -1.334434|    1.090728|    0.816350|    4.105620|
|          77|   -1.340741|    1.082716|    0.804128|    4.098656|
|          78|   -1.346492|    1.072590|    0.793771|    4.091859|
|          79|   -1.351339|    1.060547|    0.785725|    4.085568|
|          80|   -1.354903|    1.046700|    0.780131|    4.080168|
+-----------------------------------------------------------------------+
|        File Writing Summary       |              Filename             |
+-----------------------------------------------------------------------+
|SU2 binary restart                 |restart_flow.dat                   |

Writing the forces breakdown file (forces_breakdown.dat).
+-----------------------------------------------------------------------+
+----------------------------------------------------------------+
|  Inner_Iter|    rms[Rho]|   rms[RhoU]|   rms[RhoV]|   rms[RhoE]|
+----------------------------------------------------------------+
|          81|   -1.356755|    1.031569|    0.777676|    4.076272|
|          82|   -1.356922|    1.015669|    0.778393|    4.074178|
|          83|   -1.356737|    0.998515|    0.780916|    4.072346|
|          84|   -1.356515|    0.980608|    0.784794|    4.070479|
|          85|   -1.355927|    0.962287|    0.789476|    4.069127|
|          86|   -1.354895|    0.944174|    0.795325|    4.068549|
|          87|   -1.353545|    0.927102|    0.801995|    4.068891|
|          88|   -1.353003|    0.910978|    0.807997|    4.068769|
|          89|   -1.353359|    0.896387|    0.813023|    4.067913|
|          90|   -1.354218|    0.883557|    0.816864|    4.066766|
+-----------------------------------------------------------------------+
|        File Writing Summary       |              Filename             |
+-----------------------------------------------------------------------+
|SU2 binary restart                 |restart_flow.dat                   |

Writing the forces breakdown file (forces_breakdown.dat).
+-----------------------------------------------------------------------+
+----------------------------------------------------------------+
|  Inner_Iter|    rms[Rho]|   rms[RhoU]|   rms[RhoV]|   rms[RhoE]|
+----------------------------------------------------------------+
|          91|   -1.355386|    0.872979|    0.820107|    4.065593|
|          92|   -1.356423|    0.865100|    0.822877|    4.065247|
|          93|   -1.358050|    0.859255|    0.824036|    4.064672|
|          94|   -1.360296|    0.855425|    0.823292|    4.063536|
|          95|   -1.363170|    0.853166|    0.820218|    4.061663|
|          96|   -1.366535|    0.852765|    0.814913|    4.059389|
|          97|   -1.371070|    0.854203|    0.807750|    4.056237|
|          98|   -1.378194|    0.855947|    0.798067|    4.050619|
|          99|   -1.388425|    0.857530|    0.786198|    4.041850|
|         100|   -1.400520|    0.858429|    0.772368|    4.031323|
+-----------------------------------------------------------------------+
|        File Writing Summary       |              Filename             |
+-----------------------------------------------------------------------+
|SU2 binary restart                 |restart_flow.dat                   |

Writing the forces breakdown file (forces_breakdown.dat).
+-----------------------------------------------------------------------+
+----------------------------------------------------------------+
|  Inner_Iter|    rms[Rho]|   rms[RhoU]|   rms[RhoV]|   rms[RhoE]|
+----------------------------------------------------------------+
|         101|   -1.413472|    0.858857|    0.757157|    4.020079|
|         102|   -1.424965|    0.858668|    0.740877|    4.010717|
|         103|   -1.434251|    0.856502|    0.722837|    4.003398|
|         104|   -1.441327|    0.852655|    0.703147|    3.997425|
|         105|   -1.446810|    0.847673|    0.681957|    3.991952|
|         106|   -1.451363|    0.842883|    0.660073|    3.986518|
|         107|   -1.455980|    0.839203|    0.638410|    3.980689|
|         108|   -1.461946|    0.835380|    0.617136|    3.973515|
|         109|   -1.469886|    0.831465|    0.597404|    3.964435|
|         110|   -1.480396|    0.827490|    0.580140|    3.952866|
+-----------------------------------------------------------------------+
|        File Writing Summary       |              Filename             |
+-----------------------------------------------------------------------+
|SU2 binary restart                 |restart_flow.dat                   |

Writing the forces breakdown file (forces_breakdown.dat).
+-----------------------------------------------------------------------+
+----------------------------------------------------------------+
|  Inner_Iter|    rms[Rho]|   rms[RhoU]|   rms[RhoV]|   rms[RhoE]|
+----------------------------------------------------------------+
|         111|   -1.492562|    0.824154|    0.566379|    3.939998|
|         112|   -1.505490|    0.822246|    0.556608|    3.927103|
|         113|   -1.519694|    0.820682|    0.549392|    3.913434|
|         114|   -1.534075|    0.819240|    0.543654|    3.899836|
|         115|   -1.547468|    0.817521|    0.538010|    3.887185|
|         116|   -1.560209|    0.815651|    0.532058|    3.874806|
|         117|   -1.572320|    0.814095|    0.525939|    3.862990|
|         118|   -1.585692|    0.811778|    0.518828|    3.849890|
|         119|   -1.600951|    0.808437|    0.510934|    3.834898|
|         120|   -1.618438|    0.803708|    0.502399|    3.817736|
+-----------------------------------------------------------------------+
|        File Writing Summary       |              Filename             |
+-----------------------------------------------------------------------+
|SU2 binary restart                 |restart_flow.dat                   |

Writing the forces breakdown file (forces_breakdown.dat).
+-----------------------------------------------------------------------+
+----------------------------------------------------------------+
|  Inner_Iter|    rms[Rho]|   rms[RhoU]|   rms[RhoV]|   rms[RhoE]|
+----------------------------------------------------------------+
|         121|   -1.637842|    0.797680|    0.493766|    3.798967|
|         122|   -1.657738|    0.790758|    0.485516|    3.780503|
|         123|   -1.678062|    0.782285|    0.476660|    3.762065|
|         124|   -1.698388|    0.772093|    0.466715|    3.743599|
|         125|   -1.717845|    0.759964|    0.455186|    3.725641|
|         126|   -1.735502|    0.746036|    0.442431|    3.708949|
|         127|   -1.750919|    0.730645|    0.428971|    3.694050|
|         128|   -1.764286|    0.713587|    0.414475|    3.680598|
|         129|   -1.775035|    0.695116|    0.399249|    3.668964|
|         130|   -1.782383|    0.675544|    0.383675|    3.659879|
+-----------------------------------------------------------------------+
|        File Writing Summary       |              Filename             |
+-----------------------------------------------------------------------+
|SU2 binary restart                 |restart_flow.dat                   |

Writing the forces breakdown file (forces_breakdown.dat).
+-----------------------------------------------------------------------+
+----------------------------------------------------------------+
|  Inner_Iter|    rms[Rho]|   rms[RhoU]|   rms[RhoV]|   rms[RhoE]|
+----------------------------------------------------------------+
|         131|   -1.785703|    0.655568|    0.368917|    3.654170|
|         132|   -1.784768|    0.636214|    0.356120|    3.652538|
|         133|   -1.780913|    0.617966|    0.345215|    3.653835|
|         134|   -1.774506|    0.601561|    0.336208|    3.657627|
|         135|   -1.765672|    0.587372|    0.328708|    3.663857|
|         136|   -1.754349|    0.575680|    0.322814|    3.672875|
|         137|   -1.740686|    0.566329|    0.318246|    3.684747|
|         138|   -1.725485|    0.556974|    0.312671|    3.698251|
|         139|   -1.707739|    0.547951|    0.305187|    3.714026|
|         140|   -1.688388|    0.541314|    0.295542|    3.731316|
+-----------------------------------------------------------------------+
|        File Writing Summary       |              Filename             |
+-----------------------------------------------------------------------+
|SU2 binary restart                 |restart_flow.dat                   |

Writing the forces breakdown file (forces_breakdown.dat).
+-----------------------------------------------------------------------+
+----------------------------------------------------------------+
|  Inner_Iter|    rms[Rho]|   rms[RhoU]|   rms[RhoV]|   rms[RhoE]|
+----------------------------------------------------------------+
|         141|   -1.669327|    0.539188|    0.285200|    3.748616|
|         142|   -1.653563|    0.541589|    0.274611|    3.762957|
|         143|   -1.641409|    0.547240|    0.264188|    3.773735|
|         144|   -1.632428|    0.553884|    0.253867|    3.781248|
|         145|   -1.628535|    0.560228|    0.243841|    3.783713|
|         146|   -1.630011|    0.563629|    0.235544|    3.781423|
|         147|   -1.636086|    0.562227|    0.229793|    3.775135|
|         148|   -1.645625|    0.555271|    0.225663|    3.765629|
|         149|   -1.654593|    0.545326|    0.222374|    3.756622|
|         150|   -1.661506|    0.537050|    0.220191|    3.749293|
+-----------------------------------------------------------------------+
|        File Writing Summary       |              Filename             |
+-----------------------------------------------------------------------+
|SU2 binary restart                 |restart_flow.dat                   |

Writing the forces breakdown file (forces_breakdown.dat).
+-----------------------------------------------------------------------+
+----------------------------------------------------------------+
|  Inner_Iter|    rms[Rho]|   rms[RhoU]|   rms[RhoV]|   rms[RhoE]|
+----------------------------------------------------------------+
|         151|   -1.665418|    0.533674|    0.218711|    3.744703|
|         152|   -1.669261|    0.533052|    0.216513|    3.740161|
|         153|   -1.677086|    0.530303|    0.211678|    3.731718|
|         154|   -1.685901|    0.524870|    0.205858|    3.722620|
|         155|   -1.695223|    0.518742|    0.201944|    3.713524|
|         156|   -1.706670|    0.511354|    0.199980|    3.702626|
|         157|   -1.715475|    0.503542|    0.201100|    3.694480|
|         158|   -1.723136|    0.496091|    0.203897|    3.687573|
|         159|   -1.730443|    0.488133|    0.203921|    3.681238|
|         160|   -1.739611|    0.477360|    0.199875|    3.673363|
+-----------------------------------------------------------------------+
|        File Writing Summary       |              Filename             |
+-----------------------------------------------------------------------+
|SU2 binary restart                 |restart_flow.dat                   |

Writing the forces breakdown file (forces_breakdown.dat).
+-----------------------------------------------------------------------+
+----------------------------------------------------------------+
|  Inner_Iter|    rms[Rho]|   rms[RhoU]|   rms[RhoV]|   rms[RhoE]|
+----------------------------------------------------------------+
|         161|   -1.752877|    0.461875|    0.190896|    3.661847|
|         162|   -1.771714|    0.441125|    0.179188|    3.645146|
|         163|   -1.797209|    0.415801|    0.165118|    3.621529|
|         164|   -1.827836|    0.387336|    0.148958|    3.592132|
|         165|   -1.864539|    0.358567|    0.131487|    3.555780|
|         166|   -1.902411|    0.331365|    0.113066|    3.517866|
|         167|   -1.938140|    0.307819|    0.095177|    3.482456|
|         168|   -1.969393|    0.288075|    0.080590|    3.451746|
|         169|   -1.992277|    0.271828|    0.070842|    3.428915|
|         170|   -2.003889|    0.259463|    0.067126|    3.416703|
+-----------------------------------------------------------------------+
|        File Writing Summary       |              Filename             |
+-----------------------------------------------------------------------+
|SU2 binary restart                 |restart_flow.dat                   |

Writing the forces breakdown file (forces_breakdown.dat).
+-----------------------------------------------------------------------+
+----------------------------------------------------------------+
|  Inner_Iter|    rms[Rho]|   rms[RhoU]|   rms[RhoV]|   rms[RhoE]|
+----------------------------------------------------------------+
|         171|   -2.004462|    0.250548|    0.067762|    3.415081|
|         172|   -1.995808|    0.245246|    0.071187|    3.422633|
|         173|   -1.981320|    0.242238|    0.074390|    3.435993|
|         174|   -1.963535|    0.240789|    0.076575|    3.452287|
|         175|   -1.943811|    0.241212|    0.078435|    3.470487|
|         176|   -1.925858|    0.239769|    0.077415|    3.486787|
|         177|   -1.910533|    0.237556|    0.074123|    3.499926|
|         178|   -1.896604|    0.236927|    0.070847|    3.511864|
|         179|   -1.883789|    0.236915|    0.067549|    3.524112|
|         180|   -1.872985|    0.237317|    0.064847|    3.535515|
+-----------------------------------------------------------------------+
|        File Writing Summary       |              Filename             |
+-----------------------------------------------------------------------+
|SU2 binary restart                 |restart_flow.dat                   |

Writing the forces breakdown file (forces_breakdown.dat).
+-----------------------------------------------------------------------+
+----------------------------------------------------------------+
|  Inner_Iter|    rms[Rho]|   rms[RhoU]|   rms[RhoV]|   rms[RhoE]|
+----------------------------------------------------------------+
|         181|   -1.864218|    0.238067|    0.062701|    3.545254|
|         182|   -1.856529|    0.238132|    0.060117|    3.553828|
|         183|   -1.849535|    0.236323|    0.056463|    3.561139|
|         184|   -1.843214|    0.232368|    0.051469|    3.567124|
|         185|   -1.837894|    0.226487|    0.045005|    3.571741|
|         186|   -1.834045|    0.219515|    0.037398|    3.575015|
|         187|   -1.832411|    0.211769|    0.028560|    3.576357|
|         188|   -1.833367|    0.204081|    0.018163|    3.575373|
|         189|   -1.836372|    0.196319|    0.008312|    3.572655|
|         190|   -1.841600|    0.188282|    0.000588|    3.567825|
+-----------------------------------------------------------------------+
|        File Writing Summary       |              Filename             |
+-----------------------------------------------------------------------+
|SU2 binary restart                 |restart_flow.dat                   |

Writing the forces breakdown file (forces_breakdown.dat).
+-----------------------------------------------------------------------+
+----------------------------------------------------------------+
|  Inner_Iter|    rms[Rho]|   rms[RhoU]|   rms[RhoV]|   rms[RhoE]|
+----------------------------------------------------------------+
|         191|   -1.849305|    0.180349|   -0.002778|    3.560570|
|         192|   -1.859533|    0.171402|   -0.002318|    3.551177|
|         193|   -1.872033|    0.162813|    0.001797|    3.539569|
|         194|   -1.885791|    0.154585|    0.008655|    3.526588|
|         195|   -1.899549|    0.146340|    0.015744|    3.513690|
|         196|   -1.912565|    0.139323|    0.021423|    3.501633|
|         197|   -1.925953|    0.132635|    0.023325|    3.489273|
|         198|   -1.939454|    0.126152|    0.021143|    3.476792|
|         199|   -1.953168|    0.118278|    0.015565|    3.464017|
|         200|   -1.966874|    0.108863|    0.007281|    3.451173|
+-----------------------------------------------------------------------+
|        File Writing Summary       |              Filename             |
+-----------------------------------------------------------------------+
|SU2 binary restart                 |restart_flow.dat                   |

Writing the forces breakdown file (forces_breakdown.dat).
+-----------------------------------------------------------------------+
+----------------------------------------------------------------+
|  Inner_Iter|    rms[Rho]|   rms[RhoU]|   rms[RhoV]|   rms[RhoE]|
+----------------------------------------------------------------+
|         201|   -1.980526|    0.099457|   -0.000268|    3.438372|
|         202|   -1.994040|    0.090521|   -0.008323|    3.425968|
|         203|   -2.007367|    0.082671|   -0.015984|    3.413372|
|         204|   -2.019258|    0.074114|   -0.023627|    3.401807|
|         205|   -2.029394|    0.063969|   -0.031577|    3.391796|
|         206|   -2.038507|    0.053408|   -0.040229|    3.382813|
|         207|   -2.047964|    0.043774|   -0.049596|    3.373249|
|         208|   -2.058260|    0.035464|   -0.059216|    3.362268|
|         209|   -2.068981|    0.027502|   -0.069401|    3.350443|
|         210|   -2.079572|    0.019990|   -0.079782|    3.338673|
+-----------------------------------------------------------------------+
|        File Writing Summary       |              Filename             |
+-----------------------------------------------------------------------+
|SU2 binary restart                 |restart_flow.dat                   |

Writing the forces breakdown file (forces_breakdown.dat).
+-----------------------------------------------------------------------+
+----------------------------------------------------------------+
|  Inner_Iter|    rms[Rho]|   rms[RhoU]|   rms[RhoV]|   rms[RhoE]|
+----------------------------------------------------------------+
|         211|   -2.090120|    0.013255|   -0.090050|    3.327253|
|         212|   -2.101086|    0.007070|   -0.100895|    3.315885|
|         213|   -2.112284|    0.001544|   -0.111907|    3.304438|
|         214|   -2.123039|   -0.003944|   -0.123062|    3.293445|
|         215|   -2.132931|   -0.009564|   -0.134150|    3.283372|
|         216|   -2.141728|   -0.015044|   -0.144682|    3.274862|
|         217|   -2.150558|   -0.020670|   -0.155273|    3.266601|
|         218|   -2.159338|   -0.026673|   -0.165969|    3.258368|
|         219|   -2.167365|   -0.033698|   -0.177509|    3.250734|
|         220|   -2.174369|   -0.041586|   -0.189697|    3.243866|
+-----------------------------------------------------------------------+
|        File Writing Summary       |              Filename             |
+-----------------------------------------------------------------------+
|SU2 binary restart                 |restart_flow.dat                   |

Writing the forces breakdown file (forces_breakdown.dat).
+-----------------------------------------------------------------------+
+----------------------------------------------------------------+
|  Inner_Iter|    rms[Rho]|   rms[RhoU]|   rms[RhoV]|   rms[RhoE]|
+----------------------------------------------------------------+
|         221|   -2.180446|   -0.049607|   -0.201983|    3.237915|
|         222|   -2.186700|   -0.057507|   -0.214565|    3.231733|
|         223|   -2.193250|   -0.064761|   -0.227142|    3.225003|
|         224|   -2.199740|   -0.071367|   -0.239307|    3.218122|
|         225|   -2.206254|   -0.077044|   -0.250191|    3.211041|
|         226|   -2.213062|   -0.081268|   -0.259172|    3.203734|
|         227|   -2.220895|   -0.084736|   -0.266750|    3.195620|
|         228|   -2.229761|   -0.088082|   -0.273283|    3.186524|
|         229|   -2.239302|   -0.092107|   -0.279606|    3.176752|
|         230|   -2.249085|   -0.097131|   -0.286283|    3.166775|
+-----------------------------------------------------------------------+
|        File Writing Summary       |              Filename             |
+-----------------------------------------------------------------------+
|SU2 binary restart                 |restart_flow.dat                   |

Writing the forces breakdown file (forces_breakdown.dat).
+-----------------------------------------------------------------------+
+----------------------------------------------------------------+
|  Inner_Iter|    rms[Rho]|   rms[RhoU]|   rms[RhoV]|   rms[RhoE]|
+----------------------------------------------------------------+
|         231|   -2.258918|   -0.102776|   -0.293399|    3.156953|
|         232|   -2.269658|   -0.109557|   -0.301749|    3.146392|
|         233|   -2.281011|   -0.117747|   -0.311303|    3.135218|
|         234|   -2.292551|   -0.127539|   -0.322116|    3.123769|
|         235|   -2.303887|   -0.138671|   -0.333735|    3.112379|
|         236|   -2.314641|   -0.150899|   -0.344932|    3.101782|
|         237|   -2.325582|   -0.164134|   -0.355949|    3.091241|
|         238|   -2.336146|   -0.178467|   -0.366508|    3.081082|
|         239|   -2.346157|   -0.193741|   -0.377433|    3.071183|
|         240|   -2.355213|   -0.209749|   -0.388299|    3.062034|
+-----------------------------------------------------------------------+
|        File Writing Summary       |              Filename             |
+-----------------------------------------------------------------------+
|SU2 binary restart                 |restart_flow.dat                   |

Writing the forces breakdown file (forces_breakdown.dat).
+-----------------------------------------------------------------------+
+----------------------------------------------------------------+
|  Inner_Iter|    rms[Rho]|   rms[RhoU]|   rms[RhoV]|   rms[RhoE]|
+----------------------------------------------------------------+
|         241|   -2.363274|   -0.226159|   -0.397874|    3.054082|
|         242|   -2.371001|   -0.242741|   -0.406644|    3.046723|
|         243|   -2.378589|   -0.259553|   -0.414817|    3.039441|
|         244|   -2.385521|   -0.276824|   -0.422916|    3.032617|
|         245|   -2.391489|   -0.294377|   -0.430483|    3.026557|
|         246|   -2.396351|   -0.311673|   -0.436767|    3.021736|
|         247|   -2.401111|   -0.328515|   -0.442637|    3.017114|
|         248|   -2.405574|   -0.344916|   -0.448307|    3.012608|
|         249|   -2.409177|   -0.361227|   -0.454184|    3.008728|
|         250|   -2.411770|   -0.377258|   -0.459500|    3.005712|
+-----------------------------------------------------------------------+
|        File Writing Summary       |              Filename             |
+-----------------------------------------------------------------------+
|SU2 binary restart                 |restart_flow.dat                   |

Writing the forces breakdown file (forces_breakdown.dat).
|Paraview                           |flow.vtu                           |

Writing the forces breakdown file (forces_breakdown.dat).
|Paraview surface                   |surface_flow.vtu                   |

Writing the forces breakdown file (forces_breakdown.dat).
|CSV file                           |surface_flow.csv                   |

Writing the forces breakdown file (forces_breakdown.dat).
+-----------------------------------------------------------------------+
+----------------------------------------------------------------+
|  Inner_Iter|    rms[Rho]|   rms[RhoU]|   rms[RhoV]|   rms[RhoE]|
+----------------------------------------------------------------+
|         251|   -2.413339|   -0.392409|   -0.463484|    3.003954|
|         252|   -2.414898|   -0.406070|   -0.467008|    3.002418|
|         253|   -2.416151|   -0.418021|   -0.470355|    3.001085|
|         254|   -2.416607|   -0.428716|   -0.474009|    3.000358|
|         255|   -2.416135|   -0.437849|   -0.477312|    3.000483|
|         256|   -2.414811|   -0.444751|   -0.479826|    3.001793|
|         257|   -2.413741|   -0.448905|   -0.482423|    3.003092|
|         258|   -2.412890|   -0.450548|   -0.485364|    3.003995|
|         259|   -2.415210|   -0.452492|   -0.493880|    3.000272|
|         260|   -2.415449|   -0.453959|   -0.502706|    2.997508|
+-----------------------------------------------------------------------+
|        File Writing Summary       |              Filename             |
+-----------------------------------------------------------------------+
|SU2 binary restart                 |restart_flow.dat                   |

Writing the forces breakdown file (forces_breakdown.dat).
+-----------------------------------------------------------------------+
+----------------------------------------------------------------+
|  Inner_Iter|    rms[Rho]|   rms[RhoU]|   rms[RhoV]|   rms[RhoE]|
+----------------------------------------------------------------+
|         261|   -2.414465|   -0.456845|   -0.512317|    2.997078|
|         262|   -2.415216|   -0.456444|   -0.520306|    2.996244|
|         263|   -2.420744|   -0.454744|   -0.530245|    2.990345|
|         264|   -2.425274|   -0.452676|   -0.539821|    2.984660|
|         265|   -2.427537|   -0.453767|   -0.550069|    2.981721|
|         266|   -2.430299|   -0.454433|   -0.559875|    2.978923|
|         267|   -2.434813|   -0.452658|   -0.567551|    2.974848|
|         268|   -2.440145|   -0.450546|   -0.573285|    2.970381|
|         269|   -2.445022|   -0.449257|   -0.576863|    2.966606|
|         270|   -2.449977|   -0.448588|   -0.579102|    2.962589|
+-----------------------------------------------------------------------+
|        File Writing Summary       |              Filename             |
+-----------------------------------------------------------------------+
|SU2 binary restart                 |restart_flow.dat                   |

Writing the forces breakdown file (forces_breakdown.dat).
+-----------------------------------------------------------------------+
+----------------------------------------------------------------+
|  Inner_Iter|    rms[Rho]|   rms[RhoU]|   rms[RhoV]|   rms[RhoE]|
+----------------------------------------------------------------+
|         271|   -2.455423|   -0.448301|   -0.580088|    2.957744|
|         272|   -2.461082|   -0.448882|   -0.580093|    2.952484|
|         273|   -2.466939|   -0.450526|   -0.579493|    2.946968|
|         274|   -2.472698|   -0.452529|   -0.577393|    2.941745|
|         275|   -2.478856|   -0.454964|   -0.574925|    2.936360|
|         276|   -2.485631|   -0.458051|   -0.573301|    2.930396|
|         277|   -2.492741|   -0.462412|   -0.573117|    2.923856|
|         278|   -2.499823|   -0.468534|   -0.574895|    2.917070|
|         279|   -2.506698|   -0.476133|   -0.577639|    2.910463|
|         280|   -2.514180|   -0.484928|   -0.581602|    2.903371|
+-----------------------------------------------------------------------+
|        File Writing Summary       |              Filename             |
+-----------------------------------------------------------------------+
|SU2 binary restart                 |restart_flow.dat                   |

Writing the forces breakdown file (forces_breakdown.dat).
+-----------------------------------------------------------------------+
+----------------------------------------------------------------+
|  Inner_Iter|    rms[Rho]|   rms[RhoU]|   rms[RhoV]|   rms[RhoE]|
+----------------------------------------------------------------+
|         281|   -2.522569|   -0.494739|   -0.586953|    2.895388|
|         282|   -2.531386|   -0.506063|   -0.593582|    2.886775|
|         283|   -2.540114|   -0.519336|   -0.601589|    2.877996|
|         284|   -2.548365|   -0.534193|   -0.609827|    2.869658|
|         285|   -2.556702|   -0.549988|   -0.618264|    2.861373|
|         286|   -2.565449|   -0.566328|   -0.627204|    2.852695|
|         287|   -2.574128|   -0.583613|   -0.636687|    2.843926|
|         288|   -2.582347|   -0.602080|   -0.646640|    2.835398|
|         289|   -2.589793|   -0.621183|   -0.656080|    2.827656|
|         290|   -2.597161|   -0.639927|   -0.665017|    2.820198|
+-----------------------------------------------------------------------+
|        File Writing Summary       |              Filename             |
+-----------------------------------------------------------------------+
|SU2 binary restart                 |restart_flow.dat                   |

Writing the forces breakdown file (forces_breakdown.dat).
+-----------------------------------------------------------------------+
+----------------------------------------------------------------+
|  Inner_Iter|    rms[Rho]|   rms[RhoU]|   rms[RhoV]|   rms[RhoE]|
+----------------------------------------------------------------+
|         291|   -2.604815|   -0.657621|   -0.673777|    2.812435|
|         292|   -2.612472|   -0.674424|   -0.682500|    2.804423|
|         293|   -2.619885|   -0.690296|   -0.691536|    2.796388|
|         294|   -2.626823|   -0.704373|   -0.700254|    2.788888|
|         295|   -2.634189|   -0.715725|   -0.708982|    2.781265|
|         296|   -2.642234|   -0.723973|   -0.717902|    2.773030|
|         297|   -2.650401|   -0.729904|   -0.727226|    2.764533|
|         298|   -2.658303|   -0.733988|   -0.737013|    2.756134|
|         299|   -2.665643|   -0.735931|   -0.746374|    2.748460|
|         300|   -2.673350|   -0.735730|   -0.755678|    2.740758|
+-----------------------------------------------------------------------+
|        File Writing Summary       |              Filename             |
+-----------------------------------------------------------------------+
|SU2 binary restart                 |restart_flow.dat                   |

Writing the forces breakdown file (forces_breakdown.dat).
+-----------------------------------------------------------------------+
+----------------------------------------------------------------+
|  Inner_Iter|    rms[Rho]|   rms[RhoU]|   rms[RhoV]|   rms[RhoE]|
+----------------------------------------------------------------+
|         301|   -2.681567|   -0.733849|   -0.765188|    2.732678|
|         302|   -2.689730|   -0.731510|   -0.775251|    2.724588|
|         303|   -2.697578|   -0.729336|   -0.786013|    2.716695|
|         304|   -2.704923|   -0.726992|   -0.796462|    2.709493|
|         305|   -2.712630|   -0.724393|   -0.806915|    2.702175|
|         306|   -2.720907|   -0.721814|   -0.817464|    2.694321|
|         307|   -2.729329|   -0.720143|   -0.828271|    2.686174|
|         308|   -2.737741|   -0.719806|   -0.839279|    2.677866|
|         309|   -2.745937|   -0.720398|   -0.849429|    2.669910|
|         310|   -2.754789|   -0.721692|   -0.858933|    2.661470|
+-----------------------------------------------------------------------+
|        File Writing Summary       |              Filename             |
+-----------------------------------------------------------------------+
|SU2 binary restart                 |restart_flow.dat                   |

Writing the forces breakdown file (forces_breakdown.dat).
+-----------------------------------------------------------------------+
+----------------------------------------------------------------+
|  Inner_Iter|    rms[Rho]|   rms[RhoU]|   rms[RhoV]|   rms[RhoE]|
+----------------------------------------------------------------+
|         311|   -2.764455|   -0.723816|   -0.867937|    2.652221|
|         312|   -2.774514|   -0.727259|   -0.876566|    2.642397|
|         313|   -2.784788|   -0.732228|   -0.884937|    2.632145|
|         314|   -2.795065|   -0.738251|   -0.892318|    2.621944|
|         315|   -2.806093|   -0.745032|   -0.899198|    2.611136|
|         316|   -2.817988|   -0.752629|   -0.905810|    2.599475|
|         317|   -2.830312|   -0.761402|   -0.912313|    2.587218|
|         318|   -2.842776|   -0.771486|   -0.919050|    2.574608|
|         319|   -2.855054|   -0.782429|   -0.925294|    2.562189|
|         320|   -2.867761|   -0.793936|   -0.931353|    2.549489|
+-----------------------------------------------------------------------+
|        File Writing Summary       |              Filename             |
+-----------------------------------------------------------------------+
|SU2 binary restart                 |restart_flow.dat                   |

Writing the forces breakdown file (forces_breakdown.dat).
+-----------------------------------------------------------------------+
+----------------------------------------------------------------+
|  Inner_Iter|    rms[Rho]|   rms[RhoU]|   rms[RhoV]|   rms[RhoE]|
+----------------------------------------------------------------+
|         321|   -2.880924|   -0.806037|   -0.937427|    2.536353|
|         322|   -2.893985|   -0.819052|   -0.943771|    2.523158|
|         323|   -2.906591|   -0.833091|   -0.950600|    2.510236|
|         324|   -2.918328|   -0.847706|   -0.957245|    2.498223|
|         325|   -2.929697|   -0.862570|   -0.963771|    2.486793|
|         326|   -2.940694|   -0.877609|   -0.970402|    2.475745|
|         327|   -2.950729|   -0.893077|   -0.977325|    2.465485|
|         328|   -2.959451|   -0.908990|   -0.984596|    2.456353|
|         329|   -2.966961|   -0.925021|   -0.992182|    2.448361|
|         330|   -2.973382|   -0.940780|   -0.999861|    2.441547|
+-----------------------------------------------------------------------+
|        File Writing Summary       |              Filename             |
+-----------------------------------------------------------------------+
|SU2 binary restart                 |restart_flow.dat                   |

Writing the forces breakdown file (forces_breakdown.dat).
+-----------------------------------------------------------------------+
+----------------------------------------------------------------+
|  Inner_Iter|    rms[Rho]|   rms[RhoU]|   rms[RhoV]|   rms[RhoE]|
+----------------------------------------------------------------+
|         331|   -2.978845|   -0.956020|   -1.007600|    2.435818|
|         332|   -2.983355|   -0.970580|   -1.015346|    2.431085|
|         333|   -2.986933|   -0.984344|   -1.023239|    2.427264|
|         334|   -2.989730|   -0.997126|   -1.031287|    2.424206|
|         335|   -2.991980|   -1.008715|   -1.039476|    2.421718|
|         336|   -2.993899|   -1.018929|   -1.047750|    2.419627|
|         337|   -2.995708|   -1.027657|   -1.056089|    2.417712|
|         338|   -2.997579|   -1.034862|   -1.064444|    2.415774|
|         339|   -2.999635|   -1.040586|   -1.072696|    2.413667|
|         340|   -3.001982|   -1.044921|   -1.080885|    2.411297|
+-----------------------------------------------------------------------+
|        File Writing Summary       |              Filename             |
+-----------------------------------------------------------------------+
|SU2 binary restart                 |restart_flow.dat                   |

Writing the forces breakdown file (forces_breakdown.dat).
+-----------------------------------------------------------------------+
+----------------------------------------------------------------+
|  Inner_Iter|    rms[Rho]|   rms[RhoU]|   rms[RhoV]|   rms[RhoE]|
+----------------------------------------------------------------+
|         341|   -3.004796|   -1.048058|   -1.089041|    2.408508|
|         342|   -3.008192|   -1.050184|   -1.097243|    2.405201|
|         343|   -3.012258|   -1.051464|   -1.105633|    2.401276|
|         344|   -3.017043|   -1.052105|   -1.114204|    2.396681|
|         345|   -3.022602|   -1.052361|   -1.122932|    2.391348|
|         346|   -3.028972|   -1.052477|   -1.131658|    2.385225|
|         347|   -3.036160|   -1.052703|   -1.140272|    2.378299|
|         348|   -3.044177|   -1.053259|   -1.148925|    2.370562|
|         349|   -3.053020|   -1.054333|   -1.157633|    2.362018|
|         350|   -3.062728|   -1.056062|   -1.166469|    2.352612|
+-----------------------------------------------------------------------+
|        File Writing Summary       |              Filename             |
+-----------------------------------------------------------------------+
|SU2 binary restart                 |restart_flow.dat                   |

Writing the forces breakdown file (forces_breakdown.dat).
+-----------------------------------------------------------------------+
+----------------------------------------------------------------+
|  Inner_Iter|    rms[Rho]|   rms[RhoU]|   rms[RhoV]|   rms[RhoE]|
+----------------------------------------------------------------+
|         351|   -3.073289|   -1.058555|   -1.175419|    2.342356|
|         352|   -3.084696|   -1.061914|   -1.184561|    2.331254|
|         353|   -3.096935|   -1.066236|   -1.193974|    2.319322|
|         354|   -3.109966|   -1.071602|   -1.203674|    2.306596|
|         355|   -3.123760|   -1.078099|   -1.213627|    2.293100|
|         356|   -3.138267|   -1.085774|   -1.223753|    2.278874|
|         357|   -3.153424|   -1.094658|   -1.234054|    2.263975|
|         358|   -3.169168|   -1.104762|   -1.244621|    2.248460|
|         359|   -3.185416|   -1.116087|   -1.255334|    2.232409|
|         360|   -3.202068|   -1.128625|   -1.266222|    2.215917|
+-----------------------------------------------------------------------+
|        File Writing Summary       |              Filename             |
+-----------------------------------------------------------------------+
|SU2 binary restart                 |restart_flow.dat                   |

Writing the forces breakdown file (forces_breakdown.dat).
+-----------------------------------------------------------------------+
+----------------------------------------------------------------+
|  Inner_Iter|    rms[Rho]|   rms[RhoU]|   rms[RhoV]|   rms[RhoE]|
+----------------------------------------------------------------+
|         361|   -3.219003|   -1.142356|   -1.277299|    2.199104|
|         362|   -3.236112|   -1.157244|   -1.288535|    2.182063|
|         363|   -3.253186|   -1.173206|   -1.299841|    2.165016|
|         364|   -3.270082|   -1.190130|   -1.311307|    2.148105|
|         365|   -3.286651|   -1.207901|   -1.322884|    2.131459|
|         366|   -3.302704|   -1.226379|   -1.334597|    2.115272|
|         367|   -3.318108|   -1.245355|   -1.346470|    2.099675|
|         368|   -3.332744|   -1.264597|   -1.358458|    2.084790|
|         369|   -3.346514|   -1.283830|   -1.370513|    2.070727|
|         370|   -3.359362|   -1.302744|   -1.382543|    2.057558|
+-----------------------------------------------------------------------+
|        File Writing Summary       |              Filename             |
+-----------------------------------------------------------------------+
|SU2 binary restart                 |restart_flow.dat                   |

Writing the forces breakdown file (forces_breakdown.dat).
+-----------------------------------------------------------------------+
+----------------------------------------------------------------+
|  Inner_Iter|    rms[Rho]|   rms[RhoU]|   rms[RhoV]|   rms[RhoE]|
+----------------------------------------------------------------+
|         371|   -3.371247|   -1.320974|   -1.394552|    2.045343|
|         372|   -3.382196|   -1.338191|   -1.406502|    2.034055|
|         373|   -3.392270|   -1.354081|   -1.418358|    2.023644|
|         374|   -3.401534|   -1.368375|   -1.430076|    2.014069|
|         375|   -3.410164|   -1.380849|   -1.441796|    2.005161|
|         376|   -3.418300|   -1.391391|   -1.453438|    1.996792|
|         377|   -3.426115|   -1.400008|   -1.464931|    1.988795|
|         378|   -3.433788|   -1.406832|   -1.476377|    1.980990|
|         379|   -3.441467|   -1.412066|   -1.487780|    1.973240|
|         380|   -3.449330|   -1.415984|   -1.499224|    1.965361|
+-----------------------------------------------------------------------+
|        File Writing Summary       |              Filename             |
+-----------------------------------------------------------------------+
|SU2 binary restart                 |restart_flow.dat                   |

Writing the forces breakdown file (forces_breakdown.dat).
+-----------------------------------------------------------------------+
+----------------------------------------------------------------+
|  Inner_Iter|    rms[Rho]|   rms[RhoU]|   rms[RhoV]|   rms[RhoE]|
+----------------------------------------------------------------+
|         381|   -3.457517|   -1.418900|   -1.510702|    1.957204|
|         382|   -3.466141|   -1.421138|   -1.522263|    1.948653|
|         383|   -3.475297|   -1.423019|   -1.533701|    1.939612|
|         384|   -3.485067|   -1.424829|   -1.544889|    1.930004|
|         385|   -3.495510|   -1.426820|   -1.555949|    1.919763|
|         386|   -3.506644|   -1.429238|   -1.566972|    1.908860|
|         387|   -3.518489|   -1.432306|   -1.578025|    1.897265|
|         388|   -3.531054|   -1.436202|   -1.589078|    1.884962|
|         389|   -3.544319|   -1.441041|   -1.600069|    1.871975|
|         390|   -3.558252|   -1.446908|   -1.611021|    1.858334|
+-----------------------------------------------------------------------+
|        File Writing Summary       |              Filename             |
+-----------------------------------------------------------------------+
|SU2 binary restart                 |restart_flow.dat                   |

Writing the forces breakdown file (forces_breakdown.dat).
+-----------------------------------------------------------------------+
+----------------------------------------------------------------+
|  Inner_Iter|    rms[Rho]|   rms[RhoU]|   rms[RhoV]|   rms[RhoE]|
+----------------------------------------------------------------+
|         391|   -3.572799|   -1.453866|   -1.621939|    1.844088|
|         392|   -3.587893|   -1.461964|   -1.632884|    1.829297|
|         393|   -3.603442|   -1.471236|   -1.643878|    1.814036|
|         394|   -3.619368|   -1.481680|   -1.654958|    1.798375|
|         395|   -3.635572|   -1.493267|   -1.666139|    1.782407|
|         396|   -3.651948|   -1.505940|   -1.677346|    1.766239|
|         397|   -3.668398|   -1.519642|   -1.688787|    1.749964|
|         398|   -3.684836|   -1.534306|   -1.700395|    1.733659|
|         399|   -3.701131|   -1.549848|   -1.712155|    1.717459|
|         400|   -3.717204|   -1.566145|   -1.723956|    1.701439|
+-----------------------------------------------------------------------+
|        File Writing Summary       |              Filename             |
+-----------------------------------------------------------------------+
|SU2 binary restart                 |restart_flow.dat                   |

Writing the forces breakdown file (forces_breakdown.dat).
+-----------------------------------------------------------------------+
+----------------------------------------------------------------+
|  Inner_Iter|    rms[Rho]|   rms[RhoU]|   rms[RhoV]|   rms[RhoE]|
+----------------------------------------------------------------+
|         401|   -3.732940|   -1.583089|   -1.735843|    1.685723|
|         402|   -3.748242|   -1.600529|   -1.747852|    1.670401|
|         403|   -3.763039|   -1.618308|   -1.759999|    1.655541|
|         404|   -3.777285|   -1.636261|   -1.772297|    1.641188|
|         405|   -3.790972|   -1.654216|   -1.784736|    1.627360|
|         406|   -3.804136|   -1.671987|   -1.797360|    1.614031|
|         407|   -3.816808|   -1.689377|   -1.810155|    1.601187|
|         408|   -3.829035|   -1.706182|   -1.823214|    1.588794|
|         409|   -3.840880|   -1.722219|   -1.836415|    1.576785|
|         410|   -3.852395|   -1.737334|   -1.849640|    1.565106|
+-----------------------------------------------------------------------+
|        File Writing Summary       |              Filename             |
+-----------------------------------------------------------------------+
|SU2 binary restart                 |restart_flow.dat                   |

Writing the forces breakdown file (forces_breakdown.dat).
+-----------------------------------------------------------------------+
+----------------------------------------------------------------+
|  Inner_Iter|    rms[Rho]|   rms[RhoU]|   rms[RhoV]|   rms[RhoE]|
+----------------------------------------------------------------+
|         411|   -3.863631|   -1.751421|   -1.862791|    1.553716|
|         412|   -3.874655|   -1.764418|   -1.875857|    1.542562|
|         413|   -3.885564|   -1.776318|   -1.888887|    1.531554|
|         414|   -3.896432|   -1.787168|   -1.901859|    1.520620|
|         415|   -3.907321|   -1.797056|   -1.914814|    1.509700|
|         416|   -3.918284|   -1.806104|   -1.927687|    1.498734|
|         417|   -3.929367|   -1.814467|   -1.940375|    1.487676|
|         418|   -3.940594|   -1.822303|   -1.952691|    1.476507|
|         419|   -3.951960|   -1.829769|   -1.964746|    1.465241|
|         420|   -3.963473|   -1.837051|   -1.976542|    1.453864|
+-----------------------------------------------------------------------+
|        File Writing Summary       |              Filename             |
+-----------------------------------------------------------------------+
|SU2 binary restart                 |restart_flow.dat                   |

Writing the forces breakdown file (forces_breakdown.dat).
+-----------------------------------------------------------------------+
+----------------------------------------------------------------+
|  Inner_Iter|    rms[Rho]|   rms[RhoU]|   rms[RhoV]|   rms[RhoE]|
+----------------------------------------------------------------+
|         421|   -3.975144|   -1.844328|   -1.988049|    1.442363|
|         422|   -3.986961|   -1.851763|   -1.999231|    1.430735|
|         423|   -3.998904|   -1.859494|   -2.010080|    1.418999|
|         424|   -4.010967|   -1.867639|   -2.020591|    1.407153|
|         425|   -4.023141|   -1.876289|   -2.030796|    1.395205|
|         426|   -4.035411|   -1.885521|   -2.040752|    1.383166|
|         427|   -4.047749|   -1.895402|   -2.050509|    1.371058|
|         428|   -4.060119|   -1.905986|   -2.060094|    1.358915|
|         429|   -4.072515|   -1.917293|   -2.069503|    1.346735|
|         430|   -4.084913|   -1.929315|   -2.078725|    1.334530|
+-----------------------------------------------------------------------+
|        File Writing Summary       |              Filename             |
+-----------------------------------------------------------------------+
|SU2 binary restart                 |restart_flow.dat                   |

Writing the forces breakdown file (forces_breakdown.dat).
+-----------------------------------------------------------------------+
+----------------------------------------------------------------+
|  Inner_Iter|    rms[Rho]|   rms[RhoU]|   rms[RhoV]|   rms[RhoE]|
+----------------------------------------------------------------+
|         431|   -4.097297|   -1.942033|   -2.087844|    1.322308|
|         432|   -4.109639|   -1.955423|   -2.097091|    1.310097|
|         433|   -4.121948|   -1.969444|   -2.106589|    1.297886|
|         434|   -4.134226|   -1.984042|   -2.116390|    1.285667|
|         435|   -4.146421|   -1.999128|   -2.126523|    1.273501|
|         436|   -4.158535|   -2.014600|   -2.137010|    1.261386|
|         437|   -4.170540|   -2.030325|   -2.147864|    1.249350|
|         438|   -4.182428|   -2.046150|   -2.159099|    1.237400|
|         439|   -4.194200|   -2.061926|   -2.170764|    1.225528|
|         440|   -4.205809|   -2.077485|   -2.182622|    1.213789|
+-----------------------------------------------------------------------+
|        File Writing Summary       |              Filename             |
+-----------------------------------------------------------------------+
|SU2 binary restart                 |restart_flow.dat                   |

Writing the forces breakdown file (forces_breakdown.dat).
+-----------------------------------------------------------------------+
+----------------------------------------------------------------+
|  Inner_Iter|    rms[Rho]|   rms[RhoU]|   rms[RhoV]|   rms[RhoE]|
+----------------------------------------------------------------+
|         441|   -4.217229|   -2.092651|   -2.194778|    1.202222|
|         442|   -4.228461|   -2.107246|   -2.207305|    1.190836|
|         443|   -4.239506|   -2.121107|   -2.220232|    1.179637|
|         444|   -4.250353|   -2.134096|   -2.233509|    1.168641|
|         445|   -4.260979|   -2.146103|   -2.247039|    1.157876|
|         446|   -4.271369|   -2.157055|   -2.260721|    1.147364|
|         447|   -4.281508|   -2.166924|   -2.274447|    1.137128|
|         448|   -4.291417|   -2.175741|   -2.288084|    1.127146|
|         449|   -4.301099|   -2.183587|   -2.301475|    1.117423|
|         450|   -4.310548|   -2.190609|   -2.314684|    1.107971|
+-----------------------------------------------------------------------+
|        File Writing Summary       |              Filename             |
+-----------------------------------------------------------------------+
|SU2 binary restart                 |restart_flow.dat                   |

Writing the forces breakdown file (forces_breakdown.dat).
+-----------------------------------------------------------------------+
+----------------------------------------------------------------+
|  Inner_Iter|    rms[Rho]|   rms[RhoU]|   rms[RhoV]|   rms[RhoE]|
+----------------------------------------------------------------+
|         451|   -4.319790|   -2.196984|   -2.327687|    1.098757|
|         452|   -4.328846|   -2.202907|   -2.340346|    1.089751|
|         453|   -4.337727|   -2.208561|   -2.352485|    1.080941|
|         454|   -4.346451|   -2.214127|   -2.363971|    1.072307|
|         455|   -4.355050|   -2.219779|   -2.374734|    1.063820|
|         456|   -4.363560|   -2.225696|   -2.384801|    1.055438|
|         457|   -4.372006|   -2.232043|   -2.394168|    1.047129|
|         458|   -4.380424|   -2.238975|   -2.402814|    1.038848|
|         459|   -4.388835|   -2.246620|   -2.410772|    1.030569|
|         460|   -4.397275|   -2.255081|   -2.418137|    1.022249|
+-----------------------------------------------------------------------+
|        File Writing Summary       |              Filename             |
+-----------------------------------------------------------------------+
|SU2 binary restart                 |restart_flow.dat                   |

Writing the forces breakdown file (forces_breakdown.dat).
+-----------------------------------------------------------------------+
+----------------------------------------------------------------+
|  Inner_Iter|    rms[Rho]|   rms[RhoU]|   rms[RhoV]|   rms[RhoE]|
+----------------------------------------------------------------+
|         461|   -4.405781|   -2.264433|   -2.424921|    1.013842|
|         462|   -4.414373|   -2.274729|   -2.431292|    1.005324|
|         463|   -4.423045|   -2.286011|   -2.437467|    0.996702|
|         464|   -4.431801|   -2.298309|   -2.443573|    0.987963|
|         465|   -4.440665|   -2.311649|   -2.449666|    0.979077|
|         466|   -4.449639|   -2.326039|   -2.455837|    0.970046|
|         467|   -4.458718|   -2.341458|   -2.462151|    0.960876|
|         468|   -4.467868|   -2.357857|   -2.468619|    0.951604|
|         469|   -4.477064|   -2.375139|   -2.475279|    0.942252|
|         470|   -4.486278|   -2.393162|   -2.482241|    0.932853|
+-----------------------------------------------------------------------+
|        File Writing Summary       |              Filename             |
+-----------------------------------------------------------------------+
|SU2 binary restart                 |restart_flow.dat                   |

Writing the forces breakdown file (forces_breakdown.dat).
+-----------------------------------------------------------------------+
+----------------------------------------------------------------+
|  Inner_Iter|    rms[Rho]|   rms[RhoU]|   rms[RhoV]|   rms[RhoE]|
+----------------------------------------------------------------+
|         471|   -4.495489|   -2.411755|   -2.489615|    0.923433|
|         472|   -4.504678|   -2.430724|   -2.497465|    0.914013|
|         473|   -4.513809|   -2.449822|   -2.505873|    0.904639|
|         474|   -4.522837|   -2.468742|   -2.514817|    0.895365|
|         475|   -4.531721|   -2.487125|   -2.524253|    0.886237|
|         476|   -4.540412|   -2.504568|   -2.534172|    0.877309|
|         477|   -4.548865|   -2.520670|   -2.544574|    0.868638|
|         478|   -4.557033|   -2.535050|   -2.555417|    0.860276|
|         479|   -4.564893|   -2.547399|   -2.566665|    0.852251|
|         480|   -4.572423|   -2.557505|   -2.578240|    0.844593|
+-----------------------------------------------------------------------+
|        File Writing Summary       |              Filename             |
+-----------------------------------------------------------------------+
|SU2 binary restart                 |restart_flow.dat                   |

Writing the forces breakdown file (forces_breakdown.dat).
+-----------------------------------------------------------------------+
+----------------------------------------------------------------+
|  Inner_Iter|    rms[Rho]|   rms[RhoU]|   rms[RhoV]|   rms[RhoE]|
+----------------------------------------------------------------+
|         481|   -4.579604|   -2.565273|   -2.590097|    0.837325|
|         482|   -4.586429|   -2.570748|   -2.602121|    0.830457|
|         483|   -4.592901|   -2.574101|   -2.614181|    0.823987|
|         484|   -4.599015|   -2.575604|   -2.626150|    0.817918|
|         485|   -4.604779|   -2.575604|   -2.637897|    0.812242|
|         486|   -4.610222|   -2.574488|   -2.649279|    0.806922|
|         487|   -4.615370|   -2.572647|   -2.660176|    0.801930|
|         488|   -4.620268|   -2.570458|   -2.670477|    0.797217|
|         489|   -4.624952|   -2.568256|   -2.680050|    0.792735|
|         490|   -4.629453|   -2.566326|   -2.688795|    0.788443|
+-----------------------------------------------------------------------+
|        File Writing Summary       |              Filename             |
+-----------------------------------------------------------------------+
|SU2 binary restart                 |restart_flow.dat                   |

Writing the forces breakdown file (forces_breakdown.dat).
+-----------------------------------------------------------------------+
+----------------------------------------------------------------+
|  Inner_Iter|    rms[Rho]|   rms[RhoU]|   rms[RhoV]|   rms[RhoE]|
+----------------------------------------------------------------+
|         491|   -4.633816|   -2.564907|   -2.696699|    0.784294|
|         492|   -4.638088|   -2.564206|   -2.703845|    0.780231|
|         493|   -4.642315|   -2.564378|   -2.710224|    0.776200|
|         494|   -4.646542|   -2.565543|   -2.715848|    0.772152|
|         495|   -4.650789|   -2.567777|   -2.720817|    0.768061|
|         496|   -4.655110|   -2.571134|   -2.725261|    0.763871|
|         497|   -4.659558|   -2.575657|   -2.729287|    0.759519|
|         498|   -4.664146|   -2.581359|   -2.733000|    0.754995|
|         499|   -4.668899|   -2.588240|   -2.736558|    0.750274|
|         500|   -4.673842|   -2.596280|   -2.740092|    0.745329|
+-----------------------------------------------------------------------+
|        File Writing Summary       |              Filename             |
+-----------------------------------------------------------------------+
|SU2 binary restart                 |restart_flow.dat                   |

Writing the forces breakdown file (forces_breakdown.dat).
|Paraview                           |flow.vtu                           |

Writing the forces breakdown file (forces_breakdown.dat).
|Paraview surface                   |surface_flow.vtu                   |

Writing the forces breakdown file (forces_breakdown.dat).
|CSV file                           |surface_flow.csv                   |

Writing the forces breakdown file (forces_breakdown.dat).
+-----------------------------------------------------------------------+
+----------------------------------------------------------------+
|  Inner_Iter|    rms[Rho]|   rms[RhoU]|   rms[RhoV]|   rms[RhoE]|
+----------------------------------------------------------------+
|         501|   -4.678988|   -2.605442|   -2.743728|    0.740143|
|         502|   -4.684354|   -2.615676|   -2.747574|    0.734704|
|         503|   -4.689956|   -2.626915|   -2.751728|    0.728992|
|         504|   -4.695798|   -2.639078|   -2.756282|    0.723007|
|         505|   -4.701892|   -2.652063|   -2.761306|    0.716742|
|         506|   -4.708231|   -2.665749|   -2.766851|    0.710213|
|         507|   -4.714816|   -2.679998|   -2.772945|    0.703420|
|         508|   -4.721648|   -2.694650|   -2.779613|    0.696364|
|         509|   -4.728730|   -2.709530|   -2.786821|    0.689044|
|         510|   -4.736074|   -2.724437|   -2.794555|    0.681455|
+-----------------------------------------------------------------------+
|        File Writing Summary       |              Filename             |
+-----------------------------------------------------------------------+
|SU2 binary restart                 |restart_flow.dat                   |

Writing the forces breakdown file (forces_breakdown.dat).
+-----------------------------------------------------------------------+
+----------------------------------------------------------------+
|  Inner_Iter|    rms[Rho]|   rms[RhoU]|   rms[RhoV]|   rms[RhoE]|
+----------------------------------------------------------------+
|         511|   -4.743670|   -2.739159|   -2.802899|    0.673612|
|         512|   -4.751521|   -2.753494|   -2.811891|    0.665519|
|         513|   -4.759620|   -2.767250|   -2.821538|    0.657193|
|         514|   -4.767976|   -2.780240|   -2.831793|    0.648623|
|         515|   -4.776583|   -2.792303|   -2.842556|    0.639821|
|         516|   -4.785428|   -2.803309|   -2.853775|    0.630804|
|         517|   -4.794508|   -2.813176|   -2.865389|    0.621580|
|         518|   -4.803824|   -2.821882|   -2.877308|    0.612150|
|         519|   -4.813374|   -2.829469|   -2.889432|    0.602521|
|         520|   -4.823152|   -2.836032|   -2.901657|    0.592698|
+-----------------------------------------------------------------------+
|        File Writing Summary       |              Filename             |
+-----------------------------------------------------------------------+
|SU2 binary restart                 |restart_flow.dat                   |

Writing the forces breakdown file (forces_breakdown.dat).
+-----------------------------------------------------------------------+
+----------------------------------------------------------------+
|  Inner_Iter|    rms[Rho]|   rms[RhoU]|   rms[RhoV]|   rms[RhoE]|
+----------------------------------------------------------------+
|         521|   -4.833157|   -2.841720|   -2.913885|    0.582684|
|         522|   -4.843387|   -2.846715|   -2.926018|    0.572482|
|         523|   -4.853844|   -2.851223|   -2.937984|    0.562088|
|         524|   -4.864529|   -2.855462|   -2.949694|    0.551497|
|         525|   -4.875431|   -2.859648|   -2.961019|    0.540721|
|         526|   -4.886547|   -2.863972|   -2.971892|    0.529760|
|         527|   -4.897870|   -2.868604|   -2.982268|    0.518616|
|         528|   -4.909394|   -2.873693|   -2.992123|    0.507289|
|         529|   -4.921109|   -2.879369|   -3.001474|    0.495786|
|         530|   -4.933009|   -2.885762|   -3.010348|    0.484106|
+-----------------------------------------------------------------------+
|        File Writing Summary       |              Filename             |
+-----------------------------------------------------------------------+
|SU2 binary restart                 |restart_flow.dat                   |

Writing the forces breakdown file (forces_breakdown.dat).
+-----------------------------------------------------------------------+
+----------------------------------------------------------------+
|  Inner_Iter|    rms[Rho]|   rms[RhoU]|   rms[RhoV]|   rms[RhoE]|
+----------------------------------------------------------------+
|         531|   -4.945088|   -2.892982|   -3.018781|    0.472253|
|         532|   -4.957330|   -2.901105|   -3.026745|    0.460236|
|         533|   -4.969708|   -2.910166|   -3.034256|    0.448077|
|         534|   -4.982188|   -2.920183|   -3.041378|    0.435801|
|         535|   -4.994738|   -2.931164|   -3.048228|    0.423435|
|         536|   -5.007345|   -2.943109|   -3.054905|    0.410981|
|         537|   -5.019991|   -2.956004|   -3.061551|    0.398460|
|         538|   -5.032643|   -2.969812|   -3.068333|    0.385900|
|         539|   -5.045275|   -2.984478|   -3.075349|    0.373330|
|         540|   -5.057846|   -2.999925|   -3.082630|    0.360782|
+-----------------------------------------------------------------------+
|        File Writing Summary       |              Filename             |
+-----------------------------------------------------------------------+
|SU2 binary restart                 |restart_flow.dat                   |

Writing the forces breakdown file (forces_breakdown.dat).
+-----------------------------------------------------------------------+
+----------------------------------------------------------------+
|  Inner_Iter|    rms[Rho]|   rms[RhoU]|   rms[RhoV]|   rms[RhoE]|
+----------------------------------------------------------------+
|         541|   -5.070312|   -3.016047|   -3.090199|    0.348299|
|         542|   -5.082628|   -3.032705|   -3.098095|    0.335926|
|         543|   -5.094763|   -3.049734|   -3.106373|    0.323696|
|         544|   -5.106688|   -3.066941|   -3.115081|    0.311641|
|         545|   -5.118376|   -3.084103|   -3.124252|    0.299795|
|         546|   -5.129804|   -3.100974|   -3.133897|    0.288183|
|         547|   -5.140951|   -3.117291|   -3.144003|    0.276833|
|         548|   -5.151805|   -3.132787|   -3.154562|    0.265766|
|         549|   -5.162369|   -3.147211|   -3.165547|    0.254986|
|         550|   -5.172653|   -3.160348|   -3.176914|    0.244489|
+-----------------------------------------------------------------------+
|        File Writing Summary       |              Filename             |
+-----------------------------------------------------------------------+
|SU2 binary restart                 |restart_flow.dat                   |

Writing the forces breakdown file (forces_breakdown.dat).
+-----------------------------------------------------------------------+
+----------------------------------------------------------------+
|  Inner_Iter|    rms[Rho]|   rms[RhoU]|   rms[RhoV]|   rms[RhoE]|
+----------------------------------------------------------------+
|         551|   -5.182678|   -3.172022|   -3.188619|    0.234264|
|         552|   -5.192457|   -3.182126|   -3.200617|    0.224305|
|         553|   -5.202019|   -3.190630|   -3.212852|    0.214588|
|         554|   -5.211401|   -3.197582|   -3.225241|    0.205076|
|         555|   -5.220625|   -3.203104|   -3.237678|    0.195759|
|         556|   -5.229748|   -3.207382|   -3.250085|    0.186580|
|         557|   -5.238805|   -3.210650|   -3.262378|    0.177508|
|         558|   -5.247825|   -3.213167|   -3.274463|    0.168514|
|         559|   -5.256841|   -3.215196|   -3.286226|    0.159561|
|         560|   -5.265890|   -3.217001|   -3.297556|    0.150612|
+-----------------------------------------------------------------------+
|        File Writing Summary       |              Filename             |
+-----------------------------------------------------------------------+
|SU2 binary restart                 |restart_flow.dat                   |

Writing the forces breakdown file (forces_breakdown.dat).
+-----------------------------------------------------------------------+
+----------------------------------------------------------------+
|  Inner_Iter|    rms[Rho]|   rms[RhoU]|   rms[RhoV]|   rms[RhoE]|
+----------------------------------------------------------------+
|         561|   -5.275019|   -3.218811|   -3.308352|    0.141617|
|         562|   -5.284254|   -3.220824|   -3.318506|    0.132546|
|         563|   -5.293603|   -3.223217|   -3.327982|    0.123384|
|         564|   -5.303080|   -3.226150|   -3.336840|    0.114113|
|         565|   -5.312712|   -3.229765|   -3.345181|    0.104700|
|         566|   -5.322527|   -3.234181|   -3.353078|    0.095110|
|         567|   -5.332540|   -3.239490|   -3.360594|    0.085322|
|         568|   -5.342757|   -3.245755|   -3.367795|    0.075326|
|         569|   -5.353176|   -3.253014|   -3.374763|    0.065118|
|         570|   -5.363786|   -3.261288|   -3.381603|    0.054704|
+-----------------------------------------------------------------------+
|        File Writing Summary       |              Filename             |
+-----------------------------------------------------------------------+
|SU2 binary restart                 |restart_flow.dat                   |

Writing the forces breakdown file (forces_breakdown.dat).
+-----------------------------------------------------------------------+
+----------------------------------------------------------------+
|  Inner_Iter|    rms[Rho]|   rms[RhoU]|   rms[RhoV]|   rms[RhoE]|
+----------------------------------------------------------------+
|         571|   -5.374578|   -3.270589|   -3.388424|    0.044087|
|         572|   -5.385537|   -3.280915|   -3.395329|    0.033279|
|         573|   -5.396641|   -3.292253|   -3.402410|    0.022298|
|         574|   -5.407861|   -3.304575|   -3.409743|    0.011169|
|         575|   -5.419161|   -3.317832|   -3.417392|   -0.000073|
|         576|   -5.430501|   -3.331961|   -3.425413|   -0.011392|
|         577|   -5.441851|   -3.346877|   -3.433844|   -0.022759|
|         578|   -5.453173|   -3.362482|   -3.442717|   -0.034138|
|         579|   -5.464433|   -3.378654|   -3.452071|   -0.045494|
|         580|   -5.475604|   -3.395256|   -3.461910|   -0.056795|
+-----------------------------------------------------------------------+
|        File Writing Summary       |              Filename             |
+-----------------------------------------------------------------------+
|SU2 binary restart                 |restart_flow.dat                   |

Writing the forces breakdown file (forces_breakdown.dat).
+-----------------------------------------------------------------------+
+----------------------------------------------------------------+
|  Inner_Iter|    rms[Rho]|   rms[RhoU]|   rms[RhoV]|   rms[RhoE]|
+----------------------------------------------------------------+
|         581|   -5.486668|   -3.412133|   -3.472248|   -0.068022|
|         582|   -5.497586|   -3.429113|   -3.483106|   -0.079126|
|         583|   -5.508336|   -3.446010|   -3.494442|   -0.090080|
|         584|   -5.518898|   -3.462631|   -3.506212|   -0.100862|
|         585|   -5.529260|   -3.478779|   -3.518324|   -0.111459|
|         586|   -5.539426|   -3.494260|   -3.530738|   -0.121861|
|         587|   -5.549411|   -3.508888|   -3.543418|   -0.132078|
|         588|   -5.559237|   -3.522512|   -3.556314|   -0.142119|
|         589|   -5.568921|   -3.535032|   -3.569353|   -0.151998|
|         590|   -5.578485|   -3.546399|   -3.582445|   -0.161730|
+-----------------------------------------------------------------------+
|        File Writing Summary       |              Filename             |
+-----------------------------------------------------------------------+
|SU2 binary restart                 |restart_flow.dat                   |

Writing the forces breakdown file (forces_breakdown.dat).
+-----------------------------------------------------------------------+
+----------------------------------------------------------------+
|  Inner_Iter|    rms[Rho]|   rms[RhoU]|   rms[RhoV]|   rms[RhoE]|
+----------------------------------------------------------------+
|         591|   -5.587954|   -3.556619|   -3.595492|   -0.171340|
|         592|   -5.597363|   -3.565746|   -3.608394|   -0.180857|
|         593|   -5.606745|   -3.573883|   -3.621058|   -0.190315|
|         594|   -5.616139|   -3.581175|   -3.633400|   -0.199750|
|         595|   -5.625581|   -3.587794|   -3.645353|   -0.209201|
|         596|   -5.635107|   -3.593933|   -3.656851|   -0.218703|
|         597|   -5.644750|   -3.599793|   -3.667852|   -0.228291|
|         598|   -5.654539|   -3.605568|   -3.678333|   -0.237997|
|         599|   -5.664495|   -3.611442|   -3.688295|   -0.247842|
|         600|   -5.674649|   -3.617585|   -3.697742|   -0.257862|
+-----------------------------------------------------------------------+
|        File Writing Summary       |              Filename             |
+-----------------------------------------------------------------------+
|SU2 binary restart                 |restart_flow.dat                   |

Writing the forces breakdown file (forces_breakdown.dat).
+-----------------------------------------------------------------------+
+----------------------------------------------------------------+
|  Inner_Iter|    rms[Rho]|   rms[RhoU]|   rms[RhoV]|   rms[RhoE]|
+----------------------------------------------------------------+
|         601|   -5.685011|   -3.624149|   -3.706684|   -0.268072|
|         602|   -5.695582|   -3.631257|   -3.715164|   -0.278483|
|         603|   -5.706363|   -3.639005|   -3.723258|   -0.289101|
|         604|   -5.717357|   -3.647467|   -3.731066|   -0.299933|
|         605|   -5.728564|   -3.656703|   -3.738697|   -0.310983|
|         606|   -5.739975|   -3.666759|   -3.746261|   -0.322248|
|         607|   -5.751576|   -3.677661|   -3.753857|   -0.333715|
|         608|   -5.763342|   -3.689414|   -3.761573|   -0.345364|
|         609|   -5.775242|   -3.702002|   -3.769487|   -0.357169|
|         610|   -5.787241|   -3.715386|   -3.777658|   -0.369098|
+-----------------------------------------------------------------------+
|        File Writing Summary       |              Filename             |
+-----------------------------------------------------------------------+
|SU2 binary restart                 |restart_flow.dat                   |

Writing the forces breakdown file (forces_breakdown.dat).
+-----------------------------------------------------------------------+
+----------------------------------------------------------------+
|  Inner_Iter|    rms[Rho]|   rms[RhoU]|   rms[RhoV]|   rms[RhoE]|
+----------------------------------------------------------------+
|         611|   -5.799301|   -3.729509|   -3.786151|   -0.381119|
|         612|   -5.811386|   -3.744295|   -3.795037|   -0.393196|
|         613|   -5.823460|   -3.759641|   -3.804369|   -0.405292|
|         614|   -5.835487|   -3.775425|   -3.814182|   -0.417371|
|         615|   -5.847430|   -3.791499|   -3.824489|   -0.429393|
|         616|   -5.859249|   -3.807696|   -3.835291|   -0.441316|
|         617|   -5.870915|   -3.823831|   -3.846586|   -0.453108|
|         618|   -5.882393|   -3.839700|   -3.858353|   -0.464730|
|         619|   -5.893664|   -3.855088|   -3.870536|   -0.476160|
|         620|   -5.904701|   -3.869783|   -3.883091|   -0.487364|
+-----------------------------------------------------------------------+
|        File Writing Summary       |              Filename             |
+-----------------------------------------------------------------------+
|SU2 binary restart                 |restart_flow.dat                   |

Writing the forces breakdown file (forces_breakdown.dat).
+-----------------------------------------------------------------------+
+----------------------------------------------------------------+
|  Inner_Iter|    rms[Rho]|   rms[RhoU]|   rms[RhoV]|   rms[RhoE]|
+----------------------------------------------------------------+
|         621|   -5.915489|   -3.883592|   -3.895975|   -0.498321|
|         622|   -5.926031|   -3.896355|   -3.909134|   -0.509025|
|         623|   -5.936333|   -3.907963|   -3.922502|   -0.519477|
|         624|   -5.946402|   -3.918351|   -3.935996|   -0.529678|
|         625|   -5.956259|   -3.927506|   -3.949517|   -0.539643|
|         626|   -5.965926|   -3.935470|   -3.962961|   -0.549392|
|         627|   -5.975432|   -3.942342|   -3.976225|   -0.558950|
|         628|   -5.984808|   -3.948269|   -3.989208|   -0.568350|
|         629|   -5.994091|   -3.953435|   -4.001813|   -0.577624|
|         630|   -6.003315|   -3.958045|   -4.013959|   -0.586809|
+-----------------------------------------------------------------------+
|        File Writing Summary       |              Filename             |
+-----------------------------------------------------------------------+
|SU2 binary restart                 |restart_flow.dat                   |

Writing the forces breakdown file (forces_breakdown.dat).
+-----------------------------------------------------------------------+
+----------------------------------------------------------------+
|  Inner_Iter|    rms[Rho]|   rms[RhoU]|   rms[RhoV]|   rms[RhoE]|
+----------------------------------------------------------------+
|         631|   -6.012517|   -3.962313|   -4.025578|   -0.595942|
|         632|   -6.021730|   -3.966446|   -4.036622|   -0.605058|
|         633|   -6.030985|   -3.970643|   -4.047065|   -0.614192|
|         634|   -6.040310|   -3.975084|   -4.056904|   -0.623376|
|         635|   -6.049727|   -3.979933|   -4.066146|   -0.632640|
|         636|   -6.059255|   -3.985322|   -4.074853|   -0.642005|
|         637|   -6.068915|   -3.991366|   -4.083107|   -0.651497|
|         638|   -6.078725|   -3.998162|   -4.090985|   -0.661137|
|         639|   -6.088685|   -4.005788|   -4.098573|   -0.670929|
|         640|   -6.098788|   -4.014300|   -4.105945|   -0.680872|
+-----------------------------------------------------------------------+
|        File Writing Summary       |              Filename             |
+-----------------------------------------------------------------------+
|SU2 binary restart                 |restart_flow.dat                   |

Writing the forces breakdown file (forces_breakdown.dat).
+-----------------------------------------------------------------------+
+----------------------------------------------------------------+
|  Inner_Iter|    rms[Rho]|   rms[RhoU]|   rms[RhoV]|   rms[RhoE]|
+----------------------------------------------------------------+
|         641|   -6.109019|   -4.023734|   -4.113184|   -0.690959|
|         642|   -6.119365|   -4.034109|   -4.120384|   -0.701180|
|         643|   -6.129821|   -4.045426|   -4.127634|   -0.711538|
|         644|   -6.140368|   -4.057669|   -4.135040|   -0.722015|
|         645|   -6.150991|   -4.070808|   -4.142691|   -0.732598|
|         646|   -6.161668|   -4.084795|   -4.150660|   -0.743266|
|         647|   -6.172374|   -4.099563|   -4.159006|   -0.753997|
|         648|   -6.183085|   -4.115026|   -4.167775|   -0.764766|
|         649|   -6.193775|   -4.131070|   -4.176999|   -0.775547|
|         650|   -6.204423|   -4.147557|   -4.186700|   -0.786316|
+-----------------------------------------------------------------------+
|        File Writing Summary       |              Filename             |
+-----------------------------------------------------------------------+
|SU2 binary restart                 |restart_flow.dat                   |

Writing the forces breakdown file (forces_breakdown.dat).
+-----------------------------------------------------------------------+
+----------------------------------------------------------------+
|  Inner_Iter|    rms[Rho]|   rms[RhoU]|   rms[RhoV]|   rms[RhoE]|
+----------------------------------------------------------------+
|         651|   -6.215007|   -4.164323|   -4.196893|   -0.797047|
|         652|   -6.225508|   -4.181177|   -4.207577|   -0.807718|
|         653|   -6.235906|   -4.197909|   -4.218728|   -0.818304|
|         654|   -6.246194|   -4.214299|   -4.230337|   -0.828795|
|         655|   -6.256371|   -4.230122|   -4.242382|   -0.839180|
|         656|   -6.266435|   -4.245156|   -4.254826|   -0.849450|
|         657|   -6.276385|   -4.259189|   -4.267613|   -0.859597|
|         658|   -6.286224|   -4.272039|   -4.280660|   -0.869619|
|         659|   -6.295956|   -4.283567|   -4.293880|   -0.879513|
|         660|   -6.305589|   -4.293696|   -4.307182|   -0.889283|
+-----------------------------------------------------------------------+
|        File Writing Summary       |              Filename             |
+-----------------------------------------------------------------------+
|SU2 binary restart                 |restart_flow.dat                   |

Writing the forces breakdown file (forces_breakdown.dat).
+-----------------------------------------------------------------------+
+----------------------------------------------------------------+
|  Inner_Iter|    rms[Rho]|   rms[RhoU]|   rms[RhoV]|   rms[RhoE]|
+----------------------------------------------------------------+
|         661|   -6.315135|   -4.302422|   -4.320469|   -0.898937|
|         662|   -6.324612|   -4.309816|   -4.333643|   -0.908486|
|         663|   -6.334033|   -4.316011|   -4.346607|   -0.917944|
|         664|   -6.343412|   -4.321190|   -4.359264|   -0.927322|
|         665|   -6.352764|   -4.325568|   -4.371528|   -0.936636|
|         666|   -6.362102|   -4.329374|   -4.383319|   -0.945899|
|         667|   -6.371437|   -4.332843|   -4.394578|   -0.955127|
|         668|   -6.380782|   -4.336201|   -4.405261|   -0.964335|
|         669|   -6.390145|   -4.339658|   -4.415349|   -0.973536|
|         670|   -6.399534|   -4.343404|   -4.424846|   -0.982741|
+-----------------------------------------------------------------------+
|        File Writing Summary       |              Filename             |
+-----------------------------------------------------------------------+
|SU2 binary restart                 |restart_flow.dat                   |

Writing the forces breakdown file (forces_breakdown.dat).
+-----------------------------------------------------------------------+
+----------------------------------------------------------------+
|  Inner_Iter|    rms[Rho]|   rms[RhoU]|   rms[RhoV]|   rms[RhoE]|
+----------------------------------------------------------------+
|         671|   -6.408954|   -4.347602|   -4.433774|   -0.991961|
|         672|   -6.418404|   -4.352400|   -4.442154|   -1.001203|
|         673|   -6.427878|   -4.357913|   -4.450032|   -1.010467|
|         674|   -6.437368|   -4.364229|   -4.457487|   -1.019754|
|         675|   -6.446872|   -4.371417|   -4.464621|   -1.029068|
|         676|   -6.456388|   -4.379527|   -4.471544|   -1.038413|
|         677|   -6.465913|   -4.388595|   -4.478364|   -1.047791|
|         678|   -6.475440|   -4.398639|   -4.485182|   -1.057198|
|         679|   -6.484959|   -4.409660|   -4.492085|   -1.066628|
|         680|   -6.494459|   -4.421637|   -4.499151|   -1.076076|
+-----------------------------------------------------------------------+
|        File Writing Summary       |              Filename             |
+-----------------------------------------------------------------------+
|SU2 binary restart                 |restart_flow.dat                   |

Writing the forces breakdown file (forces_breakdown.dat).
+-----------------------------------------------------------------------+
+----------------------------------------------------------------+
|  Inner_Iter|    rms[Rho]|   rms[RhoU]|   rms[RhoV]|   rms[RhoE]|
+----------------------------------------------------------------+
|         681|   -6.503932|   -4.434533|   -4.506452|   -1.085534|
|         682|   -6.513370|   -4.448289|   -4.514052|   -1.094998|
|         683|   -6.522770|   -4.462829|   -4.522009|   -1.104462|
|         684|   -6.532129|   -4.478055|   -4.530370|   -1.113921|
|         685|   -6.541447|   -4.493848|   -4.539171|   -1.123374|
|         686|   -6.550726|   -4.510067|   -4.548435|   -1.132819|
|         687|   -6.559977|   -4.526545|   -4.558183|   -1.142260|
|         688|   -6.569200|   -4.543089|   -4.568416|   -1.151692|
|         689|   -6.578402|   -4.559484|   -4.579095|   -1.161116|
|         690|   -6.587587|   -4.575498|   -4.590193|   -1.170532|
+-----------------------------------------------------------------------+
|        File Writing Summary       |              Filename             |
+-----------------------------------------------------------------------+
|SU2 binary restart                 |restart_flow.dat                   |

Writing the forces breakdown file (forces_breakdown.dat).
+-----------------------------------------------------------------------+
+----------------------------------------------------------------+
|  Inner_Iter|    rms[Rho]|   rms[RhoU]|   rms[RhoV]|   rms[RhoE]|
+----------------------------------------------------------------+
|         691|   -6.596768|   -4.590896|   -4.601680|   -1.179945|
|         692|   -6.605963|   -4.605456|   -4.613524|   -1.189367|
|         693|   -6.615190|   -4.618980|   -4.625678|   -1.198808|
|         694|   -6.624466|   -4.631308|   -4.638090|   -1.208279|
|         695|   -6.633804|   -4.642325|   -4.650699|   -1.217787|
|         696|   -6.643223|   -4.651972|   -4.663417|   -1.227346|
|         697|   -6.652736|   -4.660257|   -4.676157|   -1.236968|
|         698|   -6.662358|   -4.667256|   -4.688832|   -1.246664|
|         699|   -6.672104|   -4.673106|   -4.701360|   -1.256446|
|         700|   -6.681986|   -4.677990|   -4.713660|   -1.266327|
+-----------------------------------------------------------------------+
|        File Writing Summary       |              Filename             |
+-----------------------------------------------------------------------+
|SU2 binary restart                 |restart_flow.dat                   |

Writing the forces breakdown file (forces_breakdown.dat).
+-----------------------------------------------------------------------+
+----------------------------------------------------------------+
|  Inner_Iter|    rms[Rho]|   rms[RhoU]|   rms[RhoV]|   rms[RhoE]|
+----------------------------------------------------------------+
|         701|   -6.692015|   -4.682125|   -4.725660|   -1.276316|
|         702|   -6.702196|   -4.685741|   -4.737294|   -1.286419|
|         703|   -6.712532|   -4.689067|   -4.748509|   -1.296641|
|         704|   -6.723024|   -4.692324|   -4.759266|   -1.306986|
|         705|   -6.733668|   -4.695718|   -4.769540|   -1.317454|
|         706|   -6.744455|   -4.699430|   -4.779326|   -1.328044|
|         707|   -6.755379|   -4.703615|   -4.788663|   -1.338752|
|         708|   -6.766434|   -4.708409|   -4.797592|   -1.349576|
|         709|   -6.777607|   -4.713927|   -4.806154|   -1.360508|
|         710|   -6.788876|   -4.720263|   -4.814394|   -1.371536|
+-----------------------------------------------------------------------+
|        File Writing Summary       |              Filename             |
+-----------------------------------------------------------------------+
|SU2 binary restart                 |restart_flow.dat                   |

Writing the forces breakdown file (forces_breakdown.dat).
+-----------------------------------------------------------------------+
+----------------------------------------------------------------+
|  Inner_Iter|    rms[Rho]|   rms[RhoU]|   rms[RhoV]|   rms[RhoE]|
+----------------------------------------------------------------+
|         711|   -6.800217|   -4.727485|   -4.822366|   -1.382641|
|         712|   -6.811603|   -4.735641|   -4.830137|   -1.393802|
|         713|   -6.823008|   -4.744759|   -4.837783|   -1.405003|
|         714|   -6.834409|   -4.754854|   -4.845390|   -1.416226|
|         715|   -6.845781|   -4.765924|   -4.853042|   -1.427450|
|         716|   -6.857096|   -4.777956|   -4.860829|   -1.438653|
|         717|   -6.868331|   -4.790914|   -4.868812|   -1.449815|
|         718|   -6.879463|   -4.804747|   -4.877034|   -1.460916|
|         719|   -6.890473|   -4.819382|   -4.885549|   -1.471938|
|         720|   -6.901343|   -4.834724|   -4.894403|   -1.482864|
+-----------------------------------------------------------------------+
|        File Writing Summary       |              Filename             |
+-----------------------------------------------------------------------+
|SU2 binary restart                 |restart_flow.dat                   |

Writing the forces breakdown file (forces_breakdown.dat).
+-----------------------------------------------------------------------+
+----------------------------------------------------------------+
|  Inner_Iter|    rms[Rho]|   rms[RhoU]|   rms[RhoV]|   rms[RhoE]|
+----------------------------------------------------------------+
|         721|   -6.912063|   -4.850652|   -4.903634|   -1.493680|
|         722|   -6.922622|   -4.867023|   -4.913265|   -1.504374|
|         723|   -6.933012|   -4.883664|   -4.923299|   -1.514932|
|         724|   -6.943234|   -4.900382|   -4.933740|   -1.525352|
|         725|   -6.953298|   -4.916962|   -4.944605|   -1.535635|
|         726|   -6.963219|   -4.933177|   -4.955883|   -1.545789|
|         727|   -6.973010|   -4.948789|   -4.967540|   -1.555819|
|         728|   -6.982686|   -4.963558|   -4.979528|   -1.565733|
|         729|   -6.992264|   -4.977264|   -4.991795|   -1.575538|
|         730|   -7.001765|   -4.989720|   -5.004281|   -1.585251|
+-----------------------------------------------------------------------+
|        File Writing Summary       |              Filename             |
+-----------------------------------------------------------------------+
|SU2 binary restart                 |restart_flow.dat                   |

Writing the forces breakdown file (forces_breakdown.dat).
+-----------------------------------------------------------------------+
+----------------------------------------------------------------+
|  Inner_Iter|    rms[Rho]|   rms[RhoU]|   rms[RhoV]|   rms[RhoE]|
+----------------------------------------------------------------+
|         731|   -7.011215|   -5.000794|   -5.016922|   -1.594890|
|         732|   -7.020639|   -5.010422|   -5.029650|   -1.604475|
|         733|   -7.030065|   -5.018614|   -5.042394|   -1.614026|
|         734|   -7.039516|   -5.025448|   -5.055078|   -1.623565|
|         735|   -7.049015|   -5.031067|   -5.067625|   -1.633112|
|         736|   -7.058586|   -5.035659|   -5.079960|   -1.642687|
|         737|   -7.068248|   -5.039445|   -5.092011|   -1.652312|
|         738|   -7.078018|   -5.042663|   -5.103715|   -1.662004|
|         739|   -7.087911|   -5.045554|   -5.115019|   -1.671780|
|         740|   -7.097938|   -5.048350|   -5.125886|   -1.681656|
+-----------------------------------------------------------------------+
|        File Writing Summary       |              Filename             |
+-----------------------------------------------------------------------+
|SU2 binary restart                 |restart_flow.dat                   |

Writing the forces breakdown file (forces_breakdown.dat).
+-----------------------------------------------------------------------+
+----------------------------------------------------------------+
|  Inner_Iter|    rms[Rho]|   rms[RhoU]|   rms[RhoV]|   rms[RhoE]|
+----------------------------------------------------------------+
|         741|   -7.108108|   -5.051262|   -5.136295|   -1.691642|
|         742|   -7.118427|   -5.054484|   -5.146241|   -1.701748|
|         743|   -7.128894|   -5.058186|   -5.155711|   -1.711981|
|         744|   -7.139499|   -5.062507|   -5.164720|   -1.722338|
|         745|   -7.150234|   -5.067560|   -5.173317|   -1.732819|
|         746|   -7.161092|   -5.073434|   -5.181572|   -1.743422|
|         747|   -7.172065|   -5.080199|   -5.189568|   -1.754146|
|         748|   -7.183141|   -5.087910|   -5.197387|   -1.764986|
|         749|   -7.194303|   -5.096603|   -5.205110|   -1.775930|
|         750|   -7.205530|   -5.106299|   -5.212812|   -1.786963|
+-----------------------------------------------------------------------+
|        File Writing Summary       |              Filename             |
+-----------------------------------------------------------------------+
|SU2 binary restart                 |restart_flow.dat                   |

Writing the forces breakdown file (forces_breakdown.dat).
|Paraview                           |flow.vtu                           |

Writing the forces breakdown file (forces_breakdown.dat).
|Paraview surface                   |surface_flow.vtu                   |

Writing the forces breakdown file (forces_breakdown.dat).
|CSV file                           |surface_flow.csv                   |

Writing the forces breakdown file (forces_breakdown.dat).
+-----------------------------------------------------------------------+
+----------------------------------------------------------------+
|  Inner_Iter|    rms[Rho]|   rms[RhoU]|   rms[RhoV]|   rms[RhoE]|
+----------------------------------------------------------------+
|         751|   -7.216798|   -5.116998|   -5.220562|   -1.798068|
|         752|   -7.228084|   -5.128683|   -5.228428|   -1.809226|
|         753|   -7.239363|   -5.141321|   -5.236476|   -1.820418|
|         754|   -7.250613|   -5.154863|   -5.244769|   -1.831624|
|         755|   -7.261812|   -5.169242|   -5.253363|   -1.842822|
|         756|   -7.272940|   -5.184372|   -5.262304|   -1.853992|
|         757|   -7.283979|   -5.200147|   -5.271630|   -1.865116|
|         758|   -7.294918|   -5.216439|   -5.281380|   -1.876177|
|         759|   -7.305735|   -5.233088|   -5.291546|   -1.887151|
|         760|   -7.316415|   -5.249914|   -5.302110|   -1.898018|
+-----------------------------------------------------------------------+
|        File Writing Summary       |              Filename             |
+-----------------------------------------------------------------------+
|SU2 binary restart                 |restart_flow.dat                   |

Writing the forces breakdown file (forces_breakdown.dat).
+-----------------------------------------------------------------------+
+----------------------------------------------------------------+
|  Inner_Iter|    rms[Rho]|   rms[RhoU]|   rms[RhoV]|   rms[RhoE]|
+----------------------------------------------------------------+
|         761|   -7.326947|   -5.266710|   -5.313068|   -1.908762|
|         762|   -7.337328|   -5.283254|   -5.324411|   -1.919374|
|         763|   -7.347565|   -5.299320|   -5.336122|   -1.929851|
|         764|   -7.357664|   -5.314682|   -5.348171|   -1.940192|
|         765|   -7.367636|   -5.329129|   -5.360517|   -1.950399|
|         766|   -7.377493|   -5.342474|   -5.373105|   -1.960474|
|         767|   -7.387247|   -5.354569|   -5.385869|   -1.970427|
|         768|   -7.396919|   -5.365321|   -5.398737|   -1.980269|
|         769|   -7.406528|   -5.374700|   -5.411629|   -1.990016|
|         770|   -7.416098|   -5.382747|   -5.424463|   -1.999686|
+-----------------------------------------------------------------------+
|        File Writing Summary       |              Filename             |
+-----------------------------------------------------------------------+
|SU2 binary restart                 |restart_flow.dat                   |

Writing the forces breakdown file (forces_breakdown.dat).
+-----------------------------------------------------------------------+
+----------------------------------------------------------------+
|  Inner_Iter|    rms[Rho]|   rms[RhoU]|   rms[RhoV]|   rms[RhoE]|
+----------------------------------------------------------------+
|         771|   -7.425650|   -5.389564|   -5.437155|   -2.009298|
|         772|   -7.435207|   -5.395311|   -5.449623|   -2.018874|
|         773|   -7.444791|   -5.400186|   -5.461791|   -2.028435|
|         774|   -7.454422|   -5.404410|   -5.473590|   -2.038001|
|         775|   -7.464118|   -5.408214|   -5.484964|   -2.047593|
|         776|   -7.473897|   -5.411830|   -5.495863|   -2.057233|
|         777|   -7.483767|   -5.415469|   -5.506267|   -2.066937|
|         778|   -7.493746|   -5.419323|   -5.516193|   -2.076722|
|         779|   -7.503847|   -5.423566|   -5.525661|   -2.086607|
|         780|   -7.514077|   -5.428353|   -5.534692|   -2.096607|
+-----------------------------------------------------------------------+
|        File Writing Summary       |              Filename             |
+-----------------------------------------------------------------------+
|SU2 binary restart                 |restart_flow.dat                   |

Writing the forces breakdown file (forces_breakdown.dat).
+-----------------------------------------------------------------------+
+----------------------------------------------------------------+
|  Inner_Iter|    rms[Rho]|   rms[RhoU]|   rms[RhoV]|   rms[RhoE]|
+----------------------------------------------------------------+
|         781|   -7.524437|   -5.433811|   -5.543316|   -2.106726|
|         782|   -7.534916|   -5.440042|   -5.551575|   -2.116964|
|         783|   -7.545508|   -5.447121|   -5.559528|   -2.127320|
|         784|   -7.556203|   -5.455105|   -5.567249|   -2.137793|
|         785|   -7.566990|   -5.464034|   -5.574828|   -2.148378|
|         786|   -7.577858|   -5.473931|   -5.582356|   -2.159068|
|         787|   -7.588790|   -5.484803|   -5.589921|   -2.169853|
|         788|   -7.599767|   -5.496641|   -5.597606|   -2.180718|
|         789|   -7.610769|   -5.509418|   -5.605483|   -2.191645|
|         790|   -7.621774|   -5.523084|   -5.613614|   -2.202616|
+-----------------------------------------------------------------------+
|        File Writing Summary       |              Filename             |
+-----------------------------------------------------------------------+
|SU2 binary restart                 |restart_flow.dat                   |

Writing the forces breakdown file (forces_breakdown.dat).
+-----------------------------------------------------------------------+
+----------------------------------------------------------------+
|  Inner_Iter|    rms[Rho]|   rms[RhoU]|   rms[RhoV]|   rms[RhoE]|
+----------------------------------------------------------------+
|         791|   -7.632758|   -5.537572|   -5.622055|   -2.213608|
|         792|   -7.643699|   -5.552790|   -5.630854|   -2.224600|
|         793|   -7.654575|   -5.568624|   -5.640048|   -2.235568|
|         794|   -7.665368|   -5.584938|   -5.649665|   -2.246490|
|         795|   -7.676060|   -5.601569|   -5.659724|   -2.257345|
|         796|   -7.686636|   -5.618329|   -5.670230|   -2.268113|
|         797|   -7.697083|   -5.635011|   -5.681178|   -2.278775|
|         798|   -7.707395|   -5.651387|   -5.692548|   -2.289316|
|         799|   -7.717566|   -5.667221|   -5.704305|   -2.299726|
|         800|   -7.727599|   -5.682285|   -5.716422|   -2.309998|
+-----------------------------------------------------------------------+
|        File Writing Summary       |              Filename             |
+-----------------------------------------------------------------------+
|SU2 binary restart                 |restart_flow.dat                   |

Writing the forces breakdown file (forces_breakdown.dat).
+-----------------------------------------------------------------------+
+----------------------------------------------------------------+
|  Inner_Iter|    rms[Rho]|   rms[RhoU]|   rms[RhoV]|   rms[RhoE]|
+----------------------------------------------------------------+
|         801|   -7.737504|   -5.696367|   -5.728869|   -2.320133|
|         802|   -7.747289|   -5.709282|   -5.741589|   -2.330132|
|         803|   -7.756965|   -5.720893|   -5.754503|   -2.339997|
|         804|   -7.766539|   -5.731118|   -5.767527|   -2.349732|
|         805|   -7.776026|   -5.739942|   -5.780570|   -2.359345|
|         806|   -7.785445|   -5.747423|   -5.793540|   -2.368853|
|         807|   -7.794818|   -5.753687|   -5.806346|   -2.378274|
|         808|   -7.804166|   -5.758913|   -5.818902|   -2.387627|
|         809|   -7.813511|   -5.763317|   -5.831126|   -2.396934|
|         810|   -7.822871|   -5.767135|   -5.842942|   -2.406216|
+-----------------------------------------------------------------------+
|        File Writing Summary       |              Filename             |
+-----------------------------------------------------------------------+
|SU2 binary restart                 |restart_flow.dat                   |

Writing the forces breakdown file (forces_breakdown.dat).
+-----------------------------------------------------------------------+
+----------------------------------------------------------------+
|  Inner_Iter|    rms[Rho]|   rms[RhoU]|   rms[RhoV]|   rms[RhoE]|
+----------------------------------------------------------------+
|         811|   -7.832265|   -5.770605|   -5.854289|   -2.415494|
|         812|   -7.841712|   -5.773959|   -5.865118|   -2.424790|
|         813|   -7.851226|   -5.777412|   -5.875399|   -2.434124|
|         814|   -7.860821|   -5.781157|   -5.885121|   -2.443515|
|         815|   -7.870507|   -5.785363|   -5.894299|   -2.452981|
|         816|   -7.880293|   -5.790174|   -5.902967|   -2.462532|
|         817|   -7.890183|   -5.795715|   -5.911155|   -2.472183|
|         818|   -7.900173|   -5.802081|   -5.918914|   -2.481939|
|         819|   -7.910259|   -5.809346|   -5.926326|   -2.491803|
|         820|   -7.920438|   -5.817560|   -5.933493|   -2.501777|
+-----------------------------------------------------------------------+
|        File Writing Summary       |              Filename             |
+-----------------------------------------------------------------------+
|SU2 binary restart                 |restart_flow.dat                   |

Writing the forces breakdown file (forces_breakdown.dat).
+-----------------------------------------------------------------------+
+----------------------------------------------------------------+
|  Inner_Iter|    rms[Rho]|   rms[RhoU]|   rms[RhoV]|   rms[RhoE]|
+----------------------------------------------------------------+
|         821|   -7.930707|   -5.826759|   -5.940521|   -2.511865|
|         822|   -7.941060|   -5.836960|   -5.947513|   -2.522065|
|         823|   -7.951485|   -5.848167|   -5.954564|   -2.532370|
|         824|   -7.961965|   -5.860364|   -5.961757|   -2.542767|
|         825|   -7.972495|   -5.873516|   -5.969180|   -2.553253|
|         826|   -7.983046|   -5.887566|   -5.976889|   -2.563800|
|         827|   -7.993594|   -5.902434|   -5.984918|   -2.574386|
|         828|   -8.004115|   -5.918014|   -5.993313|   -2.584985|
|         829|   -8.014587|   -5.934174|   -6.002120|   -2.595575|
|         830|   -8.024994|   -5.950762|   -6.011378|   -2.606137|
+-----------------------------------------------------------------------+
|        File Writing Summary       |              Filename             |
+-----------------------------------------------------------------------+
|SU2 binary restart                 |restart_flow.dat                   |

Writing the forces breakdown file (forces_breakdown.dat).
+-----------------------------------------------------------------------+
+----------------------------------------------------------------+
|  Inner_Iter|    rms[Rho]|   rms[RhoU]|   rms[RhoV]|   rms[RhoE]|
+----------------------------------------------------------------+
|         831|   -8.035323|   -5.967605|   -6.021110|   -2.616651|
|         832|   -8.045561|   -5.984503|   -6.031327|   -2.627099|
|         833|   -8.055694|   -6.001235|   -6.042025|   -2.637460|
|         834|   -8.065714|   -6.017558|   -6.053185|   -2.647717|
|         835|   -8.075613|   -6.033220|   -6.064775|   -2.657857|
|         836|   -8.085390|   -6.047975|   -6.076753|   -2.667869|
|         837|   -8.095045|   -6.061600|   -6.089063|   -2.677748|
|         838|   -8.104584|   -6.073916|   -6.101639|   -2.687491|
|         839|   -8.114016|   -6.084802|   -6.114407|   -2.697100|
|         840|   -8.123352|   -6.094207|   -6.127282|   -2.706580|
+-----------------------------------------------------------------------+
|        File Writing Summary       |              Filename             |
+-----------------------------------------------------------------------+
|SU2 binary restart                 |restart_flow.dat                   |

Writing the forces breakdown file (forces_breakdown.dat).
+-----------------------------------------------------------------------+
+----------------------------------------------------------------+
|  Inner_Iter|    rms[Rho]|   rms[RhoU]|   rms[RhoV]|   rms[RhoE]|
+----------------------------------------------------------------+
|         841|   -8.132605|   -6.102154|   -6.140175|   -2.715941|
|         842|   -8.141792|   -6.108738|   -6.152989|   -2.725196|
|         843|   -8.150930|   -6.114118|   -6.165628|   -2.734361|
|         844|   -8.160039|   -6.118501|   -6.177997|   -2.743453|
|         845|   -8.169133|   -6.122121|   -6.190000|   -2.752489|
|         846|   -8.178229|   -6.125227|   -6.201563|   -2.761491|
|         847|   -8.187349|   -6.128062|   -6.212641|   -2.770482|
|         848|   -8.196516|   -6.130865|   -6.223199|   -2.779487|
|         849|   -8.205750|   -6.133858|   -6.233205|   -2.788531|
|         850|   -8.215060|   -6.137234|   -6.242638|   -2.797630|
+-----------------------------------------------------------------------+
|        File Writing Summary       |              Filename             |
+-----------------------------------------------------------------------+
|SU2 binary restart                 |restart_flow.dat                   |

Writing the forces breakdown file (forces_breakdown.dat).
+-----------------------------------------------------------------------+
+----------------------------------------------------------------+
|  Inner_Iter|    rms[Rho]|   rms[RhoU]|   rms[RhoV]|   rms[RhoE]|
+----------------------------------------------------------------+
|         851|   -8.224451|   -6.141157|   -6.251500|   -2.806796|
|         852|   -8.233928|   -6.145759|   -6.259814|   -2.816039|
|         853|   -8.243493|   -6.151151|   -6.267633|   -2.825371|
|         854|   -8.253149|   -6.157417|   -6.275034|   -2.834802|
|         855|   -8.262894|   -6.164626|   -6.282106|   -2.844335|
|         856|   -8.272726|   -6.172826|   -6.288949|   -2.853975|
|         857|   -8.282635|   -6.182049|   -6.295660|   -2.863718|
|         858|   -8.292612|   -6.192308|   -6.302338|   -2.873560|
|         859|   -8.302643|   -6.203596|   -6.309072|   -2.883491|
|         860|   -8.312713|   -6.215888|   -6.315952|   -2.893500|
+-----------------------------------------------------------------------+
|        File Writing Summary       |              Filename             |
+-----------------------------------------------------------------------+
|SU2 binary restart                 |restart_flow.dat                   |

Writing the forces breakdown file (forces_breakdown.dat).
+-----------------------------------------------------------------------+
+----------------------------------------------------------------+
|  Inner_Iter|    rms[Rho]|   rms[RhoU]|   rms[RhoV]|   rms[RhoE]|
+----------------------------------------------------------------+
|         861|   -8.322806|   -6.229142|   -6.323056|   -2.903572|
|         862|   -8.332903|   -6.243294|   -6.330456|   -2.913692|
|         863|   -8.342988|   -6.258261|   -6.338214|   -2.923841|
|         864|   -8.353044|   -6.273936|   -6.346381|   -2.934001|
|         865|   -8.363054|   -6.290188|   -6.354994|   -2.944153|
|         866|   -8.373005|   -6.306861|   -6.364082|   -2.954279|
|         867|   -8.382885|   -6.323767|   -6.373658|   -2.964363|
|         868|   -8.392683|   -6.340698|   -6.383726|   -2.974387|
|         869|   -8.402392|   -6.357420|   -6.394278|   -2.984338|
|         870|   -8.412009|   -6.373684|   -6.405293|   -2.994205|
+-----------------------------------------------------------------------+
|        File Writing Summary       |              Filename             |
+-----------------------------------------------------------------------+
|SU2 binary restart                 |restart_flow.dat                   |

Writing the forces breakdown file (forces_breakdown.dat).
+-----------------------------------------------------------------------+
+----------------------------------------------------------------+
|  Inner_Iter|    rms[Rho]|   rms[RhoU]|   rms[RhoV]|   rms[RhoE]|
+----------------------------------------------------------------+
|         871|   -8.421534|   -6.389237|   -6.416739|   -3.003979|
|         872|   -8.430969|   -6.403836|   -6.428573|   -3.013657|
|         873|   -8.440321|   -6.417265|   -6.440740|   -3.023237|
|         874|   -8.449599|   -6.429351|   -6.453175|   -3.032721|
|         875|   -8.458815|   -6.439986|   -6.465804|   -3.042115|
|         876|   -8.467984|   -6.449128|   -6.478542|   -3.051429|
|         877|   -8.477122|   -6.456814|   -6.491300|   -3.060674|
|         878|   -8.486247|   -6.463156|   -6.503983|   -3.069867|
|         879|   -8.495378|   -6.468319|   -6.516495|   -3.079022|
|         880|   -8.504533|   -6.472517|   -6.528743|   -3.088159|
+-----------------------------------------------------------------------+
|        File Writing Summary       |              Filename             |
+-----------------------------------------------------------------------+
|SU2 binary restart                 |restart_flow.dat                   |

Writing the forces breakdown file (forces_breakdown.dat).
+-----------------------------------------------------------------------+
+----------------------------------------------------------------+
|  Inner_Iter|    rms[Rho]|   rms[RhoU]|   rms[RhoV]|   rms[RhoE]|
+----------------------------------------------------------------+
|         881|   -8.513730|   -6.475996|   -6.540638|   -3.097297|
|         882|   -8.522985|   -6.479007|   -6.552103|   -3.106455|
|         883|   -8.532315|   -6.481798|   -6.563075|   -3.115651|
|         884|   -8.541733|   -6.484606|   -6.573507|   -3.124903|
|         885|   -8.551248|   -6.487639|   -6.583373|   -3.134227|
|         886|   -8.560871|   -6.491084|   -6.592669|   -3.143637|
|         887|   -8.570604|   -6.495103|   -6.601413|   -3.153144|
|         888|   -8.580451|   -6.499824|   -6.609642|   -3.162756|
|         889|   -8.590410|   -6.505355|   -6.617414|   -3.172480|
|         890|   -8.600477|   -6.511780|   -6.624801|   -3.182316|
+-----------------------------------------------------------------------+
|        File Writing Summary       |              Filename             |
+-----------------------------------------------------------------------+
|SU2 binary restart                 |restart_flow.dat                   |

Writing the forces breakdown file (forces_breakdown.dat).
+-----------------------------------------------------------------------+
+----------------------------------------------------------------+
|  Inner_Iter|    rms[Rho]|   rms[RhoU]|   rms[RhoV]|   rms[RhoE]|
+----------------------------------------------------------------+
|         891|   -8.610642|   -6.519161|   -6.631888|   -3.192265|
|         892|   -8.620896|   -6.527541|   -6.638765|   -3.202321|
|         893|   -8.631224|   -6.536942|   -6.645529|   -3.212477|
|         894|   -8.641611|   -6.547371|   -6.652274|   -3.222722|
|         895|   -8.652038|   -6.558820|   -6.659091|   -3.233042|
|         896|   -8.662486|   -6.571258|   -6.666068|   -3.243421|
|         897|   -8.672934|   -6.584638|   -6.673283|   -3.253841|
|         898|   -8.683360|   -6.598895|   -6.680803|   -3.264281|
|         899|   -8.693745|   -6.613938|   -6.688687|   -3.274722|
|         900|   -8.704068|   -6.629657|   -6.696983|   -3.285143|
+-----------------------------------------------------------------------+
|        File Writing Summary       |              Filename             |
+-----------------------------------------------------------------------+
|SU2 binary restart                 |restart_flow.dat                   |

Writing the forces breakdown file (forces_breakdown.dat).
+-----------------------------------------------------------------------+
+----------------------------------------------------------------+
|  Inner_Iter|    rms[Rho]|   rms[RhoU]|   rms[RhoV]|   rms[RhoE]|
+----------------------------------------------------------------+
|         901|   -8.714313|   -6.645915|   -6.705726|   -3.295522|
|         902|   -8.724463|   -6.662546|   -6.714940|   -3.305840|
|         903|   -8.734506|   -6.679361|   -6.724638|   -3.316080|
|         904|   -8.744433|   -6.696146|   -6.734822|   -3.326227|
|         905|   -8.754237|   -6.712663|   -6.745479|   -3.336267|
|         906|   -8.763919|   -6.728666|   -6.756587|   -3.346193|
|         907|   -8.773480|   -6.743903|   -6.768113|   -3.355999|
|         908|   -8.782928|   -6.758141|   -6.780011|   -3.365684|
|         909|   -8.792272|   -6.771178|   -6.792225|   -3.375252|
|         910|   -8.801529|   -6.782856|   -6.804689|   -3.384709|
+-----------------------------------------------------------------------+
|        File Writing Summary       |              Filename             |
+-----------------------------------------------------------------------+
|SU2 binary restart                 |restart_flow.dat                   |

Writing the forces breakdown file (forces_breakdown.dat).
+-----------------------------------------------------------------------+
+----------------------------------------------------------------+
|  Inner_Iter|    rms[Rho]|   rms[RhoU]|   rms[RhoV]|   rms[RhoE]|
+----------------------------------------------------------------+
|         911|   -8.810714|   -6.793084|   -6.817328|   -3.394068|
|         912|   -8.819847|   -6.801837|   -6.830058|   -3.403342|
|         913|   -8.828950|   -6.809171|   -6.842790|   -3.412549|
|         914|   -8.838046|   -6.815205|   -6.855431|   -3.421708|
|         915|   -8.847157|   -6.820121|   -6.867888|   -3.430842|
|         916|   -8.856306|   -6.824138|   -6.880068|   -3.439972|
|         917|   -8.865515|   -6.827498|   -6.891891|   -3.449122|
|         918|   -8.874804|   -6.830450|   -6.903283|   -3.458313|
|         919|   -8.884190|   -6.833240|   -6.914186|   -3.467567|
|         920|   -8.893690|   -6.836090|   -6.924559|   -3.476904|
+-----------------------------------------------------------------------+
|        File Writing Summary       |              Filename             |
+-----------------------------------------------------------------------+
|SU2 binary restart                 |restart_flow.dat                   |

Writing the forces breakdown file (forces_breakdown.dat).
+-----------------------------------------------------------------------+
+----------------------------------------------------------------+
|  Inner_Iter|    rms[Rho]|   rms[RhoU]|   rms[RhoV]|   rms[RhoE]|
+----------------------------------------------------------------+
|         921|   -8.903315|   -6.839209|   -6.934381|   -3.486340|
|         922|   -8.913075|   -6.842775|   -6.943656|   -3.495890|
|         923|   -8.922974|   -6.846935|   -6.952403|   -3.505565|
|         924|   -8.933015|   -6.851816|   -6.960667|   -3.515374|
|         925|   -8.943194|   -6.857519|   -6.968504|   -3.525320|
|         926|   -8.953507|   -6.864122|   -6.975988|   -3.535404|
|         927|   -8.963943|   -6.871683|   -6.983204|   -3.545624|
|         928|   -8.974489|   -6.880240|   -6.990241|   -3.555972|
|         929|   -8.985129|   -6.889813|   -6.997192|   -3.566438|
|         930|   -8.995844|   -6.900408|   -7.004151|   -3.577008|
+-----------------------------------------------------------------------+
|        File Writing Summary       |              Filename             |
+-----------------------------------------------------------------------+
|SU2 binary restart                 |restart_flow.dat                   |

Writing the forces breakdown file (forces_breakdown.dat).
+-----------------------------------------------------------------------+
+----------------------------------------------------------------+
|  Inner_Iter|    rms[Rho]|   rms[RhoU]|   rms[RhoV]|   rms[RhoE]|
+----------------------------------------------------------------+
|         931|   -9.006611|   -6.912011|   -7.011205|   -3.587664|
|         932|   -9.017409|   -6.924590|   -7.018438|   -3.598387|
|         933|   -9.028211|   -6.938097|   -7.025924|   -3.609156|
|         934|   -9.038994|   -6.952464|   -7.033727|   -3.619946|
|         935|   -9.049732|   -6.967602|   -7.041903|   -3.630734|
|         936|   -9.060402|   -6.983397|   -7.050494|   -3.641494|
|         937|   -9.070983|   -6.999710|   -7.059533|   -3.652202|
|         938|   -9.081456|   -7.016386|   -7.069041|   -3.662837|
|         939|   -9.091805|   -7.033226|   -7.079027|   -3.673376|
|         940|   -9.102018|   -7.050025|   -7.089489|   -3.683802|
+-----------------------------------------------------------------------+
|        File Writing Summary       |              Filename             |
+-----------------------------------------------------------------------+
|SU2 binary restart                 |restart_flow.dat                   |

Writing the forces breakdown file (forces_breakdown.dat).
+-----------------------------------------------------------------------+
+----------------------------------------------------------------+
|  Inner_Iter|    rms[Rho]|   rms[RhoU]|   rms[RhoV]|   rms[RhoE]|
+----------------------------------------------------------------+
|         941|   -9.112088|   -7.066550|   -7.100413|   -3.694102|
|         942|   -9.122011|   -7.082560|   -7.111773|   -3.704263|
|         943|   -9.131789|   -7.097814|   -7.123532|   -3.714282|
|         944|   -9.141429|   -7.112082|   -7.135642|   -3.724155|
|         945|   -9.150942|   -7.125174|   -7.148044|   -3.733888|
|         946|   -9.160343|   -7.136936|   -7.160671|   -3.743487|
|         947|   -9.169650|   -7.147279|   -7.173443|   -3.752965|
|         948|   -9.178884|   -7.156193|   -7.186277|   -3.762339|
|         949|   -9.188069|   -7.163727|   -7.199083|   -3.771627|
|         950|   -9.197230|   -7.170002|   -7.211768|   -3.780851|
+-----------------------------------------------------------------------+
|        File Writing Summary       |              Filename             |
+-----------------------------------------------------------------------+
|SU2 binary restart                 |restart_flow.dat                   |

Writing the forces breakdown file (forces_breakdown.dat).
+-----------------------------------------------------------------------+
+----------------------------------------------------------------+
|  Inner_Iter|    rms[Rho]|   rms[RhoU]|   rms[RhoV]|   rms[RhoE]|
+----------------------------------------------------------------+
|         951|   -9.206391|   -7.175193|   -7.224240|   -3.790035|
|         952|   -9.215578|   -7.179516|   -7.236410|   -3.799204|
|         953|   -9.224815|   -7.183205|   -7.248198|   -3.808384|
|         954|   -9.234123|   -7.186504|   -7.259536|   -3.817597|
|         955|   -9.243524|   -7.189649|   -7.270373|   -3.826868|
|         956|   -9.253033|   -7.192865|   -7.280674|   -3.836218|
|         957|   -9.262665|   -7.196350|   -7.290426|   -3.845666|
|         958|   -9.272429|   -7.200270|   -7.299633|   -3.855226|
|         959|   -9.282334|   -7.204784|   -7.308327|   -3.864914|
|         960|   -9.292380|   -7.210011|   -7.316556|   -3.874735|
+-----------------------------------------------------------------------+
|        File Writing Summary       |              Filename             |
+-----------------------------------------------------------------------+
|SU2 binary restart                 |restart_flow.dat                   |

Writing the forces breakdown file (forces_breakdown.dat).
+-----------------------------------------------------------------------+
+----------------------------------------------------------------+
|  Inner_Iter|    rms[Rho]|   rms[RhoU]|   rms[RhoV]|   rms[RhoE]|
+----------------------------------------------------------------+
|         961|   -9.302567|   -7.216048|   -7.324381|   -3.884697|
|         962|   -9.312889|   -7.222976|   -7.331880|   -3.894800|
|         963|   -9.323337|   -7.230847|   -7.339136|   -3.905040|

----------------------------- Solver Exit -------------------------------
All convergence criteria satisfied.
+-----------------------------------------------------------------------+
|      Convergence Field     |     Value    |   Criterion  |  Converged |
+-----------------------------------------------------------------------+
|                  Cauchy[CD]|   9.98948e-11|       < 1e-10|         Yes|
+-----------------------------------------------------------------------+
-------------------------------------------------------------------------
+-----------------------------------------------------------------------+
|        File Writing Summary       |              Filename             |
+-----------------------------------------------------------------------+
|SU2 binary restart                 |restart_flow.dat                   |

Writing the forces breakdown file (forces_breakdown.dat).
|Paraview                           |flow.vtu                           |

Writing the forces breakdown file (forces_breakdown.dat).
|Paraview surface                   |surface_flow.vtu                   |

Writing the forces breakdown file (forces_breakdown.dat).
|CSV file                           |surface_flow.csv                   |

Writing the forces breakdown file (forces_breakdown.dat).
+-----------------------------------------------------------------------+

--------------------------- Finalizing Solver ---------------------------
Deleted CNumerics container.
Deleted CIntegration container.
Deleted CSolver container.
Deleted CIteration container.
Deleted CInterface container.
Deleted CGeometry container.
Deleted CFreeFormDefBox class.
Deleted CSurfaceMovement class.
Deleted CVolumetricMovement class.
Deleted CConfig container.
Deleted nInst container.
Deleted COutput class.
-------------------------------------------------------------------------

------------------------- Exit Success (SU2_CFD) ------------------------

