"Time_Iter","Outer_Iter","Inner_Iter",    "rms[Rho]"    ,    "rms[RhoU]"   ,    "rms[RhoV]"   ,    "rms[RhoE]"   
          0,           0,           0,      -1.344465464,      0.6007667995,    0.005824236572,       4.101721218
          0,           0,           1,      -1.726562764,      0.6347876805,      0.8515865018,       3.732543007
          0,           0,           2,      -1.692670305,       0.768390639,      0.8311747142,       3.766004724
          0,           0,           3,      -1.696023823,       0.856390666,      0.8992190266,       3.757225947
          0,           0,           4,      -1.667706812,      0.8815465946,      0.9000062827,       3.777857926
          0,           0,           5,      -1.641474321,      0.8631924119,      0.8739369281,       3.804302068
          0,           0,           6,      -1.625563692,      0.8495298669,      0.8674116553,       3.828114077
          0,           0,           7,      -1.629266012,      0.8458726744,      0.8972550033,       3.825736066
          0,           0,           8,      -1.624778846,      0.8320074894,      0.9084533597,       3.820251701
          0,           0,           9,      -1.615236157,      0.8292869324,      0.8917784498,       3.825541706
          0,           0,          10,      -1.612949245,      0.8582495031,      0.8896699402,       3.834793811
          0,           0,          11,       -1.61266889,      0.8836487962,      0.9093486932,       3.838477731
          0,           0,          12,      -1.619391276,      0.8807428499,      0.9084157605,       3.824437283
          0,           0,          13,      -1.639671154,      0.8514022362,      0.8614957885,       3.795055544
          0,           0,          14,      -1.667179601,      0.8103528232,      0.7822451047,       3.769361181
          0,           0,          15,      -1.695607619,      0.7856851529,      0.7355032235,       3.753412149
          0,           0,          16,      -1.731920141,      0.7817139011,      0.7441306719,       3.724347947
          0,           0,          17,      -1.769267259,        0.78739818,      0.7642086765,       3.683127518
          0,           0,          18,      -1.790764889,      0.7946570855,      0.7744244935,       3.649822857
          0,           0,          19,      -1.803629205,      0.7876268613,      0.7615640816,        3.62444133
          0,           0,          20,      -1.821346983,       0.763060124,      0.7262134009,       3.600443864
          0,           0,          21,      -1.851354355,       0.725662645,      0.6742189794,       3.572650727
          0,           0,          22,      -1.890714463,      0.6846425432,      0.6196219382,       3.539794129
          0,           0,          23,       -1.93260772,      0.6465938747,      0.5694272498,       3.505268531
          0,           0,          24,      -1.972147682,      0.6180488127,      0.5297681986,       3.473743573
          0,           0,          25,      -2.004466915,      0.6028073776,      0.5099714129,       3.447116558
          0,           0,          26,      -2.027582063,      0.6002612895,       0.512166984,       3.425017683
          0,           0,          27,      -2.043344162,      0.6064994182,      0.5291194473,       3.405185094
          0,           0,          28,       -2.05412704,      0.6177685231,      0.5519360803,       3.386734194
          0,           0,          29,      -2.062816878,      0.6281411648,      0.5712940405,       3.368754053
          0,           0,          30,      -2.070093837,      0.6340233848,       0.582877923,       3.353063212
          0,           0,          31,      -2.076063505,      0.6332378705,      0.5848735286,       3.341656207
          0,           0,          32,      -2.081373247,      0.6246929266,      0.5766626848,       3.334833535
          0,           0,          33,      -2.086947253,      0.6081855523,      0.5580076634,       3.331592568
          0,           0,          34,      -2.095545212,      0.5835498265,      0.5293660777,       3.327671222
          0,           0,          35,       -2.10826577,      0.5522365167,      0.4928572981,       3.320904345
          0,           0,          36,      -2.125188025,      0.5174329739,      0.4531555314,       3.310537609
          0,           0,          37,      -2.145417047,      0.4844017505,      0.4182188898,       3.296964684
          0,           0,          38,      -2.166622513,      0.4601141726,      0.3978403423,       3.282365798
          0,           0,          39,      -2.187035164,      0.4495007464,      0.3970653198,       3.266866348
          0,           0,          40,      -2.204408738,      0.4516201102,      0.4106717195,       3.251457901
          0,           0,          41,      -2.217390133,      0.4608437247,      0.4286298081,       3.236831319
          0,           0,          42,       -2.22639601,      0.4708083686,      0.4427623859,       3.223030421
          0,           0,          43,      -2.232572344,      0.4780175525,      0.4493152722,       3.210506617
          0,           0,          44,      -2.239939356,      0.4787756656,      0.4454265371,        3.19665742
          0,           0,          45,      -2.250344529,      0.4722992597,       0.431053834,       3.181132169
          0,           0,          46,      -2.264004927,      0.4590695895,      0.4071642073,       3.164819347
          0,           0,          47,      -2.279751902,      0.4404366254,      0.3755956251,       3.149552599
          0,           0,          48,      -2.294946962,      0.4188733565,      0.3390924269,       3.138535173
          0,           0,          49,      -2.308867933,        0.39734451,      0.3034481973,        3.13124196
          0,           0,          50,      -2.320948389,      0.3797572607,      0.2758937979,       3.126632013
          0,           0,          51,      -2.331761326,      0.3695454937,      0.2627130328,       3.122355232
          0,           0,          52,      -2.342454988,      0.3676561871,      0.2647262805,       3.115710239
          0,           0,          53,      -2.352630413,      0.3727856441,      0.2772269314,       3.106247153
          0,           0,          54,      -2.363600972,      0.3786987864,      0.2899563341,        3.09126979
          0,           0,          55,      -2.374111284,      0.3802702802,      0.2948808233,       3.072469826
          0,           0,          56,      -2.382487492,      0.3744346231,      0.2874716486,       3.053885917
          0,           0,          57,      -2.388010457,      0.3604981931,      0.2665540641,       3.040263518
          0,           0,          58,      -2.390508294,      0.3401934935,      0.2340095438,       3.035778994
          0,           0,          59,       -2.39408769,      0.3172045461,      0.1974168035,       3.036813391
          0,           0,          60,      -2.401370235,      0.2968156443,      0.1682776901,       3.038115507
          0,           0,          61,      -2.413960375,      0.2831210231,      0.1555787802,       3.034280979
          0,           0,          62,      -2.432215803,      0.2766051113,       0.157327046,       3.021712503
          0,           0,          63,      -2.454456447,      0.2750489158,      0.1635841765,       3.000499358
          0,           0,          64,      -2.479461283,      0.2732111574,      0.1621920321,        2.97103273
          0,           0,          65,      -2.503985395,       0.267786283,      0.1477491938,       2.938941996
          0,           0,          66,       -2.52442814,      0.2580558399,      0.1211101706,       2.912412458
          0,           0,          67,       -2.53830254,      0.2453648433,     0.08866272464,        2.89790076
          0,           0,          68,      -2.544200729,      0.2324501949,     0.06095330932,       2.897209725
          0,           0,          69,      -2.546226928,      0.2208496914,       0.047285049,       2.901673403
          0,           0,          70,      -2.548400003,      0.2110047823,     0.04643909106,        2.90356516
          0,           0,          71,      -2.554296583,      0.2020184349,     0.04913265091,       2.898207875
          0,           0,          72,      -2.565746487,      0.1925781583,     0.04638009907,       2.884621678
          0,           0,          73,      -2.581216072,      0.1825611348,      0.0343650179,       2.866273746
          0,           0,          74,      -2.597945731,      0.1721831793,     0.01413108536,       2.847138436
          0,           0,          75,      -2.609938464,      0.1631615868,   -0.007474522679,       2.833953758
          0,           0,          76,      -2.612364329,      0.1571282293,    -0.02144362244,       2.831086967
          0,           0,          77,      -2.605701852,      0.1540328051,    -0.02300600938,       2.837041312
          0,           0,          78,      -2.593825082,      0.1523660085,    -0.01476080203,        2.84788745
          0,           0,          79,      -2.586222188,      0.1481020489,    -0.00684811614,       2.854274526
          0,           0,          80,      -2.588035582,      0.1387904047,   -0.006844311395,       2.852070134
          0,           0,          81,      -2.600679363,      0.1242463519,    -0.01726521107,       2.840734772
          0,           0,          82,      -2.621907336,      0.1067255294,    -0.03579608623,       2.822809771
          0,           0,          83,      -2.645100916,      0.0907193474,    -0.05587482064,       2.804612535
          0,           0,          84,      -2.663214715,     0.07978375597,    -0.06950189256,       2.790325252
          0,           0,          85,      -2.670524865,     0.07467899263,    -0.07268202679,       2.783202954
          0,           0,          86,      -2.668500075,     0.07278322725,    -0.06815353085,       2.781645269
          0,           0,          87,      -2.664584025,     0.06979801004,    -0.06271505741,        2.78034722
          0,           0,          88,      -2.665511884,     0.06232730908,    -0.06230266052,       2.775055699
          0,           0,          89,       -2.67719227,      0.0482755913,    -0.07108818497,       2.761244233
          0,           0,          90,        -2.6996861,     0.02845178447,      -0.089903488,       2.739671853
          0,           0,          91,      -2.728497815,     0.00604150614,     -0.1167722411,       2.714946025
          0,           0,          92,      -2.755563066,     -0.0142417072,     -0.1468661492,       2.693853036
          0,           0,          93,      -2.771821429,    -0.02783134754,     -0.1725439522,       2.682632057
          0,           0,          94,      -2.775649733,    -0.03338442828,     -0.1867213515,       2.679818846
          0,           0,          95,      -2.772140738,    -0.03356206398,     -0.1878942091,       2.680001905
          0,           0,          96,      -2.769628304,    -0.03312466061,     -0.1815331916,       2.676678432
          0,           0,          97,      -2.774590561,    -0.03653231152,     -0.1760902779,       2.665562316
          0,           0,          98,        -2.7888694,    -0.04634950946,     -0.1782038089,       2.646806053
          0,           0,          99,      -2.813327935,     -0.0633466676,      -0.191754178,       2.621372562
          0,           0,         100,      -2.843647913,    -0.08567033031,     -0.2164240833,        2.59504231
          0,           0,         101,      -2.872542012,     -0.1092450062,     -0.2473969074,       2.574679672
          0,           0,         102,      -2.893160702,     -0.1290177012,     -0.2754326248,       2.563461596
          0,           0,         103,      -2.902718963,     -0.1412001554,       -0.29014204,       2.559443752
          0,           0,         104,      -2.906717058,     -0.1465191055,     -0.2886987682,       2.554524409
          0,           0,         105,      -2.912286722,     -0.1491482052,     -0.2788716467,       2.542716318
          0,           0,         106,      -2.924557686,     -0.1539429102,     -0.2717712374,       2.521645564
          0,           0,         107,      -2.944810065,     -0.1641461068,     -0.2754692157,       2.493263091
          0,           0,         108,      -2.969527033,     -0.1803944994,     -0.2935862368,       2.464668497
          0,           0,         109,      -2.994879092,     -0.2009719685,     -0.3263617777,        2.44209078
          0,           0,         110,      -3.014699714,     -0.2221387616,     -0.3694816579,       2.430586342
          0,           0,         111,      -3.026528886,     -0.2395821971,       -0.41322009,       2.427722933
          0,           0,         112,      -3.033858949,     -0.2506766551,     -0.4440709823,       2.425422264
          0,           0,         113,      -3.041927598,     -0.2557121491,     -0.4532209181,       2.417161299
          0,           0,         114,       -3.05740394,     -0.2583582961,     -0.4464087242,       2.397185854
          0,           0,         115,      -3.082683477,     -0.2625760137,     -0.4376865441,       2.365295528
          0,           0,         116,      -3.116141641,     -0.2710318513,     -0.4381474033,        2.32602449
          0,           0,         117,      -3.152849084,     -0.2844589436,     -0.4527363525,       2.287812801
          0,           0,         118,      -3.185748558,     -0.3015354265,     -0.4809435423,       2.260229597
          0,           0,         119,      -3.212471196,     -0.3197513347,      -0.516632382,       2.243803767
          0,           0,         120,      -3.233411957,     -0.3359911418,     -0.5483665781,       2.233026085
          0,           0,         121,      -3.252546874,     -0.3481292479,     -0.5647537547,       2.219596037
          0,           0,         122,      -3.273125437,     -0.3563825015,     -0.5648544807,        2.19856969
          0,           0,         123,      -3.292369125,     -0.3628856233,     -0.5588296443,       2.172932924
          0,           0,         124,      -3.308370293,     -0.3707846205,     -0.5600342054,       2.147275378
          0,           0,         125,      -3.316178877,     -0.3819740054,     -0.5758691812,       2.131181651
          0,           0,         126,      -3.315072547,     -0.3962892513,     -0.6070871069,       2.129270794
          0,           0,         127,      -3.310710424,      -0.411718517,     -0.6477216516,       2.135649129
          0,           0,         128,      -3.309968108,     -0.4254057124,     -0.6850840357,       2.140673607
          0,           0,         129,      -3.321645222,     -0.4363036421,     -0.7069756122,       2.132649398
          0,           0,         130,      -3.344704462,     -0.4444608146,      -0.711351016,       2.112267085
          0,           0,         131,      -3.375504611,     -0.4517274013,      -0.708359517,       2.083434556
          0,           0,         132,      -3.407458561,     -0.4600900933,     -0.7095169236,       2.053649905
          0,           0,         133,      -3.433308695,     -0.4704504002,     -0.7200410091,       2.030972059
          0,           0,         134,      -3.448383754,     -0.4820213359,       -0.73801091,        2.01970683
          0,           0,         135,      -3.457405379,     -0.4934794048,     -0.7570207388,       2.013430897
          0,           0,         136,       -3.46659183,     -0.5035700468,       -0.77058616,       2.004389568
          0,           0,         137,      -3.480545931,     -0.5122556238,     -0.7777427196,       1.987393131
          0,           0,         138,      -3.499292733,     -0.5209253307,     -0.7843200513,       1.962775091
          0,           0,         139,      -3.516344655,     -0.5313160747,     -0.7980621024,       1.938670571
          0,           0,         140,      -3.527770087,     -0.5448667556,     -0.8245446538,       1.922090225
          0,           0,         141,      -3.529348232,      -0.561251537,     -0.8632629872,       1.919465893
          0,           0,         142,      -3.523666618,     -0.5784700177,     -0.9055702592,       1.927269585
          0,           0,         143,      -3.518389829,     -0.5938006884,     -0.9356600189,       1.935079888
          0,           0,         144,      -3.520736688,     -0.6060678226,     -0.9426471824,       1.933497445
          0,           0,         145,      -3.533796641,     -0.6147979719,     -0.9327219871,       1.919842955
          0,           0,         146,      -3.557950498,      -0.621768121,     -0.9213624745,       1.894850468
          0,           0,         147,      -3.590226213,     -0.6292926874,     -0.9204576519,       1.863461471
          0,           0,         148,      -3.625196315,     -0.6388075225,     -0.9343289661,       1.833282535
          0,           0,         149,      -3.655205976,     -0.6496867702,      -0.960780444,        1.81293436
          0,           0,         150,       -3.67949744,      -0.661179902,      -0.991495092,       1.799771027
          0,           0,         151,      -3.699145704,     -0.6717664842,       -1.01515811,       1.788177632
          0,           0,         152,      -3.717842593,     -0.6805980457,       -1.02570237,       1.771681437
          0,           0,         153,      -3.738073873,     -0.6882262946,      -1.028389069,       1.747331975
          0,           0,         154,      -3.755627593,      -0.695539887,      -1.033890959,       1.720565357
          0,           0,         155,      -3.771046144,     -0.7050037834,      -1.052543548,        1.69442606
          0,           0,         156,      -3.780551736,     -0.7172221307,      -1.087295253,       1.677593193
          0,           0,         157,      -3.783859857,     -0.7311926371,      -1.132582733,       1.673302901
          0,           0,         158,      -3.785828415,     -0.7449411452,      -1.173409896,       1.675270989
          0,           0,         159,      -3.791276444,     -0.7563991818,      -1.191805212,       1.675619343
          0,           0,         160,        -3.8056489,     -0.7650818794,      -1.185886031,       1.666652649
          0,           0,         161,      -3.829827141,     -0.7716999264,      -1.171599484,       1.647400295
          0,           0,         162,      -3.860728084,     -0.7775129988,      -1.164130068,       1.621936842
          0,           0,         163,      -3.892975886,     -0.7834387834,      -1.169117698,       1.596551558
          0,           0,         164,      -3.920486821,     -0.7894585659,      -1.184112922,       1.576955622
          0,           0,         165,      -3.943981952,     -0.7955198074,      -1.202766435,       1.560814764
          0,           0,         166,      -3.965575351,     -0.8014320096,      -1.218674314,       1.544373577
          0,           0,         167,      -3.987442649,     -0.8072441173,      -1.230192942,       1.525040747
          0,           0,         168,      -4.008564062,     -0.8133254432,      -1.241179865,       1.504193953
          0,           0,         169,      -4.023779586,     -0.8199790253,      -1.256633796,        1.48753205
          0,           0,         170,      -4.030977554,     -0.8274563605,      -1.278605242,       1.478232344
          0,           0,         171,      -4.030334842,     -0.8354387197,      -1.303745953,       1.476876946
          0,           0,         172,      -4.026810671,     -0.8432822465,      -1.324495759,        1.47908733
          0,           0,         173,      -4.026914116,     -0.8504680351,      -1.334323265,       1.478733016
          0,           0,         174,      -4.035132027,      -0.856945445,      -1.333780169,       1.471738969
          0,           0,         175,       -4.05272607,     -0.8631072232,      -1.329832034,       1.457493379
          0,           0,         176,      -4.077928874,     -0.8694615713,      -1.329641113,       1.438459301
          0,           0,         177,      -4.106543085,     -0.8762880768,      -1.336341824,       1.418821895
          0,           0,         178,      -4.133058342,     -0.8835096836,      -1.348550067,       1.402411313
          0,           0,         179,      -4.152644404,     -0.8908130548,      -1.361942789,        1.39079669
          0,           0,         180,      -4.163426375,     -0.8979026676,      -1.372198949,       1.382949359
          0,           0,         181,       -4.16722281,     -0.9047151598,      -1.378113637,       1.376607647
          0,           0,         182,      -4.167993706,     -0.9114592334,      -1.382294954,       1.369922549
          0,           0,         183,      -4.169555726,     -0.9184685479,      -1.388824816,       1.362240968
          0,           0,         184,      -4.174158747,      -0.925983285,      -1.400387532,       1.353992268
          0,           0,         185,      -4.182200578,     -0.9340044985,      -1.416777969,        1.34603632
          0,           0,         186,      -4.192726483,     -0.9423036955,      -1.434927671,       1.338842774
          0,           0,         187,       -4.20437101,     -0.9505737626,      -1.450398033,       1.331971771
          0,           0,         188,        -4.2164228,     -0.9586249835,      -1.460107217,       1.324154254
          0,           0,         189,      -4.229444536,     -0.9665042208,      -1.464493679,       1.313885601
          0,           0,         190,       -4.24496451,     -0.9744675485,      -1.466954133,       1.300176114
          0,           0,         191,      -4.264359889,     -0.9828294195,      -1.471256693,       1.283149684
          0,           0,         192,      -4.287561856,     -0.9917895506,      -1.479424352,       1.264277757
          0,           0,         193,      -4.312227532,       -1.00134061,      -1.491125367,       1.246043268
          0,           0,         194,      -4.334085916,      -1.011293379,      -1.504241745,       1.230891698
          0,           0,         195,      -4.348920376,      -1.021387732,      -1.516220498,        1.21995098
          0,           0,         196,      -4.355394836,      -1.031422896,      -1.525636269,       1.212472848
          0,           0,         197,      -4.356125584,      -1.041335757,      -1.532965335,       1.206462771
          0,           0,         198,      -4.355784899,      -1.051190344,      -1.539994396,       1.199893182
          0,           0,         199,      -4.358389199,      -1.061097782,      -1.548489089,       1.191584931
          0,           0,         200,      -4.365937483,      -1.071127956,      -1.559175194,       1.181384013
          0,           0,         201,      -4.378461989,       -1.08126856,      -1.571497969,       1.169779205
          0,           0,         202,      -4.394725727,      -1.091448121,      -1.584073551,       1.157323383
          0,           0,         203,      -4.413064497,      -1.101597538,       -1.59552728,        1.14423275
          0,           0,         204,      -4.432112381,      -1.111706159,      -1.605258096,       1.130363711
          0,           0,         205,      -4.451161259,      -1.121838356,      -1.613664682,       1.115501115
          0,           0,         206,      -4.469997065,      -1.132103461,      -1.621742636,        1.09972024
          0,           0,         207,      -4.488381952,      -1.142599929,      -1.630429588,       1.083579601
          0,           0,         208,      -4.505617242,      -1.153368633,      -1.640149715,       1.068014999
          0,           0,         209,      -4.520548169,      -1.164379638,      -1.650735345,       1.053980163
          0,           0,         210,      -4.532052825,      -1.175551101,      -1.661640932,       1.042042229
          0,           0,         211,      -4.539694476,      -1.186782279,      -1.672272368,       1.032182721
          0,           0,         212,       -4.54409111,      -1.197983555,      -1.682255051,       1.023879136
          0,           0,         213,      -4.546748253,        -1.2090933,      -1.691527249,       1.016349253
          0,           0,         214,      -4.549504745,      -1.220079511,       -1.70026134,       1.008795293
          0,           0,         215,      -4.553962949,      -1.230931966,      -1.708709473,       1.000561488
          0,           0,         216,      -4.561144087,      -1.241653395,       -1.71707822,       0.991208711
          0,           0,         217,      -4.571381836,      -1.252254558,      -1.725479321,      0.9805423943
          0,           0,         218,      -4.584368511,      -1.262752919,      -1.733946051,      0.9686170047
          0,           0,         219,      -4.599290047,      -1.273172459,      -1.742479673,      0.9557107845
          0,           0,         220,      -4.615024718,      -1.283541405,      -1.751094421,      0.9422607717
          0,           0,         221,      -4.630382331,      -1.293888047,      -1.759842895,      0.9287675649
          0,           0,         222,      -4.644336945,      -1.304235848,      -1.768813218,      0.9156993935
          0,           0,         223,      -4.656193792,      -1.314599162,      -1.778098871,      0.9034259739
          0,           0,         224,      -4.665657504,      -1.324981049,      -1.787750958,      0.8921912585
          0,           0,         225,      -4.672819315,       -1.33537312,      -1.797732176,      0.8821065364
          0,           0,         226,      -4.678100957,      -1.345756862,      -1.807894361,         0.8731414
          0,           0,         227,      -4.682171151,      -1.356105782,      -1.817994806,      0.8651128166
          0,           0,         228,      -4.685829716,      -1.366388029,      -1.827751811,      0.8576947601
          0,           0,         229,      -4.689864217,      -1.376569737,      -1.836921802,       0.850468711
          0,           0,         230,      -4.694910096,      -1.386619094,      -1.845369731,      0.8430090233
          0,           0,         231,      -4.701354061,      -1.396511057,      -1.853106634,      0.8349735006
          0,           0,         232,      -4.709304236,      -1.406232008,      -1.860283574,      0.8261660945
          0,           0,         233,      -4.718621984,       -1.41578255,      -1.867150222,       0.816556619
          0,           0,         234,      -4.728987111,      -1.425177482,      -1.873996595,      0.8062642809
          0,           0,         235,      -4.739962395,      -1.434441937,      -1.881094738,      0.7955233419
          0,           0,         236,      -4.751039175,      -1.443604858,      -1.888651004,      0.7846458381
          0,           0,         237,       -4.76167796,      -1.452691319,      -1.896773525,      0.7739780151
          0,           0,         238,       -4.77137265,      -1.461717162,      -1.905458972,      0.7638443121
          0,           0,         239,      -4.779756215,      -1.470687686,      -1.914600142,      0.7544782782
          0,           0,         240,       -4.78672312,      -1.479600028,      -1.924014131,      0.7459571677
          0,           0,         241,      -4.792497513,      -1.488447602,       -1.93348464,      0.7381750519
          0,           0,         242,      -4.797591112,      -1.497223982,      -1.942805557,      0.7308737433
          0,           0,         243,      -4.802650789,      -1.505924208,      -1.951813108,      0.7237260466
          0,           0,         244,      -4.808261512,      -1.514543206,      -1.960399801,      0.7164364318
          0,           0,         245,      -4.814786914,      -1.523073384,      -1.968512707,      0.7088183637
          0,           0,         246,      -4.822302447,      -1.531503173,      -1.976147614,      0.7008204447
          0,           0,         247,      -4.830628631,       -1.53981859,      -1.983348028,      0.6925022638
          0,           0,         248,      -4.839435224,      -1.548007557,       -1.99020944,      0.6839823425
          0,           0,         249,      -4.848366619,      -1.556064838,      -1.996880078,      0.6753885455
          0,           0,         250,      -4.857136858,      -1.563995101,      -2.003546787,      0.6668332038
          0,           0,         251,      -4.865567127,      -1.571811903,      -2.010401032,      0.6584135348
          0,           0,         252,      -4.873570585,      -1.579532866,      -2.017593301,      0.6502212635
          0,           0,         253,      -4.881119463,      -1.587174192,      -2.025191974,      0.6423394823
          0,           0,         254,      -4.888228237,      -1.594746055,      -2.033163797,      0.6348203244
          0,           0,         255,      -4.894962772,      -1.602251422,      -2.041384687,       0.627653617
          0,           0,         256,       -4.90145817,      -1.609688252,      -2.049678195,      0.6207491972
          0,           0,         257,      -4.907917644,      -1.617053425,      -2.057867633,      0.6139503359
          0,           0,         258,      -4.914576525,      -1.624346273,       -2.06582237,      0.6070779498
          0,           0,         259,      -4.921638999,      -1.631569899,      -2.073481533,      0.5999877027
          0,           0,         260,       -4.92921141,      -1.638730116,      -2.080850587,      0.5926163475
          0,           0,         261,      -4.937261586,      -1.645832994,      -2.087978107,      0.5849986105
          0,           0,         262,       -4.94562076,      -1.652882474,      -2.094928431,      0.5772507901
          0,           0,         263,      -4.954029121,      -1.659879429,      -2.101762937,      0.5695305441
          0,           0,         264,      -4.962210284,       -1.66682238,      -2.108534436,      0.5619894459
          0,           0,         265,       -4.96994952,      -1.673709206,      -2.115290243,      0.5547348843
          0,           0,         266,      -4.977149425,      -1.680538854,      -2.122075534,      0.5478111286
          0,           0,         267,       -4.98384686,      -1.687312117,      -2.128930747,      0.5411995691
          0,           0,         268,      -4.990190731,      -1.694031203,      -2.135882839,       0.534832135
          0,           0,         269,      -4.996394202,      -1.700698824,      -2.142935392,      0.5286097916
          0,           0,         270,      -5.002680246,      -1.707317417,      -2.150064353,      0.5224209232
          0,           0,         271,      -5.009235738,       -1.71388915,      -2.157223601,      0.5161581914
          0,           0,         272,       -5.01618207,      -1.720416795,      -2.164359196,      0.5097335986
          0,           0,         273,      -5.023562375,       -1.72690453,      -2.171426718,      0.5030915691
          0,           0,         274,      -5.031342826,      -1.733358714,      -2.178404648,      0.4962182632
          0,           0,         275,      -5.039423933,      -1.739787777,      -2.185298498,      0.4891447441
          0,           0,         276,      -5.047658676,      -1.746201221,      -2.192134966,      0.4819424325
          0,           0,         277,      -5.055875454,      -1.752608046,      -2.198949486,      0.4747107692
          0,           0,         278,      -5.063904555,      -1.759015316,      -2.205772905,      0.4675587077
          0,           0,         279,      -5.071605545,      -1.765426999,       -2.21262196,      0.4605838354
          0,           0,         280,      -5.078893321,      -1.771843638,      -2.219496229,      0.4538525845
          0,           0,         281,      -5.085756577,      -1.778262883,       -2.22638122,      0.4473862893
          0,           0,         282,      -5.092262843,      -1.784680537,      -2.233255357,      0.4411567874
          0,           0,         283,      -5.098547045,      -1.791091835,      -2.240097898,      0.4350927104
          0,           0,         284,      -5.104784341,       -1.79749267,      -2.246895305,      0.4290951772
          0,           0,         285,      -5.111153982,      -1.803880623,      -2.253644521,      0.4230587885
          0,           0,         286,      -5.117803062,      -1.810255427,      -2.260353114,      0.4168924412
          0,           0,         287,       -5.12481883,      -1.816619161,      -2.267036963,      0.4105353419
          0,           0,         288,      -5.132215247,      -1.822976033,      -2.273716784,      0.4039653578
          0,           0,         289,      -5.139935809,      -1.829331857,      -2.280414357,       0.397198742
          0,           0,         290,      -5.147870095,      -1.835693385,      -2.287149445,      0.3902826754
          0,           0,         291,      -5.155879423,      -1.842067573,      -2.293937377,      0.3832833293
          0,           0,         292,      -5.163824554,      -1.848460831,      -2.300787139,      0.3762727914
          0,           0,         293,      -5.171590153,      -1.854878334,      -2.307699807,      0.3693170361
          0,           0,         294,      -5.179101863,      -1.861323456,      -2.314667558,      0.3624663611
          0,           0,         295,      -5.186334277,      -1.867797455,        -2.3216737,      0.3557489222
          0,           0,         296,      -5.193310049,      -1.874299448,      -2.328694574,       0.349167751
          0,           0,         297,       -5.20009159,      -1.880826744,      -2.335703348,      0.3427015975
          0,           0,         298,      -5.206767523,      -1.887375501,      -2.342675277,      0.3363095701
          0,           0,         299,      -5.213436257,      -1.893941569,      -2.349593179,        0.32993908
          0,           0,         300,      -5.220189209,      -1.900521306,      -2.356451475,      0.3235357712
          0,           0,         301,      -5.227096524,       -1.90711234,      -2.363257813,      0.3170531222
          0,           0,         302,      -5.234197128,      -1.913713831,      -2.370031213,      0.3104602304
          0,           0,         303,      -5.241494648,      -1.920326512,      -2.376797966,      0.3037458513
          0,           0,         304,      -5.248959944,      -1.926952434,       -2.38358619,      0.2969180646
          0,           0,         305,      -5.256538954,      -1.933594488,      -2.390420599,      0.2900005954
          0,           0,         306,        -5.2641644,      -1.940255859,      -2.397318576,      0.2830266687
          0,           0,         307,      -5.271768913,      -1.946939546,       -2.40428808,      0.2760319206
          0,           0,         308,      -5.279297021,      -1.953647982,      -2.411327379,      0.2690479265
          0,           0,         309,      -5.286713826,      -1.960382763,      -2.418426281,      0.2620973243
          0,           0,         310,      -5.294008879,      -1.967144551,      -2.425568344,      0.2551912238
          0,           0,         311,      -5.301195002,       -1.97393309,      -2.432733684,      0.2483290038
          0,           0,         312,      -5.308302745,      -1.980747321,      -2.439902073,      0.2415001974
          0,           0,         313,      -5.315372124,      -1.987585579,      -2.447055838,      0.2346878565
          0,           0,         314,       -5.32244366,      -1.994445852,      -2.454182326,      0.2278726266
          0,           0,         315,       -5.32955081,      -2.001326049,        -2.4612755,      0.2210365377
          0,           0,         316,      -5.336715061,      -2.008224237,      -2.468336481,      0.2141659029
          0,           0,         317,       -5.34394426,      -2.015138847,      -2.475372947,      0.2072529122
          0,           0,         318,      -5.351234119,      -2.022068821,      -2.482397461,      0.2002957824
          0,           0,         319,      -5.358571147,      -2.029013562,      -2.489425378,       0.193298046
          0,           0,         320,      -5.365937117,      -2.035972935,      -2.496472125,        0.18626698
          0,           0,         321,      -5.373313331,      -2.042947127,      -2.503550772,      0.1792116942
          0,           0,         322,      -5.380684041,      -2.049936501,      -2.510670097,      0.1721411985
          0,           0,         323,       -5.38803862,      -2.056941473,      -2.517833496,      0.1650628292
          0,           0,         324,      -5.395372525,      -2.063962355,       -2.52503889,      0.1579811748
          0,           0,         325,      -5.402687019,      -2.070999291,      -2.532279525,       0.150897728
          0,           0,         326,      -5.409987965,       -2.07805223,      -2.539545514,      0.1438111655
          0,           0,         327,       -5.41728386,      -2.085120942,      -2.546825739,      0.1367182527
          0,           0,         328,      -5.424583477,      -2.092205036,      -2.554109657,      0.1296152164
          0,           0,         329,      -5.431893508,      -2.099304024,      -2.561388906,      0.1224987868
          0,           0,         330,      -5.439216933,      -2.106417289,      -2.568658006,      0.1153675629
          0,           0,         331,      -5.446552199,        -2.1135441,      -2.575914633,      0.1082223885
          0,           0,         332,      -5.453893798,      -2.120683608,      -2.583159355,      0.1010660451
          0,           0,         333,      -5.461233945,      -2.127834866,      -2.590395068,     0.09390241229
          0,           0,         334,      -5.468564863,      -2.134996864,      -2.597626283,     0.08673540599
          0,           0,         335,      -5.475881113,      -2.142168582,      -2.604858365,     0.07956789962
          0,           0,         336,      -5.483181272,      -2.149349056,      -2.612096777,     0.07240096428
          0,           0,         337,      -5.490468474,      -2.156537448,      -2.619346373,     0.06523361515
          0,           0,         338,       -5.49774975,      -2.163733078,      -2.626610773,       0.058063066
          0,           0,         339,      -5.505034413,      -2.170935449,      -2.633891929,     0.05088536693
          0,           0,         340,      -5.512331988,      -2.178144244,      -2.641189954,     0.04369623739
          0,           0,         341,      -5.519650208,      -2.185359308,      -2.648503275,     0.03649191275
          0,           0,         342,      -5.526993496,      -2.192580616,      -2.655829063,     0.02926987762
          0,           0,         343,      -5.534362147,      -2.199808264,      -2.663163819,     0.02202942452
          0,           0,         344,      -5.541752313,      -2.207042389,         -2.670504,     0.01477184967
          0,           0,         345,      -5.549156632,      -2.214283124,      -2.677846495,     0.00750040726
          0,           0,         346,      -5.556565392,      -2.221530523,      -2.685188887,   0.0002199275182
          0,           0,         347,      -5.563968062,      -2.228784499,      -2.692529508,   -0.007063869045
          0,           0,         348,      -5.571354966,      -2.236044779,      -2.699867341,    -0.01434527156
          0,           0,         349,      -5.578718898,      -2.243310884,      -2.707201896,    -0.02161953842
          0,           0,         350,      -5.586056362,      -2.250582148,        -2.7145331,    -0.02888369716
          0,           0,         351,      -5.593368238,       -2.25785777,      -2.721861242,    -0.03613705975
          0,           0,         352,      -5.600659713,      -2.265136893,      -2.729186946,    -0.04338131971
          0,           0,         353,      -5.607939425,      -2.272418684,      -2.736511143,     -0.0506202068
          0,           0,         354,      -5.615218208,      -2.279702468,      -2.743835046,    -0.05785885008
          0,           0,         355,      -5.622506668,      -2.286987732,      -2.751159912,    -0.06510272148
          0,           0,         356,      -5.629813697,      -2.294274049,      -2.758487034,    -0.07235677141
          0,           0,         357,      -5.637145072,      -2.301561264,      -2.765817557,     -0.0796244863
          0,           0,         358,      -5.644502529,      -2.308849415,      -2.773152314,    -0.08690749745
          0,           0,         359,      -5.651883534,      -2.316138724,      -2.780491805,     -0.0942053066
          0,           0,         360,      -5.659281974,      -2.323429478,      -2.787836034,     -0.1015155546
          0,           0,         361,       -5.66668935,      -2.330721984,      -2.795184547,     -0.1088344415
          0,           0,         362,      -5.674096132,      -2.338016523,        -2.8025365,     -0.1161572137
          0,           0,         363,       -5.68149328,      -2.345313266,      -2.809890658,     -0.1234789162
          0,           0,         364,       -5.68887365,       -2.35261224,       -2.81724547,     -0.1307951799
          0,           0,         365,      -5.696232989,      -2.359913307,      -2.824599191,       -0.13810286
          0,           0,         366,      -5.703570414,      -2.367216176,      -2.831950055,     -0.1454004376
          0,           0,         367,       -5.71088835,      -2.374520426,      -2.839296495,     -0.1526881544
          0,           0,         368,      -5.718191974,       -2.38182556,      -2.846637362,     -0.1599678704
          0,           0,         369,      -5.725488315,      -2.389131077,      -2.853972114,     -0.1672426808
          0,           0,         370,      -5.732784993,      -2.396436517,      -2.861300917,      -0.174516354
          0,           0,         371,      -5.740089006,      -2.403741478,      -2.868624621,     -0.1817927168
          0,           0,         372,      -5.747405656,      -2.411045712,      -2.875944676,     -0.1890749427
          0,           0,         373,      -5.754737871,      -2.418349111,      -2.883262902,     -0.1963651434
          0,           0,         374,      -5.762085913,      -2.425651713,      -2.890581214,     -0.2036641302
          0,           0,         375,      -5.769447527,      -2.432953671,      -2.897901335,     -0.2109713897
          0,           0,         376,      -5.776818466,      -2.440255226,      -2.905224536,     -0.2182852551
          0,           0,         377,      -5.784193306,      -2.447556653,      -2.912551456,     -0.2256032477
          0,           0,         378,      -5.791566379,      -2.454858222,      -2.919882015,     -0.2329225185
          0,           0,         379,      -5.798932666,      -2.462160152,       -2.92721544,     -0.2402402942
          0,           0,         380,       -5.80628853,      -2.469462586,      -2.934550384,     -0.2475543248
          0,           0,         381,      -5.813632126,      -2.476765574,      -2.941885126,     -0.2548631374
          0,           0,         382,      -5.820963481,       -2.48406907,      -2.949217812,     -0.2621661541
          0,           0,         383,      -5.828284289,      -2.491372937,      -2.956546727,     -0.2694636866
          0,           0,         384,      -5.835597468,      -2.498676977,      -2.963870533,      -0.276756805
          0,           0,         385,      -5.842906577,      -2.505980957,      -2.971188445,     -0.2840470957
          0,           0,         386,      -5.850215187,      -2.513284649,      -2.978500338,     -0.2913363367
          0,           0,         387,       -5.85752635,       -2.52058785,      -2.985806743,     -0.2986262204
          0,           0,         388,      -5.864842222,       -2.52789041,      -2.993108751,     -0.3059181227
          0,           0,         389,      -5.872163853,       -2.53519225,      -3.000407832,     -0.3132129363
          0,           0,         390,       -5.87949118,      -2.542493366,      -3.007705605,     -0.3205109965
          0,           0,         391,       -5.88682319,      -2.549793819,       -3.01500359,     -0.3278121109
          0,           0,         392,      -5.894158206,      -2.557093728,      -3.022302992,     -0.3351156662
          0,           0,         393,      -5.901494235,      -2.564393243,      -3.029604544,     -0.3424207858
          0,           0,         394,      -5.908829315,      -2.571692529,      -3.036908427,     -0.3497265011
          0,           0,         395,      -5.916161792,      -2.578991745,      -3.044214286,      -0.357031907
          0,           0,         396,      -5.923490505,      -2.586291023,      -3.051521309,     -0.3643362666
          0,           0,         397,      -5.930814887,      -2.593590465,      -3.058828396,     -0.3716391197
          0,           0,         398,      -5.938134898,      -2.600890123,      -3.066134341,     -0.3789402591
          0,           0,         399,      -5.945450911,      -2.608190007,      -3.073438005,     -0.3862396972
          0,           0,         400,      -5.952763544,      -2.615490089,      -3.080738474,     -0.3935376058
          0,           0,         401,      -5.960073503,      -2.622790307,      -3.088035166,     -0.4008342459
          0,           0,         402,      -5.967381449,      -2.630090579,      -3.095327891,     -0.4081299101
          0,           0,         403,      -5.974687936,      -2.637390815,      -3.102616849,     -0.4154248859
          0,           0,         404,      -5.981993385,      -2.644690928,      -3.109902572,     -0.4227194388
          0,           0,         405,      -5.989298109,      -2.651990846,      -3.117185822,      -0.430013805
          0,           0,         406,      -5.996602345,      -2.659290523,      -3.124467473,     -0.4373081908
          0,           0,         407,        -6.0039063,      -2.666589936,      -3.131748376,     -0.4446027802
          0,           0,         408,       -6.01121017,      -2.673889093,      -3.139029253,      -0.451897739
          0,           0,         409,       -6.01851414,      -2.681188029,      -3.146310609,     -0.4591932186
          0,           0,         410,      -6.025818359,        -2.6884868,      -3.153592689,     -0.4664893439
          0,           0,         411,      -6.033122885,      -2.695785477,      -3.160875474,     -0.4737861846
          0,           0,         412,      -6.040427641,      -2.703084141,      -3.168158715,     -0.4810837348
          0,           0,         413,      -6.047732382,       -2.71038287,      -3.175441993,     -0.4883818956
          0,           0,         414,      -6.055036678,      -2.717681732,        -3.1827248,     -0.4956804593
          0,           0,         415,      -6.062339946,      -2.724980783,      -3.190006611,     -0.5029791224
          0,           0,         416,      -6.069641512,      -2.732280055,      -3.197286955,     -0.5102775159
          0,           0,         417,      -6.076940692,      -2.739579557,      -3.204565465,      -0.517575243
          0,           0,         418,      -6.084236908,      -2.746879272,      -3.211841912,     -0.5248719435
          0,           0,         419,      -6.091529624,      -2.754179226,      -3.219116155,     -0.5321672344
          0,           0,         420,      -6.098818824,      -2.761479309,      -3.226388315,     -0.5394611143
          0,           0,         421,      -6.106104817,      -2.768779439,      -3.233658578,     -0.5467536642
          0,           0,         422,      -6.113388164,      -2.776079549,      -3.240927202,     -0.5540450637
          0,           0,         423,      -6.120669655,      -2.783379572,      -3.248194486,     -0.5613356549
          0,           0,         424,      -6.127950195,       -2.79067946,      -3.255460755,      -0.568625883
          0,           0,         425,      -6.135230656,       -2.79797918,       -3.26272631,     -0.5759162144
          0,           0,         426,      -6.142511755,      -2.805278718,      -3.269991406,     -0.5832070687
          0,           0,         427,      -6.149793957,      -2.812578082,      -3.277256223,     -0.5904987657
          0,           0,         428,      -6.157077394,      -2.819877295,      -3.284520862,     -0.5977914649
          0,           0,         429,      -6.164361844,      -2.827176398,      -3.291785336,     -0.6050851381
          0,           0,         430,      -6.171646752,      -2.834475433,      -3.299049578,     -0.6123795615
          0,           0,         431,      -6.178931335,      -2.841774445,      -3.306313443,      -0.619674368
          0,           0,         432,      -6.186214689,      -2.849073467,      -3.313576738,     -0.6269690946
          0,           0,         433,      -6.193495944,      -2.856372519,      -3.320839232,     -0.6342632593
          0,           0,         434,      -6.200774382,      -2.863671602,      -3.328100691,     -0.6415564235
          0,           0,         435,      -6.208049548,      -2.870970695,      -3.335360897,     -0.6488482536
          0,           0,         436,       -6.21532132,      -2.878269759,       -3.34261967,     -0.6561385788
          0,           0,         437,      -6.222589903,      -2.885568738,      -3.349876889,     -0.6634273967
          0,           0,         438,      -6.229855801,      -2.892867566,      -3.357132504,      -0.670714877
          0,           0,         439,      -6.237119714,      -2.900166176,      -3.364386544,     -0.6780013152
          0,           0,         440,      -6.244382427,      -2.907464502,      -3.371639114,     -0.6852870804
          0,           0,         441,      -6.251644689,      -2.914762488,      -3.378890377,     -0.6925725567
          0,           0,         442,      -6.258907104,       -2.92206009,      -3.386140544,     -0.6998580833
          0,           0,         443,       -6.26617004,      -2.929357266,      -3.393389842,     -0.7071438757
          0,           0,         444,      -6.273433607,       -2.93665402,      -3.400638456,     -0.7144300546
          0,           0,         445,       -6.28069767,       -2.94395036,      -3.407886551,     -0.7217166455
          0,           0,         446,      -6.287961862,      -2.951246298,      -3.415134242,     -0.7290035201
          0,           0,         447,      -6.295225649,      -2.958541851,      -3.422381563,     -0.7362904271
          0,           0,         448,      -6.302488424,      -2.965837033,      -3.429628473,     -0.7435770418
          0,           0,         449,      -6.309749597,      -2.973131852,      -3.436874856,     -0.7508630251
          0,           0,         450,      -6.317008696,      -2.980426303,      -3.444120541,     -0.7581480762
          0,           0,         451,       -6.32426542,      -2.987720372,      -3.451365327,     -0.7654319679
          0,           0,         452,      -6.331519667,      -2.995014029,       -3.45860901,     -0.7727145643
          0,           0,         453,      -6.338771542,      -3.002307237,      -3.465851412,     -0.7799958414
          0,           0,         454,      -6.346021305,      -3.009599945,      -3.473092405,     -0.7872758613
          0,           0,         455,      -6.353269332,      -3.016892101,      -3.480331924,     -0.7945547587
          0,           0,         456,      -6.360516044,      -3.024183649,      -3.487569977,     -0.8018327111
          0,           0,         457,      -6.367761853,      -3.031474538,      -3.494806636,     -0.8091099128
          0,           0,         458,      -6.375007095,      -3.038764722,      -3.502042033,     -0.8163865394
          0,           0,         459,      -6.382252009,      -3.046054162,      -3.509276331,     -0.8236627276
          0,           0,         460,      -6.389496701,      -3.053342832,      -3.516509708,     -0.8309385554
          0,           0,         461,      -6.396741151,      -3.060630712,      -3.523742324,     -0.8382140367
          0,           0,         462,      -6.403985237,      -3.067917791,      -3.530974306,     -0.8454891272
          0,           0,         463,      -6.411228743,      -3.075204063,      -3.538205733,     -0.8527637231
          0,           0,         464,      -6.418471423,      -3.082489524,      -3.545436623,     -0.8600376951
          0,           0,         465,      -6.425713021,      -3.089774172,      -3.552666936,     -0.8673108931
          0,           0,         466,      -6.432953314,         -3.097058,      -3.559896585,     -0.8745831707
          0,           0,         467,      -6.440192132,      -3.104340997,      -3.567125448,      -0.881854402
          0,           0,         468,      -6.447429381,      -3.111623145,      -3.574353389,     -0.8891244932
          0,           0,         469,      -6.454665034,      -3.118904421,      -3.581580274,      -0.896393382
          0,           0,         470,      -6.461899142,      -3.126184796,      -3.588805995,     -0.9036610485
          0,           0,         471,      -6.469131799,      -3.133464235,      -3.596030481,      -0.910927501
          0,           0,         472,      -6.476363141,      -3.140742702,      -3.603253701,     -0.9181927724
          0,           0,         473,      -6.483593331,      -3.148020159,      -3.610475677,     -0.9254569249
          0,           0,         474,      -6.490822525,      -3.155296566,      -3.617696472,     -0.9327200186
          0,           0,         475,      -6.498050852,      -3.162571892,      -3.624916168,     -0.9399821117
          0,           0,         476,      -6.505278408,      -3.169846106,      -3.632134876,     -0.9472432459
          0,           0,         477,      -6.512505263,      -3.177119184,      -3.639352707,     -0.9545034532
          0,           0,         478,       -6.51973146,      -3.184391107,       -3.64656976,     -0.9617627502
          0,           0,         479,      -6.526956995,       -3.19166186,      -3.653786115,      -0.969021134
          0,           0,         480,      -6.534181852,      -3.198931432,       -3.66100182,     -0.9762785981
          0,           0,         481,      -6.541405971,      -3.206199819,      -3.668216891,     -0.9835351077
          0,           0,         482,      -6.548629275,      -3.213467013,      -3.675431311,     -0.9907906141
          0,           0,         483,      -6.555851678,       -3.22073301,      -3.682645039,      -0.998045062
          0,           0,         484,       -6.56307309,      -3.227997802,      -3.689858017,      -1.005298386
          0,           0,         485,      -6.570293437,      -3.235261379,      -3.697070176,      -1.012550525
          0,           0,         486,      -6.577512655,      -3.242523728,      -3.704281453,      -1.019801423
          0,           0,         487,      -6.584730714,      -3.249784836,      -3.711491792,      -1.027051035
          0,           0,         488,      -6.591947604,      -3.257044683,       -3.71870116,      -1.034299335
          0,           0,         489,      -6.599163341,       -3.26430325,      -3.725909544,      -1.041546301
          0,           0,         490,      -6.606377989,      -3.271560516,      -3.733116952,       -1.04879195
          0,           0,         491,      -6.613591613,      -3.278816459,       -3.74032342,      -1.056036294
          0,           0,         492,      -6.620804302,      -3.286071061,         -3.747529,      -1.063279367
          0,           0,         493,      -6.628016159,      -3.293324304,      -3.754733747,      -1.070521208
          0,           0,         494,      -6.635227283,      -3.300576174,      -3.761937718,      -1.077761871
          0,           0,         495,      -6.642437755,       -3.30782666,      -3.769140971,      -1.085001393
          0,           0,         496,      -6.649647645,      -3.315075756,      -3.776343558,      -1.092239813
          0,           0,         497,      -6.656856978,      -3.322323458,      -3.783545516,      -1.099477143
          0,           0,         498,      -6.664065752,      -3.329569764,      -3.790746871,      -1.106713389
          0,           0,         499,      -6.671273936,      -3.336814678,       -3.79794763,      -1.113948537
          0,           0,         500,      -6.678481467,        -3.3440582,      -3.805147788,      -1.121182548
          0,           0,         501,      -6.685688268,      -3.351300335,      -3.812347333,       -1.12841538
          0,           0,         502,      -6.692894267,      -3.358541084,      -3.819546236,      -1.135646989
          0,           0,         503,       -6.70009939,      -3.365780449,      -3.826744478,      -1.142877327
          0,           0,         504,      -6.707303585,      -3.373018429,      -3.833942031,      -1.150106355
          0,           0,         505,       -6.71450684,      -3.380255022,       -3.84113888,      -1.157334053
          0,           0,         506,      -6.721709154,      -3.387490226,      -3.848335019,      -1.164560405
          0,           0,         507,      -6.728910572,      -3.394724036,      -3.855530446,      -1.171785425
          0,           0,         508,      -6.736111164,      -3.401956447,      -3.862725184,      -1.179009138
          0,           0,         509,      -6.743311008,      -3.409187459,      -3.869919251,      -1.186231584
          0,           0,         510,      -6.750510202,      -3.416417068,      -3.877112684,      -1.193452806
          0,           0,         511,      -6.757708831,      -3.423645274,      -3.884305524,      -1.200672852
          0,           0,         512,       -6.76490697,      -3.430872082,       -3.89149781,      -1.207891768
          0,           0,         513,      -6.772104674,      -3.438097497,      -3.898689586,      -1.215109591
          0,           0,         514,      -6.779301968,      -3.445321527,      -3.905880885,      -1.222326344
          0,           0,         515,      -6.786498853,      -3.452544185,      -3.913071739,      -1.229542041
          0,           0,         516,      -6.793695305,      -3.459765482,      -3.920262169,      -1.236756678
          0,           0,         517,      -6.800891274,      -3.466985433,      -3.927452184,      -1.243970234
          0,           0,         518,      -6.808086717,      -3.474204051,      -3.934641787,      -1.251182694
          0,           0,         519,      -6.815281574,      -3.481421353,      -3.941830976,      -1.258394031
          0,           0,         520,      -6.822475809,      -3.488637352,      -3.949019732,      -1.265604229
          0,           0,         521,      -6.829669396,      -3.495852061,      -3.956208054,      -1.272813266
          0,           0,         522,      -6.836862331,      -3.503065493,      -3.963395923,      -1.280021147
          0,           0,         523,      -6.844054629,      -3.510277659,      -3.970583343,      -1.287227878
          0,           0,         524,      -6.851246321,      -3.517488572,      -3.977770312,      -1.294433474
          0,           0,         525,      -6.858437479,      -3.524698241,      -3.984956836,      -1.301637976
          0,           0,         526,      -6.865628147,      -3.531906678,      -3.992142938,       -1.30884141
          0,           0,         527,      -6.872818389,      -3.539113897,      -3.999328635,      -1.316043818
          0,           0,         528,      -6.880008277,      -3.546319912,      -4.006513959,      -1.323245253
          0,           0,         529,      -6.887197853,      -3.553524738,       -4.01369895,      -1.330445744
          0,           0,         530,       -6.89438715,      -3.560728391,      -4.020883638,      -1.337645329
          0,           0,         531,      -6.901576174,      -3.567930893,      -4.028068056,      -1.344844017
          0,           0,         532,      -6.908764938,      -3.575132264,       -4.03525223,      -1.352041838
          0,           0,         533,      -6.915953438,      -3.582332524,      -4.042436179,      -1.359238803
          0,           0,         534,      -6.923141646,      -3.589531699,       -4.04961992,      -1.366434915
          0,           0,         535,      -6.930329547,      -3.596729809,      -4.056803468,      -1.373630175
          0,           0,         536,      -6.937517108,      -3.603926879,      -4.063986817,      -1.380824573
          0,           0,         537,       -6.94470433,       -3.61112293,       -4.07116997,      -1.388018124
          0,           0,         538,      -6.951891192,      -3.618317986,      -4.078352923,      -1.395210828
          0,           0,         539,      -6.959077695,      -3.625512068,      -4.085535672,      -1.402402687
          0,           0,         540,      -6.966263875,      -3.632705198,      -4.092718215,      -1.409593733
          0,           0,         541,      -6.973449738,      -3.639897397,       -4.09990056,      -1.416783981
          0,           0,         542,      -6.980635341,      -3.647088685,      -4.107082713,      -1.423973468
          0,           0,         543,      -6.987820684,      -3.654279083,      -4.114264694,      -1.431162211
          0,           0,         544,      -6.995005838,      -3.661468613,      -4.121446519,      -1.438350258
          0,           0,         545,      -7.002190816,      -3.668657296,      -4.128628212,      -1.445537629
          0,           0,         546,      -7.009375668,      -3.675845155,      -4.135809796,      -1.452724364
          0,           0,         547,      -7.016560395,      -3.683032213,      -4.142991299,      -1.459910487
          0,           0,         548,      -7.023745038,      -3.690218495,      -4.150172746,      -1.467096031
          0,           0,         549,      -7.030929588,      -3.697404024,      -4.157354156,      -1.474281013
          0,           0,         550,      -7.038114063,      -3.704588829,      -4.164535552,      -1.481465459
          0,           0,         551,       -7.04529846,      -3.711772931,      -4.171716946,      -1.488649382
          0,           0,         552,      -7.052482768,      -3.718956359,      -4.178898347,      -1.495832788
          0,           0,         553,      -7.059666978,      -3.726139138,      -4.186079758,      -1.503015693
          0,           0,         554,      -7.066851106,      -3.733321292,       -4.19326119,      -1.510198115
          0,           0,         555,       -7.07403513,       -3.74050285,      -4.200442637,      -1.517380061
          0,           0,         556,       -7.08121906,      -3.747683832,      -4.207624109,      -1.524561541
          0,           0,         557,      -7.088402921,      -3.754864263,      -4.214805602,      -1.531742596
          0,           0,         558,      -7.095586697,      -3.762044167,      -4.221987127,      -1.538923217
          0,           0,         559,      -7.102770428,      -3.769223567,      -4.229168694,      -1.546103442
          0,           0,         560,      -7.109954124,      -3.776402485,      -4.236350309,      -1.553283296
          0,           0,         561,      -7.117137814,      -3.783580943,      -4.243531986,      -1.560462794
          0,           0,         562,      -7.124321494,      -3.790758963,      -4.250713745,      -1.567641953
          0,           0,         563,      -7.131505231,      -3.797936568,      -4.257895599,      -1.574820835
          0,           0,         564,      -7.138689018,       -3.80511378,      -4.265077566,      -1.581999443
          0,           0,         565,      -7.145872878,      -3.812290623,       -4.27225967,      -1.589177803
          0,           0,         566,      -7.153056811,      -3.819467118,      -4.279441919,      -1.596355934
          0,           0,         567,      -7.160240842,      -3.826643289,      -4.286624326,      -1.603533863
          0,           0,         568,      -7.167424957,      -3.833819159,      -4.293806899,      -1.610711598
          0,           0,         569,      -7.174609173,      -3.840994751,      -4.300989651,      -1.617889164
          0,           0,         570,      -7.181793495,      -3.848170088,      -4.308172576,      -1.625066579
          0,           0,         571,      -7.188977897,       -3.85534519,      -4.315355693,      -1.632243842
          0,           0,         572,      -7.196162422,       -3.86252008,      -4.322538997,      -1.639420982
          0,           0,         573,      -7.203347007,       -3.86969478,      -4.329722498,      -1.646597984
          0,           0,         574,      -7.210531706,      -3.876869309,      -4.336906182,      -1.653774891
          0,           0,         575,      -7.217716501,      -3.884043686,      -4.344090068,      -1.660951709
          0,           0,         576,       -7.22490138,      -3.891217932,      -4.351274154,      -1.668128425
          0,           0,         577,      -7.232086401,      -3.898392067,      -4.358458439,      -1.675305099
          0,           0,         578,      -7.239271552,      -3.905566105,      -4.365642936,      -1.682481731
          0,           0,         579,      -7.246456837,       -3.91274007,      -4.372827661,      -1.689658336
          0,           0,         580,      -7.253642308,      -3.919913974,      -4.380012609,      -1.696834953
          0,           0,         581,      -7.260827941,      -3.927087839,      -4.387197804,      -1.704011566
          0,           0,         582,      -7.268013796,       -3.93426168,      -4.394383242,      -1.711188241
          0,           0,         583,      -7.275199853,      -3.941435514,      -4.401568937,      -1.718364976
          0,           0,         584,      -7.282386122,       -3.94860936,      -4.408754917,      -1.725541783
          0,           0,         585,      -7.289572587,      -3.955783232,      -4.415941168,      -1.732718652
          0,           0,         586,      -7.296759274,      -3.962957153,      -4.423127688,      -1.739895643
          0,           0,         587,      -7.303946158,      -3.970131129,      -4.430314502,      -1.747072719
          0,           0,         588,      -7.311133298,      -3.977305186,      -4.437501604,      -1.754249939
          0,           0,         589,      -7.318320624,      -3.984479331,      -4.444688996,      -1.761427271
          0,           0,         590,      -7.325508157,      -3.991653585,      -4.451876682,      -1.768604734
          0,           0,         591,      -7.332695889,      -3.998827957,      -4.459064657,      -1.775782328
          0,           0,         592,      -7.339883832,      -4.006002464,      -4.466252933,      -1.782960073
          0,           0,         593,       -7.34707202,      -4.013177121,       -4.47344149,      -1.790138004
          0,           0,         594,      -7.354260434,      -4.020351936,      -4.480630354,      -1.797316106
          0,           0,         595,      -7.361449054,      -4.027526922,      -4.487819521,      -1.804494375
          0,           0,         596,      -7.368637918,       -4.03470209,      -4.495008989,      -1.811672848
          0,           0,         597,      -7.375827017,      -4.041877451,       -4.50219876,      -1.818851512
          0,           0,         598,      -7.383016412,      -4.049053021,      -4.509388858,      -1.826030437
          0,           0,         599,      -7.390206036,      -4.056228802,      -4.516579269,      -1.833209568
          0,           0,         600,      -7.397395965,      -4.063404809,      -4.523769995,      -1.840388957
          0,           0,         601,      -7.404586139,      -4.070581053,       -4.53096105,      -1.847568587
          0,           0,         602,      -7.411776609,      -4.077757543,      -4.538152439,      -1.854748491
          0,           0,         603,      -7.418967306,      -4.084934286,      -4.545344149,      -1.861928628
          0,           0,         604,      -7.426158311,      -4.092111295,      -4.552536182,      -1.869109063
          0,           0,         605,      -7.433349587,      -4.099288577,      -4.559728556,      -1.876289778
          0,           0,         606,      -7.440541106,       -4.10646614,      -4.566921252,      -1.883470753
          0,           0,         607,      -7.447732925,      -4.113643994,      -4.574114271,      -1.890652035
          0,           0,         608,      -7.454924991,      -4.120822143,      -4.581307606,      -1.897833595
          0,           0,         609,      -7.462117326,      -4.128000598,      -4.588501277,      -1.905015454
          0,           0,         610,      -7.469309894,       -4.13517936,      -4.595695265,      -1.912197593
          0,           0,         611,      -7.476502778,      -4.142358441,      -4.602889571,      -1.919380063
          0,           0,         612,      -7.483695892,      -4.149537844,      -4.610084196,      -1.926562815
          0,           0,         613,        -7.4908893,      -4.156717575,      -4.617279125,       -1.93374591
          0,           0,         614,      -7.498082981,      -4.163897641,      -4.624474371,      -1.940929328
          0,           0,         615,        -7.5052769,      -4.171078044,       -4.63166994,      -1.948113026
          0,           0,         616,      -7.512471127,      -4.178258786,      -4.638865827,       -1.95529707
          0,           0,         617,      -7.519665633,       -4.18543988,      -4.646062003,      -1.962481447
          0,           0,         618,       -7.52686044,      -4.192621326,      -4.653258501,      -1.969666188
          0,           0,         619,      -7.534055515,      -4.199803126,      -4.660455297,      -1.976851257
          0,           0,         620,      -7.541250899,       -4.20698529,      -4.667652428,       -1.98403669
          0,           0,         621,      -7.548446506,      -4.214167809,      -4.674849857,      -1.991222431
          0,           0,         622,      -7.555642434,      -4.221350701,      -4.682047598,      -1.998408556
          0,           0,         623,      -7.562838602,      -4.228533959,      -4.689245648,         -2.005595
          0,           0,         624,      -7.570035042,      -4.235717591,      -4.696443993,      -2.012781803
          0,           0,         625,      -7.577231791,      -4.242901597,      -4.703642608,      -2.019968976
          0,           0,         626,       -7.58442875,      -4.250085985,      -4.710841561,      -2.027156478
          0,           0,         627,      -7.591625983,      -4.257270747,      -4.718040759,      -2.034344309
          0,           0,         628,      -7.598823513,      -4.264455895,      -4.725240261,      -2.041532541
          0,           0,         629,      -7.606021274,      -4.271641424,      -4.732440046,      -2.048721107
          0,           0,         630,       -7.61321926,      -4.278827336,      -4.739640102,      -2.055909998
          0,           0,         631,      -7.620417539,      -4.286013635,      -4.746840425,      -2.063099257
          0,           0,         632,      -7.627616086,      -4.293200313,      -4.754041025,      -2.070288874
          0,           0,         633,      -7.634814882,      -4.300387386,      -4.761241913,      -2.077478859
          0,           0,         634,      -7.642013951,       -4.30757484,      -4.768443044,      -2.084669189
          0,           0,         635,      -7.649213257,      -4.314762683,      -4.775644449,      -2.091859875
          0,           0,         636,      -7.656412863,      -4.321950913,      -4.782846118,      -2.099050945
          0,           0,         637,      -7.663612719,      -4.329139529,      -4.790048055,      -2.106242369
          0,           0,         638,      -7.670812835,      -4.336328534,       -4.79725026,      -2.113434157
          0,           0,         639,      -7.678013103,      -4.343517923,      -4.804452686,      -2.120626237
          0,           0,         640,       -7.68521373,      -4.350707704,      -4.811655376,      -2.127818757
          0,           0,         641,      -7.692414496,      -4.357897867,      -4.818858307,      -2.135011559
          0,           0,         642,      -7.699615527,      -4.365088419,      -4.826061479,      -2.142204719
          0,           0,         643,      -7.706816774,      -4.372279352,      -4.833264882,      -2.149398209
          0,           0,         644,      -7.714018326,      -4.379470671,      -4.840468497,      -2.156592107
          0,           0,         645,      -7.721220053,      -4.386662369,      -4.847672396,      -2.163786332
          0,           0,         646,         -7.728422,      -4.393854444,      -4.854876474,       -2.17098086
          0,           0,         647,      -7.735624186,      -4.401046907,       -4.86208077,       -2.17817578
          0,           0,         648,      -7.742826556,      -4.408239739,      -4.869285283,      -2.185371011
          0,           0,         649,        -7.7500292,       -4.41543295,      -4.876490001,      -2.192566583
          0,           0,         650,       -7.75723199,      -4.422626537,      -4.883694939,      -2.199762465
          0,           0,         651,      -7.764435037,      -4.429820492,      -4.890900045,      -2.206958711
          0,           0,         652,      -7.771638314,      -4.437014817,       -4.89810538,      -2.214155306
          0,           0,         653,       -7.77884168,      -4.444209507,       -4.90531093,      -2.221352141
          0,           0,         654,      -7.786045365,      -4.451404558,      -4.912516621,      -2.228549356
          0,           0,         655,      -7.793249218,      -4.458599974,      -4.919722524,      -2.235746901
          0,           0,         656,      -7.800453315,      -4.465795756,      -4.926928635,      -2.242944819
          0,           0,         657,      -7.807657549,      -4.472991891,      -4.934134895,      -2.250142985
          0,           0,         658,      -7.814861981,      -4.480188379,      -4.941341307,      -2.257341475
          0,           0,         659,       -7.82206663,      -4.487385219,      -4.948547912,       -2.26454028
          0,           0,         660,      -7.829271454,      -4.494582408,      -4.955754702,      -2.271739423
          0,           0,         661,      -7.836476343,      -4.501779939,      -4.962961651,      -2.278938783
          0,           0,         662,      -7.843681585,      -4.508977815,      -4.970168736,      -2.286138591
          0,           0,         663,      -7.850886845,       -4.51617603,      -4.977375989,      -2.293338552
          0,           0,         664,       -7.85809236,      -4.523374589,      -4.984583355,      -2.300538921
          0,           0,         665,      -7.865297951,      -4.530573471,      -4.991790929,      -2.307739477
          0,           0,         666,      -7.872503776,      -4.537772686,      -4.998998606,      -2.314940378
          0,           0,         667,      -7.879709713,       -4.54497222,      -5.006206411,      -2.322141509
          0,           0,         668,      -7.886915847,      -4.552172086,      -5.013414358,       -2.32934298
          0,           0,         669,      -7.894122129,      -4.559372273,      -5.020622399,       -2.33654471
          0,           0,         670,      -7.901328571,      -4.566572769,      -5.027830606,      -2.343746736
          0,           0,         671,      -7.908535224,      -4.573773572,      -5.035038899,       -2.35094906
          0,           0,         672,       -7.91574199,      -4.580974684,      -5.042247356,       -2.35815164
          0,           0,         673,      -7.922948771,      -4.588176099,      -5.049455899,      -2.365354405
          0,           0,         674,      -7.930155756,      -4.595377818,      -5.056664532,      -2.372557476
          0,           0,         675,      -7.937362753,      -4.602579834,      -5.063873315,       -2.37976073
          0,           0,         676,      -7.944570085,      -4.609782139,      -5.071082177,      -2.386964377
          0,           0,         677,      -7.951777471,       -4.61698474,       -5.07829113,       -2.39416826
          0,           0,         678,       -7.95898485,      -4.624187611,      -5.085500208,       -2.40137221
          0,           0,         679,      -7.966192471,      -4.631390766,      -5.092709334,      -2.408576542
          0,           0,         680,      -7.973400108,      -4.638594199,      -5.099918546,      -2.415781033
          0,           0,         681,      -7.980608009,      -4.645797915,      -5.107127829,      -2.422985872
          0,           0,         682,      -7.987815953,      -4.653001879,      -5.114337232,       -2.43019088
          0,           0,         683,      -7.995023993,      -4.660206112,      -5.121546674,      -2.437396071
          0,           0,         684,      -8.002232066,      -4.667410599,      -5.128756229,      -2.444601493
          0,           0,         685,      -8.009440313,      -4.674615351,      -5.135965821,      -2.451807178
          0,           0,         686,      -8.016648586,      -4.681820337,      -5.143175482,      -2.459013005
          0,           0,         687,       -8.02385703,      -4.689025589,      -5.150385208,      -2.466219127
          0,           0,         688,      -8.031065454,      -4.696231063,      -5.157594981,      -2.473425335
          0,           0,         689,      -8.038274112,       -4.70343679,      -5.164804791,      -2.480631895
          0,           0,         690,      -8.045482666,      -4.710642744,      -5.172014677,      -2.487838492
          0,           0,         691,      -8.052691342,      -4.717848914,      -5.179224607,      -2.495045325
          0,           0,         692,      -8.059900208,      -4.725055322,      -5.186434574,      -2.502252397
          0,           0,         693,      -8.067108966,      -4.732261939,      -5.193644609,      -2.509459571
          0,           0,         694,      -8.074317892,      -4.739468773,      -5.200854598,      -2.516666976
          0,           0,         695,      -8.081526888,      -4.746675812,      -5.208064716,      -2.523874562
          0,           0,         696,      -8.088735837,      -4.753883061,      -5.215274817,       -2.53108223
          0,           0,         697,      -8.095945113,       -4.76109051,      -5.222484987,      -2.538290239
          0,           0,         698,      -8.103154207,      -4.768298144,      -5.229695134,      -2.545498246
          0,           0,         699,      -8.110363338,      -4.775505977,      -5.236905369,      -2.552706428
          0,           0,         700,      -8.117572512,      -4.782713993,      -5.244115533,      -2.559914755
          0,           0,         701,      -8.124781752,       -4.78992219,       -5.25132574,      -2.567123215
          0,           0,         702,       -8.13199118,      -4.797130569,      -5.258535955,      -2.574331952
          0,           0,         703,       -8.13920047,      -4.804339122,      -5.265746176,      -2.581540658
          0,           0,         704,      -8.146409884,      -4.811547837,      -5.272956387,      -2.588749561
          0,           0,         705,      -8.153619446,      -4.818756717,      -5.280166671,      -2.595958735
          0,           0,         706,      -8.160828849,      -4.825965754,      -5.287376898,      -2.603167896
          0,           0,         707,      -8.168038295,      -4.833174944,      -5.294587213,      -2.610377101
          0,           0,         708,      -8.175247887,      -4.840384279,      -5.301797415,      -2.617586563
          0,           0,         709,      -8.182457456,      -4.847593771,      -5.309007674,      -2.624796111
          0,           0,         710,       -8.18966709,      -4.854803387,       -5.31621788,      -2.632005782
          0,           0,         711,      -8.196876576,      -4.862013143,      -5.323428146,      -2.639215488
          0,           0,         712,      -8.204086171,      -4.869223022,      -5.330638359,      -2.646425319
          0,           0,         713,      -8.211295702,      -4.876433027,      -5.337848586,      -2.653635217
          0,           0,         714,      -8.218505492,      -4.883643166,      -5.345058733,      -2.660845413
          0,           0,         715,      -8.225714962,       -4.89085341,      -5.352268913,      -2.668055447
          0,           0,         716,      -8.232924551,      -4.898063768,      -5.359479089,      -2.675265619
          0,           0,         717,      -8.240134069,      -4.905274234,      -5.366689172,      -2.682475822
          0,           0,         718,      -8.247343624,      -4.912484786,      -5.373899275,      -2.689686197
          0,           0,         719,      -8.254553345,      -4.919695468,      -5.381109303,      -2.696896666
          0,           0,         720,       -8.26176282,      -4.926906222,      -5.388319331,      -2.704107149
          0,           0,         721,      -8.268972495,      -4.934117084,      -5.395529296,      -2.711317682
          0,           0,         722,      -8.276182077,      -4.941328007,      -5.402739259,      -2.718528319
          0,           0,         723,       -8.28339164,      -4.948539034,      -5.409949164,       -2.72573901
          0,           0,         724,      -8.290601119,      -4.955750113,      -5.417159102,      -2.732949739
          0,           0,         725,      -8.297810688,      -4.962961278,      -5.424368906,      -2.740160507
          0,           0,         726,      -8.305020032,      -4.970172492,      -5.431578675,      -2.747371112
          0,           0,         727,      -8.312229683,      -4.977383789,      -5.438788347,      -2.754582109
          0,           0,         728,      -8.319439321,       -4.98459514,      -5.445998089,      -2.761793152
          0,           0,         729,      -8.326648617,      -4.991806551,      -5.453207748,      -2.769004061
          0,           0,         730,      -8.333857971,      -4.999018007,      -5.460417318,      -2.776214974
          0,           0,         731,      -8.341067354,      -5.006229507,      -5.467626935,      -2.783425952
          0,           0,         732,      -8.348276621,      -5.013441065,      -5.474836414,       -2.79063696
          0,           0,         733,      -8.355485875,      -5.020652654,      -5.482045887,      -2.797847965
          0,           0,         734,      -8.362695311,      -5.027864274,      -5.489255248,      -2.805059134
          0,           0,         735,      -8.369904497,      -5.035075908,      -5.496464648,      -2.812270211
          0,           0,         736,      -8.377113604,      -5.042287574,      -5.503673952,        -2.8194811
          0,           0,         737,       -8.38432259,      -5.049499256,      -5.510883172,      -2.826692063
          0,           0,         738,      -8.391531982,      -5.056710997,      -5.518092319,      -2.833903273
          0,           0,         739,      -8.398741057,      -5.063922723,      -5.525301415,      -2.841114483
          0,           0,         740,      -8.405950269,      -5.071134449,      -5.532510411,      -2.848325594
          0,           0,         741,      -8.413158886,      -5.078346232,      -5.539719372,       -2.85553643
          0,           0,         742,      -8.420368053,      -5.085557973,      -5.546928295,      -2.862747668
          0,           0,         743,      -8.427576698,      -5.092769709,      -5.554137167,      -2.869958591
          0,           0,         744,      -8.434785607,      -5.099981484,      -5.561345952,      -2.877169681
          0,           0,         745,      -8.441994349,      -5.107193218,      -5.568554699,      -2.884380604
          0,           0,         746,      -8.449203221,       -5.11440496,       -5.57576334,       -2.89159168
          0,           0,         747,      -8.456411845,      -5.121616682,      -5.582971835,      -2.898802655
          0,           0,         748,      -8.463620324,      -5.128828385,      -5.590180368,      -2.906013507
          0,           0,         749,      -8.470829234,      -5.136040091,      -5.597388729,      -2.913224589
          0,           0,         750,      -8.478037728,      -5.143251747,      -5.604597169,      -2.920435497
          0,           0,         751,      -8.485246241,      -5.150463377,      -5.611805479,      -2.927646366
          0,           0,         752,      -8.492454646,      -5.157674997,       -5.61901375,      -2.934857284
          0,           0,         753,      -8.499662688,      -5.164886571,      -5.626221897,      -2.942067717
          0,           0,         754,      -8.506871264,      -5.172098148,      -5.633429985,      -2.949278725
          0,           0,         755,      -8.514079594,      -5.179309667,      -5.640637943,      -2.956489486
          0,           0,         756,      -8.521287408,      -5.186521104,      -5.647845987,      -2.963699858
          0,           0,         757,      -8.528495729,      -5.193732538,      -5.655053844,      -2.970910601
          0,           0,         758,      -8.535703666,      -5.200943891,        -5.6622617,      -2.978121003
          0,           0,         759,      -8.542911529,      -5.208155252,       -5.66946946,      -2.985331598
          0,           0,         760,      -8.550119538,      -5.215366538,      -5.676676863,      -2.992542094
          0,           0,         761,      -8.557327452,      -5.222577814,      -5.683884499,      -2.999752633
          0,           0,         762,      -8.564535287,      -5.229788973,      -5.691091986,      -3.006962758
          0,           0,         763,      -8.571742912,      -5.237000086,      -5.698299232,      -3.014173082
          0,           0,         764,      -8.578950636,       -5.24421114,      -5.705506653,      -3.021383182
          0,           0,         765,      -8.586158182,      -5.251422131,      -5.712714123,      -3.028593284
          0,           0,         766,      -8.593365518,      -5.258633116,      -5.719921027,      -3.035803366
          0,           0,         767,      -8.600573132,      -5.265843963,      -5.727128131,      -3.043013376
          0,           0,         768,      -8.607780728,      -5.273054771,       -5.73433528,      -3.050223547
          0,           0,         769,      -8.614988095,      -5.280265488,       -5.74154218,      -3.057433381
          0,           0,         770,      -8.622195322,      -5.287476169,      -5.748749046,      -3.064643195
          0,           0,         771,      -8.629402253,      -5.294686778,      -5.755955746,      -3.071852709
          0,           0,         772,      -8.636609683,      -5.301897283,      -5.763162619,      -3.079062626
          0,           0,         773,      -8.643816605,      -5.309107714,      -5.770369517,      -3.086272216
          0,           0,         774,      -8.651023227,      -5.316318061,      -5.777575885,      -3.093481461
          0,           0,         775,        -8.6582302,      -5.323528365,      -5.784782389,      -3.100690989
          0,           0,         776,      -8.665437335,      -5.330738584,      -5.791988918,      -3.107900378
          0,           0,         777,      -8.672644046,      -5.337948679,      -5.799195075,      -3.115109672
          0,           0,         778,      -8.679850782,       -5.34515876,      -5.806401457,       -3.12231892
          0,           0,         779,      -8.687057116,      -5.352368659,      -5.813607731,      -3.129527648
          0,           0,         780,      -8.694264269,      -5.359578548,      -5.820813846,      -3.136737219
          0,           0,         781,      -8.701470039,      -5.366788318,      -5.828020021,      -3.143945923
          0,           0,         782,      -8.708676996,      -5.373998005,      -5.835225986,       -3.15115505
          0,           0,         783,       -8.71588286,      -5.381207638,      -5.842431848,       -3.15836344
          0,           0,         784,      -8.723089741,      -5.388417178,      -5.849637618,      -3.165572533
          0,           0,         785,      -8.730295934,      -5.395626633,      -5.856843237,      -3.172781136
          0,           0,         786,      -8.737501806,      -5.402835918,      -5.864048993,      -3.179989308
          0,           0,         787,      -8.744708469,      -5.410045165,      -5.871254719,      -3.187198085
          0,           0,         788,      -8.751914536,      -5.417254298,      -5.878460319,      -3.194406332
          0,           0,         789,      -8.759120709,      -5.424463345,      -5.885666118,      -3.201614762
          0,           0,         790,      -8.766326345,      -5.431672314,      -5.892871487,      -3.208822866
          0,           0,         791,      -8.773531905,      -5.438881153,      -5.900076906,      -3.216030905
          0,           0,         792,      -8.780737378,       -5.44608998,      -5.907282057,      -3.223238665
          0,           0,         793,      -8.787943893,      -5.453298647,      -5.914487259,      -3.230446943
          0,           0,         794,        -8.7951498,      -5.460507251,      -5.921692345,      -3.237655083
          0,           0,         795,       -8.80235567,      -5.467715749,      -5.928897662,      -3.244863174
          0,           0,         796,      -8.809560469,      -5.474924104,      -5.936102829,      -3.252070314
          0,           0,         797,      -8.816765768,      -5.482132391,      -5.943307817,      -3.259277488
          0,           0,         798,      -8.823970985,      -5.489340588,      -5.950512857,      -3.266484866
          0,           0,         799,      -8.831176665,      -5.496548655,      -5.957717624,      -3.273692443
          0,           0,         800,      -8.838381941,      -5.503756723,      -5.964922039,       -3.28089995
          0,           0,         801,      -8.845587505,      -5.510964603,      -5.972127086,      -3.288107348
          0,           0,         802,      -8.852792765,      -5.518172437,      -5.979331691,      -3.295314478
          0,           0,         803,      -8.859997551,      -5.525380167,       -5.98653629,      -3.302521408
          0,           0,         804,      -8.867203026,      -5.532587794,      -5.993741085,      -3.309728389
          0,           0,         805,      -8.874407846,      -5.539795228,      -6.000945591,      -3.316935027
          0,           0,         806,        -8.8816134,      -5.547002656,      -6.008150043,      -3.324142156
          0,           0,         807,      -8.888817651,      -5.554209957,      -6.015354662,      -3.331348662
          0,           0,         808,      -8.896022256,      -5.561417204,      -6.022558901,      -3.338555103
          0,           0,         809,      -8.903227382,      -5.568624356,      -6.029763293,      -3.345761988
          0,           0,         810,      -8.910432738,      -5.575831461,      -6.036967514,      -3.352969116
          0,           0,         811,      -8.917637141,      -5.583038389,      -6.044171432,      -3.360175163
          0,           0,         812,      -8.924841942,      -5.590245209,      -6.051375716,      -3.367381066
          0,           0,         813,      -8.932046667,      -5.597451979,      -6.058579964,      -3.374587603
          0,           0,         814,      -8.939251017,      -5.604658633,      -6.065784191,      -3.381793558
          0,           0,         815,      -8.946455745,      -5.611865188,       -6.07298834,      -3.388999435
          0,           0,         816,      -8.953659259,      -5.619071667,      -6.080192375,      -3.396204952
          0,           0,         817,      -8.960864785,      -5.626278074,      -6.087396283,        -3.4034117
          0,           0,         818,      -8.968068522,      -5.633484368,      -6.094599889,      -3.410617111
          0,           0,         819,      -8.975273014,      -5.640690684,      -6.101803667,      -3.417823052
          0,           0,         820,      -8.982476449,       -5.64789675,       -6.10900783,      -3.425027932
          0,           0,         821,      -8.989681926,      -5.655102754,      -6.116211773,      -3.432234246
          0,           0,         822,      -8.996886019,      -5.662308661,      -6.123415472,      -3.439439635
          0,           0,         823,       -9.00408959,      -5.669514591,      -6.130619195,      -3.446644817
          0,           0,         824,      -9.011293317,      -5.676720351,      -6.137822514,      -3.453849744
          0,           0,         825,      -9.018498082,      -5.683926048,      -6.145026325,       -3.46105585
          0,           0,         826,      -9.025701974,      -5.691131667,       -6.15223006,      -3.468260878
          0,           0,         827,      -9.032905387,      -5.698337229,       -6.15943373,       -3.47546572
          0,           0,         828,      -9.040110453,      -5.705542652,      -6.166637545,      -3.482671513
          0,           0,         829,       -9.04731436,      -5.712748003,      -6.173840956,      -3.489876103
          0,           0,         830,      -9.054517549,      -5.719953226,      -6.181044526,      -3.497080443
          0,           0,         831,      -9.061722036,      -5.727158458,      -6.188247872,      -3.504285533
          0,           0,         832,      -9.068925769,      -5.734363515,       -6.19545128,      -3.511490038
          0,           0,         833,      -9.076130318,      -5.741568618,      -6.202654773,       -3.51869584
          0,           0,         834,      -9.083333032,      -5.748773715,      -6.209858429,      -3.525899846
          0,           0,         835,      -9.090537079,        -5.7559786,      -6.217061152,      -3.533104581
          0,           0,         836,      -9.097740272,      -5.763183406,       -6.22426461,      -3.540308776
          0,           0,         837,      -9.104944563,      -5.770388138,      -6.231467921,      -3.547513254
          0,           0,         838,      -9.112148627,      -5.777592849,      -6.238671248,      -3.554718402
          0,           0,         839,      -9.119352058,      -5.784797407,      -6.245874449,      -3.561922252
          0,           0,         840,      -9.126555593,       -5.79200194,      -6.253077857,      -3.569126279
          0,           0,         841,      -9.133759597,      -5.799206369,      -6.260281556,      -3.576330679
          0,           0,         842,      -9.140963021,      -5.806410819,      -6.267484458,      -3.583535075
          0,           0,         843,      -9.148166527,      -5.813615125,      -6.274687394,      -3.590739561
          0,           0,         844,      -9.155370016,      -5.820819498,      -6.281890856,      -3.597943286
          0,           0,         845,      -9.162573475,      -5.828023656,      -6.289094182,      -3.605147426
          0,           0,         846,      -9.169776074,      -5.835227759,       -6.29629737,        -3.6123508
          0,           0,         847,      -9.176979668,      -5.842431921,      -6.303500139,      -3.619555004
          0,           0,         848,      -9.184183499,      -5.849636023,      -6.310703524,      -3.626759165
          0,           0,         849,      -9.191386617,      -5.856840018,      -6.317907152,      -3.633963249
          0,           0,         850,      -9.198591031,      -5.864043889,        -6.3251101,      -3.641167417
          0,           0,         851,      -9.205793209,      -5.871247689,      -6.332313163,      -3.648370727
          0,           0,         852,       -9.21299567,      -5.878451472,      -6.339516406,      -3.655573142
          0,           0,         853,       -9.22020036,      -5.885655393,      -6.346718683,      -3.662777676
          0,           0,         854,      -9.227404727,      -5.892859198,      -6.353921592,      -3.669982025
          0,           0,         855,        -9.2346084,       -5.90006286,      -6.361124972,      -3.677185847
          0,           0,         856,      -9.241810941,      -5.907266349,      -6.368328491,      -3.684388929
          0,           0,         857,      -9.249013883,      -5.914469918,      -6.375531482,       -3.69159172
          0,           0,         858,      -9.256216163,      -5.921673426,      -6.382734666,      -3.698794485
          0,           0,         859,       -9.26341925,      -5.928876785,      -6.389937757,      -3.705997631
          0,           0,         860,      -9.270622617,      -5.936080323,      -6.397140558,      -3.713201442
          0,           0,         861,      -9.277827611,      -5.943283843,      -6.404343068,      -3.720406481
          0,           0,         862,      -9.285030453,      -5.950487156,      -6.411546387,      -3.727609191
          0,           0,         863,      -9.292232963,      -5.957690512,      -6.418750197,      -3.734812018
          0,           0,         864,      -9.299434375,      -5.964893686,      -6.425953279,       -3.74201348
          0,           0,         865,      -9.306637527,       -5.97209689,      -6.433156114,      -3.749216707
          0,           0,         866,      -9.313841747,      -5.979300285,      -6.440357957,      -3.756420813
          0,           0,         867,      -9.321047051,       -5.98650346,      -6.447562098,      -3.763626186
          0,           0,         868,      -9.328250071,      -5.993706522,      -6.454764392,      -3.770828243
          0,           0,         869,      -9.335451473,      -6.000909553,      -6.461967776,      -3.778030444
          0,           0,         870,        -9.3426562,      -6.008112574,      -6.469170701,      -3.785234082
          0,           0,         871,      -9.349860184,       -6.01531574,      -6.476374014,       -3.79243794
          0,           0,         872,      -9.357062581,      -6.022518631,      -6.483576862,      -3.799640042
          0,           0,         873,      -9.364266142,      -6.029721711,      -6.490780403,      -3.806843944
          0,           0,         874,      -9.371471192,      -6.036924813,      -6.497983413,      -3.814047791
          0,           0,         875,      -9.378673534,      -6.044127673,      -6.505186489,       -3.82125012
          0,           0,         876,       -9.38587755,      -6.051330542,      -6.512389698,      -3.828453662
          0,           0,         877,      -9.393079129,      -6.058533355,       -6.51959325,      -3.835656098
          0,           0,         878,      -9.400281309,       -6.06573633,      -6.526796101,      -3.842857984
          0,           0,         879,      -9.407486103,      -6.072939143,      -6.533999433,      -3.850062242
          0,           0,         880,      -9.414688075,      -6.080141897,      -6.541202783,      -3.857264627
          0,           0,         881,      -9.421891886,      -6.087344789,      -6.548405826,      -3.864467551
          0,           0,         882,      -9.429094862,      -6.094547572,      -6.555608708,      -3.871669857
          0,           0,         883,      -9.436297494,      -6.101750266,       -6.56281147,        -3.8788731
          0,           0,         884,      -9.443499484,      -6.108953212,      -6.570015522,      -3.886075396
          0,           0,         885,      -9.450704609,      -6.116155789,      -6.577218556,      -3.893278747
          0,           0,         886,      -9.457907447,      -6.123358698,      -6.584421107,      -3.900481189
          0,           0,         887,       -9.46510978,      -6.130561581,      -6.591624995,      -3.907684126
          0,           0,         888,      -9.472313617,      -6.137764195,      -6.598827699,      -3.914886417
          0,           0,         889,      -9.479516602,      -6.144966781,      -6.606031235,      -3.922090128
          0,           0,         890,      -9.486720897,      -6.152169501,      -6.613234316,      -3.929293345
          0,           0,         891,      -9.493925643,      -6.159372061,      -6.620437109,      -3.936496398
          0,           0,         892,      -9.501130275,      -6.166574935,      -6.627640412,      -3.943700461
          0,           0,         893,       -9.50833053,      -6.173777575,      -6.634844898,       -3.95090177
          0,           0,         894,      -9.515535736,      -6.180980032,      -6.642048545,      -3.958104695
          0,           0,         895,      -9.522736063,      -6.188182841,      -6.649251298,       -3.96530587
          0,           0,         896,       -9.52993833,      -6.195385579,      -6.656453895,      -3.972508139
          0,           0,         897,      -9.537143846,      -6.202588229,      -6.663657303,      -3.979713095
          0,           0,         898,        -9.5443467,      -6.209790936,      -6.670861078,      -3.986914988
          0,           0,         899,      -9.551552869,      -6.216993701,      -6.678064658,      -3.994120564
          0,           0,         900,      -9.558756577,      -6.224196251,      -6.685268784,      -4.001323261
          0,           0,         901,      -9.565959055,      -6.231398745,      -6.692471609,      -4.008525089
          0,           0,         902,      -9.573160399,      -6.238601649,      -6.699676219,       -4.01572573
          0,           0,         903,      -9.580366094,      -6.245804124,      -6.706880031,      -4.022929716
          0,           0,         904,      -9.587569474,      -6.253006726,      -6.714081512,      -4.030134199
          0,           0,         905,      -9.594771205,      -6.260209531,      -6.721285963,      -4.037335683
          0,           0,         906,      -9.601975052,      -6.267412531,       -6.72848894,      -4.044538296
          0,           0,         907,      -9.609176205,      -6.274615195,      -6.735692242,      -4.051739061
          0,           0,         908,      -9.616383308,      -6.281817712,      -6.742895256,      -4.058945642
          0,           0,         909,      -9.623591927,       -6.28902076,      -6.750100201,      -4.066151808
          0,           0,         910,      -9.630792089,      -6.296223078,      -6.757304428,      -4.073351366
          0,           0,         911,      -9.637993519,      -6.303425841,      -6.764508293,      -4.080554532
          0,           0,         912,      -9.645194635,      -6.310628985,      -6.771711756,      -4.087755714
          0,           0,         913,      -9.652399057,      -6.317831718,      -6.778914029,      -4.094959655
          0,           0,         914,       -9.65960473,      -6.325034347,      -6.786117489,      -4.102162571
          0,           0,         915,      -9.666807616,         -6.332237,      -6.793321367,      -4.109365663
          0,           0,         916,      -9.674011334,      -6.339439933,      -6.800526335,      -4.116569943
          0,           0,         917,      -9.681214765,      -6.346642898,      -6.807729845,      -4.123771669
          0,           0,         918,      -9.688414003,      -6.353845708,      -6.814933287,       -4.13097106
          0,           0,         919,      -9.695624036,      -6.361048511,      -6.822136554,      -4.138178235
          0,           0,         920,      -9.702830433,      -6.368251451,       -6.82934013,       -4.14538222
          0,           0,         921,      -9.710031792,       -6.37545432,      -6.836543911,      -4.152583699
          0,           0,         922,      -9.717232756,       -6.38265707,      -6.843747323,       -4.15978559
          0,           0,         923,      -9.724435353,      -6.389859948,      -6.850952272,      -4.166987137
          0,           0,         924,      -9.731639702,      -6.397063258,      -6.858154288,      -4.174192878
          0,           0,         925,      -9.738844456,      -6.404266299,      -6.865358622,      -4.181397069
          0,           0,         926,      -9.746049917,      -6.411469073,      -6.872564474,      -4.188602695
          0,           0,         927,      -9.753255428,      -6.418672111,      -6.879768238,      -4.195805993
          0,           0,         928,      -9.760450011,      -6.425874492,      -6.886972608,      -4.203001684
          0,           0,         929,      -9.767660107,      -6.433077815,       -6.89417595,      -4.210208371
          0,           0,         930,      -9.774866765,      -6.440280925,      -6.901380471,      -4.217413449
          0,           0,         931,      -9.782067386,      -6.447484191,      -6.908583306,      -4.224614542
          0,           0,         932,      -9.789275793,      -6.454686976,      -6.915787926,      -4.231821156
          0,           0,         933,      -9.796480292,      -6.461890271,      -6.922990332,      -4.239025899
          0,           0,         934,      -9.803678159,      -6.469093343,      -6.930193719,      -4.246222092
          0,           0,         935,       -9.81088289,       -6.47629662,      -6.937399791,      -4.253428201
          0,           0,         936,      -9.818085652,      -6.483499117,      -6.944604933,      -4.260630739
          0,           0,         937,       -9.82529576,       -6.49070251,      -6.951808719,      -4.267835605
          0,           0,         938,      -9.832502324,      -6.497905852,      -6.959014795,      -4.275043766
          0,           0,         939,      -9.839698414,      -6.505108955,      -6.966220902,       -4.28223997
          0,           0,         940,      -9.846902332,      -6.512312217,      -6.973423092,      -4.289443099
          0,           0,         941,      -9.854114828,      -6.519515334,       -6.98062461,      -4.296653921
          0,           0,         942,      -9.861317141,        -6.5267187,      -6.987829556,      -4.303854749
          0,           0,         943,       -9.86851937,      -6.533922131,      -6.995033261,      -4.311058253
          0,           0,         944,      -9.875721923,      -6.541125633,      -7.002236256,      -4.318260314
          0,           0,         945,      -9.882932097,      -6.548329334,      -7.009439408,      -4.325467879
          0,           0,         946,      -9.890129919,      -6.555531907,       -7.01664786,      -4.332666723
          0,           0,         947,      -9.897328132,      -6.562735605,      -7.023851757,      -4.339868076
          0,           0,         948,      -9.904530894,      -6.569938974,       -7.03105364,      -4.347070439
          0,           0,         949,      -9.911740616,      -6.577142463,      -7.038258628,      -4.354275755
          0,           0,         950,      -9.918949521,      -6.584346722,      -7.045465268,      -4.361483353
          0,           0,         951,      -9.926153981,      -6.591549642,      -7.052667249,      -4.368688232
          0,           0,         952,      -9.933361171,      -6.598753665,      -7.059873982,      -4.375893385
          0,           0,         953,      -9.940558834,      -6.605956549,      -7.067079351,      -4.383093432
          0,           0,         954,      -9.947764366,      -6.613160126,      -7.074286758,      -4.390298728
          0,           0,         955,      -9.954962796,      -6.620364227,      -7.081489787,      -4.397497043
          0,           0,         956,      -9.962170877,       -6.62756782,      -7.088691424,      -4.404702136
          0,           0,         957,      -9.969380528,      -6.634771727,        -7.0958957,      -4.411912063
          0,           0,         958,      -9.976581013,      -6.641975269,      -7.103101225,      -4.419113702
          0,           0,         959,      -9.983782379,      -6.649179385,      -7.110302153,      -4.426313835
          0,           0,         960,      -9.990987945,      -6.656383305,      -7.117506752,       -4.43351865
          0,           0,         961,      -9.998186562,      -6.663586215,      -7.124711882,      -4.440719428
          0,           0,         962,      -10.00539779,      -6.670789982,      -7.131916379,      -4.447927377
          0,           0,         963,      -10.01260052,      -6.677993927,      -7.139122847,      -4.455128209
          0,           0,         964,        -10.019811,      -6.685198006,      -7.146324376,      -4.462336577
          0,           0,         965,      -10.02701823,      -6.692401869,       -7.15353069,      -4.469543729
          0,           0,         966,      -10.03421489,      -6.699604806,      -7.160736478,       -4.47674299
          0,           0,         967,      -10.04143177,       -6.70680995,      -7.167937695,       -4.48395825
          0,           0,         968,      -10.04863055,       -6.71401367,      -7.175146861,       -4.49115795
          0,           0,         969,      -10.05582588,       -6.72121713,       -7.18235278,      -4.498354965
          0,           0,         970,      -10.06301901,      -6.728420832,      -7.189558025,      -4.505549559
          0,           0,         971,      -10.07022248,      -6.735624965,      -7.196759291,       -4.51275671
          0,           0,         972,      -10.07742869,      -6.742829917,      -7.203962394,      -4.519963267
          0,           0,         973,       -10.0846473,      -6.750033857,      -7.211163367,      -4.527171434
          0,           0,         974,      -10.09185513,      -6.757238144,      -7.218368516,      -4.534377234
          0,           0,         975,      -10.09905308,       -6.76444151,      -7.225577666,      -4.541576516
          0,           0,         976,      -10.10625979,      -6.771645437,      -7.232778458,      -4.548781854
          0,           0,         977,      -10.11346988,      -6.778849489,      -7.239985071,       -4.55598718
          0,           0,         978,      -10.12068717,      -6.786054016,      -7.247189143,       -4.56320499
          0,           0,         979,      -10.12787691,       -6.79325664,      -7.254398603,       -4.57040112
          0,           0,         980,      -10.13507514,      -6.800462711,      -7.261602888,      -4.577602936
          0,           0,         981,      -10.14228498,      -6.807666114,      -7.268805463,      -4.584806707
          0,           0,         982,      -10.14948864,       -6.81487034,      -7.276012457,      -4.592014969
          0,           0,         983,      -10.15669276,      -6.822075333,       -7.28321689,      -4.599215201
          0,           0,         984,       -10.1638856,      -6.829278639,      -7.290422988,      -4.606409872
          0,           0,         985,      -10.17108372,      -6.836482511,      -7.297626933,      -4.613609433
          0,           0,         986,      -10.17830233,      -6.843687162,      -7.304828804,      -4.620819677
          0,           0,         987,       -10.1855172,      -6.850892384,      -7.312036825,      -4.628035577
          0,           0,         988,      -10.19272152,      -6.858096861,      -7.319236482,      -4.635239921
          0,           0,         989,      -10.19991922,      -6.865299889,       -7.32644729,      -4.642443453
          0,           0,         990,      -10.20711876,       -6.87250431,      -7.333648913,      -4.649645646
          0,           0,         991,      -10.21433192,      -6.879709777,      -7.340855526,      -4.656851655
          0,           0,         992,      -10.22153384,      -6.886913806,      -7.348056602,      -4.664057674
          0,           0,         993,      -10.22874151,      -6.894120358,      -7.355258692,      -4.671263739
          0,           0,         994,      -10.23594052,      -6.901324932,      -7.362468692,      -4.678464309
          0,           0,         995,      -10.24313364,       -6.90852705,      -7.369675447,      -4.685654503
          0,           0,         996,      -10.25034597,      -6.915732809,      -7.376878739,      -4.692868007
          0,           0,         997,      -10.25755827,       -6.92293738,      -7.384082797,      -4.700073051
          0,           0,         998,      -10.26476875,      -6.930141655,      -7.391285251,       -4.70728168
          0,           0,         999,      -10.27197743,      -6.937346329,      -7.398492751,      -4.714481178
          0,           0,        1000,      -10.27918616,      -6.944551058,      -7.405698738,      -4.721695752
          0,           0,        1001,      -10.28637571,      -6.951754598,      -7.412904704,      -4.728893971
          0,           0,        1002,      -10.29359352,      -6.958959973,      -7.420105715,      -4.736105058
          0,           0,        1003,      -10.30080177,       -6.96616462,       -7.42731451,      -4.743313363
          0,           0,        1004,      -10.30799914,      -6.973369034,       -7.43451233,      -4.750518997
          0,           0,        1005,      -10.31520174,      -6.980573216,      -7.441723113,      -4.757716306
          0,           0,        1006,      -10.32239307,      -6.987777064,      -7.448929711,      -4.764915746
          0,           0,        1007,      -10.32959138,      -6.994982809,      -7.456135034,      -4.772114594
          0,           0,        1008,      -10.33679225,      -7.002187968,      -7.463334846,      -4.779319152
          0,           0,        1009,       -10.3440176,      -7.009392197,      -7.470535923,      -4.786538541
          0,           0,        1010,      -10.35120657,      -7.016597462,      -7.477745066,      -4.793736071
          0,           0,        1011,      -10.35841376,      -7.023801841,      -7.484956779,      -4.800940292
          0,           0,        1012,      -10.36564296,      -7.031007032,      -7.492153917,      -4.808161907
          0,           0,        1013,      -10.37282922,      -7.038211527,      -7.499361246,      -4.815358087
          0,           0,        1014,      -10.38003745,      -7.045417174,      -7.506572307,      -4.822559009
          0,           0,        1015,      -10.38725009,      -7.052621015,      -7.513774192,      -4.829763396
          0,           0,        1016,      -10.39444568,      -7.059824462,      -7.520977089,      -4.836960417
          0,           0,        1017,      -10.40166211,       -7.06702958,      -7.528176424,      -4.844167829
          0,           0,        1018,      -10.40885851,      -7.074235543,        -7.5353811,      -4.851370463
          0,           0,        1019,      -10.41606738,      -7.081441209,      -7.542586803,      -4.858585547
          0,           0,        1020,      -10.42326621,      -7.088645586,       -7.54979987,        -4.8657841
          0,           0,        1021,      -10.43045879,      -7.095848692,      -7.557000414,      -4.872980119
          0,           0,        1022,        -10.437676,      -7.103054969,      -7.564203747,      -4.880198702
          0,           0,        1023,      -10.44490992,      -7.110261702,      -7.571407033,      -4.887425021
          0,           0,        1024,      -10.45208786,       -7.11746462,      -7.578623417,      -4.894606992
          0,           0,        1025,      -10.45928682,      -7.124670437,      -7.585825139,      -4.901805942
          0,           0,        1026,      -10.46648535,      -7.131874578,      -7.593025369,      -4.909010168
          0,           0,        1027,      -10.47370612,      -7.139081261,      -7.600230395,      -4.916229878
          0,           0,        1028,      -10.48092663,      -7.146285316,      -7.607432102,      -4.923440889
          0,           0,        1029,       -10.4881188,       -7.15348985,      -7.614642277,      -4.930637105
          0,           0,        1030,      -10.49532212,      -7.160696212,      -7.621841914,      -4.937834053
          0,           0,        1031,       -10.5025086,      -7.167898998,      -7.629050018,      -4.945024496
          0,           0,        1032,      -10.50969983,      -7.175103498,      -7.636254983,      -4.952217244
          0,           0,        1033,      -10.51691745,      -7.182308725,      -7.643456854,      -4.959423381
          0,           0,        1034,      -10.52414188,      -7.189514551,      -7.650659977,       -4.96665601
          0,           0,        1035,      -10.53136515,       -7.19671936,      -7.657865022,      -4.973874844
          0,           0,        1036,      -10.53855303,      -7.203926733,      -7.665078091,      -4.981072672
          0,           0,        1037,      -10.54575671,      -7.211131234,      -7.672278578,      -4.988265254
          0,           0,        1038,      -10.55298009,      -7.218333474,      -7.679479484,      -4.995491917
          0,           0,        1039,      -10.56020698,      -7.225539041,      -7.686687743,        -5.0026955
          0,           0,        1040,      -10.56734155,      -7.232743332,      -7.693896887,      -5.009865216
          0,           0,        1041,      -10.57455255,      -7.239947785,      -7.701106257,      -5.017070576
          0,           0,        1042,      -10.58176912,      -7.247152236,      -7.708306266,      -5.024287526
          0,           0,        1043,      -10.58898604,      -7.254358722,      -7.715512021,      -5.031496006
          0,           0,        1044,      -10.59619546,       -7.26156619,       -7.72270554,       -5.03872173
          0,           0,        1045,       -10.6033925,      -7.268772621,      -7.729906382,      -5.045905169
          0,           0,        1046,      -10.61062608,      -7.275974836,      -7.737121934,      -5.053131174
          0,           0,        1047,      -10.61786762,      -7.283181293,      -7.744321554,      -5.060360507
          0,           0,        1048,      -10.62503102,      -7.290385277,      -7.751533345,      -5.067536785
          0,           0,        1049,       -10.6322511,      -7.297590753,      -7.758740482,      -5.074756621
          0,           0,        1050,      -10.63938207,      -7.304793066,      -7.765948406,      -5.081925922
          0,           0,        1051,      -10.64659881,      -7.312000178,      -7.773147277,      -5.089120271
          0,           0,        1052,      -10.65381806,      -7.319201359,      -7.780356019,      -5.096327939
          0,           0,        1053,      -10.66102469,      -7.326405514,      -7.787550826,       -5.10353783
          0,           0,        1054,      -10.66824617,      -7.333614545,      -7.794755451,      -5.110765974
          0,           0,        1055,      -10.67542785,      -7.340818815,      -7.801961961,      -5.117955156
          0,           0,        1056,      -10.68263053,      -7.348027769,       -7.80917221,      -5.125156193
          0,           0,        1057,      -10.68983352,      -7.355230503,      -7.816376393,      -5.132362499
          0,           0,        1058,      -10.69708249,      -7.362433723,      -7.823582946,       -5.13959525
          0,           0,        1059,      -10.70425581,      -7.369641841,      -7.830775879,      -5.146784048
          0,           0,        1060,      -10.71146986,      -7.376843171,       -7.83799256,       -5.15398408
          0,           0,        1061,      -10.71866953,      -7.384049866,       -7.84521979,      -5.161193069
          0,           0,        1062,      -10.72587616,      -7.391254698,      -7.852410423,      -5.168390421
          0,           0,        1063,      -10.73309903,      -7.398460187,       -7.85961064,      -5.175607355
          0,           0,        1064,       -10.7402791,      -7.405661038,      -7.866826376,      -5.182803045
          0,           0,        1065,      -10.74746048,      -7.412867135,      -7.874045175,      -5.190008683
          0,           0,        1066,      -10.75467646,      -7.420076505,      -7.881221606,      -5.197208086
          0,           0,        1067,      -10.76186969,      -7.427279304,      -7.888417468,      -5.204414607
          0,           0,        1068,      -10.76910133,      -7.434486557,      -7.895625068,      -5.211626114
          0,           0,        1069,      -10.77632445,      -7.441692555,      -7.902820199,      -5.218850677
          0,           0,        1070,      -10.78350426,      -7.448893833,      -7.910034369,      -5.226027971
          0,           0,        1071,      -10.79071273,      -7.456100701,      -7.917232244,      -5.233235287
          0,           0,        1072,      -10.79795437,      -7.463303714,      -7.924440458,      -5.240463747
          0,           0,        1073,      -10.80516584,      -7.470502911,      -7.931659623,      -5.247677814
          0,           0,        1074,      -10.81239114,      -7.477714193,      -7.938848806,      -5.254886003
          0,           0,        1075,      -10.81954894,      -7.484919143,      -7.946071789,      -5.262071272
          0,           0,        1076,      -10.82668298,      -7.492123551,      -7.953268306,      -5.269220591
          0,           0,        1077,      -10.83391364,      -7.499328363,      -7.960474857,      -5.276459832
          0,           0,        1078,      -10.84113335,      -7.506535209,       -7.96766396,      -5.283670375
          0,           0,        1079,      -10.84837651,      -7.513741173,      -7.974893691,       -5.29089653
          0,           0,        1080,      -10.85554463,      -7.520943376,       -7.98209544,      -5.298063896
          0,           0,        1081,      -10.86278108,      -7.528150312,      -7.989285414,      -5.305299816
          0,           0,        1082,      -10.86994303,      -7.535351704,      -7.996499936,      -5.312472325
          0,           0,        1083,      -10.87719801,       -7.54255408,      -8.003690466,        -5.3196871
          0,           0,        1084,      -10.88440441,      -7.549764925,      -8.010897407,      -5.326924222
          0,           0,        1085,      -10.89155928,      -7.556966299,      -8.018115643,      -5.334101401
          0,           0,        1086,      -10.89871213,      -7.564175892,      -8.025330847,      -5.341271764
          0,           0,        1087,      -10.90598002,      -7.571377085,      -8.032518719,      -5.348500963
          0,           0,        1088,      -10.91320855,      -7.578587332,      -8.039703429,      -5.355733432
          0,           0,        1089,      -10.92048353,      -7.585793508,      -8.046892568,      -5.362956234
          0,           0,        1090,      -10.92759331,      -7.592996502,       -8.05413819,      -5.370114009
          0,           0,        1091,      -10.93477461,      -7.600192699,       -8.06134542,        -5.3773197
          0,           0,        1092,      -10.94200241,      -7.607405792,      -8.068502367,      -5.384503589
          0,           0,        1093,      -10.94917751,       -7.61460501,      -8.075746455,      -5.391722363
          0,           0,        1094,      -10.95642642,      -7.621807979,      -8.082959316,      -5.398977395
          0,           0,        1095,      -10.96364655,      -7.629021817,      -8.090137136,      -5.406164034
          0,           0,        1096,      -10.97087124,      -7.636221091,      -8.097337484,      -5.413387451
          0,           0,        1097,       -10.9780745,      -7.643422614,      -8.104590078,      -5.420614836
          0,           0,        1098,      -10.98518063,      -7.650626082,      -8.111808243,      -5.427772487
          0,           0,        1099,      -10.99244031,      -7.657835709,      -8.119007601,      -5.434982923
          0,           0,        1100,       -10.9995981,      -7.665042607,      -8.126173681,      -5.442133506
          0,           0,        1101,      -11.00686997,      -7.672248611,      -8.133355332,       -5.44935378
          0,           0,        1102,      -11.01407062,      -7.679446545,      -8.140595515,      -5.456576851
          0,           0,        1103,      -11.02126761,       -7.68664704,      -8.147796643,      -5.463796225
          0,           0,        1104,      -11.02844545,      -7.693863801,      -8.154981571,      -5.471000576
          0,           0,        1105,      -11.03570356,       -7.70106025,      -8.162223611,       -5.47824943
          0,           0,        1106,      -11.04287601,      -7.708272488,      -8.169449082,      -5.485425605
          0,           0,        1107,      -11.05018252,      -7.715471761,      -8.176612175,      -5.492700327
          0,           0,        1108,      -11.05719081,      -7.722675117,      -8.183848682,      -5.499761438
          0,           0,        1109,      -11.06445839,      -7.729879425,      -8.191017721,       -5.50701321
          0,           0,        1110,      -11.07165194,      -7.737087327,      -8.198223684,      -5.514195849
          0,           0,        1111,      -11.07896007,      -7.744292185,      -8.205415418,      -5.521503079
          0,           0,        1112,      -11.08607804,      -7.751506562,      -8.212613216,      -5.528616853
          0,           0,        1113,      -11.09330115,      -7.758704476,       -8.21983919,      -5.535804725
          0,           0,        1114,      -11.10047459,      -7.765913628,      -8.227000169,      -5.542989473
          0,           0,        1115,      -11.10783936,      -7.773115184,      -8.234207542,      -5.550301443
          0,           0,        1116,      -11.11500892,      -7.780315961,      -8.241431516,      -5.557504202
          0,           0,        1117,      -11.12216471,      -7.787519416,      -8.248651392,      -5.564639139
          0,           0,        1118,      -11.12933469,      -7.794728883,      -8.255819109,      -5.571865413
          0,           0,        1119,      -11.13657541,      -7.801931665,      -8.263043115,      -5.579114932
          0,           0,        1120,      -11.14364003,      -7.809130879,      -8.270290011,       -5.58624458
          0,           0,        1121,      -11.15096315,      -7.816337891,      -8.277487793,      -5.593496881
          0,           0,        1122,      -11.15815227,      -7.823543059,      -8.284655101,      -5.600680158
          0,           0,        1123,      -11.16537836,      -7.830754611,      -8.291883719,      -5.607872793
          0,           0,        1124,      -11.17254319,      -7.837960247,      -8.299084119,      -5.615041618
          0,           0,        1125,      -11.17973132,      -7.845155772,      -8.306293408,       -5.62229197
          0,           0,        1126,      -11.18698729,      -7.852368398,      -8.313442427,      -5.629519082
