
-------------------------------------------------------------------------
|    ___ _   _ ___                                                      |
|   / __| | | |_  )   Release 8.5.0 "Harrier"                           |
|   \__ \ |_| |/ /                                                      |
|   |___/\___//___|   Suite (Computational Fluid Dynamics Code)         |
|                                                                       |
-------------------------------------------------------------------------
| SU2 Project Website: https://su2code.github.io                        |
|                                                                       |
| The SU2 Project is maintained by the SU2 Foundation                   |
| (http://su2foundation.org)                                            |
-------------------------------------------------------------------------
| Copyright 2012-2026, SU2 Contributors                                 |
|                                                                       |
| SU2 is free software; you can redistribute it and/or                  |
| modify it under the terms of the GNU Lesser General Public            |
| License as published by the Free Software Foundation; either          |
| version 2.1 of the License, or (at your option) any later version.    |
|                                                                       |
| SU2 is distributed in the hope that it will be useful,                |
| but WITHOUT ANY WARRANTY; without even the implied warranty of        |
| MERCHANTABILITY or FITNESS FOR A PARTICULAR PURPOSE. See the GNU      |
| Lesser General Public License for more details.                       |
|                                                                       |
| You should have received a copy of the GNU Lesser General Public      |
| License along with SU2. If not, see <http://www.gnu.org/licenses/>.   |
-------------------------------------------------------------------------

Parsing config file for zone 0

----------------- Physical Case Definition ( Zone 0 ) -------------------
Compressible Euler equations.
Mach number: 0.3.
Angle of attack (AoA): 6 deg, and angle of sideslip (AoS): 0 deg.
No restart solution, use the values at infinity (freestream).
Dimensional simulation.
The reference area is 1 m^2.
The semi-span will be computed using the max y(3D) value.
The reference length is 1 m.
Reference origin for moment evaluation is (0.25, 0, 0).
Surface(s) where the force coefficients are evaluated: airfoil.

Surface(s) where the objective function is evaluated: airfoil.
Surface(s) plotted in the output file: airfoil.
Input mesh file name: mesh_NACA0012_inv.su2

--------------- Space Numerical Integration ( Zone 0 ) ------------------
Jameson-Schmidt-Turkel scheme (2nd order in space) for the flow inviscid terms.
JST viscous coefficients (2nd & 4th): 0.5, 0.02.
The method includes a grid stretching correction (p = 0.3).
Gradient for upwind reconstruction: inverse-distance weighted Least-Squares.
Gradient for viscous and source terms: inverse-distance weighted Least-Squares.

--------------- Time Numerical Integration  ( Zone 0 ) ------------------
Local time stepping (steady state simulation).
Euler implicit method for the flow equations.
FGMRES is used for solving the linear system.
Using a LU-SGS preconditioning.
Convergence criteria of the linear solver: 1e-06.
Max number of linear iterations: 5.
W Multigrid Cycle, with 3 multigrid levels.
Damping factor for the residual restriction: 1.
Damping factor for the correction prolongation: 1.
No CFL adaptation.
+-------------------------------------------+
|  MG Level| Presmooth|PostSmooth|CorrectSmo|
+-------------------------------------------+
|         0|         1|         0|         0|
|         1|         2|         0|         0|
|         2|         3|         0|         0|
|         3|         3|         0|         0|
+-------------------------------------------+
Courant-Friedrichs-Lewy number:        4

------------------ Convergence Criteria  ( Zone 0 ) ---------------------
Maximum number of solver subiterations: 9999.
Begin convergence monitoring at iteration 10.
Residual minimum value: 1e-8.
Cauchy series min. value: 1e-10.
Number of Cauchy elements: 100.
Begin windowed time average at iteration 0.

-------------------- Output Information ( Zone 0 ) ----------------------
File writing frequency: 
+------------------------------------+
|                     File| Frequency|
+------------------------------------+
|                  RESTART|        10|
|                 PARAVIEW|       250|
|         SURFACE_PARAVIEW|       250|
|              SURFACE_CSV|       250|
+------------------------------------+
Writing the convergence history file every 1 inner iterations.
Writing the screen convergence history every 1 inner iterations.
The tabular file format is CSV (.csv).
Convergence history file name: history.
Forces breakdown file name: forces_breakdown.dat.
Surface file name: surface_flow.
Volume file name: flow.
Restart file name: restart_flow.

------------- Config File Boundary Information ( Zone 0 ) ---------------
+-----------------------------------------------------------------------+
|                        Marker Type|                        Marker Name|
+-----------------------------------------------------------------------+
|                         Euler wall|                            airfoil|
+-----------------------------------------------------------------------+
|                          Far-field|                           farfield|
+-----------------------------------------------------------------------+

-------------------- Output Preprocessing ( Zone 0 ) --------------------

WARNING: SURFACE_PRESSURE_DROP can only be computed for at least 2 surfaces (outlet, inlet, ...)

Screen output fields: INNER_ITER, RMS_DENSITY, RMS_MOMENTUM-X, RMS_MOMENTUM-Y, RMS_ENERGY
History output group(s): ITER, RMS_RES
Convergence field(s): DRAG
Warning: No (valid) fields chosen for time convergence monitoring. Time convergence monitoring inactive.
Volume output fields: COORDINATES, SOLUTION, PRIMITIVE

------------------- Geometry Preprocessing ( Zone 0 ) -------------------
Two dimensional problem.
5233 grid points before partitioning.
10216 volume elements before partitioning.
2 surface markers.
200 boundary elements in index 0 (Marker = airfoil).
50 boundary elements in index 1 (Marker = farfield).
Executing the partitioning functions.
Building the graph adjacency structure.
Calling ParMETIS... graph partitioning complete (316 edge cuts).
Distributing ParMETIS coloring.
Rebalancing vertices.
Rebalancing volume element connectivity.
Rebalancing markers and surface elements.
5555 vertices including ghost points. 
10532 interior elements including halo cells. 
10532 triangles.
Establishing MPI communication patterns.
Setting point connectivity.
Renumbering points (Reverse Cuthill McKee Ordering).
Recomputing point connectivity.
Setting element connectivity.
Checking the numerical grid orientation.
All volume elements are correctly oriented.
All surface elements are correctly oriented.
Identifying edges and vertices.
Setting the control volume structure.
Area of the computational grid: 1255.76.
Searching for the closest normal neighbors to the surfaces.
Storing a mapping from global to local point index.
Compute the surface curvature.
Max K: 7835.1. Mean K: 34.8252. Standard deviation K: 494.448.
Computing mesh quality statistics for the dual control volumes.
+--------------------------------------------------------------+
|           Mesh Quality Metric|        Minimum|        Maximum|
+--------------------------------------------------------------+
|    Orthogonality Angle (deg.)|        62.6714|        89.7089|
|     CV Face Area Aspect Ratio|        1.00001|        7.18337|
|           CV Sub-Volume Ratio|        1.00285|        6.47826|
+--------------------------------------------------------------+
Setting the multigrid structure. NMG=3
+-------------------------------------------+
|  MG Level|       CVs|Aggl. Rate|       CFL|
+-------------------------------------------+
|         0|      5233|    1/1.00|         4|
|         1|      1659|    1/3.15|   2.66667|

Euler Wall Agglomeration Statistics (45° curvature threshold):
----------------------------------------------------------------
  Marker: airfoil
    Seeds agglomerated:       37 (100.0%)
    Seeds rejected (>45° curv): 0 (0.0%)
----------------------------------------------------------------
|         2|       563|    1/2.95|  1.777778|

Euler Wall Agglomeration Statistics (45° curvature threshold):
----------------------------------------------------------------
  Marker: airfoil
    Seeds agglomerated:       18 (100.0%)
    Seeds rejected (>45° curv): 0 (0.0%)
----------------------------------------------------------------
MG level 3 has only 209 CVs (< MG_MIN_MESHSIZE=500). Reducing MG levels to 2.

Euler Wall Agglomeration Statistics (45° curvature threshold):
----------------------------------------------------------------
  Marker: airfoil
    Seeds agglomerated:       9 (100.0%)
    Seeds rejected (>45° curv): 0 (0.0%)
----------------------------------------------------------------
Finding max control volume width.
Communicating number of neighbors.
Wetted area = 2.0 m.
Area projection in the x-plane = 0.1 m, y-plane = 1.0 m.
Max. coordinate in the x-direction = 1.0 m, y-direction = 0.1 m.
Min. coordinate in the x-direction = 0.0 m, y-direction = -0.1 m.
Computing wall distances.

-------------------- Solver Preprocessing ( Zone 0 ) --------------------
Inviscid flow: Computing density based on free-stream
temperature and pressure using the ideal gas law.
Force coefficients computed using free-stream values.

-- Models:
+------------------------------------------------------------------------------+
|          Viscosity Model|        Conductivity Model|              Fluid Model|
+------------------------------------------------------------------------------+
|                        -|                         -|             STANDARD_AIR|
+------------------------------------------------------------------------------+
-- Fluid properties:
+------------------------------------------------------------------------------+
|                  Name|    Dim. value|    Ref. value|      Unit|Non-dim. value|
+------------------------------------------------------------------------------+
|          Gas Constant|       287.058|             1|  N.m/kg.K|       287.058|
|      Spec. Heat Ratio|             -|             -|         -|           1.4|
+------------------------------------------------------------------------------+
-- Initial and free-stream conditions:
+------------------------------------------------------------------------------+
|                  Name|    Dim. value|    Ref. value|      Unit|Non-dim. value|
+------------------------------------------------------------------------------+
|       Static Pressure|        101325|             1|        Pa|        101325|
|               Density|       1.29225|             1|    kg/m^3|       1.29225|
|           Temperature|        273.15|             1|         K|        273.15|
|          Total Energy|        200965|             1|   m^2/s^2|        200965|
|            Velocity-X|       98.8519|             1|       m/s|       98.8519|
|            Velocity-Y|       10.3898|             1|       m/s|       10.3898|
|    Velocity Magnitude|       99.3964|             1|       m/s|       99.3964|
+------------------------------------------------------------------------------+
|           Mach Number|             -|             -|         -|           0.3|
+------------------------------------------------------------------------------+
Initialize Jacobian structure (Euler). MG level: 0.
Initialize Jacobian structure (Euler). MG level: 1.
Initialize Jacobian structure (Euler). MG level: 2.

------------------- Numerics Preprocessing ( Zone 0 ) -------------------

----------------- Integration Preprocessing ( Zone 0 ) ------------------

------------------- Iteration Preprocessing ( Zone 0 ) ------------------
Euler/Navier-Stokes/RANS fluid iteration.

------------------------------ Begin Solver -----------------------------

Simulation Run using the Single-zone Driver
WARNING: SU2 was not compiled for an AVX-capable architecture. Performance could be better,
         see https://su2code.github.io/docs_v7/Build-SU2-Linux-MacOS/#compiler-optimizations
WARNING: SU2 was not compiled for an AVX-capable architecture. Performance could be better,
         see https://su2code.github.io/docs_v7/Build-SU2-Linux-MacOS/#compiler-optimizations
WARNING: SU2 was not compiled for an AVX-capable architecture. Performance could be better,
         see https://su2code.github.io/docs_v7/Build-SU2-Linux-MacOS/#compiler-optimizations
+----------------------------------------------------------------+
|  Inner_Iter|    rms[Rho]|   rms[RhoU]|   rms[RhoV]|   rms[RhoE]|
+----------------------------------------------------------------+
|           0|   -1.344465|    0.600767|    0.005824|    4.101721|
|           1|   -1.726563|    0.634788|    0.851587|    3.732543|
|           2|   -1.692670|    0.768391|    0.831175|    3.766005|
|           3|   -1.696024|    0.856391|    0.899219|    3.757226|
|           4|   -1.667707|    0.881547|    0.900006|    3.777858|
|           5|   -1.641474|    0.863192|    0.873937|    3.804302|
|           6|   -1.625564|    0.849530|    0.867412|    3.828114|
|           7|   -1.629266|    0.845873|    0.897255|    3.825736|
|           8|   -1.624779|    0.832007|    0.908453|    3.820252|
|           9|   -1.615236|    0.829287|    0.891778|    3.825542|
|          10|   -1.612949|    0.858250|    0.889670|    3.834794|
+-----------------------------------------------------------------------+
|        File Writing Summary       |              Filename             |
+-----------------------------------------------------------------------+
|SU2 binary restart                 |restart_flow.dat                   |

Writing the forces breakdown file (forces_breakdown.dat).
+-----------------------------------------------------------------------+
+----------------------------------------------------------------+
|  Inner_Iter|    rms[Rho]|   rms[RhoU]|   rms[RhoV]|   rms[RhoE]|
+----------------------------------------------------------------+
|          11|   -1.612669|    0.883649|    0.909349|    3.838478|
|          12|   -1.619391|    0.880743|    0.908416|    3.824437|
|          13|   -1.639671|    0.851402|    0.861496|    3.795056|
|          14|   -1.667180|    0.810353|    0.782245|    3.769361|
|          15|   -1.695608|    0.785685|    0.735503|    3.753412|
|          16|   -1.731920|    0.781714|    0.744131|    3.724348|
|          17|   -1.769267|    0.787398|    0.764209|    3.683128|
|          18|   -1.790765|    0.794657|    0.774424|    3.649823|
|          19|   -1.803629|    0.787627|    0.761564|    3.624441|
|          20|   -1.821347|    0.763060|    0.726213|    3.600444|
+-----------------------------------------------------------------------+
|        File Writing Summary       |              Filename             |
+-----------------------------------------------------------------------+
|SU2 binary restart                 |restart_flow.dat                   |

Writing the forces breakdown file (forces_breakdown.dat).
+-----------------------------------------------------------------------+
+----------------------------------------------------------------+
|  Inner_Iter|    rms[Rho]|   rms[RhoU]|   rms[RhoV]|   rms[RhoE]|
+----------------------------------------------------------------+
|          21|   -1.851354|    0.725663|    0.674219|    3.572651|
|          22|   -1.890714|    0.684643|    0.619622|    3.539794|
|          23|   -1.932608|    0.646594|    0.569427|    3.505269|
|          24|   -1.972148|    0.618049|    0.529768|    3.473744|
|          25|   -2.004467|    0.602807|    0.509971|    3.447117|
|          26|   -2.027582|    0.600261|    0.512167|    3.425018|
|          27|   -2.043344|    0.606499|    0.529119|    3.405185|
|          28|   -2.054127|    0.617769|    0.551936|    3.386734|
|          29|   -2.062817|    0.628141|    0.571294|    3.368754|
|          30|   -2.070094|    0.634023|    0.582878|    3.353063|
+-----------------------------------------------------------------------+
|        File Writing Summary       |              Filename             |
+-----------------------------------------------------------------------+
|SU2 binary restart                 |restart_flow.dat                   |

Writing the forces breakdown file (forces_breakdown.dat).
+-----------------------------------------------------------------------+
+----------------------------------------------------------------+
|  Inner_Iter|    rms[Rho]|   rms[RhoU]|   rms[RhoV]|   rms[RhoE]|
+----------------------------------------------------------------+
|          31|   -2.076064|    0.633238|    0.584874|    3.341656|
|          32|   -2.081373|    0.624693|    0.576663|    3.334834|
|          33|   -2.086947|    0.608186|    0.558008|    3.331593|
|          34|   -2.095545|    0.583550|    0.529366|    3.327671|
|          35|   -2.108266|    0.552237|    0.492857|    3.320904|
|          36|   -2.125188|    0.517433|    0.453156|    3.310538|
|          37|   -2.145417|    0.484402|    0.418219|    3.296965|
|          38|   -2.166623|    0.460114|    0.397840|    3.282366|
|          39|   -2.187035|    0.449501|    0.397065|    3.266866|
|          40|   -2.204409|    0.451620|    0.410672|    3.251458|
+-----------------------------------------------------------------------+
|        File Writing Summary       |              Filename             |
+-----------------------------------------------------------------------+
|SU2 binary restart                 |restart_flow.dat                   |

Writing the forces breakdown file (forces_breakdown.dat).
+-----------------------------------------------------------------------+
+----------------------------------------------------------------+
|  Inner_Iter|    rms[Rho]|   rms[RhoU]|   rms[RhoV]|   rms[RhoE]|
+----------------------------------------------------------------+
|          41|   -2.217390|    0.460844|    0.428630|    3.236831|
|          42|   -2.226396|    0.470808|    0.442762|    3.223030|
|          43|   -2.232572|    0.478018|    0.449315|    3.210507|
|          44|   -2.239939|    0.478776|    0.445427|    3.196657|
|          45|   -2.250345|    0.472299|    0.431054|    3.181132|
|          46|   -2.264005|    0.459070|    0.407164|    3.164819|
|          47|   -2.279752|    0.440437|    0.375596|    3.149553|
|          48|   -2.294947|    0.418873|    0.339092|    3.138535|
|          49|   -2.308868|    0.397345|    0.303448|    3.131242|
|          50|   -2.320948|    0.379757|    0.275894|    3.126632|
+-----------------------------------------------------------------------+
|        File Writing Summary       |              Filename             |
+-----------------------------------------------------------------------+
|SU2 binary restart                 |restart_flow.dat                   |

Writing the forces breakdown file (forces_breakdown.dat).
+-----------------------------------------------------------------------+
+----------------------------------------------------------------+
|  Inner_Iter|    rms[Rho]|   rms[RhoU]|   rms[RhoV]|   rms[RhoE]|
+----------------------------------------------------------------+
|          51|   -2.331761|    0.369545|    0.262713|    3.122355|
|          52|   -2.342455|    0.367656|    0.264726|    3.115710|
|          53|   -2.352630|    0.372786|    0.277227|    3.106247|
|          54|   -2.363601|    0.378699|    0.289956|    3.091270|
|          55|   -2.374111|    0.380270|    0.294881|    3.072470|
|          56|   -2.382487|    0.374435|    0.287472|    3.053886|
|          57|   -2.388010|    0.360498|    0.266554|    3.040264|
|          58|   -2.390508|    0.340193|    0.234010|    3.035779|
|          59|   -2.394088|    0.317205|    0.197417|    3.036813|
|          60|   -2.401370|    0.296816|    0.168278|    3.038116|
+-----------------------------------------------------------------------+
|        File Writing Summary       |              Filename             |
+-----------------------------------------------------------------------+
|SU2 binary restart                 |restart_flow.dat                   |

Writing the forces breakdown file (forces_breakdown.dat).
+-----------------------------------------------------------------------+
+----------------------------------------------------------------+
|  Inner_Iter|    rms[Rho]|   rms[RhoU]|   rms[RhoV]|   rms[RhoE]|
+----------------------------------------------------------------+
|          61|   -2.413960|    0.283121|    0.155579|    3.034281|
|          62|   -2.432216|    0.276605|    0.157327|    3.021713|
|          63|   -2.454456|    0.275049|    0.163584|    3.000499|
|          64|   -2.479461|    0.273211|    0.162192|    2.971033|
|          65|   -2.503985|    0.267786|    0.147749|    2.938942|
|          66|   -2.524428|    0.258056|    0.121110|    2.912412|
|          67|   -2.538303|    0.245365|    0.088663|    2.897901|
|          68|   -2.544201|    0.232450|    0.060953|    2.897210|
|          69|   -2.546227|    0.220850|    0.047285|    2.901673|
|          70|   -2.548400|    0.211005|    0.046439|    2.903565|
+-----------------------------------------------------------------------+
|        File Writing Summary       |              Filename             |
+-----------------------------------------------------------------------+
|SU2 binary restart                 |restart_flow.dat                   |

Writing the forces breakdown file (forces_breakdown.dat).
+-----------------------------------------------------------------------+
+----------------------------------------------------------------+
|  Inner_Iter|    rms[Rho]|   rms[RhoU]|   rms[RhoV]|   rms[RhoE]|
+----------------------------------------------------------------+
|          71|   -2.554297|    0.202018|    0.049133|    2.898208|
|          72|   -2.565746|    0.192578|    0.046380|    2.884622|
|          73|   -2.581216|    0.182561|    0.034365|    2.866274|
|          74|   -2.597946|    0.172183|    0.014131|    2.847138|
|          75|   -2.609938|    0.163162|   -0.007475|    2.833954|
|          76|   -2.612364|    0.157128|   -0.021444|    2.831087|
|          77|   -2.605702|    0.154033|   -0.023006|    2.837041|
|          78|   -2.593825|    0.152366|   -0.014761|    2.847887|
|          79|   -2.586222|    0.148102|   -0.006848|    2.854275|
|          80|   -2.588036|    0.138790|   -0.006844|    2.852070|
+-----------------------------------------------------------------------+
|        File Writing Summary       |              Filename             |
+-----------------------------------------------------------------------+
|SU2 binary restart                 |restart_flow.dat                   |

Writing the forces breakdown file (forces_breakdown.dat).
+-----------------------------------------------------------------------+
+----------------------------------------------------------------+
|  Inner_Iter|    rms[Rho]|   rms[RhoU]|   rms[RhoV]|   rms[RhoE]|
+----------------------------------------------------------------+
|          81|   -2.600679|    0.124246|   -0.017265|    2.840735|
|          82|   -2.621907|    0.106726|   -0.035796|    2.822810|
|          83|   -2.645101|    0.090719|   -0.055875|    2.804613|
|          84|   -2.663215|    0.079784|   -0.069502|    2.790325|
|          85|   -2.670525|    0.074679|   -0.072682|    2.783203|
|          86|   -2.668500|    0.072783|   -0.068154|    2.781645|
|          87|   -2.664584|    0.069798|   -0.062715|    2.780347|
|          88|   -2.665512|    0.062327|   -0.062303|    2.775056|
|          89|   -2.677192|    0.048276|   -0.071088|    2.761244|
|          90|   -2.699686|    0.028452|   -0.089903|    2.739672|
+-----------------------------------------------------------------------+
|        File Writing Summary       |              Filename             |
+-----------------------------------------------------------------------+
|SU2 binary restart                 |restart_flow.dat                   |

Writing the forces breakdown file (forces_breakdown.dat).
+-----------------------------------------------------------------------+
+----------------------------------------------------------------+
|  Inner_Iter|    rms[Rho]|   rms[RhoU]|   rms[RhoV]|   rms[RhoE]|
+----------------------------------------------------------------+
|          91|   -2.728498|    0.006042|   -0.116772|    2.714946|
|          92|   -2.755563|   -0.014242|   -0.146866|    2.693853|
|          93|   -2.771821|   -0.027831|   -0.172544|    2.682632|
|          94|   -2.775650|   -0.033384|   -0.186721|    2.679819|
|          95|   -2.772141|   -0.033562|   -0.187894|    2.680002|
|          96|   -2.769628|   -0.033125|   -0.181533|    2.676678|
|          97|   -2.774591|   -0.036532|   -0.176090|    2.665562|
|          98|   -2.788869|   -0.046350|   -0.178204|    2.646806|
|          99|   -2.813328|   -0.063347|   -0.191754|    2.621373|
|         100|   -2.843648|   -0.085670|   -0.216424|    2.595042|
+-----------------------------------------------------------------------+
|        File Writing Summary       |              Filename             |
+-----------------------------------------------------------------------+
|SU2 binary restart                 |restart_flow.dat                   |

Writing the forces breakdown file (forces_breakdown.dat).
+-----------------------------------------------------------------------+
+----------------------------------------------------------------+
|  Inner_Iter|    rms[Rho]|   rms[RhoU]|   rms[RhoV]|   rms[RhoE]|
+----------------------------------------------------------------+
|         101|   -2.872542|   -0.109245|   -0.247397|    2.574680|
|         102|   -2.893161|   -0.129018|   -0.275433|    2.563462|
|         103|   -2.902719|   -0.141200|   -0.290142|    2.559444|
|         104|   -2.906717|   -0.146519|   -0.288699|    2.554524|
|         105|   -2.912287|   -0.149148|   -0.278872|    2.542716|
|         106|   -2.924558|   -0.153943|   -0.271771|    2.521646|
|         107|   -2.944810|   -0.164146|   -0.275469|    2.493263|
|         108|   -2.969527|   -0.180394|   -0.293586|    2.464668|
|         109|   -2.994879|   -0.200972|   -0.326362|    2.442091|
|         110|   -3.014700|   -0.222139|   -0.369482|    2.430586|
+-----------------------------------------------------------------------+
|        File Writing Summary       |              Filename             |
+-----------------------------------------------------------------------+
|SU2 binary restart                 |restart_flow.dat                   |

Writing the forces breakdown file (forces_breakdown.dat).
+-----------------------------------------------------------------------+
+----------------------------------------------------------------+
|  Inner_Iter|    rms[Rho]|   rms[RhoU]|   rms[RhoV]|   rms[RhoE]|
+----------------------------------------------------------------+
|         111|   -3.026529|   -0.239582|   -0.413220|    2.427723|
|         112|   -3.033859|   -0.250677|   -0.444071|    2.425422|
|         113|   -3.041928|   -0.255712|   -0.453221|    2.417161|
|         114|   -3.057404|   -0.258358|   -0.446409|    2.397186|
|         115|   -3.082683|   -0.262576|   -0.437687|    2.365296|
|         116|   -3.116142|   -0.271032|   -0.438147|    2.326024|
|         117|   -3.152849|   -0.284459|   -0.452736|    2.287813|
|         118|   -3.185749|   -0.301535|   -0.480944|    2.260230|
|         119|   -3.212471|   -0.319751|   -0.516632|    2.243804|
|         120|   -3.233412|   -0.335991|   -0.548367|    2.233026|
+-----------------------------------------------------------------------+
|        File Writing Summary       |              Filename             |
+-----------------------------------------------------------------------+
|SU2 binary restart                 |restart_flow.dat                   |

Writing the forces breakdown file (forces_breakdown.dat).
+-----------------------------------------------------------------------+
+----------------------------------------------------------------+
|  Inner_Iter|    rms[Rho]|   rms[RhoU]|   rms[RhoV]|   rms[RhoE]|
+----------------------------------------------------------------+
|         121|   -3.252547|   -0.348129|   -0.564754|    2.219596|
|         122|   -3.273125|   -0.356383|   -0.564854|    2.198570|
|         123|   -3.292369|   -0.362886|   -0.558830|    2.172933|
|         124|   -3.308370|   -0.370785|   -0.560034|    2.147275|
|         125|   -3.316179|   -0.381974|   -0.575869|    2.131182|
|         126|   -3.315073|   -0.396289|   -0.607087|    2.129271|
|         127|   -3.310710|   -0.411719|   -0.647722|    2.135649|
|         128|   -3.309968|   -0.425406|   -0.685084|    2.140674|
|         129|   -3.321645|   -0.436304|   -0.706976|    2.132649|
|         130|   -3.344704|   -0.444461|   -0.711351|    2.112267|
+-----------------------------------------------------------------------+
|        File Writing Summary       |              Filename             |
+-----------------------------------------------------------------------+
|SU2 binary restart                 |restart_flow.dat                   |

Writing the forces breakdown file (forces_breakdown.dat).
+-----------------------------------------------------------------------+
+----------------------------------------------------------------+
|  Inner_Iter|    rms[Rho]|   rms[RhoU]|   rms[RhoV]|   rms[RhoE]|
+----------------------------------------------------------------+
|         131|   -3.375505|   -0.451727|   -0.708360|    2.083435|
|         132|   -3.407459|   -0.460090|   -0.709517|    2.053650|
|         133|   -3.433309|   -0.470450|   -0.720041|    2.030972|
|         134|   -3.448384|   -0.482021|   -0.738011|    2.019707|
|         135|   -3.457405|   -0.493479|   -0.757021|    2.013431|
|         136|   -3.466592|   -0.503570|   -0.770586|    2.004390|
|         137|   -3.480546|   -0.512256|   -0.777743|    1.987393|
|         138|   -3.499293|   -0.520925|   -0.784320|    1.962775|
|         139|   -3.516345|   -0.531316|   -0.798062|    1.938671|
|         140|   -3.527770|   -0.544867|   -0.824545|    1.922090|
+-----------------------------------------------------------------------+
|        File Writing Summary       |              Filename             |
+-----------------------------------------------------------------------+
|SU2 binary restart                 |restart_flow.dat                   |

Writing the forces breakdown file (forces_breakdown.dat).
+-----------------------------------------------------------------------+
+----------------------------------------------------------------+
|  Inner_Iter|    rms[Rho]|   rms[RhoU]|   rms[RhoV]|   rms[RhoE]|
+----------------------------------------------------------------+
|         141|   -3.529348|   -0.561252|   -0.863263|    1.919466|
|         142|   -3.523667|   -0.578470|   -0.905570|    1.927270|
|         143|   -3.518390|   -0.593801|   -0.935660|    1.935080|
|         144|   -3.520737|   -0.606068|   -0.942647|    1.933497|
|         145|   -3.533797|   -0.614798|   -0.932722|    1.919843|
|         146|   -3.557950|   -0.621768|   -0.921362|    1.894850|
|         147|   -3.590226|   -0.629293|   -0.920458|    1.863461|
|         148|   -3.625196|   -0.638808|   -0.934329|    1.833283|
|         149|   -3.655206|   -0.649687|   -0.960780|    1.812934|
|         150|   -3.679497|   -0.661180|   -0.991495|    1.799771|
+-----------------------------------------------------------------------+
|        File Writing Summary       |              Filename             |
+-----------------------------------------------------------------------+
|SU2 binary restart                 |restart_flow.dat                   |

Writing the forces breakdown file (forces_breakdown.dat).
+-----------------------------------------------------------------------+
+----------------------------------------------------------------+
|  Inner_Iter|    rms[Rho]|   rms[RhoU]|   rms[RhoV]|   rms[RhoE]|
+----------------------------------------------------------------+
|         151|   -3.699146|   -0.671766|   -1.015158|    1.788178|
|         152|   -3.717843|   -0.680598|   -1.025702|    1.771681|
|         153|   -3.738074|   -0.688226|   -1.028389|    1.747332|
|         154|   -3.755628|   -0.695540|   -1.033891|    1.720565|
|         155|   -3.771046|   -0.705004|   -1.052544|    1.694426|
|         156|   -3.780552|   -0.717222|   -1.087295|    1.677593|
|         157|   -3.783860|   -0.731193|   -1.132583|    1.673303|
|         158|   -3.785828|   -0.744941|   -1.173410|    1.675271|
|         159|   -3.791276|   -0.756399|   -1.191805|    1.675619|
|         160|   -3.805649|   -0.765082|   -1.185886|    1.666653|
+-----------------------------------------------------------------------+
|        File Writing Summary       |              Filename             |
+-----------------------------------------------------------------------+
|SU2 binary restart                 |restart_flow.dat                   |

Writing the forces breakdown file (forces_breakdown.dat).
+-----------------------------------------------------------------------+
+----------------------------------------------------------------+
|  Inner_Iter|    rms[Rho]|   rms[RhoU]|   rms[RhoV]|   rms[RhoE]|
+----------------------------------------------------------------+
|         161|   -3.829827|   -0.771700|   -1.171599|    1.647400|
|         162|   -3.860728|   -0.777513|   -1.164130|    1.621937|
|         163|   -3.892976|   -0.783439|   -1.169118|    1.596552|
|         164|   -3.920487|   -0.789459|   -1.184113|    1.576956|
|         165|   -3.943982|   -0.795520|   -1.202766|    1.560815|
|         166|   -3.965575|   -0.801432|   -1.218674|    1.544374|
|         167|   -3.987443|   -0.807244|   -1.230193|    1.525041|
|         168|   -4.008564|   -0.813325|   -1.241180|    1.504194|
|         169|   -4.023780|   -0.819979|   -1.256634|    1.487532|
|         170|   -4.030978|   -0.827456|   -1.278605|    1.478232|
+-----------------------------------------------------------------------+
|        File Writing Summary       |              Filename             |
+-----------------------------------------------------------------------+
|SU2 binary restart                 |restart_flow.dat                   |

Writing the forces breakdown file (forces_breakdown.dat).
+-----------------------------------------------------------------------+
+----------------------------------------------------------------+
|  Inner_Iter|    rms[Rho]|   rms[RhoU]|   rms[RhoV]|   rms[RhoE]|
+----------------------------------------------------------------+
|         171|   -4.030335|   -0.835439|   -1.303746|    1.476877|
|         172|   -4.026811|   -0.843282|   -1.324496|    1.479087|
|         173|   -4.026914|   -0.850468|   -1.334323|    1.478733|
|         174|   -4.035132|   -0.856945|   -1.333780|    1.471739|
|         175|   -4.052726|   -0.863107|   -1.329832|    1.457493|
|         176|   -4.077929|   -0.869462|   -1.329641|    1.438459|
|         177|   -4.106543|   -0.876288|   -1.336342|    1.418822|
|         178|   -4.133058|   -0.883510|   -1.348550|    1.402411|
|         179|   -4.152644|   -0.890813|   -1.361943|    1.390797|
|         180|   -4.163426|   -0.897903|   -1.372199|    1.382949|
+-----------------------------------------------------------------------+
|        File Writing Summary       |              Filename             |
+-----------------------------------------------------------------------+
|SU2 binary restart                 |restart_flow.dat                   |

Writing the forces breakdown file (forces_breakdown.dat).
+-----------------------------------------------------------------------+
+----------------------------------------------------------------+
|  Inner_Iter|    rms[Rho]|   rms[RhoU]|   rms[RhoV]|   rms[RhoE]|
+----------------------------------------------------------------+
|         181|   -4.167223|   -0.904715|   -1.378114|    1.376608|
|         182|   -4.167994|   -0.911459|   -1.382295|    1.369923|
|         183|   -4.169556|   -0.918469|   -1.388825|    1.362241|
|         184|   -4.174159|   -0.925983|   -1.400388|    1.353992|
|         185|   -4.182201|   -0.934004|   -1.416778|    1.346036|
|         186|   -4.192726|   -0.942304|   -1.434928|    1.338843|
|         187|   -4.204371|   -0.950574|   -1.450398|    1.331972|
|         188|   -4.216423|   -0.958625|   -1.460107|    1.324154|
|         189|   -4.229445|   -0.966504|   -1.464494|    1.313886|
|         190|   -4.244965|   -0.974468|   -1.466954|    1.300176|
+-----------------------------------------------------------------------+
|        File Writing Summary       |              Filename             |
+-----------------------------------------------------------------------+
|SU2 binary restart                 |restart_flow.dat                   |

Writing the forces breakdown file (forces_breakdown.dat).
+-----------------------------------------------------------------------+
+----------------------------------------------------------------+
|  Inner_Iter|    rms[Rho]|   rms[RhoU]|   rms[RhoV]|   rms[RhoE]|
+----------------------------------------------------------------+
|         191|   -4.264360|   -0.982829|   -1.471257|    1.283150|
|         192|   -4.287562|   -0.991790|   -1.479424|    1.264278|
|         193|   -4.312228|   -1.001341|   -1.491125|    1.246043|
|         194|   -4.334086|   -1.011293|   -1.504242|    1.230892|
|         195|   -4.348920|   -1.021388|   -1.516220|    1.219951|
|         196|   -4.355395|   -1.031423|   -1.525636|    1.212473|
|         197|   -4.356126|   -1.041336|   -1.532965|    1.206463|
|         198|   -4.355785|   -1.051190|   -1.539994|    1.199893|
|         199|   -4.358389|   -1.061098|   -1.548489|    1.191585|
|         200|   -4.365937|   -1.071128|   -1.559175|    1.181384|
+-----------------------------------------------------------------------+
|        File Writing Summary       |              Filename             |
+-----------------------------------------------------------------------+
|SU2 binary restart                 |restart_flow.dat                   |

Writing the forces breakdown file (forces_breakdown.dat).
+-----------------------------------------------------------------------+
+----------------------------------------------------------------+
|  Inner_Iter|    rms[Rho]|   rms[RhoU]|   rms[RhoV]|   rms[RhoE]|
+----------------------------------------------------------------+
|         201|   -4.378462|   -1.081269|   -1.571498|    1.169779|
|         202|   -4.394726|   -1.091448|   -1.584074|    1.157323|
|         203|   -4.413064|   -1.101598|   -1.595527|    1.144233|
|         204|   -4.432112|   -1.111706|   -1.605258|    1.130364|
|         205|   -4.451161|   -1.121838|   -1.613665|    1.115501|
|         206|   -4.469997|   -1.132103|   -1.621743|    1.099720|
|         207|   -4.488382|   -1.142600|   -1.630430|    1.083580|
|         208|   -4.505617|   -1.153369|   -1.640150|    1.068015|
|         209|   -4.520548|   -1.164380|   -1.650735|    1.053980|
|         210|   -4.532053|   -1.175551|   -1.661641|    1.042042|
+-----------------------------------------------------------------------+
|        File Writing Summary       |              Filename             |
+-----------------------------------------------------------------------+
|SU2 binary restart                 |restart_flow.dat                   |

Writing the forces breakdown file (forces_breakdown.dat).
+-----------------------------------------------------------------------+
+----------------------------------------------------------------+
|  Inner_Iter|    rms[Rho]|   rms[RhoU]|   rms[RhoV]|   rms[RhoE]|
+----------------------------------------------------------------+
|         211|   -4.539694|   -1.186782|   -1.672272|    1.032183|
|         212|   -4.544091|   -1.197984|   -1.682255|    1.023879|
|         213|   -4.546748|   -1.209093|   -1.691527|    1.016349|
|         214|   -4.549505|   -1.220080|   -1.700261|    1.008795|
|         215|   -4.553963|   -1.230932|   -1.708709|    1.000561|
|         216|   -4.561144|   -1.241653|   -1.717078|    0.991209|
|         217|   -4.571382|   -1.252255|   -1.725479|    0.980542|
|         218|   -4.584369|   -1.262753|   -1.733946|    0.968617|
|         219|   -4.599290|   -1.273172|   -1.742480|    0.955711|
|         220|   -4.615025|   -1.283541|   -1.751094|    0.942261|
+-----------------------------------------------------------------------+
|        File Writing Summary       |              Filename             |
+-----------------------------------------------------------------------+
|SU2 binary restart                 |restart_flow.dat                   |

Writing the forces breakdown file (forces_breakdown.dat).
+-----------------------------------------------------------------------+
+----------------------------------------------------------------+
|  Inner_Iter|    rms[Rho]|   rms[RhoU]|   rms[RhoV]|   rms[RhoE]|
+----------------------------------------------------------------+
|         221|   -4.630382|   -1.293888|   -1.759843|    0.928768|
|         222|   -4.644337|   -1.304236|   -1.768813|    0.915699|
|         223|   -4.656194|   -1.314599|   -1.778099|    0.903426|
|         224|   -4.665658|   -1.324981|   -1.787751|    0.892191|
|         225|   -4.672819|   -1.335373|   -1.797732|    0.882107|
|         226|   -4.678101|   -1.345757|   -1.807894|    0.873141|
|         227|   -4.682171|   -1.356106|   -1.817995|    0.865113|
|         228|   -4.685830|   -1.366388|   -1.827752|    0.857695|
|         229|   -4.689864|   -1.376570|   -1.836922|    0.850469|
|         230|   -4.694910|   -1.386619|   -1.845370|    0.843009|
+-----------------------------------------------------------------------+
|        File Writing Summary       |              Filename             |
+-----------------------------------------------------------------------+
|SU2 binary restart                 |restart_flow.dat                   |

Writing the forces breakdown file (forces_breakdown.dat).
+-----------------------------------------------------------------------+
+----------------------------------------------------------------+
|  Inner_Iter|    rms[Rho]|   rms[RhoU]|   rms[RhoV]|   rms[RhoE]|
+----------------------------------------------------------------+
|         231|   -4.701354|   -1.396511|   -1.853107|    0.834974|
|         232|   -4.709304|   -1.406232|   -1.860284|    0.826166|
|         233|   -4.718622|   -1.415783|   -1.867150|    0.816557|
|         234|   -4.728987|   -1.425177|   -1.873997|    0.806264|
|         235|   -4.739962|   -1.434442|   -1.881095|    0.795523|
|         236|   -4.751039|   -1.443605|   -1.888651|    0.784646|
|         237|   -4.761678|   -1.452691|   -1.896774|    0.773978|
|         238|   -4.771373|   -1.461717|   -1.905459|    0.763844|
|         239|   -4.779756|   -1.470688|   -1.914600|    0.754478|
|         240|   -4.786723|   -1.479600|   -1.924014|    0.745957|
+-----------------------------------------------------------------------+
|        File Writing Summary       |              Filename             |
+-----------------------------------------------------------------------+
|SU2 binary restart                 |restart_flow.dat                   |

Writing the forces breakdown file (forces_breakdown.dat).
+-----------------------------------------------------------------------+
+----------------------------------------------------------------+
|  Inner_Iter|    rms[Rho]|   rms[RhoU]|   rms[RhoV]|   rms[RhoE]|
+----------------------------------------------------------------+
|         241|   -4.792498|   -1.488448|   -1.933485|    0.738175|
|         242|   -4.797591|   -1.497224|   -1.942806|    0.730874|
|         243|   -4.802651|   -1.505924|   -1.951813|    0.723726|
|         244|   -4.808262|   -1.514543|   -1.960400|    0.716436|
|         245|   -4.814787|   -1.523073|   -1.968513|    0.708818|
|         246|   -4.822302|   -1.531503|   -1.976148|    0.700820|
|         247|   -4.830629|   -1.539819|   -1.983348|    0.692502|
|         248|   -4.839435|   -1.548008|   -1.990209|    0.683982|
|         249|   -4.848367|   -1.556065|   -1.996880|    0.675389|
|         250|   -4.857137|   -1.563995|   -2.003547|    0.666833|
+-----------------------------------------------------------------------+
|        File Writing Summary       |              Filename             |
+-----------------------------------------------------------------------+
|SU2 binary restart                 |restart_flow.dat                   |

Writing the forces breakdown file (forces_breakdown.dat).
|Paraview                           |flow.vtu                           |

Writing the forces breakdown file (forces_breakdown.dat).
|Paraview surface                   |surface_flow.vtu                   |

Writing the forces breakdown file (forces_breakdown.dat).
|CSV file                           |surface_flow.csv                   |

Writing the forces breakdown file (forces_breakdown.dat).
+-----------------------------------------------------------------------+
+----------------------------------------------------------------+
|  Inner_Iter|    rms[Rho]|   rms[RhoU]|   rms[RhoV]|   rms[RhoE]|
+----------------------------------------------------------------+
|         251|   -4.865567|   -1.571812|   -2.010401|    0.658414|
|         252|   -4.873571|   -1.579533|   -2.017593|    0.650221|
|         253|   -4.881119|   -1.587174|   -2.025192|    0.642339|
|         254|   -4.888228|   -1.594746|   -2.033164|    0.634820|
|         255|   -4.894963|   -1.602251|   -2.041385|    0.627654|
|         256|   -4.901458|   -1.609688|   -2.049678|    0.620749|
|         257|   -4.907918|   -1.617053|   -2.057868|    0.613950|
|         258|   -4.914577|   -1.624346|   -2.065822|    0.607078|
|         259|   -4.921639|   -1.631570|   -2.073482|    0.599988|
|         260|   -4.929211|   -1.638730|   -2.080851|    0.592616|
+-----------------------------------------------------------------------+
|        File Writing Summary       |              Filename             |
+-----------------------------------------------------------------------+
|SU2 binary restart                 |restart_flow.dat                   |

Writing the forces breakdown file (forces_breakdown.dat).
+-----------------------------------------------------------------------+
+----------------------------------------------------------------+
|  Inner_Iter|    rms[Rho]|   rms[RhoU]|   rms[RhoV]|   rms[RhoE]|
+----------------------------------------------------------------+
|         261|   -4.937262|   -1.645833|   -2.087978|    0.584999|
|         262|   -4.945621|   -1.652882|   -2.094928|    0.577251|
|         263|   -4.954029|   -1.659879|   -2.101763|    0.569531|
|         264|   -4.962210|   -1.666822|   -2.108534|    0.561989|
|         265|   -4.969950|   -1.673709|   -2.115290|    0.554735|
|         266|   -4.977149|   -1.680539|   -2.122076|    0.547811|
|         267|   -4.983847|   -1.687312|   -2.128931|    0.541200|
|         268|   -4.990191|   -1.694031|   -2.135883|    0.534832|
|         269|   -4.996394|   -1.700699|   -2.142935|    0.528610|
|         270|   -5.002680|   -1.707317|   -2.150064|    0.522421|
+-----------------------------------------------------------------------+
|        File Writing Summary       |              Filename             |
+-----------------------------------------------------------------------+
|SU2 binary restart                 |restart_flow.dat                   |

Writing the forces breakdown file (forces_breakdown.dat).
+-----------------------------------------------------------------------+
+----------------------------------------------------------------+
|  Inner_Iter|    rms[Rho]|   rms[RhoU]|   rms[RhoV]|   rms[RhoE]|
+----------------------------------------------------------------+
|         271|   -5.009236|   -1.713889|   -2.157224|    0.516158|
|         272|   -5.016182|   -1.720417|   -2.164359|    0.509734|
|         273|   -5.023562|   -1.726905|   -2.171427|    0.503092|
|         274|   -5.031343|   -1.733359|   -2.178405|    0.496218|
|         275|   -5.039424|   -1.739788|   -2.185298|    0.489145|
|         276|   -5.047659|   -1.746201|   -2.192135|    0.481942|
|         277|   -5.055875|   -1.752608|   -2.198949|    0.474711|
|         278|   -5.063905|   -1.759015|   -2.205773|    0.467559|
|         279|   -5.071606|   -1.765427|   -2.212622|    0.460584|
|         280|   -5.078893|   -1.771844|   -2.219496|    0.453853|
+-----------------------------------------------------------------------+
|        File Writing Summary       |              Filename             |
+-----------------------------------------------------------------------+
|SU2 binary restart                 |restart_flow.dat                   |

Writing the forces breakdown file (forces_breakdown.dat).
+-----------------------------------------------------------------------+
+----------------------------------------------------------------+
|  Inner_Iter|    rms[Rho]|   rms[RhoU]|   rms[RhoV]|   rms[RhoE]|
+----------------------------------------------------------------+
|         281|   -5.085757|   -1.778263|   -2.226381|    0.447386|
|         282|   -5.092263|   -1.784681|   -2.233255|    0.441157|
|         283|   -5.098547|   -1.791092|   -2.240098|    0.435093|
|         284|   -5.104784|   -1.797493|   -2.246895|    0.429095|
|         285|   -5.111154|   -1.803881|   -2.253645|    0.423059|
|         286|   -5.117803|   -1.810255|   -2.260353|    0.416892|
|         287|   -5.124819|   -1.816619|   -2.267037|    0.410535|
|         288|   -5.132215|   -1.822976|   -2.273717|    0.403965|
|         289|   -5.139936|   -1.829332|   -2.280414|    0.397199|
|         290|   -5.147870|   -1.835693|   -2.287149|    0.390283|
+-----------------------------------------------------------------------+
|        File Writing Summary       |              Filename             |
+-----------------------------------------------------------------------+
|SU2 binary restart                 |restart_flow.dat                   |

Writing the forces breakdown file (forces_breakdown.dat).
+-----------------------------------------------------------------------+
+----------------------------------------------------------------+
|  Inner_Iter|    rms[Rho]|   rms[RhoU]|   rms[RhoV]|   rms[RhoE]|
+----------------------------------------------------------------+
|         291|   -5.155879|   -1.842068|   -2.293937|    0.383283|
|         292|   -5.163825|   -1.848461|   -2.300787|    0.376273|
|         293|   -5.171590|   -1.854878|   -2.307700|    0.369317|
|         294|   -5.179102|   -1.861323|   -2.314668|    0.362466|
|         295|   -5.186334|   -1.867797|   -2.321674|    0.355749|
|         296|   -5.193310|   -1.874299|   -2.328695|    0.349168|
|         297|   -5.200092|   -1.880827|   -2.335703|    0.342702|
|         298|   -5.206768|   -1.887376|   -2.342675|    0.336310|
|         299|   -5.213436|   -1.893942|   -2.349593|    0.329939|
|         300|   -5.220189|   -1.900521|   -2.356451|    0.323536|
+-----------------------------------------------------------------------+
|        File Writing Summary       |              Filename             |
+-----------------------------------------------------------------------+
|SU2 binary restart                 |restart_flow.dat                   |

Writing the forces breakdown file (forces_breakdown.dat).
+-----------------------------------------------------------------------+
+----------------------------------------------------------------+
|  Inner_Iter|    rms[Rho]|   rms[RhoU]|   rms[RhoV]|   rms[RhoE]|
+----------------------------------------------------------------+
|         301|   -5.227097|   -1.907112|   -2.363258|    0.317053|
|         302|   -5.234197|   -1.913714|   -2.370031|    0.310460|
|         303|   -5.241495|   -1.920327|   -2.376798|    0.303746|
|         304|   -5.248960|   -1.926952|   -2.383586|    0.296918|
|         305|   -5.256539|   -1.933594|   -2.390421|    0.290001|
|         306|   -5.264164|   -1.940256|   -2.397319|    0.283027|
|         307|   -5.271769|   -1.946940|   -2.404288|    0.276032|
|         308|   -5.279297|   -1.953648|   -2.411327|    0.269048|
|         309|   -5.286714|   -1.960383|   -2.418426|    0.262097|
|         310|   -5.294009|   -1.967145|   -2.425568|    0.255191|
+-----------------------------------------------------------------------+
|        File Writing Summary       |              Filename             |
+-----------------------------------------------------------------------+
|SU2 binary restart                 |restart_flow.dat                   |

Writing the forces breakdown file (forces_breakdown.dat).
+-----------------------------------------------------------------------+
+----------------------------------------------------------------+
|  Inner_Iter|    rms[Rho]|   rms[RhoU]|   rms[RhoV]|   rms[RhoE]|
+----------------------------------------------------------------+
|         311|   -5.301195|   -1.973933|   -2.432734|    0.248329|
|         312|   -5.308303|   -1.980747|   -2.439902|    0.241500|
|         313|   -5.315372|   -1.987586|   -2.447056|    0.234688|
|         314|   -5.322444|   -1.994446|   -2.454182|    0.227873|
|         315|   -5.329551|   -2.001326|   -2.461275|    0.221037|
|         316|   -5.336715|   -2.008224|   -2.468336|    0.214166|
|         317|   -5.343944|   -2.015139|   -2.475373|    0.207253|
|         318|   -5.351234|   -2.022069|   -2.482397|    0.200296|
|         319|   -5.358571|   -2.029014|   -2.489425|    0.193298|
|         320|   -5.365937|   -2.035973|   -2.496472|    0.186267|
+-----------------------------------------------------------------------+
|        File Writing Summary       |              Filename             |
+-----------------------------------------------------------------------+
|SU2 binary restart                 |restart_flow.dat                   |

Writing the forces breakdown file (forces_breakdown.dat).
+-----------------------------------------------------------------------+
+----------------------------------------------------------------+
|  Inner_Iter|    rms[Rho]|   rms[RhoU]|   rms[RhoV]|   rms[RhoE]|
+----------------------------------------------------------------+
|         321|   -5.373313|   -2.042947|   -2.503551|    0.179212|
|         322|   -5.380684|   -2.049937|   -2.510670|    0.172141|
|         323|   -5.388039|   -2.056941|   -2.517833|    0.165063|
|         324|   -5.395373|   -2.063962|   -2.525039|    0.157981|
|         325|   -5.402687|   -2.070999|   -2.532280|    0.150898|
|         326|   -5.409988|   -2.078052|   -2.539546|    0.143811|
|         327|   -5.417284|   -2.085121|   -2.546826|    0.136718|
|         328|   -5.424583|   -2.092205|   -2.554110|    0.129615|
|         329|   -5.431894|   -2.099304|   -2.561389|    0.122499|
|         330|   -5.439217|   -2.106417|   -2.568658|    0.115368|
+-----------------------------------------------------------------------+
|        File Writing Summary       |              Filename             |
+-----------------------------------------------------------------------+
|SU2 binary restart                 |restart_flow.dat                   |

Writing the forces breakdown file (forces_breakdown.dat).
+-----------------------------------------------------------------------+
+----------------------------------------------------------------+
|  Inner_Iter|    rms[Rho]|   rms[RhoU]|   rms[RhoV]|   rms[RhoE]|
+----------------------------------------------------------------+
|         331|   -5.446552|   -2.113544|   -2.575915|    0.108222|
|         332|   -5.453894|   -2.120684|   -2.583159|    0.101066|
|         333|   -5.461234|   -2.127835|   -2.590395|    0.093902|
|         334|   -5.468565|   -2.134997|   -2.597626|    0.086735|
|         335|   -5.475881|   -2.142169|   -2.604858|    0.079568|
|         336|   -5.483181|   -2.149349|   -2.612097|    0.072401|
|         337|   -5.490468|   -2.156537|   -2.619346|    0.065234|
|         338|   -5.497750|   -2.163733|   -2.626611|    0.058063|
|         339|   -5.505034|   -2.170935|   -2.633892|    0.050885|
|         340|   -5.512332|   -2.178144|   -2.641190|    0.043696|
+-----------------------------------------------------------------------+
|        File Writing Summary       |              Filename             |
+-----------------------------------------------------------------------+
|SU2 binary restart                 |restart_flow.dat                   |

Writing the forces breakdown file (forces_breakdown.dat).
+-----------------------------------------------------------------------+
+----------------------------------------------------------------+
|  Inner_Iter|    rms[Rho]|   rms[RhoU]|   rms[RhoV]|   rms[RhoE]|
+----------------------------------------------------------------+
|         341|   -5.519650|   -2.185359|   -2.648503|    0.036492|
|         342|   -5.526993|   -2.192581|   -2.655829|    0.029270|
|         343|   -5.534362|   -2.199808|   -2.663164|    0.022029|
|         344|   -5.541752|   -2.207042|   -2.670504|    0.014772|
|         345|   -5.549157|   -2.214283|   -2.677846|    0.007500|
|         346|   -5.556565|   -2.221531|   -2.685189|    0.000220|
|         347|   -5.563968|   -2.228784|   -2.692530|   -0.007064|
|         348|   -5.571355|   -2.236045|   -2.699867|   -0.014345|
|         349|   -5.578719|   -2.243311|   -2.707202|   -0.021620|
|         350|   -5.586056|   -2.250582|   -2.714533|   -0.028884|
+-----------------------------------------------------------------------+
|        File Writing Summary       |              Filename             |
+-----------------------------------------------------------------------+
|SU2 binary restart                 |restart_flow.dat                   |

Writing the forces breakdown file (forces_breakdown.dat).
+-----------------------------------------------------------------------+
+----------------------------------------------------------------+
|  Inner_Iter|    rms[Rho]|   rms[RhoU]|   rms[RhoV]|   rms[RhoE]|
+----------------------------------------------------------------+
|         351|   -5.593368|   -2.257858|   -2.721861|   -0.036137|
|         352|   -5.600660|   -2.265137|   -2.729187|   -0.043381|
|         353|   -5.607939|   -2.272419|   -2.736511|   -0.050620|
|         354|   -5.615218|   -2.279702|   -2.743835|   -0.057859|
|         355|   -5.622507|   -2.286988|   -2.751160|   -0.065103|
|         356|   -5.629814|   -2.294274|   -2.758487|   -0.072357|
|         357|   -5.637145|   -2.301561|   -2.765818|   -0.079624|
|         358|   -5.644503|   -2.308849|   -2.773152|   -0.086907|
|         359|   -5.651884|   -2.316139|   -2.780492|   -0.094205|
|         360|   -5.659282|   -2.323429|   -2.787836|   -0.101516|
+-----------------------------------------------------------------------+
|        File Writing Summary       |              Filename             |
+-----------------------------------------------------------------------+
|SU2 binary restart                 |restart_flow.dat                   |

Writing the forces breakdown file (forces_breakdown.dat).
+-----------------------------------------------------------------------+
+----------------------------------------------------------------+
|  Inner_Iter|    rms[Rho]|   rms[RhoU]|   rms[RhoV]|   rms[RhoE]|
+----------------------------------------------------------------+
|         361|   -5.666689|   -2.330722|   -2.795185|   -0.108834|
|         362|   -5.674096|   -2.338017|   -2.802536|   -0.116157|
|         363|   -5.681493|   -2.345313|   -2.809891|   -0.123479|
|         364|   -5.688874|   -2.352612|   -2.817245|   -0.130795|
|         365|   -5.696233|   -2.359913|   -2.824599|   -0.138103|
|         366|   -5.703570|   -2.367216|   -2.831950|   -0.145400|
|         367|   -5.710888|   -2.374520|   -2.839296|   -0.152688|
|         368|   -5.718192|   -2.381826|   -2.846637|   -0.159968|
|         369|   -5.725488|   -2.389131|   -2.853972|   -0.167243|
|         370|   -5.732785|   -2.396437|   -2.861301|   -0.174516|
+-----------------------------------------------------------------------+
|        File Writing Summary       |              Filename             |
+-----------------------------------------------------------------------+
|SU2 binary restart                 |restart_flow.dat                   |

Writing the forces breakdown file (forces_breakdown.dat).
+-----------------------------------------------------------------------+
+----------------------------------------------------------------+
|  Inner_Iter|    rms[Rho]|   rms[RhoU]|   rms[RhoV]|   rms[RhoE]|
+----------------------------------------------------------------+
|         371|   -5.740089|   -2.403741|   -2.868625|   -0.181793|
|         372|   -5.747406|   -2.411046|   -2.875945|   -0.189075|
|         373|   -5.754738|   -2.418349|   -2.883263|   -0.196365|
|         374|   -5.762086|   -2.425652|   -2.890581|   -0.203664|
|         375|   -5.769448|   -2.432954|   -2.897901|   -0.210971|
|         376|   -5.776818|   -2.440255|   -2.905225|   -0.218285|
|         377|   -5.784193|   -2.447557|   -2.912551|   -0.225603|
|         378|   -5.791566|   -2.454858|   -2.919882|   -0.232923|
|         379|   -5.798933|   -2.462160|   -2.927215|   -0.240240|
|         380|   -5.806289|   -2.469463|   -2.934550|   -0.247554|
+-----------------------------------------------------------------------+
|        File Writing Summary       |              Filename             |
+-----------------------------------------------------------------------+
|SU2 binary restart                 |restart_flow.dat                   |

Writing the forces breakdown file (forces_breakdown.dat).
+-----------------------------------------------------------------------+
+----------------------------------------------------------------+
|  Inner_Iter|    rms[Rho]|   rms[RhoU]|   rms[RhoV]|   rms[RhoE]|
+----------------------------------------------------------------+
|         381|   -5.813632|   -2.476766|   -2.941885|   -0.254863|
|         382|   -5.820963|   -2.484069|   -2.949218|   -0.262166|
|         383|   -5.828284|   -2.491373|   -2.956547|   -0.269464|
|         384|   -5.835597|   -2.498677|   -2.963871|   -0.276757|
|         385|   -5.842907|   -2.505981|   -2.971188|   -0.284047|
|         386|   -5.850215|   -2.513285|   -2.978500|   -0.291336|
|         387|   -5.857526|   -2.520588|   -2.985807|   -0.298626|
|         388|   -5.864842|   -2.527890|   -2.993109|   -0.305918|
|         389|   -5.872164|   -2.535192|   -3.000408|   -0.313213|
|         390|   -5.879491|   -2.542493|   -3.007706|   -0.320511|
+-----------------------------------------------------------------------+
|        File Writing Summary       |              Filename             |
+-----------------------------------------------------------------------+
|SU2 binary restart                 |restart_flow.dat                   |

Writing the forces breakdown file (forces_breakdown.dat).
+-----------------------------------------------------------------------+
+----------------------------------------------------------------+
|  Inner_Iter|    rms[Rho]|   rms[RhoU]|   rms[RhoV]|   rms[RhoE]|
+----------------------------------------------------------------+
|         391|   -5.886823|   -2.549794|   -3.015004|   -0.327812|
|         392|   -5.894158|   -2.557094|   -3.022303|   -0.335116|
|         393|   -5.901494|   -2.564393|   -3.029605|   -0.342421|
|         394|   -5.908829|   -2.571693|   -3.036908|   -0.349727|
|         395|   -5.916162|   -2.578992|   -3.044214|   -0.357032|
|         396|   -5.923491|   -2.586291|   -3.051521|   -0.364336|
|         397|   -5.930815|   -2.593590|   -3.058828|   -0.371639|
|         398|   -5.938135|   -2.600890|   -3.066134|   -0.378940|
|         399|   -5.945451|   -2.608190|   -3.073438|   -0.386240|
|         400|   -5.952764|   -2.615490|   -3.080738|   -0.393538|
+-----------------------------------------------------------------------+
|        File Writing Summary       |              Filename             |
+-----------------------------------------------------------------------+
|SU2 binary restart                 |restart_flow.dat                   |

Writing the forces breakdown file (forces_breakdown.dat).
+-----------------------------------------------------------------------+
+----------------------------------------------------------------+
|  Inner_Iter|    rms[Rho]|   rms[RhoU]|   rms[RhoV]|   rms[RhoE]|
+----------------------------------------------------------------+
|         401|   -5.960074|   -2.622790|   -3.088035|   -0.400834|
|         402|   -5.967381|   -2.630091|   -3.095328|   -0.408130|
|         403|   -5.974688|   -2.637391|   -3.102617|   -0.415425|
|         404|   -5.981993|   -2.644691|   -3.109903|   -0.422719|
|         405|   -5.989298|   -2.651991|   -3.117186|   -0.430014|
|         406|   -5.996602|   -2.659291|   -3.124467|   -0.437308|
|         407|   -6.003906|   -2.666590|   -3.131748|   -0.444603|
|         408|   -6.011210|   -2.673889|   -3.139029|   -0.451898|
|         409|   -6.018514|   -2.681188|   -3.146311|   -0.459193|
|         410|   -6.025818|   -2.688487|   -3.153593|   -0.466489|
+-----------------------------------------------------------------------+
|        File Writing Summary       |              Filename             |
+-----------------------------------------------------------------------+
|SU2 binary restart                 |restart_flow.dat                   |

Writing the forces breakdown file (forces_breakdown.dat).
+-----------------------------------------------------------------------+
+----------------------------------------------------------------+
|  Inner_Iter|    rms[Rho]|   rms[RhoU]|   rms[RhoV]|   rms[RhoE]|
+----------------------------------------------------------------+
|         411|   -6.033123|   -2.695785|   -3.160875|   -0.473786|
|         412|   -6.040428|   -2.703084|   -3.168159|   -0.481084|
|         413|   -6.047732|   -2.710383|   -3.175442|   -0.488382|
|         414|   -6.055037|   -2.717682|   -3.182725|   -0.495680|
|         415|   -6.062340|   -2.724981|   -3.190007|   -0.502979|
|         416|   -6.069642|   -2.732280|   -3.197287|   -0.510278|
|         417|   -6.076941|   -2.739580|   -3.204565|   -0.517575|
|         418|   -6.084237|   -2.746879|   -3.211842|   -0.524872|
|         419|   -6.091530|   -2.754179|   -3.219116|   -0.532167|
|         420|   -6.098819|   -2.761479|   -3.226388|   -0.539461|
+-----------------------------------------------------------------------+
|        File Writing Summary       |              Filename             |
+-----------------------------------------------------------------------+
|SU2 binary restart                 |restart_flow.dat                   |

Writing the forces breakdown file (forces_breakdown.dat).
+-----------------------------------------------------------------------+
+----------------------------------------------------------------+
|  Inner_Iter|    rms[Rho]|   rms[RhoU]|   rms[RhoV]|   rms[RhoE]|
+----------------------------------------------------------------+
|         421|   -6.106105|   -2.768779|   -3.233659|   -0.546754|
|         422|   -6.113388|   -2.776080|   -3.240927|   -0.554045|
|         423|   -6.120670|   -2.783380|   -3.248194|   -0.561336|
|         424|   -6.127950|   -2.790679|   -3.255461|   -0.568626|
|         425|   -6.135231|   -2.797979|   -3.262726|   -0.575916|
|         426|   -6.142512|   -2.805279|   -3.269991|   -0.583207|
|         427|   -6.149794|   -2.812578|   -3.277256|   -0.590499|
|         428|   -6.157077|   -2.819877|   -3.284521|   -0.597791|
|         429|   -6.164362|   -2.827176|   -3.291785|   -0.605085|
|         430|   -6.171647|   -2.834475|   -3.299050|   -0.612380|
+-----------------------------------------------------------------------+
|        File Writing Summary       |              Filename             |
+-----------------------------------------------------------------------+
|SU2 binary restart                 |restart_flow.dat                   |

Writing the forces breakdown file (forces_breakdown.dat).
+-----------------------------------------------------------------------+
+----------------------------------------------------------------+
|  Inner_Iter|    rms[Rho]|   rms[RhoU]|   rms[RhoV]|   rms[RhoE]|
+----------------------------------------------------------------+
|         431|   -6.178931|   -2.841774|   -3.306313|   -0.619674|
|         432|   -6.186215|   -2.849073|   -3.313577|   -0.626969|
|         433|   -6.193496|   -2.856373|   -3.320839|   -0.634263|
|         434|   -6.200774|   -2.863672|   -3.328101|   -0.641556|
|         435|   -6.208050|   -2.870971|   -3.335361|   -0.648848|
|         436|   -6.215321|   -2.878270|   -3.342620|   -0.656139|
|         437|   -6.222590|   -2.885569|   -3.349877|   -0.663427|
|         438|   -6.229856|   -2.892868|   -3.357133|   -0.670715|
|         439|   -6.237120|   -2.900166|   -3.364387|   -0.678001|
|         440|   -6.244382|   -2.907465|   -3.371639|   -0.685287|
+-----------------------------------------------------------------------+
|        File Writing Summary       |              Filename             |
+-----------------------------------------------------------------------+
|SU2 binary restart                 |restart_flow.dat                   |

Writing the forces breakdown file (forces_breakdown.dat).
+-----------------------------------------------------------------------+
+----------------------------------------------------------------+
|  Inner_Iter|    rms[Rho]|   rms[RhoU]|   rms[RhoV]|   rms[RhoE]|
+----------------------------------------------------------------+
|         441|   -6.251645|   -2.914762|   -3.378890|   -0.692573|
|         442|   -6.258907|   -2.922060|   -3.386141|   -0.699858|
|         443|   -6.266170|   -2.929357|   -3.393390|   -0.707144|
|         444|   -6.273434|   -2.936654|   -3.400638|   -0.714430|
|         445|   -6.280698|   -2.943950|   -3.407887|   -0.721717|
|         446|   -6.287962|   -2.951246|   -3.415134|   -0.729004|
|         447|   -6.295226|   -2.958542|   -3.422382|   -0.736290|
|         448|   -6.302488|   -2.965837|   -3.429628|   -0.743577|
|         449|   -6.309750|   -2.973132|   -3.436875|   -0.750863|
|         450|   -6.317009|   -2.980426|   -3.444121|   -0.758148|
+-----------------------------------------------------------------------+
|        File Writing Summary       |              Filename             |
+-----------------------------------------------------------------------+
|SU2 binary restart                 |restart_flow.dat                   |

Writing the forces breakdown file (forces_breakdown.dat).
+-----------------------------------------------------------------------+
+----------------------------------------------------------------+
|  Inner_Iter|    rms[Rho]|   rms[RhoU]|   rms[RhoV]|   rms[RhoE]|
+----------------------------------------------------------------+
|         451|   -6.324265|   -2.987720|   -3.451365|   -0.765432|
|         452|   -6.331520|   -2.995014|   -3.458609|   -0.772715|
|         453|   -6.338772|   -3.002307|   -3.465851|   -0.779996|
|         454|   -6.346021|   -3.009600|   -3.473092|   -0.787276|
|         455|   -6.353269|   -3.016892|   -3.480332|   -0.794555|
|         456|   -6.360516|   -3.024184|   -3.487570|   -0.801833|
|         457|   -6.367762|   -3.031475|   -3.494807|   -0.809110|
|         458|   -6.375007|   -3.038765|   -3.502042|   -0.816387|
|         459|   -6.382252|   -3.046054|   -3.509276|   -0.823663|
|         460|   -6.389497|   -3.053343|   -3.516510|   -0.830939|
+-----------------------------------------------------------------------+
|        File Writing Summary       |              Filename             |
+-----------------------------------------------------------------------+
|SU2 binary restart                 |restart_flow.dat                   |

Writing the forces breakdown file (forces_breakdown.dat).
+-----------------------------------------------------------------------+
+----------------------------------------------------------------+
|  Inner_Iter|    rms[Rho]|   rms[RhoU]|   rms[RhoV]|   rms[RhoE]|
+----------------------------------------------------------------+
|         461|   -6.396741|   -3.060631|   -3.523742|   -0.838214|
|         462|   -6.403985|   -3.067918|   -3.530974|   -0.845489|
|         463|   -6.411229|   -3.075204|   -3.538206|   -0.852764|
|         464|   -6.418471|   -3.082490|   -3.545437|   -0.860038|
|         465|   -6.425713|   -3.089774|   -3.552667|   -0.867311|
|         466|   -6.432953|   -3.097058|   -3.559897|   -0.874583|
|         467|   -6.440192|   -3.104341|   -3.567125|   -0.881854|
|         468|   -6.447429|   -3.111623|   -3.574353|   -0.889124|
|         469|   -6.454665|   -3.118904|   -3.581580|   -0.896393|
|         470|   -6.461899|   -3.126185|   -3.588806|   -0.903661|
+-----------------------------------------------------------------------+
|        File Writing Summary       |              Filename             |
+-----------------------------------------------------------------------+
|SU2 binary restart                 |restart_flow.dat                   |

Writing the forces breakdown file (forces_breakdown.dat).
+-----------------------------------------------------------------------+
+----------------------------------------------------------------+
|  Inner_Iter|    rms[Rho]|   rms[RhoU]|   rms[RhoV]|   rms[RhoE]|
+----------------------------------------------------------------+
|         471|   -6.469132|   -3.133464|   -3.596030|   -0.910928|
|         472|   -6.476363|   -3.140743|   -3.603254|   -0.918193|
|         473|   -6.483593|   -3.148020|   -3.610476|   -0.925457|
|         474|   -6.490823|   -3.155297|   -3.617696|   -0.932720|
|         475|   -6.498051|   -3.162572|   -3.624916|   -0.939982|
|         476|   -6.505278|   -3.169846|   -3.632135|   -0.947243|
|         477|   -6.512505|   -3.177119|   -3.639353|   -0.954503|
|         478|   -6.519731|   -3.184391|   -3.646570|   -0.961763|
|         479|   -6.526957|   -3.191662|   -3.653786|   -0.969021|
|         480|   -6.534182|   -3.198931|   -3.661002|   -0.976279|
+-----------------------------------------------------------------------+
|        File Writing Summary       |              Filename             |
+-----------------------------------------------------------------------+
|SU2 binary restart                 |restart_flow.dat                   |

Writing the forces breakdown file (forces_breakdown.dat).
+-----------------------------------------------------------------------+
+----------------------------------------------------------------+
|  Inner_Iter|    rms[Rho]|   rms[RhoU]|   rms[RhoV]|   rms[RhoE]|
+----------------------------------------------------------------+
|         481|   -6.541406|   -3.206200|   -3.668217|   -0.983535|
|         482|   -6.548629|   -3.213467|   -3.675431|   -0.990791|
|         483|   -6.555852|   -3.220733|   -3.682645|   -0.998045|
|         484|   -6.563073|   -3.227998|   -3.689858|   -1.005298|
|         485|   -6.570293|   -3.235261|   -3.697070|   -1.012551|
|         486|   -6.577513|   -3.242524|   -3.704281|   -1.019801|
|         487|   -6.584731|   -3.249785|   -3.711492|   -1.027051|
|         488|   -6.591948|   -3.257045|   -3.718701|   -1.034299|
|         489|   -6.599163|   -3.264303|   -3.725910|   -1.041546|
|         490|   -6.606378|   -3.271561|   -3.733117|   -1.048792|
+-----------------------------------------------------------------------+
|        File Writing Summary       |              Filename             |
+-----------------------------------------------------------------------+
|SU2 binary restart                 |restart_flow.dat                   |

Writing the forces breakdown file (forces_breakdown.dat).
+-----------------------------------------------------------------------+
+----------------------------------------------------------------+
|  Inner_Iter|    rms[Rho]|   rms[RhoU]|   rms[RhoV]|   rms[RhoE]|
+----------------------------------------------------------------+
|         491|   -6.613592|   -3.278816|   -3.740323|   -1.056036|
|         492|   -6.620804|   -3.286071|   -3.747529|   -1.063279|
|         493|   -6.628016|   -3.293324|   -3.754734|   -1.070521|
|         494|   -6.635227|   -3.300576|   -3.761938|   -1.077762|
|         495|   -6.642438|   -3.307827|   -3.769141|   -1.085001|
|         496|   -6.649648|   -3.315076|   -3.776344|   -1.092240|
|         497|   -6.656857|   -3.322323|   -3.783546|   -1.099477|
|         498|   -6.664066|   -3.329570|   -3.790747|   -1.106713|
|         499|   -6.671274|   -3.336815|   -3.797948|   -1.113949|
|         500|   -6.678481|   -3.344058|   -3.805148|   -1.121183|
+-----------------------------------------------------------------------+
|        File Writing Summary       |              Filename             |
+-----------------------------------------------------------------------+
|SU2 binary restart                 |restart_flow.dat                   |

Writing the forces breakdown file (forces_breakdown.dat).
|Paraview                           |flow.vtu                           |

Writing the forces breakdown file (forces_breakdown.dat).
|Paraview surface                   |surface_flow.vtu                   |

Writing the forces breakdown file (forces_breakdown.dat).
|CSV file                           |surface_flow.csv                   |

Writing the forces breakdown file (forces_breakdown.dat).
+-----------------------------------------------------------------------+
+----------------------------------------------------------------+
|  Inner_Iter|    rms[Rho]|   rms[RhoU]|   rms[RhoV]|   rms[RhoE]|
+----------------------------------------------------------------+
|         501|   -6.685688|   -3.351300|   -3.812347|   -1.128415|
|         502|   -6.692894|   -3.358541|   -3.819546|   -1.135647|
|         503|   -6.700099|   -3.365780|   -3.826744|   -1.142877|
|         504|   -6.707304|   -3.373018|   -3.833942|   -1.150106|
|         505|   -6.714507|   -3.380255|   -3.841139|   -1.157334|
|         506|   -6.721709|   -3.387490|   -3.848335|   -1.164560|
|         507|   -6.728911|   -3.394724|   -3.855530|   -1.171785|
|         508|   -6.736111|   -3.401956|   -3.862725|   -1.179009|
|         509|   -6.743311|   -3.409187|   -3.869919|   -1.186232|
|         510|   -6.750510|   -3.416417|   -3.877113|   -1.193453|
+-----------------------------------------------------------------------+
|        File Writing Summary       |              Filename             |
+-----------------------------------------------------------------------+
|SU2 binary restart                 |restart_flow.dat                   |

Writing the forces breakdown file (forces_breakdown.dat).
+-----------------------------------------------------------------------+
+----------------------------------------------------------------+
|  Inner_Iter|    rms[Rho]|   rms[RhoU]|   rms[RhoV]|   rms[RhoE]|
+----------------------------------------------------------------+
|         511|   -6.757709|   -3.423645|   -3.884306|   -1.200673|
|         512|   -6.764907|   -3.430872|   -3.891498|   -1.207892|
|         513|   -6.772105|   -3.438097|   -3.898690|   -1.215110|
|         514|   -6.779302|   -3.445322|   -3.905881|   -1.222326|
|         515|   -6.786499|   -3.452544|   -3.913072|   -1.229542|
|         516|   -6.793695|   -3.459765|   -3.920262|   -1.236757|
|         517|   -6.800891|   -3.466985|   -3.927452|   -1.243970|
|         518|   -6.808087|   -3.474204|   -3.934642|   -1.251183|
|         519|   -6.815282|   -3.481421|   -3.941831|   -1.258394|
|         520|   -6.822476|   -3.488637|   -3.949020|   -1.265604|
+-----------------------------------------------------------------------+
|        File Writing Summary       |              Filename             |
+-----------------------------------------------------------------------+
|SU2 binary restart                 |restart_flow.dat                   |

Writing the forces breakdown file (forces_breakdown.dat).
+-----------------------------------------------------------------------+
+----------------------------------------------------------------+
|  Inner_Iter|    rms[Rho]|   rms[RhoU]|   rms[RhoV]|   rms[RhoE]|
+----------------------------------------------------------------+
|         521|   -6.829669|   -3.495852|   -3.956208|   -1.272813|
|         522|   -6.836862|   -3.503065|   -3.963396|   -1.280021|
|         523|   -6.844055|   -3.510278|   -3.970583|   -1.287228|
|         524|   -6.851246|   -3.517489|   -3.977770|   -1.294433|
|         525|   -6.858437|   -3.524698|   -3.984957|   -1.301638|
|         526|   -6.865628|   -3.531907|   -3.992143|   -1.308841|
|         527|   -6.872818|   -3.539114|   -3.999329|   -1.316044|
|         528|   -6.880008|   -3.546320|   -4.006514|   -1.323245|
|         529|   -6.887198|   -3.553525|   -4.013699|   -1.330446|
|         530|   -6.894387|   -3.560728|   -4.020884|   -1.337645|
+-----------------------------------------------------------------------+
|        File Writing Summary       |              Filename             |
+-----------------------------------------------------------------------+
|SU2 binary restart                 |restart_flow.dat                   |

Writing the forces breakdown file (forces_breakdown.dat).
+-----------------------------------------------------------------------+
+----------------------------------------------------------------+
|  Inner_Iter|    rms[Rho]|   rms[RhoU]|   rms[RhoV]|   rms[RhoE]|
+----------------------------------------------------------------+
|         531|   -6.901576|   -3.567931|   -4.028068|   -1.344844|
|         532|   -6.908765|   -3.575132|   -4.035252|   -1.352042|
|         533|   -6.915953|   -3.582333|   -4.042436|   -1.359239|
|         534|   -6.923142|   -3.589532|   -4.049620|   -1.366435|
|         535|   -6.930330|   -3.596730|   -4.056803|   -1.373630|
|         536|   -6.937517|   -3.603927|   -4.063987|   -1.380825|
|         537|   -6.944704|   -3.611123|   -4.071170|   -1.388018|
|         538|   -6.951891|   -3.618318|   -4.078353|   -1.395211|
|         539|   -6.959078|   -3.625512|   -4.085536|   -1.402403|
|         540|   -6.966264|   -3.632705|   -4.092718|   -1.409594|
+-----------------------------------------------------------------------+
|        File Writing Summary       |              Filename             |
+-----------------------------------------------------------------------+
|SU2 binary restart                 |restart_flow.dat                   |

Writing the forces breakdown file (forces_breakdown.dat).
+-----------------------------------------------------------------------+
+----------------------------------------------------------------+
|  Inner_Iter|    rms[Rho]|   rms[RhoU]|   rms[RhoV]|   rms[RhoE]|
+----------------------------------------------------------------+
|         541|   -6.973450|   -3.639897|   -4.099901|   -1.416784|
|         542|   -6.980635|   -3.647089|   -4.107083|   -1.423973|
|         543|   -6.987821|   -3.654279|   -4.114265|   -1.431162|
|         544|   -6.995006|   -3.661469|   -4.121447|   -1.438350|
|         545|   -7.002191|   -3.668657|   -4.128628|   -1.445538|
|         546|   -7.009376|   -3.675845|   -4.135810|   -1.452724|
|         547|   -7.016560|   -3.683032|   -4.142991|   -1.459910|
|         548|   -7.023745|   -3.690218|   -4.150173|   -1.467096|
|         549|   -7.030930|   -3.697404|   -4.157354|   -1.474281|
|         550|   -7.038114|   -3.704589|   -4.164536|   -1.481465|
+-----------------------------------------------------------------------+
|        File Writing Summary       |              Filename             |
+-----------------------------------------------------------------------+
|SU2 binary restart                 |restart_flow.dat                   |

Writing the forces breakdown file (forces_breakdown.dat).
+-----------------------------------------------------------------------+
+----------------------------------------------------------------+
|  Inner_Iter|    rms[Rho]|   rms[RhoU]|   rms[RhoV]|   rms[RhoE]|
+----------------------------------------------------------------+
|         551|   -7.045298|   -3.711773|   -4.171717|   -1.488649|
|         552|   -7.052483|   -3.718956|   -4.178898|   -1.495833|
|         553|   -7.059667|   -3.726139|   -4.186080|   -1.503016|
|         554|   -7.066851|   -3.733321|   -4.193261|   -1.510198|
|         555|   -7.074035|   -3.740503|   -4.200443|   -1.517380|
|         556|   -7.081219|   -3.747684|   -4.207624|   -1.524562|
|         557|   -7.088403|   -3.754864|   -4.214806|   -1.531743|
|         558|   -7.095587|   -3.762044|   -4.221987|   -1.538923|
|         559|   -7.102770|   -3.769224|   -4.229169|   -1.546103|
|         560|   -7.109954|   -3.776402|   -4.236350|   -1.553283|
+-----------------------------------------------------------------------+
|        File Writing Summary       |              Filename             |
+-----------------------------------------------------------------------+
|SU2 binary restart                 |restart_flow.dat                   |

Writing the forces breakdown file (forces_breakdown.dat).
+-----------------------------------------------------------------------+
+----------------------------------------------------------------+
|  Inner_Iter|    rms[Rho]|   rms[RhoU]|   rms[RhoV]|   rms[RhoE]|
+----------------------------------------------------------------+
|         561|   -7.117138|   -3.783581|   -4.243532|   -1.560463|
|         562|   -7.124321|   -3.790759|   -4.250714|   -1.567642|
|         563|   -7.131505|   -3.797937|   -4.257896|   -1.574821|
|         564|   -7.138689|   -3.805114|   -4.265078|   -1.581999|
|         565|   -7.145873|   -3.812291|   -4.272260|   -1.589178|
|         566|   -7.153057|   -3.819467|   -4.279442|   -1.596356|
|         567|   -7.160241|   -3.826643|   -4.286624|   -1.603534|
|         568|   -7.167425|   -3.833819|   -4.293807|   -1.610712|
|         569|   -7.174609|   -3.840995|   -4.300990|   -1.617889|
|         570|   -7.181793|   -3.848170|   -4.308173|   -1.625067|
+-----------------------------------------------------------------------+
|        File Writing Summary       |              Filename             |
+-----------------------------------------------------------------------+
|SU2 binary restart                 |restart_flow.dat                   |

Writing the forces breakdown file (forces_breakdown.dat).
+-----------------------------------------------------------------------+
+----------------------------------------------------------------+
|  Inner_Iter|    rms[Rho]|   rms[RhoU]|   rms[RhoV]|   rms[RhoE]|
+----------------------------------------------------------------+
|         571|   -7.188978|   -3.855345|   -4.315356|   -1.632244|
|         572|   -7.196162|   -3.862520|   -4.322539|   -1.639421|
|         573|   -7.203347|   -3.869695|   -4.329722|   -1.646598|
|         574|   -7.210532|   -3.876869|   -4.336906|   -1.653775|
|         575|   -7.217717|   -3.884044|   -4.344090|   -1.660952|
|         576|   -7.224901|   -3.891218|   -4.351274|   -1.668128|
|         577|   -7.232086|   -3.898392|   -4.358458|   -1.675305|
|         578|   -7.239272|   -3.905566|   -4.365643|   -1.682482|
|         579|   -7.246457|   -3.912740|   -4.372828|   -1.689658|
|         580|   -7.253642|   -3.919914|   -4.380013|   -1.696835|
+-----------------------------------------------------------------------+
|        File Writing Summary       |              Filename             |
+-----------------------------------------------------------------------+
|SU2 binary restart                 |restart_flow.dat                   |

Writing the forces breakdown file (forces_breakdown.dat).
+-----------------------------------------------------------------------+
+----------------------------------------------------------------+
|  Inner_Iter|    rms[Rho]|   rms[RhoU]|   rms[RhoV]|   rms[RhoE]|
+----------------------------------------------------------------+
|         581|   -7.260828|   -3.927088|   -4.387198|   -1.704012|
|         582|   -7.268014|   -3.934262|   -4.394383|   -1.711188|
|         583|   -7.275200|   -3.941436|   -4.401569|   -1.718365|
|         584|   -7.282386|   -3.948609|   -4.408755|   -1.725542|
|         585|   -7.289573|   -3.955783|   -4.415941|   -1.732719|
|         586|   -7.296759|   -3.962957|   -4.423128|   -1.739896|
|         587|   -7.303946|   -3.970131|   -4.430315|   -1.747073|
|         588|   -7.311133|   -3.977305|   -4.437502|   -1.754250|
|         589|   -7.318321|   -3.984479|   -4.444689|   -1.761427|
|         590|   -7.325508|   -3.991654|   -4.451877|   -1.768605|
+-----------------------------------------------------------------------+
|        File Writing Summary       |              Filename             |
+-----------------------------------------------------------------------+
|SU2 binary restart                 |restart_flow.dat                   |

Writing the forces breakdown file (forces_breakdown.dat).
+-----------------------------------------------------------------------+
+----------------------------------------------------------------+
|  Inner_Iter|    rms[Rho]|   rms[RhoU]|   rms[RhoV]|   rms[RhoE]|
+----------------------------------------------------------------+
|         591|   -7.332696|   -3.998828|   -4.459065|   -1.775782|
|         592|   -7.339884|   -4.006002|   -4.466253|   -1.782960|
|         593|   -7.347072|   -4.013177|   -4.473441|   -1.790138|
|         594|   -7.354260|   -4.020352|   -4.480630|   -1.797316|
|         595|   -7.361449|   -4.027527|   -4.487820|   -1.804494|
|         596|   -7.368638|   -4.034702|   -4.495009|   -1.811673|
|         597|   -7.375827|   -4.041877|   -4.502199|   -1.818852|
|         598|   -7.383016|   -4.049053|   -4.509389|   -1.826030|
|         599|   -7.390206|   -4.056229|   -4.516579|   -1.833210|
|         600|   -7.397396|   -4.063405|   -4.523770|   -1.840389|
+-----------------------------------------------------------------------+
|        File Writing Summary       |              Filename             |
+-----------------------------------------------------------------------+
|SU2 binary restart                 |restart_flow.dat                   |

Writing the forces breakdown file (forces_breakdown.dat).
+-----------------------------------------------------------------------+
+----------------------------------------------------------------+
|  Inner_Iter|    rms[Rho]|   rms[RhoU]|   rms[RhoV]|   rms[RhoE]|
+----------------------------------------------------------------+
|         601|   -7.404586|   -4.070581|   -4.530961|   -1.847569|
|         602|   -7.411777|   -4.077758|   -4.538152|   -1.854748|
|         603|   -7.418967|   -4.084934|   -4.545344|   -1.861929|
|         604|   -7.426158|   -4.092111|   -4.552536|   -1.869109|
|         605|   -7.433350|   -4.099289|   -4.559729|   -1.876290|
|         606|   -7.440541|   -4.106466|   -4.566921|   -1.883471|
|         607|   -7.447733|   -4.113644|   -4.574114|   -1.890652|
|         608|   -7.454925|   -4.120822|   -4.581308|   -1.897834|
|         609|   -7.462117|   -4.128001|   -4.588501|   -1.905015|
|         610|   -7.469310|   -4.135179|   -4.595695|   -1.912198|
+-----------------------------------------------------------------------+
|        File Writing Summary       |              Filename             |
+-----------------------------------------------------------------------+
|SU2 binary restart                 |restart_flow.dat                   |

Writing the forces breakdown file (forces_breakdown.dat).
+-----------------------------------------------------------------------+
+----------------------------------------------------------------+
|  Inner_Iter|    rms[Rho]|   rms[RhoU]|   rms[RhoV]|   rms[RhoE]|
+----------------------------------------------------------------+
|         611|   -7.476503|   -4.142358|   -4.602890|   -1.919380|
|         612|   -7.483696|   -4.149538|   -4.610084|   -1.926563|
|         613|   -7.490889|   -4.156718|   -4.617279|   -1.933746|
|         614|   -7.498083|   -4.163898|   -4.624474|   -1.940929|
|         615|   -7.505277|   -4.171078|   -4.631670|   -1.948113|
|         616|   -7.512471|   -4.178259|   -4.638866|   -1.955297|
|         617|   -7.519666|   -4.185440|   -4.646062|   -1.962481|
|         618|   -7.526860|   -4.192621|   -4.653259|   -1.969666|
|         619|   -7.534056|   -4.199803|   -4.660455|   -1.976851|
|         620|   -7.541251|   -4.206985|   -4.667652|   -1.984037|
+-----------------------------------------------------------------------+
|        File Writing Summary       |              Filename             |
+-----------------------------------------------------------------------+
|SU2 binary restart                 |restart_flow.dat                   |

Writing the forces breakdown file (forces_breakdown.dat).
+-----------------------------------------------------------------------+
+----------------------------------------------------------------+
|  Inner_Iter|    rms[Rho]|   rms[RhoU]|   rms[RhoV]|   rms[RhoE]|
+----------------------------------------------------------------+
|         621|   -7.548447|   -4.214168|   -4.674850|   -1.991222|
|         622|   -7.555642|   -4.221351|   -4.682048|   -1.998409|
|         623|   -7.562839|   -4.228534|   -4.689246|   -2.005595|
|         624|   -7.570035|   -4.235718|   -4.696444|   -2.012782|
|         625|   -7.577232|   -4.242902|   -4.703643|   -2.019969|
|         626|   -7.584429|   -4.250086|   -4.710842|   -2.027156|
|         627|   -7.591626|   -4.257271|   -4.718041|   -2.034344|
|         628|   -7.598824|   -4.264456|   -4.725240|   -2.041533|
|         629|   -7.606021|   -4.271641|   -4.732440|   -2.048721|
|         630|   -7.613219|   -4.278827|   -4.739640|   -2.055910|
+-----------------------------------------------------------------------+
|        File Writing Summary       |              Filename             |
+-----------------------------------------------------------------------+
|SU2 binary restart                 |restart_flow.dat                   |

Writing the forces breakdown file (forces_breakdown.dat).
+-----------------------------------------------------------------------+
+----------------------------------------------------------------+
|  Inner_Iter|    rms[Rho]|   rms[RhoU]|   rms[RhoV]|   rms[RhoE]|
+----------------------------------------------------------------+
|         631|   -7.620418|   -4.286014|   -4.746840|   -2.063099|
|         632|   -7.627616|   -4.293200|   -4.754041|   -2.070289|
|         633|   -7.634815|   -4.300387|   -4.761242|   -2.077479|
|         634|   -7.642014|   -4.307575|   -4.768443|   -2.084669|
|         635|   -7.649213|   -4.314763|   -4.775644|   -2.091860|
|         636|   -7.656413|   -4.321951|   -4.782846|   -2.099051|
|         637|   -7.663613|   -4.329140|   -4.790048|   -2.106242|
|         638|   -7.670813|   -4.336329|   -4.797250|   -2.113434|
|         639|   -7.678013|   -4.343518|   -4.804453|   -2.120626|
|         640|   -7.685214|   -4.350708|   -4.811655|   -2.127819|
+-----------------------------------------------------------------------+
|        File Writing Summary       |              Filename             |
+-----------------------------------------------------------------------+
|SU2 binary restart                 |restart_flow.dat                   |

Writing the forces breakdown file (forces_breakdown.dat).
+-----------------------------------------------------------------------+
+----------------------------------------------------------------+
|  Inner_Iter|    rms[Rho]|   rms[RhoU]|   rms[RhoV]|   rms[RhoE]|
+----------------------------------------------------------------+
|         641|   -7.692414|   -4.357898|   -4.818858|   -2.135012|
|         642|   -7.699616|   -4.365088|   -4.826061|   -2.142205|
|         643|   -7.706817|   -4.372279|   -4.833265|   -2.149398|
|         644|   -7.714018|   -4.379471|   -4.840468|   -2.156592|
|         645|   -7.721220|   -4.386662|   -4.847672|   -2.163786|
|         646|   -7.728422|   -4.393854|   -4.854876|   -2.170981|
|         647|   -7.735624|   -4.401047|   -4.862081|   -2.178176|
|         648|   -7.742827|   -4.408240|   -4.869285|   -2.185371|
|         649|   -7.750029|   -4.415433|   -4.876490|   -2.192567|
|         650|   -7.757232|   -4.422627|   -4.883695|   -2.199762|
+-----------------------------------------------------------------------+
|        File Writing Summary       |              Filename             |
+-----------------------------------------------------------------------+
|SU2 binary restart                 |restart_flow.dat                   |

Writing the forces breakdown file (forces_breakdown.dat).
+-----------------------------------------------------------------------+
+----------------------------------------------------------------+
|  Inner_Iter|    rms[Rho]|   rms[RhoU]|   rms[RhoV]|   rms[RhoE]|
+----------------------------------------------------------------+
|         651|   -7.764435|   -4.429820|   -4.890900|   -2.206959|
|         652|   -7.771638|   -4.437015|   -4.898105|   -2.214155|
|         653|   -7.778842|   -4.444210|   -4.905311|   -2.221352|
|         654|   -7.786045|   -4.451405|   -4.912517|   -2.228549|
|         655|   -7.793249|   -4.458600|   -4.919723|   -2.235747|
|         656|   -7.800453|   -4.465796|   -4.926929|   -2.242945|
|         657|   -7.807658|   -4.472992|   -4.934135|   -2.250143|
|         658|   -7.814862|   -4.480188|   -4.941341|   -2.257341|
|         659|   -7.822067|   -4.487385|   -4.948548|   -2.264540|
|         660|   -7.829271|   -4.494582|   -4.955755|   -2.271739|
+-----------------------------------------------------------------------+
|        File Writing Summary       |              Filename             |
+-----------------------------------------------------------------------+
|SU2 binary restart                 |restart_flow.dat                   |

Writing the forces breakdown file (forces_breakdown.dat).
+-----------------------------------------------------------------------+
+----------------------------------------------------------------+
|  Inner_Iter|    rms[Rho]|   rms[RhoU]|   rms[RhoV]|   rms[RhoE]|
+----------------------------------------------------------------+
|         661|   -7.836476|   -4.501780|   -4.962962|   -2.278939|
|         662|   -7.843682|   -4.508978|   -4.970169|   -2.286139|
|         663|   -7.850887|   -4.516176|   -4.977376|   -2.293339|
|         664|   -7.858092|   -4.523375|   -4.984583|   -2.300539|
|         665|   -7.865298|   -4.530573|   -4.991791|   -2.307739|
|         666|   -7.872504|   -4.537773|   -4.998999|   -2.314940|
|         667|   -7.879710|   -4.544972|   -5.006206|   -2.322142|
|         668|   -7.886916|   -4.552172|   -5.013414|   -2.329343|
|         669|   -7.894122|   -4.559372|   -5.020622|   -2.336545|
|         670|   -7.901329|   -4.566573|   -5.027831|   -2.343747|
+-----------------------------------------------------------------------+
|        File Writing Summary       |              Filename             |
+-----------------------------------------------------------------------+
|SU2 binary restart                 |restart_flow.dat                   |

Writing the forces breakdown file (forces_breakdown.dat).
+-----------------------------------------------------------------------+
+----------------------------------------------------------------+
|  Inner_Iter|    rms[Rho]|   rms[RhoU]|   rms[RhoV]|   rms[RhoE]|
+----------------------------------------------------------------+
|         671|   -7.908535|   -4.573774|   -5.035039|   -2.350949|
|         672|   -7.915742|   -4.580975|   -5.042247|   -2.358152|
|         673|   -7.922949|   -4.588176|   -5.049456|   -2.365354|
|         674|   -7.930156|   -4.595378|   -5.056665|   -2.372557|
|         675|   -7.937363|   -4.602580|   -5.063873|   -2.379761|
|         676|   -7.944570|   -4.609782|   -5.071082|   -2.386964|
|         677|   -7.951777|   -4.616985|   -5.078291|   -2.394168|
|         678|   -7.958985|   -4.624188|   -5.085500|   -2.401372|
|         679|   -7.966192|   -4.631391|   -5.092709|   -2.408577|
|         680|   -7.973400|   -4.638594|   -5.099919|   -2.415781|
+-----------------------------------------------------------------------+
|        File Writing Summary       |              Filename             |
+-----------------------------------------------------------------------+
|SU2 binary restart                 |restart_flow.dat                   |

Writing the forces breakdown file (forces_breakdown.dat).
+-----------------------------------------------------------------------+
+----------------------------------------------------------------+
|  Inner_Iter|    rms[Rho]|   rms[RhoU]|   rms[RhoV]|   rms[RhoE]|
+----------------------------------------------------------------+
|         681|   -7.980608|   -4.645798|   -5.107128|   -2.422986|
|         682|   -7.987816|   -4.653002|   -5.114337|   -2.430191|
|         683|   -7.995024|   -4.660206|   -5.121547|   -2.437396|
|         684|   -8.002232|   -4.667411|   -5.128756|   -2.444601|
|         685|   -8.009440|   -4.674615|   -5.135966|   -2.451807|
|         686|   -8.016649|   -4.681820|   -5.143175|   -2.459013|
|         687|   -8.023857|   -4.689026|   -5.150385|   -2.466219|
|         688|   -8.031065|   -4.696231|   -5.157595|   -2.473425|
|         689|   -8.038274|   -4.703437|   -5.164805|   -2.480632|
|         690|   -8.045483|   -4.710643|   -5.172015|   -2.487838|
+-----------------------------------------------------------------------+
|        File Writing Summary       |              Filename             |
+-----------------------------------------------------------------------+
|SU2 binary restart                 |restart_flow.dat                   |

Writing the forces breakdown file (forces_breakdown.dat).
+-----------------------------------------------------------------------+
+----------------------------------------------------------------+
|  Inner_Iter|    rms[Rho]|   rms[RhoU]|   rms[RhoV]|   rms[RhoE]|
+----------------------------------------------------------------+
|         691|   -8.052691|   -4.717849|   -5.179225|   -2.495045|
|         692|   -8.059900|   -4.725055|   -5.186435|   -2.502252|
|         693|   -8.067109|   -4.732262|   -5.193645|   -2.509460|
|         694|   -8.074318|   -4.739469|   -5.200855|   -2.516667|
|         695|   -8.081527|   -4.746676|   -5.208065|   -2.523875|
|         696|   -8.088736|   -4.753883|   -5.215275|   -2.531082|
|         697|   -8.095945|   -4.761091|   -5.222485|   -2.538290|
|         698|   -8.103154|   -4.768298|   -5.229695|   -2.545498|
|         699|   -8.110363|   -4.775506|   -5.236905|   -2.552706|
|         700|   -8.117573|   -4.782714|   -5.244116|   -2.559915|
+-----------------------------------------------------------------------+
|        File Writing Summary       |              Filename             |
+-----------------------------------------------------------------------+
|SU2 binary restart                 |restart_flow.dat                   |

Writing the forces breakdown file (forces_breakdown.dat).
+-----------------------------------------------------------------------+
+----------------------------------------------------------------+
|  Inner_Iter|    rms[Rho]|   rms[RhoU]|   rms[RhoV]|   rms[RhoE]|
+----------------------------------------------------------------+
|         701|   -8.124782|   -4.789922|   -5.251326|   -2.567123|
|         702|   -8.131991|   -4.797131|   -5.258536|   -2.574332|
|         703|   -8.139200|   -4.804339|   -5.265746|   -2.581541|
|         704|   -8.146410|   -4.811548|   -5.272956|   -2.588750|
|         705|   -8.153619|   -4.818757|   -5.280167|   -2.595959|
|         706|   -8.160829|   -4.825966|   -5.287377|   -2.603168|
|         707|   -8.168038|   -4.833175|   -5.294587|   -2.610377|
|         708|   -8.175248|   -4.840384|   -5.301797|   -2.617587|
|         709|   -8.182457|   -4.847594|   -5.309008|   -2.624796|
|         710|   -8.189667|   -4.854803|   -5.316218|   -2.632006|
+-----------------------------------------------------------------------+
|        File Writing Summary       |              Filename             |
+-----------------------------------------------------------------------+
|SU2 binary restart                 |restart_flow.dat                   |

Writing the forces breakdown file (forces_breakdown.dat).
+-----------------------------------------------------------------------+
+----------------------------------------------------------------+
|  Inner_Iter|    rms[Rho]|   rms[RhoU]|   rms[RhoV]|   rms[RhoE]|
+----------------------------------------------------------------+
|         711|   -8.196877|   -4.862013|   -5.323428|   -2.639215|
|         712|   -8.204086|   -4.869223|   -5.330638|   -2.646425|
|         713|   -8.211296|   -4.876433|   -5.337849|   -2.653635|
|         714|   -8.218505|   -4.883643|   -5.345059|   -2.660845|
|         715|   -8.225715|   -4.890853|   -5.352269|   -2.668055|
|         716|   -8.232925|   -4.898064|   -5.359479|   -2.675266|
|         717|   -8.240134|   -4.905274|   -5.366689|   -2.682476|
|         718|   -8.247344|   -4.912485|   -5.373899|   -2.689686|
|         719|   -8.254553|   -4.919695|   -5.381109|   -2.696897|
|         720|   -8.261763|   -4.926906|   -5.388319|   -2.704107|
+-----------------------------------------------------------------------+
|        File Writing Summary       |              Filename             |
+-----------------------------------------------------------------------+
|SU2 binary restart                 |restart_flow.dat                   |

Writing the forces breakdown file (forces_breakdown.dat).
+-----------------------------------------------------------------------+
+----------------------------------------------------------------+
|  Inner_Iter|    rms[Rho]|   rms[RhoU]|   rms[RhoV]|   rms[RhoE]|
+----------------------------------------------------------------+
|         721|   -8.268972|   -4.934117|   -5.395529|   -2.711318|
|         722|   -8.276182|   -4.941328|   -5.402739|   -2.718528|
|         723|   -8.283392|   -4.948539|   -5.409949|   -2.725739|
|         724|   -8.290601|   -4.955750|   -5.417159|   -2.732950|
|         725|   -8.297811|   -4.962961|   -5.424369|   -2.740161|
|         726|   -8.305020|   -4.970172|   -5.431579|   -2.747371|
|         727|   -8.312230|   -4.977384|   -5.438788|   -2.754582|
|         728|   -8.319439|   -4.984595|   -5.445998|   -2.761793|
|         729|   -8.326649|   -4.991807|   -5.453208|   -2.769004|
|         730|   -8.333858|   -4.999018|   -5.460417|   -2.776215|
+-----------------------------------------------------------------------+
|        File Writing Summary       |              Filename             |
+-----------------------------------------------------------------------+
|SU2 binary restart                 |restart_flow.dat                   |

Writing the forces breakdown file (forces_breakdown.dat).
+-----------------------------------------------------------------------+
+----------------------------------------------------------------+
|  Inner_Iter|    rms[Rho]|   rms[RhoU]|   rms[RhoV]|   rms[RhoE]|
+----------------------------------------------------------------+
|         731|   -8.341067|   -5.006230|   -5.467627|   -2.783426|
|         732|   -8.348277|   -5.013441|   -5.474836|   -2.790637|
|         733|   -8.355486|   -5.020653|   -5.482046|   -2.797848|
|         734|   -8.362695|   -5.027864|   -5.489255|   -2.805059|
|         735|   -8.369904|   -5.035076|   -5.496465|   -2.812270|
|         736|   -8.377114|   -5.042288|   -5.503674|   -2.819481|
|         737|   -8.384323|   -5.049499|   -5.510883|   -2.826692|
|         738|   -8.391532|   -5.056711|   -5.518092|   -2.833903|
|         739|   -8.398741|   -5.063923|   -5.525301|   -2.841114|
|         740|   -8.405950|   -5.071134|   -5.532510|   -2.848326|
+-----------------------------------------------------------------------+
|        File Writing Summary       |              Filename             |
+-----------------------------------------------------------------------+
|SU2 binary restart                 |restart_flow.dat                   |

Writing the forces breakdown file (forces_breakdown.dat).
+-----------------------------------------------------------------------+
+----------------------------------------------------------------+
|  Inner_Iter|    rms[Rho]|   rms[RhoU]|   rms[RhoV]|   rms[RhoE]|
+----------------------------------------------------------------+
|         741|   -8.413159|   -5.078346|   -5.539719|   -2.855536|
|         742|   -8.420368|   -5.085558|   -5.546928|   -2.862748|
|         743|   -8.427577|   -5.092770|   -5.554137|   -2.869959|
|         744|   -8.434786|   -5.099981|   -5.561346|   -2.877170|
|         745|   -8.441994|   -5.107193|   -5.568555|   -2.884381|
|         746|   -8.449203|   -5.114405|   -5.575763|   -2.891592|
|         747|   -8.456412|   -5.121617|   -5.582972|   -2.898803|
|         748|   -8.463620|   -5.128828|   -5.590180|   -2.906014|
|         749|   -8.470829|   -5.136040|   -5.597389|   -2.913225|
|         750|   -8.478038|   -5.143252|   -5.604597|   -2.920435|
+-----------------------------------------------------------------------+
|        File Writing Summary       |              Filename             |
+-----------------------------------------------------------------------+
|SU2 binary restart                 |restart_flow.dat                   |

Writing the forces breakdown file (forces_breakdown.dat).
|Paraview                           |flow.vtu                           |

Writing the forces breakdown file (forces_breakdown.dat).
|Paraview surface                   |surface_flow.vtu                   |

Writing the forces breakdown file (forces_breakdown.dat).
|CSV file                           |surface_flow.csv                   |

Writing the forces breakdown file (forces_breakdown.dat).
+-----------------------------------------------------------------------+
+----------------------------------------------------------------+
|  Inner_Iter|    rms[Rho]|   rms[RhoU]|   rms[RhoV]|   rms[RhoE]|
+----------------------------------------------------------------+
|         751|   -8.485246|   -5.150463|   -5.611805|   -2.927646|
|         752|   -8.492455|   -5.157675|   -5.619014|   -2.934857|
|         753|   -8.499663|   -5.164887|   -5.626222|   -2.942068|
|         754|   -8.506871|   -5.172098|   -5.633430|   -2.949279|
|         755|   -8.514080|   -5.179310|   -5.640638|   -2.956489|
|         756|   -8.521287|   -5.186521|   -5.647846|   -2.963700|
|         757|   -8.528496|   -5.193733|   -5.655054|   -2.970911|
|         758|   -8.535704|   -5.200944|   -5.662262|   -2.978121|
|         759|   -8.542912|   -5.208155|   -5.669469|   -2.985332|
|         760|   -8.550120|   -5.215367|   -5.676677|   -2.992542|
+-----------------------------------------------------------------------+
|        File Writing Summary       |              Filename             |
+-----------------------------------------------------------------------+
|SU2 binary restart                 |restart_flow.dat                   |

Writing the forces breakdown file (forces_breakdown.dat).
+-----------------------------------------------------------------------+
+----------------------------------------------------------------+
|  Inner_Iter|    rms[Rho]|   rms[RhoU]|   rms[RhoV]|   rms[RhoE]|
+----------------------------------------------------------------+
|         761|   -8.557327|   -5.222578|   -5.683884|   -2.999753|
|         762|   -8.564535|   -5.229789|   -5.691092|   -3.006963|
|         763|   -8.571743|   -5.237000|   -5.698299|   -3.014173|
|         764|   -8.578951|   -5.244211|   -5.705507|   -3.021383|
|         765|   -8.586158|   -5.251422|   -5.712714|   -3.028593|
|         766|   -8.593366|   -5.258633|   -5.719921|   -3.035803|
|         767|   -8.600573|   -5.265844|   -5.727128|   -3.043013|
|         768|   -8.607781|   -5.273055|   -5.734335|   -3.050224|
|         769|   -8.614988|   -5.280265|   -5.741542|   -3.057433|
|         770|   -8.622195|   -5.287476|   -5.748749|   -3.064643|
+-----------------------------------------------------------------------+
|        File Writing Summary       |              Filename             |
+-----------------------------------------------------------------------+
|SU2 binary restart                 |restart_flow.dat                   |

Writing the forces breakdown file (forces_breakdown.dat).
+-----------------------------------------------------------------------+
+----------------------------------------------------------------+
|  Inner_Iter|    rms[Rho]|   rms[RhoU]|   rms[RhoV]|   rms[RhoE]|
+----------------------------------------------------------------+
|         771|   -8.629402|   -5.294687|   -5.755956|   -3.071853|
|         772|   -8.636610|   -5.301897|   -5.763163|   -3.079063|
|         773|   -8.643817|   -5.309108|   -5.770370|   -3.086272|
|         774|   -8.651023|   -5.316318|   -5.777576|   -3.093481|
|         775|   -8.658230|   -5.323528|   -5.784782|   -3.100691|
|         776|   -8.665437|   -5.330739|   -5.791989|   -3.107900|
|         777|   -8.672644|   -5.337949|   -5.799195|   -3.115110|
|         778|   -8.679851|   -5.345159|   -5.806401|   -3.122319|
|         779|   -8.687057|   -5.352369|   -5.813608|   -3.129528|
|         780|   -8.694264|   -5.359579|   -5.820814|   -3.136737|
+-----------------------------------------------------------------------+
|        File Writing Summary       |              Filename             |
+-----------------------------------------------------------------------+
|SU2 binary restart                 |restart_flow.dat                   |

Writing the forces breakdown file (forces_breakdown.dat).
+-----------------------------------------------------------------------+
+----------------------------------------------------------------+
|  Inner_Iter|    rms[Rho]|   rms[RhoU]|   rms[RhoV]|   rms[RhoE]|
+----------------------------------------------------------------+
|         781|   -8.701470|   -5.366788|   -5.828020|   -3.143946|
|         782|   -8.708677|   -5.373998|   -5.835226|   -3.151155|
|         783|   -8.715883|   -5.381208|   -5.842432|   -3.158363|
|         784|   -8.723090|   -5.388417|   -5.849638|   -3.165573|
|         785|   -8.730296|   -5.395627|   -5.856843|   -3.172781|
|         786|   -8.737502|   -5.402836|   -5.864049|   -3.179989|
|         787|   -8.744708|   -5.410045|   -5.871255|   -3.187198|
|         788|   -8.751915|   -5.417254|   -5.878460|   -3.194406|
|         789|   -8.759121|   -5.424463|   -5.885666|   -3.201615|
|         790|   -8.766326|   -5.431672|   -5.892871|   -3.208823|
+-----------------------------------------------------------------------+
|        File Writing Summary       |              Filename             |
+-----------------------------------------------------------------------+
|SU2 binary restart                 |restart_flow.dat                   |

Writing the forces breakdown file (forces_breakdown.dat).
+-----------------------------------------------------------------------+
+----------------------------------------------------------------+
|  Inner_Iter|    rms[Rho]|   rms[RhoU]|   rms[RhoV]|   rms[RhoE]|
+----------------------------------------------------------------+
|         791|   -8.773532|   -5.438881|   -5.900077|   -3.216031|
|         792|   -8.780737|   -5.446090|   -5.907282|   -3.223239|
|         793|   -8.787944|   -5.453299|   -5.914487|   -3.230447|
|         794|   -8.795150|   -5.460507|   -5.921692|   -3.237655|
|         795|   -8.802356|   -5.467716|   -5.928898|   -3.244863|
|         796|   -8.809560|   -5.474924|   -5.936103|   -3.252070|
|         797|   -8.816766|   -5.482132|   -5.943308|   -3.259277|
|         798|   -8.823971|   -5.489341|   -5.950513|   -3.266485|
|         799|   -8.831177|   -5.496549|   -5.957718|   -3.273692|
|         800|   -8.838382|   -5.503757|   -5.964922|   -3.280900|
+-----------------------------------------------------------------------+
|        File Writing Summary       |              Filename             |
+-----------------------------------------------------------------------+
|SU2 binary restart                 |restart_flow.dat                   |

Writing the forces breakdown file (forces_breakdown.dat).
+-----------------------------------------------------------------------+
+----------------------------------------------------------------+
|  Inner_Iter|    rms[Rho]|   rms[RhoU]|   rms[RhoV]|   rms[RhoE]|
+----------------------------------------------------------------+
|         801|   -8.845588|   -5.510965|   -5.972127|   -3.288107|
|         802|   -8.852793|   -5.518172|   -5.979332|   -3.295314|
|         803|   -8.859998|   -5.525380|   -5.986536|   -3.302521|
|         804|   -8.867203|   -5.532588|   -5.993741|   -3.309728|
|         805|   -8.874408|   -5.539795|   -6.000946|   -3.316935|
|         806|   -8.881613|   -5.547003|   -6.008150|   -3.324142|
|         807|   -8.888818|   -5.554210|   -6.015355|   -3.331349|
|         808|   -8.896022|   -5.561417|   -6.022559|   -3.338555|
|         809|   -8.903227|   -5.568624|   -6.029763|   -3.345762|
|         810|   -8.910433|   -5.575831|   -6.036968|   -3.352969|
+-----------------------------------------------------------------------+
|        File Writing Summary       |              Filename             |
+-----------------------------------------------------------------------+
|SU2 binary restart                 |restart_flow.dat                   |

Writing the forces breakdown file (forces_breakdown.dat).
+-----------------------------------------------------------------------+
+----------------------------------------------------------------+
|  Inner_Iter|    rms[Rho]|   rms[RhoU]|   rms[RhoV]|   rms[RhoE]|
+----------------------------------------------------------------+
|         811|   -8.917637|   -5.583038|   -6.044171|   -3.360175|
|         812|   -8.924842|   -5.590245|   -6.051376|   -3.367381|
|         813|   -8.932047|   -5.597452|   -6.058580|   -3.374588|
|         814|   -8.939251|   -5.604659|   -6.065784|   -3.381794|
|         815|   -8.946456|   -5.611865|   -6.072988|   -3.388999|
|         816|   -8.953659|   -5.619072|   -6.080192|   -3.396205|
|         817|   -8.960865|   -5.626278|   -6.087396|   -3.403412|
|         818|   -8.968069|   -5.633484|   -6.094600|   -3.410617|
|         819|   -8.975273|   -5.640691|   -6.101804|   -3.417823|
|         820|   -8.982476|   -5.647897|   -6.109008|   -3.425028|
+-----------------------------------------------------------------------+
|        File Writing Summary       |              Filename             |
+-----------------------------------------------------------------------+
|SU2 binary restart                 |restart_flow.dat                   |

Writing the forces breakdown file (forces_breakdown.dat).
+-----------------------------------------------------------------------+
+----------------------------------------------------------------+
|  Inner_Iter|    rms[Rho]|   rms[RhoU]|   rms[RhoV]|   rms[RhoE]|
+----------------------------------------------------------------+
|         821|   -8.989682|   -5.655103|   -6.116212|   -3.432234|
|         822|   -8.996886|   -5.662309|   -6.123415|   -3.439440|
|         823|   -9.004090|   -5.669515|   -6.130619|   -3.446645|
|         824|   -9.011293|   -5.676720|   -6.137823|   -3.453850|
|         825|   -9.018498|   -5.683926|   -6.145026|   -3.461056|
|         826|   -9.025702|   -5.691132|   -6.152230|   -3.468261|
|         827|   -9.032905|   -5.698337|   -6.159434|   -3.475466|
|         828|   -9.040110|   -5.705543|   -6.166638|   -3.482672|
|         829|   -9.047314|   -5.712748|   -6.173841|   -3.489876|
|         830|   -9.054518|   -5.719953|   -6.181045|   -3.497080|
+-----------------------------------------------------------------------+
|        File Writing Summary       |              Filename             |
+-----------------------------------------------------------------------+
|SU2 binary restart                 |restart_flow.dat                   |

Writing the forces breakdown file (forces_breakdown.dat).
+-----------------------------------------------------------------------+
+----------------------------------------------------------------+
|  Inner_Iter|    rms[Rho]|   rms[RhoU]|   rms[RhoV]|   rms[RhoE]|
+----------------------------------------------------------------+
|         831|   -9.061722|   -5.727158|   -6.188248|   -3.504286|
|         832|   -9.068926|   -5.734364|   -6.195451|   -3.511490|
|         833|   -9.076130|   -5.741569|   -6.202655|   -3.518696|
|         834|   -9.083333|   -5.748774|   -6.209858|   -3.525900|
|         835|   -9.090537|   -5.755979|   -6.217061|   -3.533105|
|         836|   -9.097740|   -5.763183|   -6.224265|   -3.540309|
|         837|   -9.104945|   -5.770388|   -6.231468|   -3.547513|
|         838|   -9.112149|   -5.777593|   -6.238671|   -3.554718|
|         839|   -9.119352|   -5.784797|   -6.245874|   -3.561922|
|         840|   -9.126556|   -5.792002|   -6.253078|   -3.569126|
+-----------------------------------------------------------------------+
|        File Writing Summary       |              Filename             |
+-----------------------------------------------------------------------+
|SU2 binary restart                 |restart_flow.dat                   |

Writing the forces breakdown file (forces_breakdown.dat).
+-----------------------------------------------------------------------+
+----------------------------------------------------------------+
|  Inner_Iter|    rms[Rho]|   rms[RhoU]|   rms[RhoV]|   rms[RhoE]|
+----------------------------------------------------------------+
|         841|   -9.133760|   -5.799206|   -6.260282|   -3.576331|
|         842|   -9.140963|   -5.806411|   -6.267484|   -3.583535|
|         843|   -9.148167|   -5.813615|   -6.274687|   -3.590740|
|         844|   -9.155370|   -5.820819|   -6.281891|   -3.597943|
|         845|   -9.162573|   -5.828024|   -6.289094|   -3.605147|
|         846|   -9.169776|   -5.835228|   -6.296297|   -3.612351|
|         847|   -9.176980|   -5.842432|   -6.303500|   -3.619555|
|         848|   -9.184183|   -5.849636|   -6.310704|   -3.626759|
|         849|   -9.191387|   -5.856840|   -6.317907|   -3.633963|
|         850|   -9.198591|   -5.864044|   -6.325110|   -3.641167|
+-----------------------------------------------------------------------+
|        File Writing Summary       |              Filename             |
+-----------------------------------------------------------------------+
|SU2 binary restart                 |restart_flow.dat                   |

Writing the forces breakdown file (forces_breakdown.dat).
+-----------------------------------------------------------------------+
+----------------------------------------------------------------+
|  Inner_Iter|    rms[Rho]|   rms[RhoU]|   rms[RhoV]|   rms[RhoE]|
+----------------------------------------------------------------+
|         851|   -9.205793|   -5.871248|   -6.332313|   -3.648371|
|         852|   -9.212996|   -5.878451|   -6.339516|   -3.655573|
|         853|   -9.220200|   -5.885655|   -6.346719|   -3.662778|
|         854|   -9.227405|   -5.892859|   -6.353922|   -3.669982|
|         855|   -9.234608|   -5.900063|   -6.361125|   -3.677186|
|         856|   -9.241811|   -5.907266|   -6.368328|   -3.684389|
|         857|   -9.249014|   -5.914470|   -6.375531|   -3.691592|
|         858|   -9.256216|   -5.921673|   -6.382735|   -3.698794|
|         859|   -9.263419|   -5.928877|   -6.389938|   -3.705998|
|         860|   -9.270623|   -5.936080|   -6.397141|   -3.713201|
+-----------------------------------------------------------------------+
|        File Writing Summary       |              Filename             |
+-----------------------------------------------------------------------+
|SU2 binary restart                 |restart_flow.dat                   |

Writing the forces breakdown file (forces_breakdown.dat).
+-----------------------------------------------------------------------+
+----------------------------------------------------------------+
|  Inner_Iter|    rms[Rho]|   rms[RhoU]|   rms[RhoV]|   rms[RhoE]|
+----------------------------------------------------------------+
|         861|   -9.277828|   -5.943284|   -6.404343|   -3.720406|
|         862|   -9.285030|   -5.950487|   -6.411546|   -3.727609|
|         863|   -9.292233|   -5.957691|   -6.418750|   -3.734812|
|         864|   -9.299434|   -5.964894|   -6.425953|   -3.742013|
|         865|   -9.306638|   -5.972097|   -6.433156|   -3.749217|
|         866|   -9.313842|   -5.979300|   -6.440358|   -3.756421|
|         867|   -9.321047|   -5.986503|   -6.447562|   -3.763626|
|         868|   -9.328250|   -5.993707|   -6.454764|   -3.770828|
|         869|   -9.335451|   -6.000910|   -6.461968|   -3.778030|
|         870|   -9.342656|   -6.008113|   -6.469171|   -3.785234|
+-----------------------------------------------------------------------+
|        File Writing Summary       |              Filename             |
+-----------------------------------------------------------------------+
|SU2 binary restart                 |restart_flow.dat                   |

Writing the forces breakdown file (forces_breakdown.dat).
+-----------------------------------------------------------------------+
+----------------------------------------------------------------+
|  Inner_Iter|    rms[Rho]|   rms[RhoU]|   rms[RhoV]|   rms[RhoE]|
+----------------------------------------------------------------+
|         871|   -9.349860|   -6.015316|   -6.476374|   -3.792438|
|         872|   -9.357063|   -6.022519|   -6.483577|   -3.799640|
|         873|   -9.364266|   -6.029722|   -6.490780|   -3.806844|
|         874|   -9.371471|   -6.036925|   -6.497983|   -3.814048|
|         875|   -9.378674|   -6.044128|   -6.505186|   -3.821250|
|         876|   -9.385878|   -6.051331|   -6.512390|   -3.828454|
|         877|   -9.393079|   -6.058533|   -6.519593|   -3.835656|
|         878|   -9.400281|   -6.065736|   -6.526796|   -3.842858|
|         879|   -9.407486|   -6.072939|   -6.533999|   -3.850062|
|         880|   -9.414688|   -6.080142|   -6.541203|   -3.857265|
+-----------------------------------------------------------------------+
|        File Writing Summary       |              Filename             |
+-----------------------------------------------------------------------+
|SU2 binary restart                 |restart_flow.dat                   |

Writing the forces breakdown file (forces_breakdown.dat).
+-----------------------------------------------------------------------+
+----------------------------------------------------------------+
|  Inner_Iter|    rms[Rho]|   rms[RhoU]|   rms[RhoV]|   rms[RhoE]|
+----------------------------------------------------------------+
|         881|   -9.421892|   -6.087345|   -6.548406|   -3.864468|
|         882|   -9.429095|   -6.094548|   -6.555609|   -3.871670|
|         883|   -9.436297|   -6.101750|   -6.562811|   -3.878873|
|         884|   -9.443499|   -6.108953|   -6.570016|   -3.886075|
|         885|   -9.450705|   -6.116156|   -6.577219|   -3.893279|
|         886|   -9.457907|   -6.123359|   -6.584421|   -3.900481|
|         887|   -9.465110|   -6.130562|   -6.591625|   -3.907684|
|         888|   -9.472314|   -6.137764|   -6.598828|   -3.914886|
|         889|   -9.479517|   -6.144967|   -6.606031|   -3.922090|
|         890|   -9.486721|   -6.152170|   -6.613234|   -3.929293|
+-----------------------------------------------------------------------+
|        File Writing Summary       |              Filename             |
+-----------------------------------------------------------------------+
|SU2 binary restart                 |restart_flow.dat                   |

Writing the forces breakdown file (forces_breakdown.dat).
+-----------------------------------------------------------------------+
+----------------------------------------------------------------+
|  Inner_Iter|    rms[Rho]|   rms[RhoU]|   rms[RhoV]|   rms[RhoE]|
+----------------------------------------------------------------+
|         891|   -9.493926|   -6.159372|   -6.620437|   -3.936496|
|         892|   -9.501130|   -6.166575|   -6.627640|   -3.943700|
|         893|   -9.508331|   -6.173778|   -6.634845|   -3.950902|
|         894|   -9.515536|   -6.180980|   -6.642049|   -3.958105|
|         895|   -9.522736|   -6.188183|   -6.649251|   -3.965306|
|         896|   -9.529938|   -6.195386|   -6.656454|   -3.972508|
|         897|   -9.537144|   -6.202588|   -6.663657|   -3.979713|
|         898|   -9.544347|   -6.209791|   -6.670861|   -3.986915|
|         899|   -9.551553|   -6.216994|   -6.678065|   -3.994121|
|         900|   -9.558757|   -6.224196|   -6.685269|   -4.001323|
+-----------------------------------------------------------------------+
|        File Writing Summary       |              Filename             |
+-----------------------------------------------------------------------+
|SU2 binary restart                 |restart_flow.dat                   |

Writing the forces breakdown file (forces_breakdown.dat).
+-----------------------------------------------------------------------+
+----------------------------------------------------------------+
|  Inner_Iter|    rms[Rho]|   rms[RhoU]|   rms[RhoV]|   rms[RhoE]|
+----------------------------------------------------------------+
|         901|   -9.565959|   -6.231399|   -6.692472|   -4.008525|
|         902|   -9.573160|   -6.238602|   -6.699676|   -4.015726|
|         903|   -9.580366|   -6.245804|   -6.706880|   -4.022930|
|         904|   -9.587569|   -6.253007|   -6.714082|   -4.030134|
|         905|   -9.594771|   -6.260210|   -6.721286|   -4.037336|
|         906|   -9.601975|   -6.267413|   -6.728489|   -4.044538|
|         907|   -9.609176|   -6.274615|   -6.735692|   -4.051739|
|         908|   -9.616383|   -6.281818|   -6.742895|   -4.058946|
|         909|   -9.623592|   -6.289021|   -6.750100|   -4.066152|
|         910|   -9.630792|   -6.296223|   -6.757304|   -4.073351|
+-----------------------------------------------------------------------+
|        File Writing Summary       |              Filename             |
+-----------------------------------------------------------------------+
|SU2 binary restart                 |restart_flow.dat                   |

Writing the forces breakdown file (forces_breakdown.dat).
+-----------------------------------------------------------------------+
+----------------------------------------------------------------+
|  Inner_Iter|    rms[Rho]|   rms[RhoU]|   rms[RhoV]|   rms[RhoE]|
+----------------------------------------------------------------+
|         911|   -9.637994|   -6.303426|   -6.764508|   -4.080555|
|         912|   -9.645195|   -6.310629|   -6.771712|   -4.087756|
|         913|   -9.652399|   -6.317832|   -6.778914|   -4.094960|
|         914|   -9.659605|   -6.325034|   -6.786117|   -4.102163|
|         915|   -9.666808|   -6.332237|   -6.793321|   -4.109366|
|         916|   -9.674011|   -6.339440|   -6.800526|   -4.116570|
|         917|   -9.681215|   -6.346643|   -6.807730|   -4.123772|
|         918|   -9.688414|   -6.353846|   -6.814933|   -4.130971|
|         919|   -9.695624|   -6.361049|   -6.822137|   -4.138178|
|         920|   -9.702830|   -6.368251|   -6.829340|   -4.145382|
+-----------------------------------------------------------------------+
|        File Writing Summary       |              Filename             |
+-----------------------------------------------------------------------+
|SU2 binary restart                 |restart_flow.dat                   |

Writing the forces breakdown file (forces_breakdown.dat).
+-----------------------------------------------------------------------+
+----------------------------------------------------------------+
|  Inner_Iter|    rms[Rho]|   rms[RhoU]|   rms[RhoV]|   rms[RhoE]|
+----------------------------------------------------------------+
|         921|   -9.710032|   -6.375454|   -6.836544|   -4.152584|
|         922|   -9.717233|   -6.382657|   -6.843747|   -4.159786|
|         923|   -9.724435|   -6.389860|   -6.850952|   -4.166987|
|         924|   -9.731640|   -6.397063|   -6.858154|   -4.174193|
|         925|   -9.738844|   -6.404266|   -6.865359|   -4.181397|
|         926|   -9.746050|   -6.411469|   -6.872564|   -4.188603|
|         927|   -9.753255|   -6.418672|   -6.879768|   -4.195806|
|         928|   -9.760450|   -6.425874|   -6.886973|   -4.203002|
|         929|   -9.767660|   -6.433078|   -6.894176|   -4.210208|
|         930|   -9.774867|   -6.440281|   -6.901380|   -4.217413|
+-----------------------------------------------------------------------+
|        File Writing Summary       |              Filename             |
+-----------------------------------------------------------------------+
|SU2 binary restart                 |restart_flow.dat                   |

Writing the forces breakdown file (forces_breakdown.dat).
+-----------------------------------------------------------------------+
+----------------------------------------------------------------+
|  Inner_Iter|    rms[Rho]|   rms[RhoU]|   rms[RhoV]|   rms[RhoE]|
+----------------------------------------------------------------+
|         931|   -9.782067|   -6.447484|   -6.908583|   -4.224615|
|         932|   -9.789276|   -6.454687|   -6.915788|   -4.231821|
|         933|   -9.796480|   -6.461890|   -6.922990|   -4.239026|
|         934|   -9.803678|   -6.469093|   -6.930194|   -4.246222|
|         935|   -9.810883|   -6.476297|   -6.937400|   -4.253428|
|         936|   -9.818086|   -6.483499|   -6.944605|   -4.260631|
|         937|   -9.825296|   -6.490703|   -6.951809|   -4.267836|
|         938|   -9.832502|   -6.497906|   -6.959015|   -4.275044|
|         939|   -9.839698|   -6.505109|   -6.966221|   -4.282240|
|         940|   -9.846902|   -6.512312|   -6.973423|   -4.289443|
+-----------------------------------------------------------------------+
|        File Writing Summary       |              Filename             |
+-----------------------------------------------------------------------+
|SU2 binary restart                 |restart_flow.dat                   |

Writing the forces breakdown file (forces_breakdown.dat).
+-----------------------------------------------------------------------+
+----------------------------------------------------------------+
|  Inner_Iter|    rms[Rho]|   rms[RhoU]|   rms[RhoV]|   rms[RhoE]|
+----------------------------------------------------------------+
|         941|   -9.854115|   -6.519515|   -6.980625|   -4.296654|
|         942|   -9.861317|   -6.526719|   -6.987830|   -4.303855|
|         943|   -9.868519|   -6.533922|   -6.995033|   -4.311058|
|         944|   -9.875722|   -6.541126|   -7.002236|   -4.318260|
|         945|   -9.882932|   -6.548329|   -7.009439|   -4.325468|
|         946|   -9.890130|   -6.555532|   -7.016648|   -4.332667|
|         947|   -9.897328|   -6.562736|   -7.023852|   -4.339868|
|         948|   -9.904531|   -6.569939|   -7.031054|   -4.347070|
|         949|   -9.911741|   -6.577142|   -7.038259|   -4.354276|
|         950|   -9.918950|   -6.584347|   -7.045465|   -4.361483|
+-----------------------------------------------------------------------+
|        File Writing Summary       |              Filename             |
+-----------------------------------------------------------------------+
|SU2 binary restart                 |restart_flow.dat                   |

Writing the forces breakdown file (forces_breakdown.dat).
+-----------------------------------------------------------------------+
+----------------------------------------------------------------+
|  Inner_Iter|    rms[Rho]|   rms[RhoU]|   rms[RhoV]|   rms[RhoE]|
+----------------------------------------------------------------+
|         951|   -9.926154|   -6.591550|   -7.052667|   -4.368688|
|         952|   -9.933361|   -6.598754|   -7.059874|   -4.375893|
|         953|   -9.940559|   -6.605957|   -7.067079|   -4.383093|
|         954|   -9.947764|   -6.613160|   -7.074287|   -4.390299|
|         955|   -9.954963|   -6.620364|   -7.081490|   -4.397497|
|         956|   -9.962171|   -6.627568|   -7.088691|   -4.404702|
|         957|   -9.969381|   -6.634772|   -7.095896|   -4.411912|
|         958|   -9.976581|   -6.641975|   -7.103101|   -4.419114|
|         959|   -9.983782|   -6.649179|   -7.110302|   -4.426314|
|         960|   -9.990988|   -6.656383|   -7.117507|   -4.433519|
+-----------------------------------------------------------------------+
|        File Writing Summary       |              Filename             |
+-----------------------------------------------------------------------+
|SU2 binary restart                 |restart_flow.dat                   |

Writing the forces breakdown file (forces_breakdown.dat).
+-----------------------------------------------------------------------+
+----------------------------------------------------------------+
|  Inner_Iter|    rms[Rho]|   rms[RhoU]|   rms[RhoV]|   rms[RhoE]|
+----------------------------------------------------------------+
|         961|   -9.998187|   -6.663586|   -7.124712|   -4.440719|
|         962|  -10.005398|   -6.670790|   -7.131916|   -4.447927|
|         963|  -10.012601|   -6.677994|   -7.139123|   -4.455128|
|         964|  -10.019811|   -6.685198|   -7.146324|   -4.462337|
|         965|  -10.027018|   -6.692402|   -7.153531|   -4.469544|
|         966|  -10.034215|   -6.699605|   -7.160736|   -4.476743|
|         967|  -10.041432|   -6.706810|   -7.167938|   -4.483958|
|         968|  -10.048631|   -6.714014|   -7.175147|   -4.491158|
|         969|  -10.055826|   -6.721217|   -7.182353|   -4.498355|
|         970|  -10.063019|   -6.728421|   -7.189558|   -4.505550|
+-----------------------------------------------------------------------+
|        File Writing Summary       |              Filename             |
+-----------------------------------------------------------------------+
|SU2 binary restart                 |restart_flow.dat                   |

Writing the forces breakdown file (forces_breakdown.dat).
+-----------------------------------------------------------------------+
+----------------------------------------------------------------+
|  Inner_Iter|    rms[Rho]|   rms[RhoU]|   rms[RhoV]|   rms[RhoE]|
+----------------------------------------------------------------+
|         971|  -10.070222|   -6.735625|   -7.196759|   -4.512757|
|         972|  -10.077429|   -6.742830|   -7.203962|   -4.519963|
|         973|  -10.084647|   -6.750034|   -7.211163|   -4.527171|
|         974|  -10.091855|   -6.757238|   -7.218369|   -4.534377|
|         975|  -10.099053|   -6.764442|   -7.225578|   -4.541577|
|         976|  -10.106260|   -6.771645|   -7.232778|   -4.548782|
|         977|  -10.113470|   -6.778849|   -7.239985|   -4.555987|
|         978|  -10.120687|   -6.786054|   -7.247189|   -4.563205|
|         979|  -10.127877|   -6.793257|   -7.254399|   -4.570401|
|         980|  -10.135075|   -6.800463|   -7.261603|   -4.577603|
+-----------------------------------------------------------------------+
|        File Writing Summary       |              Filename             |
+-----------------------------------------------------------------------+
|SU2 binary restart                 |restart_flow.dat                   |

Writing the forces breakdown file (forces_breakdown.dat).
+-----------------------------------------------------------------------+
+----------------------------------------------------------------+
|  Inner_Iter|    rms[Rho]|   rms[RhoU]|   rms[RhoV]|   rms[RhoE]|
+----------------------------------------------------------------+
|         981|  -10.142285|   -6.807666|   -7.268805|   -4.584807|
|         982|  -10.149489|   -6.814870|   -7.276012|   -4.592015|
|         983|  -10.156693|   -6.822075|   -7.283217|   -4.599215|
|         984|  -10.163886|   -6.829279|   -7.290423|   -4.606410|
|         985|  -10.171084|   -6.836483|   -7.297627|   -4.613609|
|         986|  -10.178302|   -6.843687|   -7.304829|   -4.620820|
|         987|  -10.185517|   -6.850892|   -7.312037|   -4.628036|
|         988|  -10.192722|   -6.858097|   -7.319236|   -4.635240|
|         989|  -10.199919|   -6.865300|   -7.326447|   -4.642443|
|         990|  -10.207119|   -6.872504|   -7.333649|   -4.649646|
+-----------------------------------------------------------------------+
|        File Writing Summary       |              Filename             |
+-----------------------------------------------------------------------+
|SU2 binary restart                 |restart_flow.dat                   |

Writing the forces breakdown file (forces_breakdown.dat).
+-----------------------------------------------------------------------+
+----------------------------------------------------------------+
|  Inner_Iter|    rms[Rho]|   rms[RhoU]|   rms[RhoV]|   rms[RhoE]|
+----------------------------------------------------------------+
|         991|  -10.214332|   -6.879710|   -7.340856|   -4.656852|
|         992|  -10.221534|   -6.886914|   -7.348057|   -4.664058|
|         993|  -10.228742|   -6.894120|   -7.355259|   -4.671264|
|         994|  -10.235941|   -6.901325|   -7.362469|   -4.678464|
|         995|  -10.243134|   -6.908527|   -7.369675|   -4.685655|
|         996|  -10.250346|   -6.915733|   -7.376879|   -4.692868|
|         997|  -10.257558|   -6.922937|   -7.384083|   -4.700073|
|         998|  -10.264769|   -6.930142|   -7.391285|   -4.707282|
|         999|  -10.271977|   -6.937346|   -7.398493|   -4.714481|
|        1000|  -10.279186|   -6.944551|   -7.405699|   -4.721696|
+-----------------------------------------------------------------------+
|        File Writing Summary       |              Filename             |
+-----------------------------------------------------------------------+
|SU2 binary restart                 |restart_flow.dat                   |

Writing the forces breakdown file (forces_breakdown.dat).
|Paraview                           |flow.vtu                           |

Writing the forces breakdown file (forces_breakdown.dat).
|Paraview surface                   |surface_flow.vtu                   |

Writing the forces breakdown file (forces_breakdown.dat).
|CSV file                           |surface_flow.csv                   |

Writing the forces breakdown file (forces_breakdown.dat).
+-----------------------------------------------------------------------+
+----------------------------------------------------------------+
|  Inner_Iter|    rms[Rho]|   rms[RhoU]|   rms[RhoV]|   rms[RhoE]|
+----------------------------------------------------------------+
|        1001|  -10.286376|   -6.951755|   -7.412905|   -4.728894|
|        1002|  -10.293594|   -6.958960|   -7.420106|   -4.736105|
|        1003|  -10.300802|   -6.966165|   -7.427315|   -4.743313|
|        1004|  -10.307999|   -6.973369|   -7.434512|   -4.750519|
|        1005|  -10.315202|   -6.980573|   -7.441723|   -4.757716|
|        1006|  -10.322393|   -6.987777|   -7.448930|   -4.764916|
|        1007|  -10.329591|   -6.994983|   -7.456135|   -4.772115|
|        1008|  -10.336792|   -7.002188|   -7.463335|   -4.779319|
|        1009|  -10.344018|   -7.009392|   -7.470536|   -4.786539|
|        1010|  -10.351207|   -7.016597|   -7.477745|   -4.793736|
+-----------------------------------------------------------------------+
|        File Writing Summary       |              Filename             |
+-----------------------------------------------------------------------+
|SU2 binary restart                 |restart_flow.dat                   |

Writing the forces breakdown file (forces_breakdown.dat).
+-----------------------------------------------------------------------+
+----------------------------------------------------------------+
|  Inner_Iter|    rms[Rho]|   rms[RhoU]|   rms[RhoV]|   rms[RhoE]|
+----------------------------------------------------------------+
|        1011|  -10.358414|   -7.023802|   -7.484957|   -4.800940|
|        1012|  -10.365643|   -7.031007|   -7.492154|   -4.808162|
|        1013|  -10.372829|   -7.038212|   -7.499361|   -4.815358|
|        1014|  -10.380037|   -7.045417|   -7.506572|   -4.822559|
|        1015|  -10.387250|   -7.052621|   -7.513774|   -4.829763|
|        1016|  -10.394446|   -7.059824|   -7.520977|   -4.836960|
|        1017|  -10.401662|   -7.067030|   -7.528176|   -4.844168|
|        1018|  -10.408859|   -7.074236|   -7.535381|   -4.851370|
|        1019|  -10.416067|   -7.081441|   -7.542587|   -4.858586|
|        1020|  -10.423266|   -7.088646|   -7.549800|   -4.865784|
+-----------------------------------------------------------------------+
|        File Writing Summary       |              Filename             |
+-----------------------------------------------------------------------+
|SU2 binary restart                 |restart_flow.dat                   |

Writing the forces breakdown file (forces_breakdown.dat).
+-----------------------------------------------------------------------+
+----------------------------------------------------------------+
|  Inner_Iter|    rms[Rho]|   rms[RhoU]|   rms[RhoV]|   rms[RhoE]|
+----------------------------------------------------------------+
|        1021|  -10.430459|   -7.095849|   -7.557000|   -4.872980|
|        1022|  -10.437676|   -7.103055|   -7.564204|   -4.880199|
|        1023|  -10.444910|   -7.110262|   -7.571407|   -4.887425|
|        1024|  -10.452088|   -7.117465|   -7.578623|   -4.894607|
|        1025|  -10.459287|   -7.124670|   -7.585825|   -4.901806|
|        1026|  -10.466485|   -7.131875|   -7.593025|   -4.909010|
|        1027|  -10.473706|   -7.139081|   -7.600230|   -4.916230|
|        1028|  -10.480927|   -7.146285|   -7.607432|   -4.923441|
|        1029|  -10.488119|   -7.153490|   -7.614642|   -4.930637|
|        1030|  -10.495322|   -7.160696|   -7.621842|   -4.937834|
+-----------------------------------------------------------------------+
|        File Writing Summary       |              Filename             |
+-----------------------------------------------------------------------+
|SU2 binary restart                 |restart_flow.dat                   |

Writing the forces breakdown file (forces_breakdown.dat).
+-----------------------------------------------------------------------+
+----------------------------------------------------------------+
|  Inner_Iter|    rms[Rho]|   rms[RhoU]|   rms[RhoV]|   rms[RhoE]|
+----------------------------------------------------------------+
|        1031|  -10.502509|   -7.167899|   -7.629050|   -4.945024|
|        1032|  -10.509700|   -7.175103|   -7.636255|   -4.952217|
|        1033|  -10.516917|   -7.182309|   -7.643457|   -4.959423|
|        1034|  -10.524142|   -7.189515|   -7.650660|   -4.966656|
|        1035|  -10.531365|   -7.196719|   -7.657865|   -4.973875|
|        1036|  -10.538553|   -7.203927|   -7.665078|   -4.981073|
|        1037|  -10.545757|   -7.211131|   -7.672279|   -4.988265|
|        1038|  -10.552980|   -7.218333|   -7.679479|   -4.995492|
|        1039|  -10.560207|   -7.225539|   -7.686688|   -5.002696|
|        1040|  -10.567342|   -7.232743|   -7.693897|   -5.009865|
+-----------------------------------------------------------------------+
|        File Writing Summary       |              Filename             |
+-----------------------------------------------------------------------+
|SU2 binary restart                 |restart_flow.dat                   |

Writing the forces breakdown file (forces_breakdown.dat).
+-----------------------------------------------------------------------+
+----------------------------------------------------------------+
|  Inner_Iter|    rms[Rho]|   rms[RhoU]|   rms[RhoV]|   rms[RhoE]|
+----------------------------------------------------------------+
|        1041|  -10.574553|   -7.239948|   -7.701106|   -5.017071|
|        1042|  -10.581769|   -7.247152|   -7.708306|   -5.024288|
|        1043|  -10.588986|   -7.254359|   -7.715512|   -5.031496|
|        1044|  -10.596195|   -7.261566|   -7.722706|   -5.038722|
|        1045|  -10.603392|   -7.268773|   -7.729906|   -5.045905|
|        1046|  -10.610626|   -7.275975|   -7.737122|   -5.053131|
|        1047|  -10.617868|   -7.283181|   -7.744322|   -5.060361|
|        1048|  -10.625031|   -7.290385|   -7.751533|   -5.067537|
|        1049|  -10.632251|   -7.297591|   -7.758740|   -5.074757|
|        1050|  -10.639382|   -7.304793|   -7.765948|   -5.081926|
+-----------------------------------------------------------------------+
|        File Writing Summary       |              Filename             |
+-----------------------------------------------------------------------+
|SU2 binary restart                 |restart_flow.dat                   |

Writing the forces breakdown file (forces_breakdown.dat).
+-----------------------------------------------------------------------+
+----------------------------------------------------------------+
|  Inner_Iter|    rms[Rho]|   rms[RhoU]|   rms[RhoV]|   rms[RhoE]|
+----------------------------------------------------------------+
|        1051|  -10.646599|   -7.312000|   -7.773147|   -5.089120|
|        1052|  -10.653818|   -7.319201|   -7.780356|   -5.096328|
|        1053|  -10.661025|   -7.326406|   -7.787551|   -5.103538|
|        1054|  -10.668246|   -7.333615|   -7.794755|   -5.110766|
|        1055|  -10.675428|   -7.340819|   -7.801962|   -5.117955|
|        1056|  -10.682631|   -7.348028|   -7.809172|   -5.125156|
|        1057|  -10.689834|   -7.355231|   -7.816376|   -5.132362|
|        1058|  -10.697082|   -7.362434|   -7.823583|   -5.139595|
|        1059|  -10.704256|   -7.369642|   -7.830776|   -5.146784|
|        1060|  -10.711470|   -7.376843|   -7.837993|   -5.153984|
+-----------------------------------------------------------------------+
|        File Writing Summary       |              Filename             |
+-----------------------------------------------------------------------+
|SU2 binary restart                 |restart_flow.dat                   |

Writing the forces breakdown file (forces_breakdown.dat).
+-----------------------------------------------------------------------+
+----------------------------------------------------------------+
|  Inner_Iter|    rms[Rho]|   rms[RhoU]|   rms[RhoV]|   rms[RhoE]|
+----------------------------------------------------------------+
|        1061|  -10.718670|   -7.384050|   -7.845220|   -5.161193|
|        1062|  -10.725876|   -7.391255|   -7.852410|   -5.168390|
|        1063|  -10.733099|   -7.398460|   -7.859611|   -5.175607|
|        1064|  -10.740279|   -7.405661|   -7.866826|   -5.182803|
|        1065|  -10.747460|   -7.412867|   -7.874045|   -5.190009|
|        1066|  -10.754676|   -7.420077|   -7.881222|   -5.197208|
|        1067|  -10.761870|   -7.427279|   -7.888417|   -5.204415|
|        1068|  -10.769101|   -7.434487|   -7.895625|   -5.211626|
|        1069|  -10.776324|   -7.441693|   -7.902820|   -5.218851|
|        1070|  -10.783504|   -7.448894|   -7.910034|   -5.226028|
+-----------------------------------------------------------------------+
|        File Writing Summary       |              Filename             |
+-----------------------------------------------------------------------+
|SU2 binary restart                 |restart_flow.dat                   |

Writing the forces breakdown file (forces_breakdown.dat).
+-----------------------------------------------------------------------+
+----------------------------------------------------------------+
|  Inner_Iter|    rms[Rho]|   rms[RhoU]|   rms[RhoV]|   rms[RhoE]|
+----------------------------------------------------------------+
|        1071|  -10.790713|   -7.456101|   -7.917232|   -5.233235|
|        1072|  -10.797954|   -7.463304|   -7.924440|   -5.240464|
|        1073|  -10.805166|   -7.470503|   -7.931660|   -5.247678|
|        1074|  -10.812391|   -7.477714|   -7.938849|   -5.254886|
|        1075|  -10.819549|   -7.484919|   -7.946072|   -5.262071|
|        1076|  -10.826683|   -7.492124|   -7.953268|   -5.269221|
|        1077|  -10.833914|   -7.499328|   -7.960475|   -5.276460|
|        1078|  -10.841133|   -7.506535|   -7.967664|   -5.283670|
|        1079|  -10.848377|   -7.513741|   -7.974894|   -5.290897|
|        1080|  -10.855545|   -7.520943|   -7.982095|   -5.298064|
+-----------------------------------------------------------------------+
|        File Writing Summary       |              Filename             |
+-----------------------------------------------------------------------+
|SU2 binary restart                 |restart_flow.dat                   |

Writing the forces breakdown file (forces_breakdown.dat).
+-----------------------------------------------------------------------+
+----------------------------------------------------------------+
|  Inner_Iter|    rms[Rho]|   rms[RhoU]|   rms[RhoV]|   rms[RhoE]|
+----------------------------------------------------------------+
|        1081|  -10.862781|   -7.528150|   -7.989285|   -5.305300|
|        1082|  -10.869943|   -7.535352|   -7.996500|   -5.312472|
|        1083|  -10.877198|   -7.542554|   -8.003690|   -5.319687|
|        1084|  -10.884404|   -7.549765|   -8.010897|   -5.326924|
|        1085|  -10.891559|   -7.556966|   -8.018116|   -5.334101|
|        1086|  -10.898712|   -7.564176|   -8.025331|   -5.341272|
|        1087|  -10.905980|   -7.571377|   -8.032519|   -5.348501|
|        1088|  -10.913209|   -7.578587|   -8.039703|   -5.355733|
|        1089|  -10.920484|   -7.585794|   -8.046893|   -5.362956|
|        1090|  -10.927593|   -7.592997|   -8.054138|   -5.370114|
+-----------------------------------------------------------------------+
|        File Writing Summary       |              Filename             |
+-----------------------------------------------------------------------+
|SU2 binary restart                 |restart_flow.dat                   |

Writing the forces breakdown file (forces_breakdown.dat).
+-----------------------------------------------------------------------+
+----------------------------------------------------------------+
|  Inner_Iter|    rms[Rho]|   rms[RhoU]|   rms[RhoV]|   rms[RhoE]|
+----------------------------------------------------------------+
|        1091|  -10.934775|   -7.600193|   -8.061345|   -5.377320|
|        1092|  -10.942002|   -7.607406|   -8.068502|   -5.384504|
|        1093|  -10.949178|   -7.614605|   -8.075746|   -5.391722|
|        1094|  -10.956426|   -7.621808|   -8.082959|   -5.398977|
|        1095|  -10.963647|   -7.629022|   -8.090137|   -5.406164|
|        1096|  -10.970871|   -7.636221|   -8.097337|   -5.413387|
|        1097|  -10.978074|   -7.643423|   -8.104590|   -5.420615|
|        1098|  -10.985181|   -7.650626|   -8.111808|   -5.427772|
|        1099|  -10.992440|   -7.657836|   -8.119008|   -5.434983|
|        1100|  -10.999598|   -7.665043|   -8.126174|   -5.442134|
+-----------------------------------------------------------------------+
|        File Writing Summary       |              Filename             |
+-----------------------------------------------------------------------+
|SU2 binary restart                 |restart_flow.dat                   |

Writing the forces breakdown file (forces_breakdown.dat).
+-----------------------------------------------------------------------+
+----------------------------------------------------------------+
|  Inner_Iter|    rms[Rho]|   rms[RhoU]|   rms[RhoV]|   rms[RhoE]|
+----------------------------------------------------------------+
|        1101|  -11.006870|   -7.672249|   -8.133355|   -5.449354|
|        1102|  -11.014071|   -7.679447|   -8.140596|   -5.456577|
|        1103|  -11.021268|   -7.686647|   -8.147797|   -5.463796|
|        1104|  -11.028445|   -7.693864|   -8.154982|   -5.471001|
|        1105|  -11.035704|   -7.701060|   -8.162224|   -5.478249|
|        1106|  -11.042876|   -7.708272|   -8.169449|   -5.485426|
|        1107|  -11.050183|   -7.715472|   -8.176612|   -5.492700|
|        1108|  -11.057191|   -7.722675|   -8.183849|   -5.499761|
|        1109|  -11.064458|   -7.729879|   -8.191018|   -5.507013|
|        1110|  -11.071652|   -7.737087|   -8.198224|   -5.514196|
+-----------------------------------------------------------------------+
|        File Writing Summary       |              Filename             |
+-----------------------------------------------------------------------+
|SU2 binary restart                 |restart_flow.dat                   |

Writing the forces breakdown file (forces_breakdown.dat).
+-----------------------------------------------------------------------+
+----------------------------------------------------------------+
|  Inner_Iter|    rms[Rho]|   rms[RhoU]|   rms[RhoV]|   rms[RhoE]|
+----------------------------------------------------------------+
|        1111|  -11.078960|   -7.744292|   -8.205415|   -5.521503|
|        1112|  -11.086078|   -7.751507|   -8.212613|   -5.528617|
|        1113|  -11.093301|   -7.758704|   -8.219839|   -5.535805|
|        1114|  -11.100475|   -7.765914|   -8.227000|   -5.542989|
|        1115|  -11.107839|   -7.773115|   -8.234208|   -5.550301|
|        1116|  -11.115009|   -7.780316|   -8.241432|   -5.557504|
|        1117|  -11.122165|   -7.787519|   -8.248651|   -5.564639|
|        1118|  -11.129335|   -7.794729|   -8.255819|   -5.571865|
|        1119|  -11.136575|   -7.801932|   -8.263043|   -5.579115|
|        1120|  -11.143640|   -7.809131|   -8.270290|   -5.586245|
+-----------------------------------------------------------------------+
|        File Writing Summary       |              Filename             |
+-----------------------------------------------------------------------+
|SU2 binary restart                 |restart_flow.dat                   |

Writing the forces breakdown file (forces_breakdown.dat).
+-----------------------------------------------------------------------+
+----------------------------------------------------------------+
|  Inner_Iter|    rms[Rho]|   rms[RhoU]|   rms[RhoV]|   rms[RhoE]|
+----------------------------------------------------------------+
|        1121|  -11.150963|   -7.816338|   -8.277488|   -5.593497|
|        1122|  -11.158152|   -7.823543|   -8.284655|   -5.600680|
|        1123|  -11.165378|   -7.830755|   -8.291884|   -5.607873|
|        1124|  -11.172543|   -7.837960|   -8.299084|   -5.615042|
|        1125|  -11.179731|   -7.845156|   -8.306293|   -5.622292|
|        1126|  -11.186987|   -7.852368|   -8.313442|   -5.629519|

----------------------------- Solver Exit -------------------------------
All convergence criteria satisfied.
+-----------------------------------------------------------------------+
|      Convergence Field     |     Value    |   Criterion  |  Converged |
+-----------------------------------------------------------------------+
|                  Cauchy[CD]|   9.84789e-11|       < 1e-10|         Yes|
+-----------------------------------------------------------------------+
-------------------------------------------------------------------------
+-----------------------------------------------------------------------+
|        File Writing Summary       |              Filename             |
+-----------------------------------------------------------------------+
|SU2 binary restart                 |restart_flow.dat                   |

Writing the forces breakdown file (forces_breakdown.dat).
|Paraview                           |flow.vtu                           |

Writing the forces breakdown file (forces_breakdown.dat).
|Paraview surface                   |surface_flow.vtu                   |

Writing the forces breakdown file (forces_breakdown.dat).
|CSV file                           |surface_flow.csv                   |

Writing the forces breakdown file (forces_breakdown.dat).
+-----------------------------------------------------------------------+

--------------------------- Finalizing Solver ---------------------------
Deleted CNumerics container.
Deleted CIntegration container.
Deleted CSolver container.
Deleted CIteration container.
Deleted CInterface container.
Deleted CGeometry container.
Deleted CFreeFormDefBox class.
Deleted CSurfaceMovement class.
Deleted CVolumetricMovement class.
Deleted CConfig container.
Deleted nInst container.
Deleted COutput class.
-------------------------------------------------------------------------

------------------------- Exit Success (SU2_CFD) ------------------------

