
-------------------------------------------------------------------------
|    ___ _   _ ___                                                      |
|   / __| | | |_  )   Release 8.5.0 "Harrier"                           |
|   \__ \ |_| |/ /                                                      |
|   |___/\___//___|   Suite (Computational Fluid Dynamics Code)         |
|                                                                       |
-------------------------------------------------------------------------
| SU2 Project Website: https://su2code.github.io                        |
|                                                                       |
| The SU2 Project is maintained by the SU2 Foundation                   |
| (http://su2foundation.org)                                            |
-------------------------------------------------------------------------
| Copyright 2012-2026, SU2 Contributors                                 |
|                                                                       |
| SU2 is free software; you can redistribute it and/or                  |
| modify it under the terms of the GNU Lesser General Public            |
| License as published by the Free Software Foundation; either          |
| version 2.1 of the License, or (at your option) any later version.    |
|                                                                       |
| SU2 is distributed in the hope that it will be useful,                |
| but WITHOUT ANY WARRANTY; without even the implied warranty of        |
| MERCHANTABILITY or FITNESS FOR A PARTICULAR PURPOSE. See the GNU      |
| Lesser General Public License for more details.                       |
|                                                                       |
| You should have received a copy of the GNU Lesser General Public      |
| License along with SU2. If not, see <http://www.gnu.org/licenses/>.   |
-------------------------------------------------------------------------

Parsing config file for zone 0

----------------- Physical Case Definition ( Zone 0 ) -------------------
Compressible Euler equations.
Mach number: 0.3.
Angle of attack (AoA): 0 deg, and angle of sideslip (AoS): 0 deg.
No restart solution, use the values at infinity (freestream).
Dimensional simulation.
The reference area is 1 m^2.
The semi-span will be computed using the max y(3D) value.
The reference length is 1 m.
Reference origin for moment evaluation is (0.25, 0, 0).
Surface(s) where the force coefficients are evaluated: airfoil.

Surface(s) where the objective function is evaluated: airfoil.
Surface(s) plotted in the output file: airfoil.
Input mesh file name: mesh_NACA0012_inv.su2

--------------- Space Numerical Integration ( Zone 0 ) ------------------
Jameson-Schmidt-Turkel scheme (2nd order in space) for the flow inviscid terms.
JST viscous coefficients (2nd & 4th): 0.5, 0.02.
The method includes a grid stretching correction (p = 0.3).
Gradient for upwind reconstruction: inverse-distance weighted Least-Squares.
Gradient for viscous and source terms: inverse-distance weighted Least-Squares.

--------------- Time Numerical Integration  ( Zone 0 ) ------------------
Local time stepping (steady state simulation).
Euler implicit method for the flow equations.
FGMRES is used for solving the linear system.
Using a LU-SGS preconditioning.
Convergence criteria of the linear solver: 1e-06.
Max number of linear iterations: 5.
W Multigrid Cycle, with 3 multigrid levels.
Damping factor for the residual restriction: 1.
Damping factor for the correction prolongation: 1.
No CFL adaptation.
+-------------------------------------------+
|  MG Level| Presmooth|PostSmooth|CorrectSmo|
+-------------------------------------------+
|         0|         1|         0|         0|
|         1|         2|         0|         0|
|         2|         3|         0|         0|
|         3|         3|         0|         0|
+-------------------------------------------+
Courant-Friedrichs-Lewy number:        4

------------------ Convergence Criteria  ( Zone 0 ) ---------------------
Maximum number of solver subiterations: 9999.
Begin convergence monitoring at iteration 10.
Residual minimum value: 1e-8.
Cauchy series min. value: 1e-10.
Number of Cauchy elements: 100.
Begin windowed time average at iteration 0.

-------------------- Output Information ( Zone 0 ) ----------------------
File writing frequency: 
+------------------------------------+
|                     File| Frequency|
+------------------------------------+
|                  RESTART|        10|
|                 PARAVIEW|       250|
|         SURFACE_PARAVIEW|       250|
|              SURFACE_CSV|       250|
+------------------------------------+
Writing the convergence history file every 1 inner iterations.
Writing the screen convergence history every 1 inner iterations.
The tabular file format is CSV (.csv).
Convergence history file name: history.
Forces breakdown file name: forces_breakdown.dat.
Surface file name: surface_flow.
Volume file name: flow.
Restart file name: restart_flow.

------------- Config File Boundary Information ( Zone 0 ) ---------------
+-----------------------------------------------------------------------+
|                        Marker Type|                        Marker Name|
+-----------------------------------------------------------------------+
|                         Euler wall|                            airfoil|
+-----------------------------------------------------------------------+
|                          Far-field|                           farfield|
+-----------------------------------------------------------------------+

-------------------- Output Preprocessing ( Zone 0 ) --------------------

WARNING: SURFACE_PRESSURE_DROP can only be computed for at least 2 surfaces (outlet, inlet, ...)

Screen output fields: INNER_ITER, RMS_DENSITY, RMS_MOMENTUM-X, RMS_MOMENTUM-Y, RMS_ENERGY
History output group(s): ITER, RMS_RES
Convergence field(s): DRAG
Warning: No (valid) fields chosen for time convergence monitoring. Time convergence monitoring inactive.
Volume output fields: COORDINATES, SOLUTION, PRIMITIVE

------------------- Geometry Preprocessing ( Zone 0 ) -------------------
Two dimensional problem.
5233 grid points before partitioning.
10216 volume elements before partitioning.
2 surface markers.
200 boundary elements in index 0 (Marker = airfoil).
50 boundary elements in index 1 (Marker = farfield).
Executing the partitioning functions.
Building the graph adjacency structure.
Calling ParMETIS... graph partitioning complete (316 edge cuts).
Distributing ParMETIS coloring.
Rebalancing vertices.
Rebalancing volume element connectivity.
Rebalancing markers and surface elements.
5555 vertices including ghost points. 
10532 interior elements including halo cells. 
10532 triangles.
Establishing MPI communication patterns.
Setting point connectivity.
Renumbering points (Reverse Cuthill McKee Ordering).
Recomputing point connectivity.
Setting element connectivity.
Checking the numerical grid orientation.
All volume elements are correctly oriented.
All surface elements are correctly oriented.
Identifying edges and vertices.
Setting the control volume structure.
Area of the computational grid: 1255.76.
Searching for the closest normal neighbors to the surfaces.
Storing a mapping from global to local point index.
Compute the surface curvature.
Max K: 7835.1. Mean K: 34.8252. Standard deviation K: 494.448.
Computing mesh quality statistics for the dual control volumes.
+--------------------------------------------------------------+
|           Mesh Quality Metric|        Minimum|        Maximum|
+--------------------------------------------------------------+
|    Orthogonality Angle (deg.)|        62.6714|        89.7089|
|     CV Face Area Aspect Ratio|        1.00001|        7.18337|
|           CV Sub-Volume Ratio|        1.00285|        6.47826|
+--------------------------------------------------------------+
Setting the multigrid structure. NMG=3
+-------------------------------------------+
|  MG Level|       CVs|Aggl. Rate|       CFL|
+-------------------------------------------+
|         0|      5233|    1/1.00|         4|
|         1|      1659|    1/3.15|   2.66667|

Euler Wall Agglomeration Statistics (45° curvature threshold):
----------------------------------------------------------------
  Marker: airfoil
    Seeds agglomerated:       37 (100.0%)
    Seeds rejected (>45° curv): 0 (0.0%)
----------------------------------------------------------------
|         2|       563|    1/2.95|  1.777778|

Euler Wall Agglomeration Statistics (45° curvature threshold):
----------------------------------------------------------------
  Marker: airfoil
    Seeds agglomerated:       18 (100.0%)
    Seeds rejected (>45° curv): 0 (0.0%)
----------------------------------------------------------------
MG level 3 has only 209 CVs (< MG_MIN_MESHSIZE=500). Reducing MG levels to 2.

Euler Wall Agglomeration Statistics (45° curvature threshold):
----------------------------------------------------------------
  Marker: airfoil
    Seeds agglomerated:       9 (100.0%)
    Seeds rejected (>45° curv): 0 (0.0%)
----------------------------------------------------------------
Finding max control volume width.
Communicating number of neighbors.
Wetted area = 2.0 m.
Area projection in the x-plane = 0.1 m, y-plane = 1.0 m.
Max. coordinate in the x-direction = 1.0 m, y-direction = 0.1 m.
Min. coordinate in the x-direction = 0.0 m, y-direction = -0.1 m.
Computing wall distances.

-------------------- Solver Preprocessing ( Zone 0 ) --------------------
Inviscid flow: Computing density based on free-stream
temperature and pressure using the ideal gas law.
Force coefficients computed using free-stream values.

-- Models:
+------------------------------------------------------------------------------+
|          Viscosity Model|        Conductivity Model|              Fluid Model|
+------------------------------------------------------------------------------+
|                        -|                         -|             STANDARD_AIR|
+------------------------------------------------------------------------------+
-- Fluid properties:
+------------------------------------------------------------------------------+
|                  Name|    Dim. value|    Ref. value|      Unit|Non-dim. value|
+------------------------------------------------------------------------------+
|          Gas Constant|       287.058|             1|  N.m/kg.K|       287.058|
|      Spec. Heat Ratio|             -|             -|         -|           1.4|
+------------------------------------------------------------------------------+
-- Initial and free-stream conditions:
+------------------------------------------------------------------------------+
|                  Name|    Dim. value|    Ref. value|      Unit|Non-dim. value|
+------------------------------------------------------------------------------+
|       Static Pressure|        101325|             1|        Pa|        101325|
|               Density|       1.29225|             1|    kg/m^3|       1.29225|
|           Temperature|        273.15|             1|         K|        273.15|
|          Total Energy|        200965|             1|   m^2/s^2|        200965|
|            Velocity-X|       99.3964|             1|       m/s|       99.3964|
|            Velocity-Y|             0|             1|       m/s|             0|
|    Velocity Magnitude|       99.3964|             1|       m/s|       99.3964|
+------------------------------------------------------------------------------+
|           Mach Number|             -|             -|         -|           0.3|
+------------------------------------------------------------------------------+
Initialize Jacobian structure (Euler). MG level: 0.
Initialize Jacobian structure (Euler). MG level: 1.
Initialize Jacobian structure (Euler). MG level: 2.

------------------- Numerics Preprocessing ( Zone 0 ) -------------------

----------------- Integration Preprocessing ( Zone 0 ) ------------------

------------------- Iteration Preprocessing ( Zone 0 ) ------------------
Euler/Navier-Stokes/RANS fluid iteration.

------------------------------ Begin Solver -----------------------------

Simulation Run using the Single-zone Driver
WARNING: SU2 was not compiled for an AVX-capable architecture. Performance could be better,
         see https://su2code.github.io/docs_v7/Build-SU2-Linux-MacOS/#compiler-optimizations
WARNING: SU2 was not compiled for an AVX-capable architecture. Performance could be better,
         see https://su2code.github.io/docs_v7/Build-SU2-Linux-MacOS/#compiler-optimizations
WARNING: SU2 was not compiled for an AVX-capable architecture. Performance could be better,
         see https://su2code.github.io/docs_v7/Build-SU2-Linux-MacOS/#compiler-optimizations
+----------------------------------------------------------------+
|  Inner_Iter|    rms[Rho]|   rms[RhoU]|   rms[RhoV]|   rms[RhoE]|
+----------------------------------------------------------------+
|           0|   -1.459324|    0.458914|   -0.003625|    3.986863|
|           1|   -1.848983|    0.548126|    0.732834|    3.611671|
|           2|   -1.823859|    0.637614|    0.670910|    3.633504|
|           3|   -1.842643|    0.688372|    0.706964|    3.607868|
|           4|   -1.813404|    0.685474|    0.694424|    3.632082|
|           5|   -1.789453|    0.653378|    0.674385|    3.658305|
|           6|   -1.766062|    0.669016|    0.683976|    3.690292|
|           7|   -1.767480|    0.703232|    0.731101|    3.687874|
|           8|   -1.756875|    0.685524|    0.730884|    3.684027|
|           9|   -1.732554|    0.646308|    0.690957|    3.705810|
|          10|   -1.715964|    0.690822|    0.717260|    3.734940|
+-----------------------------------------------------------------------+
|        File Writing Summary       |              Filename             |
+-----------------------------------------------------------------------+
|SU2 binary restart                 |restart_flow.dat                   |

Writing the forces breakdown file (forces_breakdown.dat).
+-----------------------------------------------------------------------+
+----------------------------------------------------------------+
|  Inner_Iter|    rms[Rho]|   rms[RhoU]|   rms[RhoV]|   rms[RhoE]|
+----------------------------------------------------------------+
|          11|   -1.705318|    0.758880|    0.790660|    3.749918|
|          12|   -1.698847|    0.770331|    0.815244|    3.745177|
|          13|   -1.706795|    0.723379|    0.769272|    3.725178|
|          14|   -1.727871|    0.647291|    0.675413|    3.706108|
|          15|   -1.749096|    0.605160|    0.623013|    3.698499|
|          16|   -1.763118|    0.633594|    0.667264|    3.692293|
|          17|   -1.773815|    0.674504|    0.715059|    3.674662|
|          18|   -1.789962|    0.679865|    0.714279|    3.643856|
|          19|   -1.819811|    0.639857|    0.663565|    3.604590|
|          20|   -1.865527|    0.561231|    0.578152|    3.562523|
+-----------------------------------------------------------------------+
|        File Writing Summary       |              Filename             |
+-----------------------------------------------------------------------+
|SU2 binary restart                 |restart_flow.dat                   |

Writing the forces breakdown file (forces_breakdown.dat).
+-----------------------------------------------------------------------+
+----------------------------------------------------------------+
|  Inner_Iter|    rms[Rho]|   rms[RhoU]|   rms[RhoV]|   rms[RhoE]|
+----------------------------------------------------------------+
|          21|   -1.920440|    0.469230|    0.491461|    3.521407|
|          22|   -1.966914|    0.415505|    0.450564|    3.486321|
|          23|   -1.996304|    0.422810|    0.459636|    3.457178|
|          24|   -2.015825|    0.451872|    0.481688|    3.429589|
|          25|   -2.036458|    0.465947|    0.488050|    3.399218|
|          26|   -2.082428|    0.447771|    0.460599|    3.345095|
|          27|   -2.127927|    0.401236|    0.405956|    3.296421|
|          28|   -2.172422|    0.334886|    0.330977|    3.255115|
|          29|   -2.215695|    0.262461|    0.248182|    3.220750|
|          30|   -2.254476|    0.212847|    0.190163|    3.193469|
+-----------------------------------------------------------------------+
|        File Writing Summary       |              Filename             |
+-----------------------------------------------------------------------+
|SU2 binary restart                 |restart_flow.dat                   |

Writing the forces breakdown file (forces_breakdown.dat).
+-----------------------------------------------------------------------+
+----------------------------------------------------------------+
|  Inner_Iter|    rms[Rho]|   rms[RhoU]|   rms[RhoV]|   rms[RhoE]|
+----------------------------------------------------------------+
|          31|   -2.282100|    0.212159|    0.191432|    3.174212|
|          32|   -2.296861|    0.243338|    0.229753|    3.159004|
|          33|   -2.305537|    0.273056|    0.263064|    3.141936|
|          34|   -2.318554|    0.284496|    0.273851|    3.117353|
|          35|   -2.342191|    0.273272|    0.261905|    3.083182|
|          36|   -2.374705|    0.246718|    0.235550|    3.043215|
|          37|   -2.410506|    0.209084|    0.196984|    3.004448|
|          38|   -2.445544|    0.162355|    0.147458|    2.971919|
|          39|   -2.475335|    0.109753|    0.089964|    2.949636|
|          40|   -2.497073|    0.057245|    0.031374|    2.938145|
+-----------------------------------------------------------------------+
|        File Writing Summary       |              Filename             |
+-----------------------------------------------------------------------+
|SU2 binary restart                 |restart_flow.dat                   |

Writing the forces breakdown file (forces_breakdown.dat).
+-----------------------------------------------------------------------+
+----------------------------------------------------------------+
|  Inner_Iter|    rms[Rho]|   rms[RhoU]|   rms[RhoV]|   rms[RhoE]|
+----------------------------------------------------------------+
|          41|   -2.511554|    0.015280|   -0.014277|    2.933547|
|          42|   -2.522380|   -0.004819|   -0.030113|    2.929467|
|          43|   -2.533443|   -0.000794|   -0.013916|    2.921056|
|          44|   -2.547194|    0.018222|    0.019140|    2.905601|
|          45|   -2.563185|    0.040173|    0.052561|    2.883495|
|          46|   -2.579964|    0.055462|    0.075782|    2.856437|
|          47|   -2.594506|    0.057977|    0.083137|    2.829268|
|          48|   -2.604214|    0.045694|    0.073219|    2.808760|
|          49|   -2.608774|    0.018843|    0.046527|    2.799799|
|          50|   -2.609786|   -0.020235|    0.005545|    2.802584|
+-----------------------------------------------------------------------+
|        File Writing Summary       |              Filename             |
+-----------------------------------------------------------------------+
|SU2 binary restart                 |restart_flow.dat                   |

Writing the forces breakdown file (forces_breakdown.dat).
+-----------------------------------------------------------------------+
+----------------------------------------------------------------+
|  Inner_Iter|    rms[Rho]|   rms[RhoU]|   rms[RhoV]|   rms[RhoE]|
+----------------------------------------------------------------+
|          51|   -2.611247|   -0.066082|   -0.043807|    2.811032|
|          52|   -2.616611|   -0.108226|   -0.088746|    2.817228|
|          53|   -2.627229|   -0.135764|   -0.115188|    2.816146|
|          54|   -2.643058|   -0.144631|   -0.118751|    2.805340|
|          55|   -2.662500|   -0.140359|   -0.108541|    2.785211|
|          56|   -2.683911|   -0.132569|   -0.097816|    2.757432|
|          57|   -2.704668|   -0.129278|   -0.095212|    2.726672|
|          58|   -2.721664|   -0.133019|   -0.101862|    2.700490|
|          59|   -2.732274|   -0.142790|   -0.114225|    2.686107|
|          60|   -2.734837|   -0.155678|   -0.126505|    2.686556|
+-----------------------------------------------------------------------+
|        File Writing Summary       |              Filename             |
+-----------------------------------------------------------------------+
|SU2 binary restart                 |restart_flow.dat                   |

Writing the forces breakdown file (forces_breakdown.dat).
+-----------------------------------------------------------------------+
+----------------------------------------------------------------+
|  Inner_Iter|    rms[Rho]|   rms[RhoU]|   rms[RhoV]|   rms[RhoE]|
+----------------------------------------------------------------+
|          61|   -2.731469|   -0.169068|   -0.134505|    2.696753|
|          62|   -2.726492|   -0.182173|   -0.139061|    2.707832|
|          63|   -2.723444|   -0.195865|   -0.144900|    2.714189|
|          64|   -2.724442|   -0.211329|   -0.156750|    2.713821|
|          65|   -2.728957|   -0.227596|   -0.175811|    2.708529|
|          66|   -2.734778|   -0.239463|   -0.197873|    2.701892|
|          67|   -2.738011|   -0.238827|   -0.211506|    2.698259|
|          68|   -2.735192|   -0.220702|   -0.205183|    2.700725|
|          69|   -2.725834|   -0.189621|   -0.179066|    2.708921|
|          70|   -2.712905|   -0.156838|   -0.145813|    2.719522|
+-----------------------------------------------------------------------+
|        File Writing Summary       |              Filename             |
+-----------------------------------------------------------------------+
|SU2 binary restart                 |restart_flow.dat                   |

Writing the forces breakdown file (forces_breakdown.dat).
+-----------------------------------------------------------------------+
+----------------------------------------------------------------+
|  Inner_Iter|    rms[Rho]|   rms[RhoU]|   rms[RhoV]|   rms[RhoE]|
+----------------------------------------------------------------+
|          71|   -2.699374|   -0.131840|   -0.118238|    2.730381|
|          72|   -2.693787|   -0.124665|   -0.108760|    2.733171|
|          73|   -2.695338|   -0.135052|   -0.117641|    2.730047|
|          74|   -2.701878|   -0.160558|   -0.142583|    2.723837|
|          75|   -2.711365|   -0.197478|   -0.180107|    2.716437|
|          76|   -2.722258|   -0.240522|   -0.225268|    2.708588|
|          77|   -2.732758|   -0.282310|   -0.271292|    2.701600|
|          78|   -2.741747|   -0.310139|   -0.304441|    2.695553|
|          79|   -2.748208|   -0.311549|   -0.309086|    2.690455|
|          80|   -2.751257|   -0.285657|   -0.282195|    2.686550|
+-----------------------------------------------------------------------+
|        File Writing Summary       |              Filename             |
+-----------------------------------------------------------------------+
|SU2 binary restart                 |restart_flow.dat                   |

Writing the forces breakdown file (forces_breakdown.dat).
+-----------------------------------------------------------------------+
+----------------------------------------------------------------+
|  Inner_Iter|    rms[Rho]|   rms[RhoU]|   rms[RhoV]|   rms[RhoE]|
+----------------------------------------------------------------+
|          81|   -2.750370|   -0.244433|   -0.237165|    2.684306|
|          82|   -2.745739|   -0.201630|   -0.190018|    2.684119|
|          83|   -2.738449|   -0.165969|   -0.150535|    2.685953|
|          84|   -2.729495|   -0.140648|   -0.122046|    2.690081|
|          85|   -2.722600|   -0.129541|   -0.108518|    2.693454|
|          86|   -2.718522|   -0.131921|   -0.109002|    2.696046|
|          87|   -2.718392|   -0.147834|   -0.123568|    2.696943|
|          88|   -2.722765|   -0.177095|   -0.152177|    2.695518|
|          89|   -2.731583|   -0.218938|   -0.194468|    2.691533|
|          90|   -2.744152|   -0.270879|   -0.248810|    2.685159|
+-----------------------------------------------------------------------+
|        File Writing Summary       |              Filename             |
+-----------------------------------------------------------------------+
|SU2 binary restart                 |restart_flow.dat                   |

Writing the forces breakdown file (forces_breakdown.dat).
+-----------------------------------------------------------------------+
+----------------------------------------------------------------+
|  Inner_Iter|    rms[Rho]|   rms[RhoU]|   rms[RhoV]|   rms[RhoE]|
+----------------------------------------------------------------+
|          91|   -2.759144|   -0.326254|   -0.309878|    2.676938|
|          92|   -2.774670|   -0.371164|   -0.364442|    2.667695|
|          93|   -2.788532|   -0.387365|   -0.390984|    2.658382|
|          94|   -2.798363|   -0.367079|   -0.375294|    2.650370|
|          95|   -2.803089|   -0.322436|   -0.328463|    2.644106|
|          96|   -2.803233|   -0.273476|   -0.274631|    2.639070|
|          97|   -2.800252|   -0.231794|   -0.228235|    2.634915|
|          98|   -2.796206|   -0.202074|   -0.194830|    2.631087|
|          99|   -2.792674|   -0.185428|   -0.175586|    2.627479|
|         100|   -2.791984|   -0.182761|   -0.171416|    2.622846|
+-----------------------------------------------------------------------+
|        File Writing Summary       |              Filename             |
+-----------------------------------------------------------------------+
|SU2 binary restart                 |restart_flow.dat                   |

Writing the forces breakdown file (forces_breakdown.dat).
+-----------------------------------------------------------------------+
+----------------------------------------------------------------+
|  Inner_Iter|    rms[Rho]|   rms[RhoU]|   rms[RhoV]|   rms[RhoE]|
+----------------------------------------------------------------+
|         101|   -2.795265|   -0.194763|   -0.182873|    2.616871|
|         102|   -2.802915|   -0.221405|   -0.209952|    2.609642|
|         103|   -2.814758|   -0.262367|   -0.252482|    2.601448|
|         104|   -2.829850|   -0.316586|   -0.309602|    2.593048|
|         105|   -2.847645|   -0.379956|   -0.377199|    2.584264|
|         106|   -2.866390|   -0.439236|   -0.439938|    2.575029|
|         107|   -2.884103|   -0.473319|   -0.472439|    2.565279|
|         108|   -2.898892|   -0.467884|   -0.459226|    2.554895|
|         109|   -2.909133|   -0.432359|   -0.414822|    2.544272|
|         110|   -2.915032|   -0.388264|   -0.364667|    2.532976|
+-----------------------------------------------------------------------+
|        File Writing Summary       |              Filename             |
+-----------------------------------------------------------------------+
|SU2 binary restart                 |restart_flow.dat                   |

Writing the forces breakdown file (forces_breakdown.dat).
+-----------------------------------------------------------------------+
+----------------------------------------------------------------+
|  Inner_Iter|    rms[Rho]|   rms[RhoU]|   rms[RhoV]|   rms[RhoE]|
+----------------------------------------------------------------+
|         111|   -2.918240|   -0.352072|   -0.325364|    2.520365|
|         112|   -2.920844|   -0.329951|   -0.302077|    2.506638|
|         113|   -2.924982|   -0.323593|   -0.295835|    2.492229|
|         114|   -2.931966|   -0.333099|   -0.306387|    2.478118|
|         115|   -2.943734|   -0.358777|   -0.334194|    2.463965|
|         116|   -2.960438|   -0.399786|   -0.378300|    2.450259|
|         117|   -2.981459|   -0.453790|   -0.436415|    2.437091|
|         118|   -3.005440|   -0.515038|   -0.502594|    2.424150|
|         119|   -3.030303|   -0.571545|   -0.563737|    2.411210|
|         120|   -3.054453|   -0.605021|   -0.598990|    2.397062|
+-----------------------------------------------------------------------+
|        File Writing Summary       |              Filename             |
+-----------------------------------------------------------------------+
|SU2 binary restart                 |restart_flow.dat                   |

Writing the forces breakdown file (forces_breakdown.dat).
+-----------------------------------------------------------------------+
+----------------------------------------------------------------+
|  Inner_Iter|    rms[Rho]|   rms[RhoU]|   rms[RhoV]|   rms[RhoE]|
+----------------------------------------------------------------+
|         121|   -3.076618|   -0.605428|   -0.596892|    2.379944|
|         122|   -3.096434|   -0.583262|   -0.570533|    2.358954|
|         123|   -3.114511|   -0.556430|   -0.540400|    2.333805|
|         124|   -3.131415|   -0.536356|   -0.518527|    2.305674|
|         125|   -3.149045|   -0.528935|   -0.510498|    2.275286|
|         126|   -3.168151|   -0.536739|   -0.518384|    2.245167|
|         127|   -3.188437|   -0.559646|   -0.541836|    2.218886|
|         128|   -3.208958|   -0.596324|   -0.579320|    2.199380|
|         129|   -3.228377|   -0.644024|   -0.627737|    2.187712|
|         130|   -3.246889|   -0.697282|   -0.680906|    2.180890|
+-----------------------------------------------------------------------+
|        File Writing Summary       |              Filename             |
+-----------------------------------------------------------------------+
|SU2 binary restart                 |restart_flow.dat                   |

Writing the forces breakdown file (forces_breakdown.dat).
+-----------------------------------------------------------------------+
+----------------------------------------------------------------+
|  Inner_Iter|    rms[Rho]|   rms[RhoU]|   rms[RhoV]|   rms[RhoE]|
+----------------------------------------------------------------+
|         131|   -3.265314|   -0.745881|   -0.727215|    2.173692|
|         132|   -3.284737|   -0.778455|   -0.754750|    2.161897|
|         133|   -3.306237|   -0.789459|   -0.759419|    2.142788|
|         134|   -3.329542|   -0.783510|   -0.747933|    2.116351|
|         135|   -3.353729|   -0.770893|   -0.731606|    2.084250|
|         136|   -3.376227|   -0.761500|   -0.719884|    2.051287|
|         137|   -3.393435|   -0.760090|   -0.717061|    2.025292|
|         138|   -3.402861|   -0.768194|   -0.724480|    2.012908|
|         139|   -3.404189|   -0.785427|   -0.741732|    2.015436|
|         140|   -3.401562|   -0.810438|   -0.767781|    2.025862|
+-----------------------------------------------------------------------+
|        File Writing Summary       |              Filename             |
+-----------------------------------------------------------------------+
|SU2 binary restart                 |restart_flow.dat                   |

Writing the forces breakdown file (forces_breakdown.dat).
+-----------------------------------------------------------------------+
+----------------------------------------------------------------+
|  Inner_Iter|    rms[Rho]|   rms[RhoU]|   rms[RhoV]|   rms[RhoE]|
+----------------------------------------------------------------+
|         141|   -3.400423|   -0.840094|   -0.799858|    2.034586|
|         142|   -3.403592|   -0.868489|   -0.832356|    2.036514|
|         143|   -3.411537|   -0.887159|   -0.856315|    2.030288|
|         144|   -3.421493|   -0.888400|   -0.862088|    2.018679|
|         145|   -3.429318|   -0.871503|   -0.847083|    2.006474|
|         146|   -3.431176|   -0.845983|   -0.820311|    1.998946|
|         147|   -3.425729|   -0.822603|   -0.793997|    1.999756|
|         148|   -3.415497|   -0.809219|   -0.777237|    2.008048|
|         149|   -3.404280|   -0.810094|   -0.774820|    2.020421|
|         150|   -3.397236|   -0.827625|   -0.789467|    2.031203|
+-----------------------------------------------------------------------+
|        File Writing Summary       |              Filename             |
+-----------------------------------------------------------------------+
|SU2 binary restart                 |restart_flow.dat                   |

Writing the forces breakdown file (forces_breakdown.dat).
+-----------------------------------------------------------------------+
+----------------------------------------------------------------+
|  Inner_Iter|    rms[Rho]|   rms[RhoU]|   rms[RhoV]|   rms[RhoE]|
+----------------------------------------------------------------+
|         151|   -3.398886|   -0.860094|   -0.819594|    2.034046|
|         152|   -3.406502|   -0.900735|   -0.858827|    2.030820|
|         153|   -3.417199|   -0.938882|   -0.897520|    2.023442|
|         154|   -3.428366|   -0.962375|   -0.924354|    2.013652|
|         155|   -3.437945|   -0.964182|   -0.931546|    2.002997|
|         156|   -3.443807|   -0.945509|   -0.918415|    1.993837|
|         157|   -3.444218|   -0.913127|   -0.890137|    1.988581|
|         158|   -3.439601|   -0.876997|   -0.856111|    1.987572|
|         159|   -3.431314|   -0.844602|   -0.824276|    1.990428|
|         160|   -3.421145|   -0.820282|   -0.799576|    1.996251|
+-----------------------------------------------------------------------+
|        File Writing Summary       |              Filename             |
+-----------------------------------------------------------------------+
|SU2 binary restart                 |restart_flow.dat                   |

Writing the forces breakdown file (forces_breakdown.dat).
+-----------------------------------------------------------------------+
+----------------------------------------------------------------+
|  Inner_Iter|    rms[Rho]|   rms[RhoU]|   rms[RhoV]|   rms[RhoE]|
+----------------------------------------------------------------+
|         161|   -3.410954|   -0.806301|   -0.784673|    2.003775|
|         162|   -3.402436|   -0.803839|   -0.780939|    2.011565|
|         163|   -3.396948|   -0.813527|   -0.789084|    2.018258|
|         164|   -3.395400|   -0.835641|   -0.809394|    2.022770|
|         165|   -3.398181|   -0.869961|   -0.841611|    2.024425|
|         166|   -3.405115|   -0.915102|   -0.884297|    2.022998|
|         167|   -3.415424|   -0.966867|   -0.933315|    2.018697|
|         168|   -3.427719|   -1.015418|   -0.979332|    2.012132|
|         169|   -3.440069|   -1.044356|   -1.007130|    2.004251|
|         170|   -3.450267|   -1.040000|   -1.003823|    1.996225|
+-----------------------------------------------------------------------+
|        File Writing Summary       |              Filename             |
+-----------------------------------------------------------------------+
|SU2 binary restart                 |restart_flow.dat                   |

Writing the forces breakdown file (forces_breakdown.dat).
+-----------------------------------------------------------------------+
+----------------------------------------------------------------+
|  Inner_Iter|    rms[Rho]|   rms[RhoU]|   rms[RhoV]|   rms[RhoE]|
+----------------------------------------------------------------+
|         171|   -3.456375|   -1.005968|   -0.971971|    1.989241|
|         172|   -3.457387|   -0.958827|   -0.926606|    1.984233|
|         173|   -3.452747|   -0.911031|   -0.879664|    1.982640|
|         174|   -3.445111|   -0.872687|   -0.841472|    1.982911|
|         175|   -3.436860|   -0.846889|   -0.815355|    1.984170|
|         176|   -3.430186|   -0.834550|   -0.802386|    1.985426|
|         177|   -3.426754|   -0.835887|   -0.802840|    1.985755|
|         178|   -3.427303|   -0.851256|   -0.817088|    1.984914|
|         179|   -3.432804|   -0.880351|   -0.844579|    1.981632|
|         180|   -3.443087|   -0.922899|   -0.885094|    1.975967|
+-----------------------------------------------------------------------+
|        File Writing Summary       |              Filename             |
+-----------------------------------------------------------------------+
|SU2 binary restart                 |restart_flow.dat                   |

Writing the forces breakdown file (forces_breakdown.dat).
+-----------------------------------------------------------------------+
+----------------------------------------------------------------+
|  Inner_Iter|    rms[Rho]|   rms[RhoU]|   rms[RhoV]|   rms[RhoE]|
+----------------------------------------------------------------+
|         181|   -3.457352|   -0.977384|   -0.937123|    1.968280|
|         182|   -3.474395|   -1.038877|   -0.995996|    1.959021|
|         183|   -3.492338|   -1.095245|   -1.050624|    1.949140|
|         184|   -3.509572|   -1.125062|   -1.081622|    1.938887|
|         185|   -3.524119|   -1.113839|   -1.074711|    1.928342|
|         186|   -3.534408|   -1.073108|   -1.038705|    1.917925|
|         187|   -3.539870|   -1.024793|   -0.993725|    1.908001|
|         188|   -3.540673|   -0.982225|   -0.953186|    1.899360|
|         189|   -3.539079|   -0.951696|   -0.923897|    1.891338|
|         190|   -3.537661|   -0.936134|   -0.909118|    1.883315|
+-----------------------------------------------------------------------+
|        File Writing Summary       |              Filename             |
+-----------------------------------------------------------------------+
|SU2 binary restart                 |restart_flow.dat                   |

Writing the forces breakdown file (forces_breakdown.dat).
+-----------------------------------------------------------------------+
+----------------------------------------------------------------+
|  Inner_Iter|    rms[Rho]|   rms[RhoU]|   rms[RhoV]|   rms[RhoE]|
+----------------------------------------------------------------+
|         191|   -3.538491|   -0.935688|   -0.909243|    1.875038|
|         192|   -3.543085|   -0.950081|   -0.924090|    1.866272|
|         193|   -3.552014|   -0.979090|   -0.953371|    1.857218|
|         194|   -3.566345|   -1.022773|   -0.997005|    1.846974|
|         195|   -3.585529|   -1.078921|   -1.052022|    1.835449|
|         196|   -3.608391|   -1.142125|   -1.112024|    1.822563|
|         197|   -3.633110|   -1.200425|   -1.164354|    1.808259|
|         198|   -3.657139|   -1.235466|   -1.192124|    1.793020|
|         199|   -3.678627|   -1.234949|   -1.187023|    1.776461|
|         200|   -3.696403|   -1.208868|   -1.160657|    1.757896|
+-----------------------------------------------------------------------+
|        File Writing Summary       |              Filename             |
+-----------------------------------------------------------------------+
|SU2 binary restart                 |restart_flow.dat                   |

Writing the forces breakdown file (forces_breakdown.dat).
+-----------------------------------------------------------------------+
+----------------------------------------------------------------+
|  Inner_Iter|    rms[Rho]|   rms[RhoU]|   rms[RhoV]|   rms[RhoE]|
+----------------------------------------------------------------+
|         201|   -3.710424|   -1.176575|   -1.130431|    1.737428|
|         202|   -3.721818|   -1.151019|   -1.107429|    1.715525|
|         203|   -3.731825|   -1.137362|   -1.095960|    1.693550|
|         204|   -3.743062|   -1.137877|   -1.098087|    1.671670|
|         205|   -3.756950|   -1.153177|   -1.114194|    1.650950|
|         206|   -3.774017|   -1.182346|   -1.143359|    1.632408|
|         207|   -3.794101|   -1.223501|   -1.183786|    1.616415|
|         208|   -3.816287|   -1.273318|   -1.232377|    1.602917|
|         209|   -3.840324|   -1.325372|   -1.283582|    1.590059|
|         210|   -3.865555|   -1.369235|   -1.327902|    1.575314|
+-----------------------------------------------------------------------+
|        File Writing Summary       |              Filename             |
+-----------------------------------------------------------------------+
|SU2 binary restart                 |restart_flow.dat                   |

Writing the forces breakdown file (forces_breakdown.dat).
+-----------------------------------------------------------------------+
+----------------------------------------------------------------+
|  Inner_Iter|    rms[Rho]|   rms[RhoU]|   rms[RhoV]|   rms[RhoE]|
+----------------------------------------------------------------+
|         211|   -3.891358|   -1.395518|   -1.356415|    1.556832|
|         212|   -3.917320|   -1.402103|   -1.366014|    1.533428|
|         213|   -3.942465|   -1.395057|   -1.361112|    1.505653|
|         214|   -3.966564|   -1.384158|   -1.350160|    1.474264|
|         215|   -3.988865|   -1.377833|   -1.341341|    1.441784|
|         216|   -4.007938|   -1.379880|   -1.339114|    1.412872|
|         217|   -4.022470|   -1.391454|   -1.345466|    1.392306|
|         218|   -4.031222|   -1.411930|   -1.360672|    1.383361|
|         219|   -4.035998|   -1.439799|   -1.384523|    1.383294|
|         220|   -4.039758|   -1.471714|   -1.415383|    1.385958|
+-----------------------------------------------------------------------+
|        File Writing Summary       |              Filename             |
+-----------------------------------------------------------------------+
|SU2 binary restart                 |restart_flow.dat                   |

Writing the forces breakdown file (forces_breakdown.dat).
+-----------------------------------------------------------------------+
+----------------------------------------------------------------+
|  Inner_Iter|    rms[Rho]|   rms[RhoU]|   rms[RhoV]|   rms[RhoE]|
+----------------------------------------------------------------+
|         221|   -4.044390|   -1.501873|   -1.449151|    1.386798|
|         222|   -4.050925|   -1.522619|   -1.478416|    1.383198|
|         223|   -4.058490|   -1.527366|   -1.493561|    1.375620|
|         224|   -4.065570|   -1.515778|   -1.488829|    1.365909|
|         225|   -4.070481|   -1.496145|   -1.469219|    1.356737|
|         226|   -4.071702|   -1.477757|   -1.445685|    1.351606|
|         227|   -4.069242|   -1.467673|   -1.428092|    1.352388|
|         228|   -4.063602|   -1.469846|   -1.422141|    1.359586|
|         229|   -4.058046|   -1.486491|   -1.431121|    1.369562|
|         230|   -4.056529|   -1.516289|   -1.455014|    1.376318|
+-----------------------------------------------------------------------+
|        File Writing Summary       |              Filename             |
+-----------------------------------------------------------------------+
|SU2 binary restart                 |restart_flow.dat                   |

Writing the forces breakdown file (forces_breakdown.dat).
+-----------------------------------------------------------------------+
+----------------------------------------------------------------+
|  Inner_Iter|    rms[Rho]|   rms[RhoU]|   rms[RhoV]|   rms[RhoE]|
+----------------------------------------------------------------+
|         231|   -4.059312|   -1.553239|   -1.489142|    1.378020|
|         232|   -4.064150|   -1.587329|   -1.525203|    1.375871|
|         233|   -4.069582|   -1.607088|   -1.552572|    1.370669|
|         234|   -4.074375|   -1.605685|   -1.562131|    1.363595|
|         235|   -4.077388|   -1.584696|   -1.550930|    1.356201|
|         236|   -4.077771|   -1.552439|   -1.524082|    1.350019|
|         237|   -4.074966|   -1.517462|   -1.490245|    1.346638|
|         238|   -4.069545|   -1.486411|   -1.457732|    1.346557|
|         239|   -4.062441|   -1.463218|   -1.431920|    1.349772|
|         240|   -4.054794|   -1.450049|   -1.415761|    1.355701|
+-----------------------------------------------------------------------+
|        File Writing Summary       |              Filename             |
+-----------------------------------------------------------------------+
|SU2 binary restart                 |restart_flow.dat                   |

Writing the forces breakdown file (forces_breakdown.dat).
+-----------------------------------------------------------------------+
+----------------------------------------------------------------+
|  Inner_Iter|    rms[Rho]|   rms[RhoU]|   rms[RhoV]|   rms[RhoE]|
+----------------------------------------------------------------+
|         241|   -4.047789|   -1.448138|   -1.410793|    1.363290|
|         242|   -4.042506|   -1.458234|   -1.417847|    1.371257|
|         243|   -4.039786|   -1.480717|   -1.437336|    1.378367|
|         244|   -4.040127|   -1.515373|   -1.469184|    1.383628|
|         245|   -4.043591|   -1.560590|   -1.512226|    1.386405|
|         246|   -4.049748|   -1.611462|   -1.562668|    1.386466|
|         247|   -4.057657|   -1.656802|   -1.611282|    1.383975|
|         248|   -4.065919|   -1.679172|   -1.641845|    1.379472|
|         249|   -4.072866|   -1.666543|   -1.639215|    1.373817|
|         250|   -4.076929|   -1.625788|   -1.604978|    1.368065|
+-----------------------------------------------------------------------+
|        File Writing Summary       |              Filename             |
+-----------------------------------------------------------------------+
|SU2 binary restart                 |restart_flow.dat                   |

Writing the forces breakdown file (forces_breakdown.dat).
|Paraview                           |flow.vtu                           |

Writing the forces breakdown file (forces_breakdown.dat).
|Paraview surface                   |surface_flow.vtu                   |

Writing the forces breakdown file (forces_breakdown.dat).
|CSV file                           |surface_flow.csv                   |

Writing the forces breakdown file (forces_breakdown.dat).
+-----------------------------------------------------------------------+
+----------------------------------------------------------------+
|  Inner_Iter|    rms[Rho]|   rms[RhoU]|   rms[RhoV]|   rms[RhoE]|
+----------------------------------------------------------------+
|         251|   -4.077123|   -1.574399|   -1.555477|    1.363271|
|         252|   -4.073422|   -1.525696|   -1.505921|    1.360234|
|         253|   -4.066789|   -1.486088|   -1.464423|    1.359291|
|         254|   -4.057953|   -1.456797|   -1.433084|    1.361214|
|         255|   -4.049930|   -1.440554|   -1.414982|    1.364001|
|         256|   -4.044371|   -1.437596|   -1.410458|    1.366729|
|         257|   -4.042351|   -1.448021|   -1.419633|    1.368635|
|         258|   -4.044416|   -1.471616|   -1.442208|    1.369006|
|         259|   -4.050222|   -1.508420|   -1.478326|    1.368073|
|         260|   -4.059996|   -1.557690|   -1.527281|    1.364967|
+-----------------------------------------------------------------------+
|        File Writing Summary       |              Filename             |
+-----------------------------------------------------------------------+
|SU2 binary restart                 |restart_flow.dat                   |

Writing the forces breakdown file (forces_breakdown.dat).
+-----------------------------------------------------------------------+
+----------------------------------------------------------------+
|  Inner_Iter|    rms[Rho]|   rms[RhoU]|   rms[RhoV]|   rms[RhoE]|
+----------------------------------------------------------------+
|         261|   -4.072900|   -1.616230|   -1.585919|    1.359782|
|         262|   -4.087704|   -1.675025|   -1.645216|    1.352742|
|         263|   -4.102843|   -1.716106|   -1.686882|    1.344194|
|         264|   -4.116184|   -1.719679|   -1.690408|    1.335134|
|         265|   -4.126225|   -1.685306|   -1.655133|    1.325931|
|         266|   -4.132104|   -1.634636|   -1.603326|    1.316655|
|         267|   -4.133715|   -1.586211|   -1.553984|    1.307924|
|         268|   -4.131994|   -1.548658|   -1.515845|    1.300275|
|         269|   -4.128110|   -1.524359|   -1.491245|    1.294554|
|         270|   -4.124793|   -1.514498|   -1.481434|    1.289844|
+-----------------------------------------------------------------------+
|        File Writing Summary       |              Filename             |
+-----------------------------------------------------------------------+
|SU2 binary restart                 |restart_flow.dat                   |

Writing the forces breakdown file (forces_breakdown.dat).
+-----------------------------------------------------------------------+
+----------------------------------------------------------------+
|  Inner_Iter|    rms[Rho]|   rms[RhoU]|   rms[RhoV]|   rms[RhoE]|
+----------------------------------------------------------------+
|         271|   -4.124109|   -1.519831|   -1.487026|    1.285531|
|         272|   -4.127414|   -1.540183|   -1.507769|    1.281039|
|         273|   -4.135461|   -1.575253|   -1.543257|    1.275733|
|         274|   -4.148162|   -1.624526|   -1.592745|    1.269419|
|         275|   -4.165732|   -1.685815|   -1.653665|    1.261121|
|         276|   -4.186967|   -1.750310|   -1.716147|    1.250365|
|         277|   -4.210115|   -1.800936|   -1.762569|    1.237000|
|         278|   -4.232978|   -1.817796|   -1.774866|    1.221125|
|         279|   -4.252888|   -1.797484|   -1.752738|    1.203719|
|         280|   -4.268648|   -1.758145|   -1.714370|    1.184890|
+-----------------------------------------------------------------------+
|        File Writing Summary       |              Filename             |
+-----------------------------------------------------------------------+
|SU2 binary restart                 |restart_flow.dat                   |

Writing the forces breakdown file (forces_breakdown.dat).
+-----------------------------------------------------------------------+
+----------------------------------------------------------------+
|  Inner_Iter|    rms[Rho]|   rms[RhoU]|   rms[RhoV]|   rms[RhoE]|
+----------------------------------------------------------------+
|         281|   -4.280301|   -1.720430|   -1.678831|    1.164779|
|         282|   -4.288911|   -1.694157|   -1.654932|    1.144359|
|         283|   -4.296271|   -1.682589|   -1.645574|    1.124775|
|         284|   -4.303807|   -1.686141|   -1.651057|    1.107576|
|         285|   -4.314101|   -1.705238|   -1.671690|    1.092278|
|         286|   -4.328242|   -1.739382|   -1.706451|    1.078714|
|         287|   -4.346590|   -1.786847|   -1.753033|    1.066118|
|         288|   -4.368953|   -1.843864|   -1.806791|    1.053203|
|         289|   -4.394439|   -1.902948|   -1.859345|    1.038972|
|         290|   -4.422433|   -1.950967|   -1.898164|    1.021757|
+-----------------------------------------------------------------------+
|        File Writing Summary       |              Filename             |
+-----------------------------------------------------------------------+
|SU2 binary restart                 |restart_flow.dat                   |

Writing the forces breakdown file (forces_breakdown.dat).
+-----------------------------------------------------------------------+
+----------------------------------------------------------------+
|  Inner_Iter|    rms[Rho]|   rms[RhoU]|   rms[RhoV]|   rms[RhoE]|
+----------------------------------------------------------------+
|         291|   -4.451704|   -1.974723|   -1.913550|    0.999962|
|         292|   -4.480709|   -1.973645|   -1.908414|    0.973299|
|         293|   -4.507830|   -1.959516|   -1.894311|    0.942572|
|         294|   -4.530888|   -1.944664|   -1.881365|    0.910676|
|         295|   -4.549692|   -1.937319|   -1.875860|    0.880129|
|         296|   -4.564590|   -1.941614|   -1.880835|    0.854227|
|         297|   -4.576278|   -1.957806|   -1.896286|    0.835811|
|         298|   -4.586030|   -1.984198|   -1.920703|    0.825101|
|         299|   -4.594908|   -2.017396|   -1.951271|    0.820151|
|         300|   -4.604945|   -2.052109|   -1.984179|    0.816471|
+-----------------------------------------------------------------------+
|        File Writing Summary       |              Filename             |
+-----------------------------------------------------------------------+
|SU2 binary restart                 |restart_flow.dat                   |

Writing the forces breakdown file (forces_breakdown.dat).
+-----------------------------------------------------------------------+
+----------------------------------------------------------------+
|  Inner_Iter|    rms[Rho]|   rms[RhoU]|   rms[RhoV]|   rms[RhoE]|
+----------------------------------------------------------------+
|         301|   -4.617798|   -2.081360|   -2.014330|    0.809464|
|         302|   -4.633561|   -2.099260|   -2.037023|    0.797292|
|         303|   -4.651221|   -2.104213|   -2.049532|    0.780226|
|         304|   -4.667860|   -2.099352|   -2.052004|    0.761580|
|         305|   -4.681021|   -2.091014|   -2.047793|    0.745157|
|         306|   -4.689057|   -2.086463|   -2.042568|    0.734446|
|         307|   -4.691526|   -2.089870|   -2.040948|    0.731713|
|         308|   -4.689880|   -2.103051|   -2.045914|    0.735925|
|         309|   -4.685610|   -2.125249|   -2.058224|    0.744738|
|         310|   -4.681368|   -2.152738|   -2.076685|    0.753902|
+-----------------------------------------------------------------------+
|        File Writing Summary       |              Filename             |
+-----------------------------------------------------------------------+
|SU2 binary restart                 |restart_flow.dat                   |

Writing the forces breakdown file (forces_breakdown.dat).
+-----------------------------------------------------------------------+
+----------------------------------------------------------------+
|  Inner_Iter|    rms[Rho]|   rms[RhoU]|   rms[RhoV]|   rms[RhoE]|
+----------------------------------------------------------------+
|         311|   -4.681758|   -2.178548|   -2.098427|    0.756188|
|         312|   -4.684717|   -2.194351|   -2.117907|    0.753124|
|         313|   -4.688356|   -2.194868|   -2.129537|    0.746629|
|         314|   -4.691359|   -2.181529|   -2.130566|    0.738549|
|         315|   -4.692799|   -2.159673|   -2.121703|    0.730797|
|         316|   -4.691673|   -2.134050|   -2.105282|    0.725641|
|         317|   -4.688029|   -2.109492|   -2.085428|    0.724125|
|         318|   -4.682802|   -2.090032|   -2.066840|    0.726097|
|         319|   -4.676911|   -2.078270|   -2.053289|    0.731056|
|         320|   -4.671261|   -2.075813|   -2.047394|    0.738091|
+-----------------------------------------------------------------------+
|        File Writing Summary       |              Filename             |
+-----------------------------------------------------------------------+
|SU2 binary restart                 |restart_flow.dat                   |

Writing the forces breakdown file (forces_breakdown.dat).
+-----------------------------------------------------------------------+
+----------------------------------------------------------------+
|  Inner_Iter|    rms[Rho]|   rms[RhoU]|   rms[RhoV]|   rms[RhoE]|
+----------------------------------------------------------------+
|         321|   -4.666716|   -2.083702|   -2.050825|    0.746008|
|         322|   -4.663997|   -2.102589|   -2.064528|    0.753574|
|         323|   -4.663576|   -2.132570|   -2.088742|    0.759756|
|         324|   -4.665575|   -2.172516|   -2.122626|    0.763856|
|         325|   -4.669684|   -2.218522|   -2.163256|    0.765572|
|         326|   -4.675135|   -2.261419|   -2.203879|    0.764999|
|         327|   -4.680746|   -2.286071|   -2.232799|    0.762598|
|         328|   -4.685091|   -2.279563|   -2.237434|    0.759138|
|         329|   -4.686813|   -2.244319|   -2.214607|    0.755585|
|         330|   -4.685031|   -2.195228|   -2.173854|    0.752937|
+-----------------------------------------------------------------------+
|        File Writing Summary       |              Filename             |
+-----------------------------------------------------------------------+
|SU2 binary restart                 |restart_flow.dat                   |

Writing the forces breakdown file (forces_breakdown.dat).
+-----------------------------------------------------------------------+
+----------------------------------------------------------------+
|  Inner_Iter|    rms[Rho]|   rms[RhoU]|   rms[RhoV]|   rms[RhoE]|
+----------------------------------------------------------------+
|         331|   -4.679667|   -2.146004|   -2.128191|    0.751979|
|         332|   -4.671522|   -2.104124|   -2.086627|    0.753069|
|         333|   -4.662031|   -2.072673|   -2.053713|    0.756027|
|         334|   -4.652860|   -2.052700|   -2.031403|    0.760206|
|         335|   -4.645526|   -2.044521|   -2.020498|    0.764706|
|         336|   -4.641177|   -2.048291|   -2.021392|    0.768617|
|         337|   -4.640504|   -2.064198|   -2.034387|    0.771206|
|         338|   -4.643746|   -2.092434|   -2.059747|    0.772000|
|         339|   -4.650708|   -2.132876|   -2.097483|    0.770802|
|         340|   -4.660779|   -2.184187|   -2.146639|    0.767660|
+-----------------------------------------------------------------------+
|        File Writing Summary       |              Filename             |
+-----------------------------------------------------------------------+
|SU2 binary restart                 |restart_flow.dat                   |

Writing the forces breakdown file (forces_breakdown.dat).
+-----------------------------------------------------------------------+
+----------------------------------------------------------------+
|  Inner_Iter|    rms[Rho]|   rms[RhoU]|   rms[RhoV]|   rms[RhoE]|
+----------------------------------------------------------------+
|         341|   -4.672951|   -2.241674|   -2.203492|    0.762815|
|         342|   -4.685857|   -2.293639|   -2.258107|    0.756659|
|         343|   -4.697903|   -2.320657|   -2.292133|    0.749679|
|         344|   -4.707513|   -2.308976|   -2.288738|    0.742410|
|         345|   -4.713068|   -2.265915|   -2.250500|    0.735901|
|         346|   -4.714207|   -2.211320|   -2.196603|    0.730413|
|         347|   -4.711798|   -2.161658|   -2.145494|    0.725615|
|         348|   -4.707115|   -2.123386|   -2.105132|    0.721629|
|         349|   -4.701828|   -2.098438|   -2.078105|    0.718410|
|         350|   -4.697151|   -2.086837|   -2.064639|    0.716250|
+-----------------------------------------------------------------------+
|        File Writing Summary       |              Filename             |
+-----------------------------------------------------------------------+
|SU2 binary restart                 |restart_flow.dat                   |

Writing the forces breakdown file (forces_breakdown.dat).
+-----------------------------------------------------------------------+
+----------------------------------------------------------------+
|  Inner_Iter|    rms[Rho]|   rms[RhoU]|   rms[RhoV]|   rms[RhoE]|
+----------------------------------------------------------------+
|         351|   -4.695305|   -2.089075|   -2.065384|    0.713919|
|         352|   -4.697455|   -2.105604|   -2.080718|    0.710874|
|         353|   -4.704163|   -2.136329|   -2.110539|    0.706714|
|         354|   -4.715447|   -2.180820|   -2.154427|    0.701145|
|         355|   -4.730543|   -2.237697|   -2.211032|    0.694413|
|         356|   -4.748966|   -2.301984|   -2.275437|    0.686040|
|         357|   -4.769008|   -2.359070|   -2.332587|    0.675792|
|         358|   -4.788605|   -2.387545|   -2.360555|    0.663775|
|         359|   -4.805696|   -2.376106|   -2.348100|    0.650231|
|         360|   -4.818369|   -2.336988|   -2.308085|    0.636074|
+-----------------------------------------------------------------------+
|        File Writing Summary       |              Filename             |
+-----------------------------------------------------------------------+
|SU2 binary restart                 |restart_flow.dat                   |

Writing the forces breakdown file (forces_breakdown.dat).
+-----------------------------------------------------------------------+
+----------------------------------------------------------------+
|  Inner_Iter|    rms[Rho]|   rms[RhoU]|   rms[RhoV]|   rms[RhoE]|
+----------------------------------------------------------------+
|         361|   -4.826598|   -2.291451|   -2.261921|    0.621308|
|         362|   -4.831760|   -2.254494|   -2.224581|    0.605759|
|         363|   -4.835662|   -2.231327|   -2.201182|    0.590000|
|         364|   -4.840211|   -2.223244|   -2.192954|    0.574718|
|         365|   -4.846549|   -2.230133|   -2.199718|    0.561027|
|         366|   -4.856697|   -2.252329|   -2.221855|    0.548296|
|         367|   -4.871121|   -2.289419|   -2.258658|    0.536520|
|         368|   -4.889730|   -2.339922|   -2.308381|    0.525221|
|         369|   -4.911927|   -2.400085|   -2.366884|    0.513549|
|         370|   -4.936489|   -2.461556|   -2.425398|    0.500901|
+-----------------------------------------------------------------------+
|        File Writing Summary       |              Filename             |
+-----------------------------------------------------------------------+
|SU2 binary restart                 |restart_flow.dat                   |

Writing the forces breakdown file (forces_breakdown.dat).
+-----------------------------------------------------------------------+
+----------------------------------------------------------------+
|  Inner_Iter|    rms[Rho]|   rms[RhoU]|   rms[RhoV]|   rms[RhoE]|
+----------------------------------------------------------------+
|         371|   -4.962463|   -2.508771|   -2.468378|    0.485990|
|         372|   -4.988521|   -2.526099|   -2.481530|    0.467293|
|         373|   -5.013338|   -2.514514|   -2.467591|    0.444341|
|         374|   -5.035910|   -2.489578|   -2.442134|    0.417441|
|         375|   -5.055043|   -2.465491|   -2.418442|    0.388546|
|         376|   -5.071573|   -2.450769|   -2.404094|    0.358964|
|         377|   -5.086446|   -2.449562|   -2.402782|    0.331087|
|         378|   -5.100385|   -2.462263|   -2.414819|    0.307827|
|         379|   -5.114080|   -2.487795|   -2.439146|    0.290897|
|         380|   -5.127838|   -2.523959|   -2.473605|    0.280315|
+-----------------------------------------------------------------------+
|        File Writing Summary       |              Filename             |
+-----------------------------------------------------------------------+
|SU2 binary restart                 |restart_flow.dat                   |

Writing the forces breakdown file (forces_breakdown.dat).
+-----------------------------------------------------------------------+
+----------------------------------------------------------------+
|  Inner_Iter|    rms[Rho]|   rms[RhoU]|   rms[RhoV]|   rms[RhoE]|
+----------------------------------------------------------------+
|         381|   -5.143024|   -2.567130|   -2.514759|    0.272949|
|         382|   -5.160695|   -2.610782|   -2.556189|    0.264548|
|         383|   -5.181263|   -2.646786|   -2.590270|    0.252109|
|         384|   -5.204649|   -2.668564|   -2.610774|    0.233975|
|         385|   -5.229348|   -2.675059|   -2.616347|    0.210947|
|         386|   -5.253653|   -2.671720|   -2.611395|    0.184787|
|         387|   -5.275197|   -2.667485|   -2.604014|    0.158681|
|         388|   -5.291058|   -2.668479|   -2.600379|    0.137808|
|         389|   -5.299482|   -2.677618|   -2.603842|    0.126383|
|         390|   -5.300023|   -2.694782|   -2.615003|    0.126102|
+-----------------------------------------------------------------------+
|        File Writing Summary       |              Filename             |
+-----------------------------------------------------------------------+
|SU2 binary restart                 |restart_flow.dat                   |

Writing the forces breakdown file (forces_breakdown.dat).
+-----------------------------------------------------------------------+
+----------------------------------------------------------------+
|  Inner_Iter|    rms[Rho]|   rms[RhoU]|   rms[RhoV]|   rms[RhoE]|
+----------------------------------------------------------------+
|         391|   -5.295519|   -2.717467|   -2.632678|    0.133250|
|         392|   -5.289963|   -2.740007|   -2.653518|    0.141572|
|         393|   -5.285189|   -2.753962|   -2.671747|    0.147604|
|         394|   -5.281737|   -2.752537|   -2.681008|    0.150012|
|         395|   -5.278341|   -2.735455|   -2.677492|    0.150264|
|         396|   -5.274407|   -2.710105|   -2.663627|    0.149931|
|         397|   -5.270349|   -2.687743|   -2.647589|    0.149986|
|         398|   -5.266618|   -2.675762|   -2.636979|    0.151725|
|         399|   -5.264164|   -2.678371|   -2.636934|    0.155342|
|         400|   -5.263142|   -2.697292|   -2.649761|    0.160976|
+-----------------------------------------------------------------------+
|        File Writing Summary       |              Filename             |
+-----------------------------------------------------------------------+
|SU2 binary restart                 |restart_flow.dat                   |

Writing the forces breakdown file (forces_breakdown.dat).
+-----------------------------------------------------------------------+
+----------------------------------------------------------------+
|  Inner_Iter|    rms[Rho]|   rms[RhoU]|   rms[RhoV]|   rms[RhoE]|
+----------------------------------------------------------------+
|         401|   -5.265718|   -2.731872|   -2.675170|    0.165204|
|         402|   -5.269909|   -2.776033|   -2.708273|    0.168553|
|         403|   -5.276121|   -2.815909|   -2.739332|    0.167565|
|         404|   -5.282088|   -2.835744|   -2.758257|    0.163202|
|         405|   -5.286375|   -2.828272|   -2.759460|    0.156581|
|         406|   -5.288385|   -2.801143|   -2.745434|    0.148925|
|         407|   -5.288282|   -2.767433|   -2.723528|    0.141351|
|         408|   -5.284911|   -2.733202|   -2.697964|    0.136756|
|         409|   -5.279569|   -2.704072|   -2.674074|    0.135116|
|         410|   -5.273763|   -2.683449|   -2.655894|    0.135886|
+-----------------------------------------------------------------------+
|        File Writing Summary       |              Filename             |
+-----------------------------------------------------------------------+
|SU2 binary restart                 |restart_flow.dat                   |

Writing the forces breakdown file (forces_breakdown.dat).
+-----------------------------------------------------------------------+
+----------------------------------------------------------------+
|  Inner_Iter|    rms[Rho]|   rms[RhoU]|   rms[RhoV]|   rms[RhoE]|
+----------------------------------------------------------------+
|         411|   -5.268714|   -2.673147|   -2.646037|    0.138421|
|         412|   -5.265374|   -2.674181|   -2.646137|    0.141940|
|         413|   -5.264460|   -2.687227|   -2.657235|    0.145546|
|         414|   -5.266443|   -2.712765|   -2.679963|    0.148355|
|         415|   -5.271480|   -2.750901|   -2.714432|    0.149645|
|         416|   -5.279358|   -2.800617|   -2.759621|    0.148959|
|         417|   -5.289432|   -2.857843|   -2.811847|    0.146151|
|         418|   -5.300615|   -2.911808|   -2.862012|    0.141394|
|         419|   -5.311448|   -2.943135|   -2.894126|    0.135149|
|         420|   -5.320317|   -2.935435|   -2.893299|    0.128109|
+-----------------------------------------------------------------------+
|        File Writing Summary       |              Filename             |
+-----------------------------------------------------------------------+
|SU2 binary restart                 |restart_flow.dat                   |

Writing the forces breakdown file (forces_breakdown.dat).
+-----------------------------------------------------------------------+
+----------------------------------------------------------------+
|  Inner_Iter|    rms[Rho]|   rms[RhoU]|   rms[RhoV]|   rms[RhoE]|
+----------------------------------------------------------------+
|         421|   -5.325820|   -2.894354|   -2.861051|    0.121102|
|         422|   -5.327196|   -2.840197|   -2.813412|    0.114949|
|         423|   -5.323725|   -2.786510|   -2.763342|    0.111269|
|         424|   -5.316967|   -2.742723|   -2.721056|    0.109687|
|         425|   -5.309465|   -2.712322|   -2.690984|    0.109155|
|         426|   -5.303064|   -2.695707|   -2.674122|    0.109177|
|         427|   -5.299217|   -2.692703|   -2.670604|    0.109214|
|         428|   -5.298913|   -2.703278|   -2.680598|    0.108793|
|         429|   -5.302470|   -2.727918|   -2.704509|    0.107750|
|         430|   -5.310726|   -2.766791|   -2.742460|    0.104839|
+-----------------------------------------------------------------------+
|        File Writing Summary       |              Filename             |
+-----------------------------------------------------------------------+
|SU2 binary restart                 |restart_flow.dat                   |

Writing the forces breakdown file (forces_breakdown.dat).
+-----------------------------------------------------------------------+
+----------------------------------------------------------------+
|  Inner_Iter|    rms[Rho]|   rms[RhoU]|   rms[RhoV]|   rms[RhoE]|
+----------------------------------------------------------------+
|         431|   -5.323203|   -2.819097|   -2.793588|    0.099970|
|         432|   -5.338885|   -2.881353|   -2.854410|    0.093261|
|         433|   -5.356293|   -2.943915|   -2.915617|    0.085250|
|         434|   -5.373223|   -2.984361|   -2.955626|    0.076359|
|         435|   -5.388060|   -2.982071|   -2.954548|    0.066225|
|         436|   -5.399075|   -2.943264|   -2.917860|    0.055251|
|         437|   -5.405353|   -2.892056|   -2.868557|    0.044026|
|         438|   -5.406837|   -2.844923|   -2.822875|    0.033592|
|         439|   -5.404843|   -2.810395|   -2.789413|    0.024533|
|         440|   -5.402595|   -2.791679|   -2.771512|    0.016042|
+-----------------------------------------------------------------------+
|        File Writing Summary       |              Filename             |
+-----------------------------------------------------------------------+
|SU2 binary restart                 |restart_flow.dat                   |

Writing the forces breakdown file (forces_breakdown.dat).
+-----------------------------------------------------------------------+
+----------------------------------------------------------------+
|  Inner_Iter|    rms[Rho]|   rms[RhoU]|   rms[RhoV]|   rms[RhoE]|
+----------------------------------------------------------------+
|         441|   -5.402388|   -2.788957|   -2.769513|    0.008025|
|         442|   -5.405921|   -2.801851|   -2.783088|    0.000272|
|         443|   -5.414343|   -2.830264|   -2.812178|   -0.007593|
|         444|   -5.427861|   -2.873720|   -2.855804|   -0.015797|
|         445|   -5.446912|   -2.929971|   -2.911045|   -0.025834|
|         446|   -5.470371|   -2.993080|   -2.970924|   -0.038109|
|         447|   -5.496318|   -3.050168|   -3.021848|   -0.052786|
|         448|   -5.522178|   -3.082177|   -3.046413|   -0.069387|
|         449|   -5.544974|   -3.077933|   -3.037657|   -0.087648|
|         450|   -5.563477|   -3.049949|   -3.009320|   -0.108020|
+-----------------------------------------------------------------------+
|        File Writing Summary       |              Filename             |
+-----------------------------------------------------------------------+
|SU2 binary restart                 |restart_flow.dat                   |

Writing the forces breakdown file (forces_breakdown.dat).
+-----------------------------------------------------------------------+
+----------------------------------------------------------------+
|  Inner_Iter|    rms[Rho]|   rms[RhoU]|   rms[RhoV]|   rms[RhoE]|
+----------------------------------------------------------------+
|         451|   -5.577435|   -3.017683|   -2.979005|   -0.129918|
|         452|   -5.587966|   -2.993259|   -2.957049|   -0.152359|
|         453|   -5.596822|   -2.981154|   -2.947175|   -0.173965|
|         454|   -5.605973|   -2.983418|   -2.950895|   -0.193517|
|         455|   -5.618321|   -3.000293|   -2.968175|   -0.211724|
|         456|   -5.634734|   -3.030476|   -2.997606|   -0.228482|
|         457|   -5.655208|   -3.071523|   -3.036566|   -0.244129|
|         458|   -5.679181|   -3.119559|   -3.081037|   -0.259174|
|         459|   -5.705477|   -3.167322|   -3.123603|   -0.274742|
|         460|   -5.733291|   -3.205556|   -3.155837|   -0.292755|
+-----------------------------------------------------------------------+
|        File Writing Summary       |              Filename             |
+-----------------------------------------------------------------------+
|SU2 binary restart                 |restart_flow.dat                   |

Writing the forces breakdown file (forces_breakdown.dat).
+-----------------------------------------------------------------------+
+----------------------------------------------------------------+
|  Inner_Iter|    rms[Rho]|   rms[RhoU]|   rms[RhoV]|   rms[RhoE]|
+----------------------------------------------------------------+
|         461|   -5.761059|   -3.227488|   -3.172564|   -0.313797|
|         462|   -5.787170|   -3.233539|   -3.175169|   -0.337619|
|         463|   -5.809720|   -3.229785|   -3.169371|   -0.362392|
|         464|   -5.827424|   -3.224527|   -3.162357|   -0.386060|
|         465|   -5.841478|   -3.224037|   -3.159511|   -0.407818|
|         466|   -5.852291|   -3.230404|   -3.163112|   -0.425716|
|         467|   -5.860422|   -3.243000|   -3.173170|   -0.438660|
|         468|   -5.866004|   -3.259080|   -3.187936|   -0.446182|
|         469|   -5.870112|   -3.275172|   -3.204705|   -0.450183|
|         470|   -5.874449|   -3.288065|   -3.220649|   -0.453713|
+-----------------------------------------------------------------------+
|        File Writing Summary       |              Filename             |
+-----------------------------------------------------------------------+
|SU2 binary restart                 |restart_flow.dat                   |

Writing the forces breakdown file (forces_breakdown.dat).
+-----------------------------------------------------------------------+
+----------------------------------------------------------------+
|  Inner_Iter|    rms[Rho]|   rms[RhoU]|   rms[RhoV]|   rms[RhoE]|
+----------------------------------------------------------------+
|         471|   -5.879372|   -3.295903|   -3.233313|   -0.457912|
|         472|   -5.884937|   -3.299468|   -3.241695|   -0.462975|
|         473|   -5.890437|   -3.301287|   -3.246356|   -0.467521|
|         474|   -5.895593|   -3.305789|   -3.249916|   -0.470781|
|         475|   -5.901667|   -3.316737|   -3.255695|   -0.473720|
|         476|   -5.908373|   -3.335480|   -3.265688|   -0.476060|
|         477|   -5.914791|   -3.360350|   -3.279756|   -0.477562|
|         478|   -5.918777|   -3.385365|   -3.294861|   -0.477109|
|         479|   -5.918754|   -3.400144|   -3.305506|   -0.474873|
|         480|   -5.915534|   -3.396994|   -3.307490|   -0.473061|
+-----------------------------------------------------------------------+
|        File Writing Summary       |              Filename             |
+-----------------------------------------------------------------------+
|SU2 binary restart                 |restart_flow.dat                   |

Writing the forces breakdown file (forces_breakdown.dat).
+-----------------------------------------------------------------------+
+----------------------------------------------------------------+
|  Inner_Iter|    rms[Rho]|   rms[RhoU]|   rms[RhoV]|   rms[RhoE]|
+----------------------------------------------------------------+
|         481|   -5.908305|   -3.375900|   -3.299131|   -0.470539|
|         482|   -5.898630|   -3.346389|   -3.284029|   -0.467545|
|         483|   -5.889186|   -3.319880|   -3.268902|   -0.464824|
|         484|   -5.882779|   -3.304411|   -3.260265|   -0.463320|
|         485|   -5.884045|   -3.305264|   -3.263292|   -0.467016|
|         486|   -5.891446|   -3.321292|   -3.277885|   -0.473853|
|         487|   -5.902924|   -3.350344|   -3.302518|   -0.482042|
|         488|   -5.916724|   -3.389642|   -3.334866|   -0.490737|
|         489|   -5.931361|   -3.435447|   -3.371871|   -0.499662|
|         490|   -5.945042|   -3.482490|   -3.409639|   -0.507905|
+-----------------------------------------------------------------------+
|        File Writing Summary       |              Filename             |
+-----------------------------------------------------------------------+
|SU2 binary restart                 |restart_flow.dat                   |

Writing the forces breakdown file (forces_breakdown.dat).
+-----------------------------------------------------------------------+
+----------------------------------------------------------------+
|  Inner_Iter|    rms[Rho]|   rms[RhoU]|   rms[RhoV]|   rms[RhoE]|
+----------------------------------------------------------------+
|         491|   -5.956058|   -3.521779|   -3.442053|   -0.514515|
|         492|   -5.963680|   -3.540682|   -3.460721|   -0.519835|
|         493|   -5.967621|   -3.531349|   -3.459506|   -0.524251|
|         494|   -5.967945|   -3.498659|   -3.439448|   -0.527918|
|         495|   -5.965057|   -3.455494|   -3.408093|   -0.530738|
|         496|   -5.959761|   -3.413059|   -3.374187|   -0.532551|
|         497|   -5.953193|   -3.377719|   -3.344125|   -0.533315|
|         498|   -5.946632|   -3.352331|   -3.321599|   -0.533180|
|         499|   -5.941293|   -3.337982|   -3.308495|   -0.532474|
|         500|   -5.938178|   -3.335046|   -3.305725|   -0.531644|
+-----------------------------------------------------------------------+
|        File Writing Summary       |              Filename             |
+-----------------------------------------------------------------------+
|SU2 binary restart                 |restart_flow.dat                   |

Writing the forces breakdown file (forces_breakdown.dat).
|Paraview                           |flow.vtu                           |

Writing the forces breakdown file (forces_breakdown.dat).
|Paraview surface                   |surface_flow.vtu                   |

Writing the forces breakdown file (forces_breakdown.dat).
|CSV file                           |surface_flow.csv                   |

Writing the forces breakdown file (forces_breakdown.dat).
+-----------------------------------------------------------------------+
+----------------------------------------------------------------+
|  Inner_Iter|    rms[Rho]|   rms[RhoU]|   rms[RhoV]|   rms[RhoE]|
+----------------------------------------------------------------+
|         501|   -5.937999|   -3.343684|   -3.313751|   -0.531176|
|         502|   -5.941156|   -3.364018|   -3.332838|   -0.531530|
|         503|   -5.947739|   -3.396084|   -3.363074|   -0.533090|
|         504|   -5.957518|   -3.439484|   -3.404106|   -0.536125|
|         505|   -5.969614|   -3.492698|   -3.454587|   -0.540290|
|         506|   -5.983535|   -3.550725|   -3.510103|   -0.545881|
|         507|   -5.997901|   -3.599998|   -3.558482|   -0.552950|
|         508|   -6.011023|   -3.621583|   -3.582555|   -0.561070|
|         509|   -6.021254|   -3.605641|   -3.571871|   -0.569686|
|         510|   -6.027028|   -3.562373|   -3.533661|   -0.577706|
+-----------------------------------------------------------------------+
|        File Writing Summary       |              Filename             |
+-----------------------------------------------------------------------+
|SU2 binary restart                 |restart_flow.dat                   |

Writing the forces breakdown file (forces_breakdown.dat).
+-----------------------------------------------------------------------+
+----------------------------------------------------------------+
|  Inner_Iter|    rms[Rho]|   rms[RhoU]|   rms[RhoV]|   rms[RhoE]|
+----------------------------------------------------------------+
|         511|   -6.028261|   -3.510547|   -3.485129|   -0.584890|
|         512|   -6.026167|   -3.464672|   -3.441023|   -0.591542|
|         513|   -6.022235|   -3.430200|   -3.407497|   -0.597450|
|         514|   -6.018143|   -3.408745|   -3.386640|   -0.602487|
|         515|   -6.014956|   -3.400299|   -3.378698|   -0.606164|
|         516|   -6.014668|   -3.405326|   -3.384405|   -0.609495|
|         517|   -6.018239|   -3.424230|   -3.404119|   -0.612951|
|         518|   -6.026089|   -3.456819|   -3.437688|   -0.617004|
|         519|   -6.038214|   -3.502385|   -3.484405|   -0.622173|
|         520|   -6.053913|   -3.558919|   -3.542137|   -0.628498|
+-----------------------------------------------------------------------+
|        File Writing Summary       |              Filename             |
+-----------------------------------------------------------------------+
|SU2 binary restart                 |restart_flow.dat                   |

Writing the forces breakdown file (forces_breakdown.dat).
+-----------------------------------------------------------------------+
+----------------------------------------------------------------+
|  Inner_Iter|    rms[Rho]|   rms[RhoU]|   rms[RhoV]|   rms[RhoE]|
+----------------------------------------------------------------+
|         521|   -6.072826|   -3.620320|   -3.604302|   -0.636759|
|         522|   -6.093435|   -3.671402|   -3.654326|   -0.647506|
|         523|   -6.113724|   -3.693073|   -3.672625|   -0.660674|
|         524|   -6.131479|   -3.678729|   -3.654636|   -0.675817|
|         525|   -6.144409|   -3.641438|   -3.615568|   -0.691549|
|         526|   -6.152189|   -3.599776|   -3.574023|   -0.707321|
|         527|   -6.156171|   -3.566683|   -3.542214|   -0.722849|
|         528|   -6.158347|   -3.546648|   -3.524100|   -0.737300|
|         529|   -6.160989|   -3.540776|   -3.520524|   -0.750148|
|         530|   -6.165626|   -3.548813|   -3.531100|   -0.760842|
+-----------------------------------------------------------------------+
|        File Writing Summary       |              Filename             |
+-----------------------------------------------------------------------+
|SU2 binary restart                 |restart_flow.dat                   |

Writing the forces breakdown file (forces_breakdown.dat).
+-----------------------------------------------------------------------+
+----------------------------------------------------------------+
|  Inner_Iter|    rms[Rho]|   rms[RhoU]|   rms[RhoV]|   rms[RhoE]|
+----------------------------------------------------------------+
|         531|   -6.174597|   -3.570771|   -3.555874|   -0.770807|
|         532|   -6.188740|   -3.605839|   -3.593532|   -0.781085|
|         533|   -6.208081|   -3.651922|   -3.641393|   -0.792651|
|         534|   -6.231988|   -3.704746|   -3.694105|   -0.806353|
|         535|   -6.258936|   -3.756464|   -3.742355|   -0.822249|
|         536|   -6.287445|   -3.795146|   -3.773473|   -0.840769|
|         537|   -6.315252|   -3.810958|   -3.779955|   -0.862202|
|         538|   -6.339915|   -3.805313|   -3.767331|   -0.885679|
|         539|   -6.359490|   -3.788653|   -3.747728|   -0.909647|
|         540|   -6.372410|   -3.770911|   -3.730321|   -0.931293|
+-----------------------------------------------------------------------+
|        File Writing Summary       |              Filename             |
+-----------------------------------------------------------------------+
|SU2 binary restart                 |restart_flow.dat                   |

Writing the forces breakdown file (forces_breakdown.dat).
+-----------------------------------------------------------------------+
+----------------------------------------------------------------+
|  Inner_Iter|    rms[Rho]|   rms[RhoU]|   rms[RhoV]|   rms[RhoE]|
+----------------------------------------------------------------+
|         541|   -6.380026|   -3.758775|   -3.720404|   -0.949489|
|         542|   -6.385040|   -3.755977|   -3.720673|   -0.964199|
|         543|   -6.389675|   -3.762724|   -3.730799|   -0.975557|
|         544|   -6.395790|   -3.777643|   -3.748957|   -0.984661|
|         545|   -6.404143|   -3.798227|   -3.772063|   -0.992490|
|         546|   -6.415876|   -3.821581|   -3.796496|   -1.001061|
|         547|   -6.431110|   -3.844843|   -3.818302|   -1.011846|
|         548|   -6.448865|   -3.865774|   -3.835019|   -1.024739|
|         549|   -6.467547|   -3.883646|   -3.846540|   -1.038707|
|         550|   -6.484446|   -3.898939|   -3.854480|   -1.051172|
+-----------------------------------------------------------------------+
|        File Writing Summary       |              Filename             |
+-----------------------------------------------------------------------+
|SU2 binary restart                 |restart_flow.dat                   |

Writing the forces breakdown file (forces_breakdown.dat).
+-----------------------------------------------------------------------+
+----------------------------------------------------------------+
|  Inner_Iter|    rms[Rho]|   rms[RhoU]|   rms[RhoV]|   rms[RhoE]|
+----------------------------------------------------------------+
|         551|   -6.498127|   -3.913083|   -3.861188|   -1.060830|
|         552|   -6.508261|   -3.927516|   -3.868888|   -1.068000|
|         553|   -6.514667|   -3.941553|   -3.877795|   -1.072821|
|         554|   -6.517805|   -3.952480|   -3.886186|   -1.076102|
|         555|   -6.517656|   -3.956124|   -3.890720|   -1.077967|
|         556|   -6.515353|   -3.950092|   -3.888830|   -1.079583|
|         557|   -6.512440|   -3.936926|   -3.881475|   -1.082284|
|         558|   -6.509473|   -3.921525|   -3.871842|   -1.085534|
|         559|   -6.507107|   -3.909445|   -3.864209|   -1.088465|
|         560|   -6.505305|   -3.904944|   -3.862141|   -1.089387|
+-----------------------------------------------------------------------+
|        File Writing Summary       |              Filename             |
+-----------------------------------------------------------------------+
|SU2 binary restart                 |restart_flow.dat                   |

Writing the forces breakdown file (forces_breakdown.dat).
+-----------------------------------------------------------------------+
+----------------------------------------------------------------+
|  Inner_Iter|    rms[Rho]|   rms[RhoU]|   rms[RhoV]|   rms[RhoE]|
+----------------------------------------------------------------+
|         561|   -6.505835|   -3.911540|   -3.868750|   -1.088962|
|         562|   -6.510175|   -3.931493|   -3.885547|   -1.088700|
|         563|   -6.518392|   -3.964029|   -3.911268|   -1.089372|
|         564|   -6.529368|   -4.004546|   -3.941265|   -1.091401|
|         565|   -6.540127|   -4.041964|   -3.966588|   -1.093862|
|         566|   -6.548339|   -4.060154|   -3.976833|   -1.097243|
|         567|   -6.550620|   -4.048327|   -3.966855|   -1.099871|
|         568|   -6.546936|   -4.015858|   -3.943797|   -1.102168|
|         569|   -6.539452|   -3.980606|   -3.919579|   -1.104138|
|         570|   -6.530933|   -3.954849|   -3.903076|   -1.105197|
+-----------------------------------------------------------------------+
|        File Writing Summary       |              Filename             |
+-----------------------------------------------------------------------+
|SU2 binary restart                 |restart_flow.dat                   |

Writing the forces breakdown file (forces_breakdown.dat).
+-----------------------------------------------------------------------+
+----------------------------------------------------------------+
|  Inner_Iter|    rms[Rho]|   rms[RhoU]|   rms[RhoV]|   rms[RhoE]|
+----------------------------------------------------------------+
|         571|   -6.526832|   -3.945906|   -3.900461|   -1.107962|
|         572|   -6.529323|   -3.956341|   -3.914145|   -1.112475|
|         573|   -6.539645|   -3.986978|   -3.943927|   -1.119280|
|         574|   -6.556468|   -4.034854|   -3.985511|   -1.127578|
|         575|   -6.575776|   -4.090356|   -4.028369|   -1.135333|
|         576|   -6.593166|   -4.132282|   -4.055032|   -1.142392|
|         577|   -6.603908|   -4.137884|   -4.053384|   -1.148370|
|         578|   -6.606773|   -4.109888|   -4.030434|   -1.154272|
|         579|   -6.604726|   -4.072817|   -4.004011|   -1.161528|
|         580|   -6.601825|   -4.045666|   -3.987210|   -1.170253|
+-----------------------------------------------------------------------+
|        File Writing Summary       |              Filename             |
+-----------------------------------------------------------------------+
|SU2 binary restart                 |restart_flow.dat                   |

Writing the forces breakdown file (forces_breakdown.dat).
+-----------------------------------------------------------------------+
+----------------------------------------------------------------+
|  Inner_Iter|    rms[Rho]|   rms[RhoU]|   rms[RhoV]|   rms[RhoE]|
+----------------------------------------------------------------+
|         581|   -6.604548|   -4.038274|   -3.987655|   -1.182884|
|         582|   -6.615478|   -4.053384|   -4.007491|   -1.198795|
|         583|   -6.634526|   -4.090669|   -4.045512|   -1.215984|
|         584|   -6.659348|   -4.146401|   -4.096153|   -1.232162|
|         585|   -6.685242|   -4.209493|   -4.146588|   -1.245119|
|         586|   -6.707717|   -4.256350|   -4.176631|   -1.255920|
|         587|   -6.723126|   -4.264612|   -4.175636|   -1.266227|
|         588|   -6.731605|   -4.240696|   -4.154936|   -1.278243|
|         589|   -6.736842|   -4.210502|   -4.133953|   -1.293661|
|         590|   -6.742457|   -4.191928|   -4.124821|   -1.311765|
+-----------------------------------------------------------------------+
|        File Writing Summary       |              Filename             |
+-----------------------------------------------------------------------+
|SU2 binary restart                 |restart_flow.dat                   |

Writing the forces breakdown file (forces_breakdown.dat).
+-----------------------------------------------------------------------+
+----------------------------------------------------------------+
|  Inner_Iter|    rms[Rho]|   rms[RhoU]|   rms[RhoV]|   rms[RhoE]|
+----------------------------------------------------------------+
|         591|   -6.754019|   -4.193362|   -4.133683|   -1.333690|
|         592|   -6.773011|   -4.216476|   -4.161455|   -1.357330|
|         593|   -6.798464|   -4.259706|   -4.205532|   -1.379807|
|         594|   -6.827628|   -4.317596|   -4.258535|   -1.399152|
|         595|   -6.856038|   -4.377489|   -4.306402|   -1.414435|
|         596|   -6.880382|   -4.418691|   -4.331943|   -1.428306|
|         597|   -6.898579|   -4.427515|   -4.331044|   -1.443130|
|         598|   -6.911479|   -4.412952|   -4.316666|   -1.460653|
|         599|   -6.922142|   -4.394845|   -4.304641|   -1.481414|
|         600|   -6.932790|   -4.386183|   -4.303761|   -1.503384|
+-----------------------------------------------------------------------+
|        File Writing Summary       |              Filename             |
+-----------------------------------------------------------------------+
|SU2 binary restart                 |restart_flow.dat                   |

Writing the forces breakdown file (forces_breakdown.dat).
+-----------------------------------------------------------------------+
+----------------------------------------------------------------+
|  Inner_Iter|    rms[Rho]|   rms[RhoU]|   rms[RhoV]|   rms[RhoE]|
+----------------------------------------------------------------+
|         601|   -6.947932|   -4.393148|   -4.318173|   -1.527124|
|         602|   -6.968395|   -4.416395|   -4.347536|   -1.550689|
|         603|   -6.993236|   -4.453493|   -4.388115|   -1.572271|
|         604|   -7.020334|   -4.499120|   -4.432382|   -1.591137|
|         605|   -7.046019|   -4.544443|   -4.469496|   -1.606575|
|         606|   -7.068282|   -4.578892|   -4.489930|   -1.620804|
|         607|   -7.085391|   -4.595803|   -4.493504|   -1.634898|
|         608|   -7.097380|   -4.597031|   -4.488422|   -1.649434|
|         609|   -7.106041|   -4.590502|   -4.483873|   -1.664642|
|         610|   -7.112646|   -4.583462|   -4.484890|   -1.679105|
+-----------------------------------------------------------------------+
|        File Writing Summary       |              Filename             |
+-----------------------------------------------------------------------+
|SU2 binary restart                 |restart_flow.dat                   |

Writing the forces breakdown file (forces_breakdown.dat).
+-----------------------------------------------------------------------+
+----------------------------------------------------------------+
|  Inner_Iter|    rms[Rho]|   rms[RhoU]|   rms[RhoV]|   rms[RhoE]|
+----------------------------------------------------------------+
|         611|   -7.121568|   -4.582090|   -4.494468|   -1.694861|
|         612|   -7.134387|   -4.589544|   -4.512804|   -1.711662|
|         613|   -7.151336|   -4.607248|   -4.538417|   -1.728668|
|         614|   -7.171380|   -4.635305|   -4.568517|   -1.744663|
|         615|   -7.191294|   -4.671638|   -4.598845|   -1.757141|
|         616|   -7.209332|   -4.710457|   -4.623639|   -1.766985|
|         617|   -7.222454|   -4.741097|   -4.637736|   -1.774287|
|         618|   -7.229382|   -4.752396|   -4.639510|   -1.780178|
|         619|   -7.231795|   -4.743101|   -4.632778|   -1.786684|
|         620|   -7.231848|   -4.723361|   -4.624094|   -1.794138|
+-----------------------------------------------------------------------+
|        File Writing Summary       |              Filename             |
+-----------------------------------------------------------------------+
|SU2 binary restart                 |restart_flow.dat                   |

Writing the forces breakdown file (forces_breakdown.dat).
+-----------------------------------------------------------------------+
+----------------------------------------------------------------+
|  Inner_Iter|    rms[Rho]|   rms[RhoU]|   rms[RhoV]|   rms[RhoE]|
+----------------------------------------------------------------+
|         621|   -7.235818|   -4.708392|   -4.622008|   -1.806181|
|         622|   -7.246690|   -4.707942|   -4.632124|   -1.822867|
|         623|   -7.264742|   -4.726459|   -4.656670|   -1.841944|
|         624|   -7.287568|   -4.764040|   -4.693781|   -1.859704|
|         625|   -7.309661|   -4.814872|   -4.735647|   -1.871659|
|         626|   -7.326565|   -4.862762|   -4.766989|   -1.878248|
|         627|   -7.335025|   -4.884728|   -4.774711|   -1.881686|
|         628|   -7.337034|   -4.873305|   -4.761757|   -1.886255|
|         629|   -7.338368|   -4.847255|   -4.744244|   -1.895910|
|         630|   -7.343138|   -4.828205|   -4.736240|   -1.910795|
+-----------------------------------------------------------------------+
|        File Writing Summary       |              Filename             |
+-----------------------------------------------------------------------+
|SU2 binary restart                 |restart_flow.dat                   |

Writing the forces breakdown file (forces_breakdown.dat).
+-----------------------------------------------------------------------+
+----------------------------------------------------------------+
|  Inner_Iter|    rms[Rho]|   rms[RhoU]|   rms[RhoV]|   rms[RhoE]|
+----------------------------------------------------------------+
|         631|   -7.357457|   -4.829274|   -4.746664|   -1.933011|
|         632|   -7.381189|   -4.854339|   -4.777600|   -1.958804|
|         633|   -7.410190|   -4.901422|   -4.825158|   -1.982057|
|         634|   -7.437712|   -4.960779|   -4.876956|   -1.998025|
|         635|   -7.456256|   -5.010046|   -4.911504|   -2.005288|
|         636|   -7.465052|   -5.025033|   -4.914484|   -2.010000|
|         637|   -7.468999|   -5.009129|   -4.897565|   -2.018466|
|         638|   -7.475379|   -4.987987|   -4.882728|   -2.034743|
|         639|   -7.489520|   -4.981238|   -4.883866|   -2.059441|
|         640|   -7.512028|   -4.996701|   -4.905787|   -2.088477|
+-----------------------------------------------------------------------+
|        File Writing Summary       |              Filename             |
+-----------------------------------------------------------------------+
|SU2 binary restart                 |restart_flow.dat                   |

Writing the forces breakdown file (forces_breakdown.dat).
+-----------------------------------------------------------------------+
+----------------------------------------------------------------+
|  Inner_Iter|    rms[Rho]|   rms[RhoU]|   rms[RhoV]|   rms[RhoE]|
+----------------------------------------------------------------+
|         641|   -7.543134|   -5.035080|   -4.947743|   -2.118688|
|         642|   -7.576907|   -5.090434|   -5.001894|   -2.143606|
|         643|   -7.605706|   -5.147571|   -5.051486|   -2.160139|
|         644|   -7.624778|   -5.184057|   -5.077137|   -2.170990|
|         645|   -7.634767|   -5.188810|   -5.075599|   -2.181105|
|         646|   -7.642715|   -5.176771|   -5.064226|   -2.196476|
|         647|   -7.655232|   -5.168999|   -5.060864|   -2.219414|
|         648|   -7.676015|   -5.177199|   -5.074268|   -2.248985|
|         649|   -7.705224|   -5.204534|   -5.105996|   -2.281548|
|         650|   -7.739861|   -5.248474|   -5.152258|   -2.312198|
+-----------------------------------------------------------------------+
|        File Writing Summary       |              Filename             |
+-----------------------------------------------------------------------+
|SU2 binary restart                 |restart_flow.dat                   |

Writing the forces breakdown file (forces_breakdown.dat).
+-----------------------------------------------------------------------+
+----------------------------------------------------------------+
|  Inner_Iter|    rms[Rho]|   rms[RhoU]|   rms[RhoV]|   rms[RhoE]|
+----------------------------------------------------------------+
|         651|   -7.774397|   -5.300860|   -5.203421|   -2.336989|
|         652|   -7.802649|   -5.347447|   -5.244636|   -2.355045|
|         653|   -7.821324|   -5.373745|   -5.264217|   -2.368853|
|         654|   -7.832438|   -5.377790|   -5.264913|   -2.382479|
|         655|   -7.841739|   -5.371761|   -5.260368|   -2.399489|
|         656|   -7.855021|   -5.369576|   -5.262906|   -2.421765|
|         657|   -7.875692|   -5.379490|   -5.278831|   -2.449100|
|         658|   -7.903966|   -5.404361|   -5.309356|   -2.479078|
|         659|   -7.936932|   -5.442927|   -5.351346|   -2.507708|
|         660|   -7.969037|   -5.489437|   -5.396776|   -2.531002|
+-----------------------------------------------------------------------+
|        File Writing Summary       |              Filename             |
+-----------------------------------------------------------------------+
|SU2 binary restart                 |restart_flow.dat                   |

Writing the forces breakdown file (forces_breakdown.dat).
+-----------------------------------------------------------------------+
+----------------------------------------------------------------+
|  Inner_Iter|    rms[Rho]|   rms[RhoU]|   rms[RhoV]|   rms[RhoE]|
+----------------------------------------------------------------+
|         661|   -7.994088|   -5.532627|   -5.433417|   -2.547217|
|         662|   -8.008979|   -5.558864|   -5.451358|   -2.558084|
|         663|   -8.016116|   -5.562899|   -5.452076|   -2.567707|
|         664|   -8.021618|   -5.553799|   -5.446919|   -2.580311|
|         665|   -8.031493|   -5.546017|   -5.447503|   -2.598523|
|         666|   -8.049227|   -5.550059|   -5.460697|   -2.622596|
|         667|   -8.074981|   -5.570834|   -5.488583|   -2.650083|
|         668|   -8.105570|   -5.608383|   -5.528642|   -2.676428|
|         669|   -8.134959|   -5.656892|   -5.572725|   -2.696888|
|         670|   -8.156616|   -5.702273|   -5.607385|   -2.709528|
+-----------------------------------------------------------------------+
|        File Writing Summary       |              Filename             |
+-----------------------------------------------------------------------+
|SU2 binary restart                 |restart_flow.dat                   |

Writing the forces breakdown file (forces_breakdown.dat).
+-----------------------------------------------------------------------+
+----------------------------------------------------------------+
|  Inner_Iter|    rms[Rho]|   rms[RhoU]|   rms[RhoV]|   rms[RhoE]|
+----------------------------------------------------------------+
|         671|   -8.167814|   -5.725891|   -5.621547|   -2.716791|
|         672|   -8.171984|   -5.721812|   -5.617667|   -2.723846|
|         673|   -8.176115|   -5.704732|   -5.609347|   -2.735558|
|         674|   -8.186416|   -5.693597|   -5.609528|   -2.754501|
|         675|   -8.205915|   -5.699717|   -5.625241|   -2.780149|
|         676|   -8.233774|   -5.727032|   -5.657901|   -2.808705|
|         677|   -8.265402|   -5.773518|   -5.703133|   -2.834307|
|         678|   -8.293555|   -5.829027|   -5.749108|   -2.852125|
|         679|   -8.312030|   -5.872626|   -5.778718|   -2.861958|
|         680|   -8.320404|   -5.884254|   -5.783200|   -2.868459|
+-----------------------------------------------------------------------+
|        File Writing Summary       |              Filename             |
+-----------------------------------------------------------------------+
|SU2 binary restart                 |restart_flow.dat                   |

Writing the forces breakdown file (forces_breakdown.dat).
+-----------------------------------------------------------------------+
+----------------------------------------------------------------+
|  Inner_Iter|    rms[Rho]|   rms[RhoU]|   rms[RhoV]|   rms[RhoE]|
+----------------------------------------------------------------+
|         681|   -8.324482|   -5.868894|   -5.772582|   -2.877761|
|         682|   -8.331805|   -5.849953|   -5.764316|   -2.894165|
|         683|   -8.347554|   -5.845383|   -5.770252|   -2.918742|
|         684|   -8.372962|   -5.862722|   -5.794960|   -2.948915|
|         685|   -8.405203|   -5.902485|   -5.837019|   -2.979036|
|         686|   -8.437972|   -5.958422|   -5.888051|   -3.002892|
|         687|   -8.463848|   -6.013984|   -5.931479|   -3.017794|
|         688|   -8.479058|   -6.044840|   -5.950593|   -3.026718|
|         689|   -8.486570|   -6.041802|   -5.946042|   -3.035831|
|         690|   -8.493553|   -6.023245|   -5.934998|   -3.050518|
+-----------------------------------------------------------------------+
|        File Writing Summary       |              Filename             |
+-----------------------------------------------------------------------+
|SU2 binary restart                 |restart_flow.dat                   |

Writing the forces breakdown file (forces_breakdown.dat).
+-----------------------------------------------------------------------+
+----------------------------------------------------------------+
|  Inner_Iter|    rms[Rho]|   rms[RhoU]|   rms[RhoV]|   rms[RhoE]|
+----------------------------------------------------------------+
|         691|   -8.506528|   -6.011770|   -5.933600|   -3.073207|
|         692|   -8.528715|   -6.019212|   -5.949795|   -3.102905|
|         693|   -8.559387|   -6.048685|   -5.984832|   -3.135315|
|         694|   -8.594215|   -6.097190|   -6.033885|   -3.164424|
|         695|   -8.626364|   -6.154175|   -6.084455|   -3.185749|
|         696|   -8.649718|   -6.199893|   -6.118365|   -3.199457|
|         697|   -8.663142|   -6.216347|   -6.125915|   -3.210038|
|         698|   -8.671323|   -6.207615|   -6.117132|   -3.222986|
|         699|   -8.681084|   -6.194124|   -6.109801|   -3.241962|
|         700|   -8.697565|   -6.192103|   -6.115767|   -3.267802|
+-----------------------------------------------------------------------+
|        File Writing Summary       |              Filename             |
+-----------------------------------------------------------------------+
|SU2 binary restart                 |restart_flow.dat                   |

Writing the forces breakdown file (forces_breakdown.dat).
+-----------------------------------------------------------------------+
+----------------------------------------------------------------+
|  Inner_Iter|    rms[Rho]|   rms[RhoU]|   rms[RhoV]|   rms[RhoE]|
+----------------------------------------------------------------+
|         701|   -8.722583|   -6.208483|   -6.139453|   -3.298426|
|         702|   -8.754476|   -6.243674|   -6.179689|   -3.329400|
|         703|   -8.788522|   -6.292585|   -6.229499|   -3.355781|
|         704|   -8.818274|   -6.343209|   -6.275113|   -3.374827|
|         705|   -8.838857|   -6.378204|   -6.300996|   -3.387778|
|         706|   -8.850428|   -6.387347|   -6.303671|   -3.398806|
|         707|   -8.858063|   -6.378775|   -6.295510|   -3.412418|
|         708|   -8.868153|   -6.369242|   -6.291706|   -3.431513|
|         709|   -8.885249|   -6.370775|   -6.301351|   -3.456683|
|         710|   -8.910705|   -6.388437|   -6.327432|   -3.485981|
+-----------------------------------------------------------------------+
|        File Writing Summary       |              Filename             |
+-----------------------------------------------------------------------+
|SU2 binary restart                 |restart_flow.dat                   |

Writing the forces breakdown file (forces_breakdown.dat).
+-----------------------------------------------------------------------+
+----------------------------------------------------------------+
|  Inner_Iter|    rms[Rho]|   rms[RhoU]|   rms[RhoV]|   rms[RhoE]|
+----------------------------------------------------------------+
|         711|   -8.942525|   -6.422105|   -6.368013|   -3.515343|
|         712|   -8.975599|   -6.466805|   -6.415602|   -3.540106|
|         713|   -9.003149|   -6.511620|   -6.456630|   -3.557501|
|         714|   -9.020448|   -6.541774|   -6.477433|   -3.568575|
|         715|   -9.028457|   -6.549220|   -6.476904|   -3.577469|
|         716|   -9.033163|   -6.541242|   -6.467740|   -3.588939|
|         717|   -9.041411|   -6.532597|   -6.464109|   -3.606221|
|         718|   -9.057682|   -6.534489|   -6.474377|   -3.630075|
|         719|   -9.082911|   -6.552011|   -6.501241|   -3.658377|
|         720|   -9.114414|   -6.585112|   -6.542462|   -3.686563|
+-----------------------------------------------------------------------+
|        File Writing Summary       |              Filename             |
+-----------------------------------------------------------------------+
|SU2 binary restart                 |restart_flow.dat                   |

Writing the forces breakdown file (forces_breakdown.dat).
+-----------------------------------------------------------------------+
+----------------------------------------------------------------+
|  Inner_Iter|    rms[Rho]|   rms[RhoU]|   rms[RhoV]|   rms[RhoE]|
+----------------------------------------------------------------+
|         721|   -9.146224|   -6.628402|   -6.589762|   -3.709420|
|         722|   -9.171121|   -6.669982|   -6.628388|   -3.724221|
|         723|   -9.185106|   -6.694705|   -6.644757|   -3.732837|
|         724|   -9.190720|   -6.696547|   -6.640192|   -3.740394|
|         725|   -9.195015|   -6.685492|   -6.629564|   -3.752094|
|         726|   -9.204795|   -6.676941|   -6.627291|   -3.770937|
|         727|   -9.223762|   -6.681257|   -6.641102|   -3.796862|
|         728|   -9.251680|   -6.702365|   -6.672792|   -3.826499|
|         729|   -9.284470|   -6.738724|   -6.718558|   -3.854126|
|         730|   -9.315011|   -6.782744|   -6.767262|   -3.874422|
+-----------------------------------------------------------------------+
|        File Writing Summary       |              Filename             |
+-----------------------------------------------------------------------+
|SU2 binary restart                 |restart_flow.dat                   |

Writing the forces breakdown file (forces_breakdown.dat).
+-----------------------------------------------------------------------+
+----------------------------------------------------------------+
|  Inner_Iter|    rms[Rho]|   rms[RhoU]|   rms[RhoV]|   rms[RhoE]|
+----------------------------------------------------------------+
|         731|   -9.336338|   -6.820346|   -6.801255|   -3.886170|
|         732|   -9.346633|   -6.837572|   -6.808952|   -3.893232|
|         733|   -9.350824|   -6.833964|   -6.798220|   -3.901651|
|         734|   -9.356615|   -6.823026|   -6.787029|   -3.916194|
|         735|   -9.369939|   -6.818909|   -6.788493|   -3.938684|
|         736|   -9.393011|   -6.829276|   -6.808094|   -3.967561|
|         737|   -9.424082|   -6.855518|   -6.845419|   -3.998129|
|         738|   -9.457773|   -6.893498|   -6.893982|   -4.024315|
|         739|   -9.486571|   -6.933134|   -6.939731|   -4.042097|
|         740|   -9.504971|   -6.960727|   -6.965549|   -4.052515|
+-----------------------------------------------------------------------+
|        File Writing Summary       |              Filename             |
+-----------------------------------------------------------------------+
|SU2 binary restart                 |restart_flow.dat                   |

Writing the forces breakdown file (forces_breakdown.dat).
+-----------------------------------------------------------------------+
+----------------------------------------------------------------+
|  Inner_Iter|    rms[Rho]|   rms[RhoU]|   rms[RhoV]|   rms[RhoE]|
+----------------------------------------------------------------+
|         741|   -9.513700|   -6.968539|   -6.966654|   -4.060706|
|         742|   -9.519095|   -6.962555|   -6.956264|   -4.072356|
|         743|   -9.528366|   -6.955887|   -6.951067|   -4.090941|
|         744|   -9.546097|   -6.958596|   -6.960884|   -4.116877|
|         745|   -9.573057|   -6.974817|   -6.988655|   -4.147351|
|         746|   -9.606274|   -7.003402|   -7.031659|   -4.177125|
|         747|   -9.639597|   -7.038335|   -7.080513|   -4.200869|
|         748|   -9.665963|   -7.069561|   -7.119148|   -4.216537|
|         749|   -9.681724|   -7.087563|   -7.134041|   -4.226768|
|         750|   -9.689566|   -7.090815|   -7.128350|   -4.236828|
+-----------------------------------------------------------------------+
|        File Writing Summary       |              Filename             |
+-----------------------------------------------------------------------+
|SU2 binary restart                 |restart_flow.dat                   |

Writing the forces breakdown file (forces_breakdown.dat).
|Paraview                           |flow.vtu                           |

Writing the forces breakdown file (forces_breakdown.dat).
|Paraview surface                   |surface_flow.vtu                   |

Writing the forces breakdown file (forces_breakdown.dat).
|CSV file                           |surface_flow.csv                   |

Writing the forces breakdown file (forces_breakdown.dat).
+-----------------------------------------------------------------------+
+----------------------------------------------------------------+
|  Inner_Iter|    rms[Rho]|   rms[RhoU]|   rms[RhoV]|   rms[RhoE]|
+----------------------------------------------------------------+
|         751|   -9.696253|   -7.086904|   -7.117955|   -4.251400|
|         752|   -9.708133|   -7.085571|   -7.116690|   -4.272745|
|         753|   -9.728541|   -7.093078|   -7.131194|   -4.300229|
|         754|   -9.757121|   -7.111097|   -7.162277|   -4.330344|
|         755|   -9.790093|   -7.137143|   -7.205557|   -4.357963|
|         756|   -9.821047|   -7.165225|   -7.250673|   -4.378775|
|         757|   -9.843857|   -7.187698|   -7.283042|   -4.392227|
|         758|   -9.856689|   -7.199493|   -7.293909|   -4.401721|
|         759|   -9.863598|   -7.201814|   -7.289402|   -4.412330|
|         760|   -9.871325|   -7.200812|   -7.283682|   -4.428021|
+-----------------------------------------------------------------------+
|        File Writing Summary       |              Filename             |
+-----------------------------------------------------------------------+
|SU2 binary restart                 |restart_flow.dat                   |

Writing the forces breakdown file (forces_breakdown.dat).
+-----------------------------------------------------------------------+
+----------------------------------------------------------------+
|  Inner_Iter|    rms[Rho]|   rms[RhoU]|   rms[RhoV]|   rms[RhoE]|
+----------------------------------------------------------------+
|         761|   -9.885415|   -7.202981|   -7.287798|   -4.450382|
|         762|   -9.908259|   -7.212105|   -7.306653|   -4.478222|
|         763|   -9.938723|   -7.228627|   -7.339895|   -4.507803|
|         764|   -9.972289|   -7.249930|   -7.381868|   -4.534078|
|         765|  -10.002116|   -7.271232|   -7.421290|   -4.553295|
|         766|  -10.022375|   -7.287501|   -7.445074|   -4.565496|
|         767|  -10.032363|   -7.296353|   -7.448934|   -4.574345|
|         768|  -10.037222|   -7.299506|   -7.441791|   -4.584768|
|         769|  -10.043899|   -7.301370|   -7.436757|   -4.600276|
|         770|  -10.057525|   -7.306180|   -7.442721|   -4.621986|
+-----------------------------------------------------------------------+
|        File Writing Summary       |              Filename             |
+-----------------------------------------------------------------------+
|SU2 binary restart                 |restart_flow.dat                   |

Writing the forces breakdown file (forces_breakdown.dat).
+-----------------------------------------------------------------------+
+----------------------------------------------------------------+
|  Inner_Iter|    rms[Rho]|   rms[RhoU]|   rms[RhoV]|   rms[RhoE]|
+----------------------------------------------------------------+
|         771|  -10.079735|   -7.316204|   -7.463009|   -4.648204|
|         772|  -10.108712|   -7.331214|   -7.496080|   -4.674969|
|         773|  -10.139435|   -7.348757|   -7.535479|   -4.697548|
|         774|  -10.165477|   -7.365152|   -7.570085|   -4.713326|
|         775|  -10.182360|   -7.377174|   -7.589189|   -4.723414|
|         776|  -10.191019|   -7.383921|   -7.591561|   -4.731988|
|         777|  -10.197066|   -7.387269|   -7.586565|   -4.743602|
|         778|  -10.206844|   -7.390499|   -7.585564|   -4.761131|
|         779|  -10.224391|   -7.396466|   -7.595664|   -4.784863|
|         780|  -10.250228|   -7.406414|   -7.618815|   -4.812255|
+-----------------------------------------------------------------------+
|        File Writing Summary       |              Filename             |
+-----------------------------------------------------------------------+
|SU2 binary restart                 |restart_flow.dat                   |

Writing the forces breakdown file (forces_breakdown.dat).
+-----------------------------------------------------------------------+
+----------------------------------------------------------------+
|  Inner_Iter|    rms[Rho]|   rms[RhoU]|   rms[RhoV]|   rms[RhoE]|
+----------------------------------------------------------------+
|         781|  -10.281318|   -7.419727|   -7.652189|   -4.838692|
|         782|  -10.311627|   -7.434289|   -7.688015|   -4.859513|
|         783|  -10.334472|   -7.447447|   -7.715361|   -4.872853|
|         784|  -10.346830|   -7.457319|   -7.726615|   -4.881019|
|         785|  -10.351763|   -7.463829|   -7.724474|   -4.888702|
|         786|  -10.355999|   -7.468564|   -7.718992|   -4.900212|
|         787|  -10.365553|   -7.473766|   -7.719585|   -4.917689|
|         788|  -10.383327|   -7.481116|   -7.731118|   -4.940508|
|         789|  -10.408805|   -7.491067|   -7.753786|   -4.965626|
|         790|  -10.438166|   -7.502771|   -7.783573|   -4.988644|
+-----------------------------------------------------------------------+
|        File Writing Summary       |              Filename             |
+-----------------------------------------------------------------------+
|SU2 binary restart                 |restart_flow.dat                   |

Writing the forces breakdown file (forces_breakdown.dat).
+-----------------------------------------------------------------------+
+----------------------------------------------------------------+
|  Inner_Iter|    rms[Rho]|   rms[RhoU]|   rms[RhoV]|   rms[RhoE]|
+----------------------------------------------------------------+
|         791|  -10.465554|   -7.514580|   -7.812927|   -5.006152|
|         792|  -10.485581|   -7.524833|   -7.833579|   -5.017780|
|         793|  -10.497127|   -7.532737|   -7.842115|   -5.026510|
|         794|  -10.503984|   -7.538716|   -7.842651|   -5.036501|
|         795|  -10.512030|   -7.544095|   -7.843166|   -5.050826|
|         796|  -10.525791|   -7.550317|   -7.850045|   -5.070390|
|         797|  -10.546859|   -7.558233|   -7.865954|   -5.093659|
|         798|  -10.573608|   -7.567829|   -7.889597|   -5.117239|
|         799|  -10.601556|   -7.578314|   -7.916102|   -5.137224|
|         800|  -10.625007|   -7.588515|   -7.938413|   -5.151466|
+-----------------------------------------------------------------------+
|        File Writing Summary       |              Filename             |
+-----------------------------------------------------------------------+
|SU2 binary restart                 |restart_flow.dat                   |

Writing the forces breakdown file (forces_breakdown.dat).
+-----------------------------------------------------------------------+
+----------------------------------------------------------------+
|  Inner_Iter|    rms[Rho]|   rms[RhoU]|   rms[RhoV]|   rms[RhoE]|
+----------------------------------------------------------------+
|         801|  -10.640291|   -7.597472|   -7.951107|   -5.160926|
|         802|  -10.648286|   -7.604923|   -7.954093|   -5.168925|
|         803|  -10.653570|   -7.611330|   -7.952639|   -5.178880|
|         804|  -10.661403|   -7.617593|   -7.953108|   -5.192933|
|         805|  -10.675348|   -7.624537|   -7.959743|   -5.211327|
|         806|  -10.695535|   -7.632546|   -7.973658|   -5.231907|
|         807|  -10.719789|   -7.641443|   -7.993014|   -5.251709|
|         808|  -10.743817|   -7.650633|   -8.013680|   -5.267899|
|         809|  -10.763133|   -7.659414|   -8.031167|   -5.279561|
|         810|  -10.775814|   -7.667331|   -8.042536|   -5.288184|
+-----------------------------------------------------------------------+
|        File Writing Summary       |              Filename             |
+-----------------------------------------------------------------------+
|SU2 binary restart                 |restart_flow.dat                   |

Writing the forces breakdown file (forces_breakdown.dat).
+-----------------------------------------------------------------------+
+----------------------------------------------------------------+
|  Inner_Iter|    rms[Rho]|   rms[RhoU]|   rms[RhoV]|   rms[RhoE]|
+----------------------------------------------------------------+
|         811|  -10.783676|   -7.674388|   -8.048541|   -5.296633|
|         812|  -10.790714|   -7.680977|   -8.052669|   -5.307291|
|         813|  -10.801108|   -7.687673|   -8.058689|   -5.321564|
|         814|  -10.816838|   -7.694910|   -8.068899|   -5.338841|
|         815|  -10.837599|   -7.702829|   -8.083293|   -5.357286|
|         816|  -10.860736|   -7.711228|   -8.099816|   -5.374439|
|         817|  -10.882064|   -7.719698|   -8.115189|   -5.388240|
|         818|  -10.898199|   -7.727830|   -8.126486|   -5.398507|
|         819|  -10.908187|   -7.735388|   -8.132973|   -5.406676|
|         820|  -10.914343|   -7.742473|   -8.136165|   -5.414915|
+-----------------------------------------------------------------------+
|        File Writing Summary       |              Filename             |
+-----------------------------------------------------------------------+
|SU2 binary restart                 |restart_flow.dat                   |

Writing the forces breakdown file (forces_breakdown.dat).
+-----------------------------------------------------------------------+
+----------------------------------------------------------------+
|  Inner_Iter|    rms[Rho]|   rms[RhoU]|   rms[RhoV]|   rms[RhoE]|
+----------------------------------------------------------------+
|         821|  -10.920296|   -7.749351|   -8.139138|   -5.424990|
|         822|  -10.929198|   -7.756367|   -8.144450|   -5.437495|
|         823|  -10.942351|   -7.763776|   -8.153423|   -5.451744|
|         824|  -10.958698|   -7.771559|   -8.165676|   -5.465971|
|         825|  -10.976245|   -7.779558|   -8.179506|   -5.478758|
|         826|  -10.991849|   -7.787493|   -8.192598|   -5.488960|
|         827|  -11.004146|   -7.795140|   -8.203343|   -5.497354|
|         828|  -11.012968|   -7.802424|   -8.211232|   -5.505011|
|         829|  -11.020552|   -7.809433|   -8.217495|   -5.513598|
|         830|  -11.029441|   -7.816376|   -8.223769|   -5.524162|
+-----------------------------------------------------------------------+
|        File Writing Summary       |              Filename             |
+-----------------------------------------------------------------------+
|SU2 binary restart                 |restart_flow.dat                   |

Writing the forces breakdown file (forces_breakdown.dat).
+-----------------------------------------------------------------------+
+----------------------------------------------------------------+
|  Inner_Iter|    rms[Rho]|   rms[RhoU]|   rms[RhoV]|   rms[RhoE]|
+----------------------------------------------------------------+
|         831|  -11.041361|   -7.823463|   -8.231501|   -5.536713|
|         832|  -11.056371|   -7.830825|   -8.241216|   -5.550271|
|         833|  -11.073468|   -7.838435|   -8.252295|   -5.563700|
|         834|  -11.089974|   -7.846148|   -8.263441|   -5.575479|
|         835|  -11.103500|   -7.853813|   -8.273258|   -5.584909|
|         836|  -11.113162|   -7.861297|   -8.280954|   -5.592754|
|         837|  -11.119693|   -7.868566|   -8.286836|   -5.600021|
|         838|  -11.125041|   -7.875708|   -8.292041|   -5.607714|
|         839|  -11.131432|   -7.882858|   -8.297790|   -5.616533|
|         840|  -11.140190|   -7.890096|   -8.304970|   -5.626510|
+-----------------------------------------------------------------------+
|        File Writing Summary       |              Filename             |
+-----------------------------------------------------------------------+
|SU2 binary restart                 |restart_flow.dat                   |

Writing the forces breakdown file (forces_breakdown.dat).
+-----------------------------------------------------------------------+
+----------------------------------------------------------------+
|  Inner_Iter|    rms[Rho]|   rms[RhoU]|   rms[RhoV]|   rms[RhoE]|
+----------------------------------------------------------------+
|         841|  -11.151170|   -7.897479|   -8.313771|   -5.636828|
|         842|  -11.163566|   -7.904985|   -8.323597|   -5.646889|
|         843|  -11.175890|   -7.912486|   -8.333477|   -5.656039|
|         844|  -11.186882|   -7.919891|   -8.342706|   -5.664269|
|         845|  -11.196053|   -7.927155|   -8.350841|   -5.671925|
|         846|  -11.204244|   -7.934301|   -8.358105|   -5.679883|
|         847|  -11.212672|   -7.941414|   -8.365088|   -5.688603|
|         848|  -11.221864|   -7.948546|   -8.372559|   -5.698104|
|         849|  -11.232812|   -7.955783|   -8.380705|   -5.708343|
|         850|  -11.244676|   -7.963137|   -8.389596|   -5.718549|
+-----------------------------------------------------------------------+
|        File Writing Summary       |              Filename             |
+-----------------------------------------------------------------------+
|SU2 binary restart                 |restart_flow.dat                   |

Writing the forces breakdown file (forces_breakdown.dat).
+-----------------------------------------------------------------------+
+----------------------------------------------------------------+
|  Inner_Iter|    rms[Rho]|   rms[RhoU]|   rms[RhoV]|   rms[RhoE]|
+----------------------------------------------------------------+
|         851|  -11.256552|   -7.970545|   -8.398620|   -5.728124|
|         852|  -11.266880|   -7.977966|   -8.407268|   -5.736450|
|         853|  -11.275710|   -7.985342|   -8.415077|   -5.744128|
|         854|  -11.282765|   -7.992633|   -8.421889|   -5.751214|
|         855|  -11.288999|   -7.999864|   -8.428199|   -5.758353|
|         856|  -11.295521|   -8.007064|   -8.434478|   -5.766023|
|         857|  -11.302797|   -8.014254|   -8.441316|   -5.774023|
|         858|  -11.311348|   -8.021537|   -8.448760|   -5.782555|
|         859|  -11.320861|   -8.028837|   -8.456838|   -5.791144|
|         860|  -11.330586|   -8.036155|   -8.465286|   -5.799432|
+-----------------------------------------------------------------------+
|        File Writing Summary       |              Filename             |
+-----------------------------------------------------------------------+
|SU2 binary restart                 |restart_flow.dat                   |

Writing the forces breakdown file (forces_breakdown.dat).
+-----------------------------------------------------------------------+
+----------------------------------------------------------------+
|  Inner_Iter|    rms[Rho]|   rms[RhoU]|   rms[RhoV]|   rms[RhoE]|
+----------------------------------------------------------------+
|         861|  -11.339860|   -8.043471|   -8.473531|   -5.807211|
|         862|  -11.348234|   -8.050739|   -8.481444|   -5.814646|

----------------------------- Solver Exit -------------------------------
All convergence criteria satisfied.
+-----------------------------------------------------------------------+
|      Convergence Field     |     Value    |   Criterion  |  Converged |
+-----------------------------------------------------------------------+
|                  Cauchy[CD]|   9.69569e-11|       < 1e-10|         Yes|
+-----------------------------------------------------------------------+
-------------------------------------------------------------------------
+-----------------------------------------------------------------------+
|        File Writing Summary       |              Filename             |
+-----------------------------------------------------------------------+
|SU2 binary restart                 |restart_flow.dat                   |

Writing the forces breakdown file (forces_breakdown.dat).
|Paraview                           |flow.vtu                           |

Writing the forces breakdown file (forces_breakdown.dat).
|Paraview surface                   |surface_flow.vtu                   |

Writing the forces breakdown file (forces_breakdown.dat).
|CSV file                           |surface_flow.csv                   |

Writing the forces breakdown file (forces_breakdown.dat).
+-----------------------------------------------------------------------+

--------------------------- Finalizing Solver ---------------------------
Deleted CNumerics container.
Deleted CIntegration container.
Deleted CSolver container.
Deleted CIteration container.
Deleted CInterface container.
Deleted CGeometry container.
Deleted CFreeFormDefBox class.
Deleted CSurfaceMovement class.
Deleted CVolumetricMovement class.
Deleted CConfig container.
Deleted nInst container.
Deleted COutput class.
-------------------------------------------------------------------------

------------------------- Exit Success (SU2_CFD) ------------------------

