"Time_Iter","Outer_Iter","Inner_Iter",    "rms[Rho]"    ,    "rms[RhoU]"   ,    "rms[RhoV]"   ,    "rms[RhoE]"   
          0,           0,           0,      -1.226340427,      0.7306043509,     0.02105328478,       4.219846255
          0,           0,           1,      -1.601845591,      0.7272529503,       0.973253468,       3.855981013
          0,           0,           2,      -1.564066206,      0.8896466799,      0.9678592944,       3.894969219
          0,           0,           3,       -1.56543886,      0.9960783078,       1.046513392,       3.888902285
          0,           0,           4,      -1.534488965,        1.03228222,       1.051006919,       3.910509586
          0,           0,           5,      -1.510521393,       1.018361143,       1.022713375,       3.933531332
          0,           0,           6,      -1.500305851,      0.9931263987,        1.00943208,       3.951182708
          0,           0,           7,      -1.505632937,      0.9712888396,       1.031704075,       3.948171246
          0,           0,           8,      -1.505865257,      0.9598393844,       1.045709669,       3.940363626
          0,           0,           9,      -1.505733556,      0.9733739477,       1.037609896,       3.935890351
          0,           0,          10,      -1.510533712,      0.9976481609,       1.029423593,       3.934984561
          0,           0,          11,      -1.516669958,       1.007004104,       1.026807322,       3.931365855
          0,           0,          12,      -1.532500359,      0.9991928253,       1.008844735,       3.910668042
          0,           0,          13,      -1.567547136,      0.9761399572,      0.9595400097,        3.86836459
          0,           0,          14,      -1.604121947,      0.9455314149,      0.8934897476,       3.829187881
          0,           0,          15,      -1.638690184,      0.9165696098,      0.8320372635,       3.799994573
          0,           0,          16,      -1.675157825,      0.8992472591,       0.806902067,       3.773524371
          0,           0,          17,       -1.70946068,      0.8996624507,      0.8231669162,       3.746395411
          0,           0,          18,      -1.734500359,      0.9115690861,      0.8522388931,       3.719273862
          0,           0,          19,      -1.747071231,       0.919781063,      0.8670678988,       3.695524954
          0,           0,          20,      -1.761809357,      0.9082008272,      0.8591114239,        3.66801698
          0,           0,          21,      -1.773553163,      0.8917223539,      0.8411516179,       3.647559267
          0,           0,          22,      -1.786606247,      0.8715626277,      0.8150784949,        3.63174076
          0,           0,          23,      -1.804934255,      0.8490526744,      0.7825719991,        3.61605287
          0,           0,          24,      -1.828636872,      0.8256792998,      0.7462426283,       3.598709515
          0,           0,          25,      -1.855006323,      0.8033333082,      0.7093848961,        3.58079471
          0,           0,          26,      -1.880379496,      0.7842773513,       0.677427973,       3.564094901
          0,           0,          27,       -1.90209098,      0.7711234416,      0.6577423155,       3.549352315
          0,           0,          28,      -1.920512925,      0.7658401557,      0.6556350964,       3.534531745
          0,           0,          29,      -1.936827337,      0.7674420222,      0.6682409667,        3.51724699
          0,           0,          30,      -1.950732836,      0.7732496982,       0.687093971,       3.498004375
          0,           0,          31,      -1.960449509,      0.7798801802,      0.7044540231,       3.479994181
          0,           0,          32,      -1.963683884,      0.7847928346,      0.7165259529,       3.468178577
          0,           0,          33,      -1.961489064,      0.7861265705,       0.721808695,       3.464263788
          0,           0,          34,      -1.957443073,      0.7819970907,      0.7197255579,       3.465678876
          0,           0,          35,      -1.955094113,      0.7718678269,      0.7106101126,       3.468329068
          0,           0,          36,      -1.956964396,      0.7555821369,      0.6947303382,       3.468555082
          0,           0,          37,      -1.963873311,      0.7333550542,      0.6725088102,        3.46479401
          0,           0,          38,      -1.976366914,      0.7059724818,      0.6449774437,       3.456313287
          0,           0,          39,      -1.993729419,      0.6756943888,      0.6157453004,       3.443656717
          0,           0,          40,      -2.014520443,      0.6467342595,      0.5902773889,       3.428249149
          0,           0,          41,      -2.036553078,       0.624291315,      0.5742544095,       3.411801885
          0,           0,          42,      -2.056515844,      0.6125538263,      0.5705923133,       3.396710838
          0,           0,          43,      -2.072082088,      0.6122556657,       0.577069127,       3.383926709
          0,           0,          44,      -2.082565906,      0.6189159802,      0.5871338091,       3.372738653
          0,           0,          45,      -2.088737284,      0.6272903378,      0.5950066155,       3.362595147
          0,           0,          46,      -2.092851664,      0.6334001862,      0.5970812822,       3.352545108
          0,           0,          47,      -2.096909078,      0.6352874309,      0.5918643496,        3.34228461
          0,           0,          48,       -2.10313891,      0.6318610436,      0.5783959248,       3.331051025
          0,           0,          49,      -2.112157651,      0.6222742839,      0.5565983283,       3.319216581
          0,           0,          50,      -2.122920336,      0.6073369119,      0.5275675713,       3.308677729
          0,           0,          51,      -2.133903837,      0.5891866985,      0.4941034749,       3.301299191
          0,           0,          52,      -2.143500663,      0.5715508402,      0.4617504829,       3.298314323
          0,           0,          53,      -2.151877386,      0.5592438959,      0.4388999518,       3.298143694
          0,           0,          54,      -2.160358433,      0.5550734111,      0.4326006283,       3.296667602
          0,           0,          55,      -2.169640537,       0.558539451,      0.4414514259,       3.290985519
          0,           0,          56,      -2.179553269,      0.5656125641,      0.4563772281,       3.279747477
          0,           0,          57,      -2.188195725,      0.5713043284,      0.4673799696,       3.264585542
          0,           0,          58,      -2.194824568,      0.5710329043,      0.4667133236,       3.247765294
          0,           0,          59,      -2.199557059,      0.5616627678,      0.4502386238,       3.232979458
          0,           0,          60,      -2.203800172,      0.5437634723,      0.4188049528,       3.223498523
          0,           0,          61,      -2.210234745,      0.5206962793,      0.3785693912,       3.218887081
          0,           0,          62,      -2.221094768,      0.4978904137,      0.3417402046,       3.215732963
          0,           0,          63,      -2.238569228,      0.4811329402,      0.3224088244,       3.208420283
          0,           0,          64,      -2.262610252,      0.4725771461,      0.3235421351,       3.192367577
          0,           0,          65,      -2.290770488,      0.4699209872,      0.3333251407,       3.166938923
          0,           0,          66,      -2.319535571,      0.4685872904,      0.3381035123,       3.134614705
          0,           0,          67,      -2.345154115,      0.4647522363,      0.3304519858,       3.101114989
          0,           0,          68,      -2.366453265,      0.4565131859,      0.3080120173,       3.072528103
          0,           0,          69,      -2.383933135,      0.4432948203,      0.2736823434,       3.053014024
          0,           0,          70,      -2.398871064,      0.4268855702,      0.2350261711,       3.042506658
          0,           0,          71,      -2.412850983,      0.4100840579,      0.2025814507,       3.036583322
          0,           0,          72,      -2.427000438,      0.3956154117,       0.185008637,       3.030201521
          0,           0,          73,      -2.443233606,      0.3849951566,      0.1823810351,       3.018708994
          0,           0,          74,      -2.463562098,      0.3770650148,      0.1857132402,       2.998708321
          0,           0,          75,      -2.488019532,      0.3698571921,      0.1855455844,        2.97092946
          0,           0,          76,      -2.514154144,      0.3615646208,      0.1764817271,       2.939600321
          0,           0,          77,      -2.536429359,      0.3513972003,      0.1574801703,       2.912636802
          0,           0,          78,      -2.549974732,      0.3396365115,      0.1308200665,       2.897065383
          0,           0,          79,      -2.553691907,      0.3267208349,      0.1025384043,       2.893953646
          0,           0,          80,       -2.55124672,      0.3139151249,     0.08060477361,        2.89842492
          0,           0,          81,       -2.54924179,      0.3023102153,      0.0707811783,       2.902588033
          0,           0,          82,      -2.552554658,       0.292391605,     0.07285651474,       2.901030675
          0,           0,          83,      -2.565094008,      0.2840145525,      0.0804565496,       2.889937589
          0,           0,          84,      -2.587574129,      0.2756830365,     0.08517847572,       2.868297042
          0,           0,          85,      -2.616258637,      0.2663554343,     0.08178871237,       2.840007832
          0,           0,          86,      -2.644279254,       0.255565053,     0.06849083222,       2.812183425
          0,           0,          87,       -2.66363141,      0.2436219301,     0.04670749014,       2.793225029
          0,           0,          88,      -2.672362983,      0.2310453132,     0.02062804714,        2.78522766
          0,           0,          89,      -2.674304364,      0.2185077695,    -0.00296747496,       2.784231423
          0,           0,          90,      -2.676513488,      0.2067655951,    -0.01753688395,       2.782969023
          0,           0,          91,      -2.684745556,      0.1961757151,    -0.02145267993,       2.775423576
          0,           0,          92,      -2.700153835,      0.1866721167,    -0.01921317823,        2.76026459
          0,           0,          93,      -2.722638859,      0.1773759922,    -0.01909465772,       2.737409637
          0,           0,          94,      -2.747249164,      0.1675659395,     -0.0274251074,       2.712061331
          0,           0,          95,      -2.766659588,      0.1570541258,    -0.04658673454,       2.692141243
          0,           0,          96,      -2.775329516,      0.1463527238,     -0.0743999006,       2.683608828
          0,           0,          97,      -2.772597769,       0.136534365,     -0.1036632403,       2.686794611
          0,           0,          98,      -2.765242753,      0.1282508827,     -0.1238901834,       2.693917608
          0,           0,          99,      -2.760280225,      0.1214881651,     -0.1281672436,       2.697416375
          0,           0,         100,      -2.762773136,      0.1154507184,     -0.1194549987,       2.692421397
          0,           0,         101,      -2.774799636,      0.1088255328,     -0.1077639043,       2.677609131
          0,           0,         102,      -2.794355869,      0.1005581473,     -0.1020712922,       2.656267065
          0,           0,         103,      -2.819701352,      0.0898825318,      -0.107867768,       2.631655354
          0,           0,         104,      -2.844925016,     0.07713036299,     -0.1255228681,       2.610630813
          0,           0,         105,      -2.864024961,     0.06366564564,     -0.1508067668,       2.598168648
          0,           0,         106,      -2.874960302,     0.05134326182,     -0.1753827419,       2.593284528
          0,           0,         107,      -2.879765539,     0.04185608582,     -0.1895922339,       2.591276924
          0,           0,         108,      -2.884916988,     0.03526770229,     -0.1898802787,       2.584643411
          0,           0,         109,      -2.894571778,     0.03044084558,     -0.1821753821,       2.570152375
          0,           0,         110,      -2.909366146,     0.02552050256,     -0.1765697246,       2.549056402
          0,           0,         111,      -2.926544485,     0.01883896609,     -0.1811136515,        2.52668345
          0,           0,         112,      -2.940607472,    0.009788464565,     -0.1995215194,       2.511200278
          0,           0,         113,      -2.950166923,   -0.001248632123,     -0.2313087683,       2.504847127
          0,           0,         114,       -2.95490448,    -0.01271622186,     -0.2701886346,        2.50587764
          0,           0,         115,      -2.957973887,     -0.0225983614,     -0.3037742638,       2.507964482
          0,           0,         116,       -2.96374473,    -0.02957356201,     -0.3191002537,       2.504653144
          0,           0,         117,      -2.973649612,    -0.03360688959,      -0.313816522,       2.493973387
          0,           0,         118,      -2.990042406,    -0.03663773976,     -0.2999027061,       2.474195847
          0,           0,         119,      -3.011754127,    -0.04089687586,     -0.2909335246,       2.448305305
          0,           0,         120,      -3.035841534,    -0.04787542019,     -0.2942650543,       2.421909213
          0,           0,         121,       -3.05936512,    -0.05776272815,     -0.3108590312,       2.400351835
          0,           0,         122,      -3.079998564,    -0.06935550585,     -0.3364705803,       2.386364855
          0,           0,         123,      -3.098772887,    -0.08103323431,     -0.3624777867,       2.376388746
          0,           0,         124,      -3.115082435,    -0.09116944939,       -0.37946631,       2.367146072
          0,           0,         125,      -3.127516918,    -0.09907709952,     -0.3838124677,       2.356810989
          0,           0,         126,      -3.134396394,      -0.105368134,     -0.3807398028,       2.345916999
          0,           0,         127,      -3.133648905,     -0.1112922731,     -0.3787442291,       2.338101441
          0,           0,         128,      -3.130586019,       -0.11851424,     -0.3853747843,        2.33211401
          0,           0,         129,      -3.129051617,     -0.1278414895,     -0.4031839047,       2.327730276
          0,           0,         130,      -3.132343491,     -0.1390231309,     -0.4302200881,       2.323400035
          0,           0,         131,      -3.142273989,       -0.15101303,     -0.4605602832,       2.316982739
          0,           0,         132,      -3.157562909,     -0.1623784364,     -0.4858026203,       2.308173552
          0,           0,         133,       -3.17704319,      -0.172359217,     -0.4997576664,       2.295449736
          0,           0,         134,      -3.197627163,     -0.1809211332,     -0.5030944722,       2.279409656
          0,           0,         135,      -3.216908005,     -0.1887368018,     -0.5022364308,       2.261077428
          0,           0,         136,       -3.23483093,     -0.1967780646,     -0.5041396807,       2.241003427
          0,           0,         137,      -3.252128246,     -0.2056611547,     -0.5126472041,       2.220425242
          0,           0,         138,      -3.273620556,     -0.2159487374,     -0.5288445792,       2.197075587
          0,           0,         139,      -3.299421168,     -0.2274351869,     -0.5508740929,       2.172341136
          0,           0,         140,      -3.325895595,     -0.2394497466,     -0.5751133265,       2.149574522
          0,           0,         141,      -3.346968571,     -0.2512740763,     -0.5978167226,       2.132421399
          0,           0,         142,      -3.356413687,     -0.2623275634,     -0.6165037499,       2.123870262
          0,           0,         143,      -3.356997023,     -0.2727980174,     -0.6319330252,       2.119930008
          0,           0,         144,      -3.354636371,     -0.2830834746,      -0.646454702,       2.116512055
          0,           0,         145,      -3.356088811,     -0.2935708469,     -0.6622177239,       2.109889177
          0,           0,         146,      -3.365765325,     -0.3044425337,     -0.6799753406,       2.098046679
          0,           0,         147,      -3.383678716,     -0.3154619508,      -0.698614878,        2.08228311
          0,           0,         148,      -3.409815892,     -0.3264538268,     -0.7166411579,       2.062532698
          0,           0,         149,      -3.440387087,       -0.33710573,     -0.7323776713,       2.041016722
          0,           0,         150,      -3.471019469,     -0.3471862094,     -0.7453148296,       2.019341967
          0,           0,         151,      -3.499190923,     -0.3566906058,     -0.7565269666,       1.997389541
          0,           0,         152,      -3.523692735,     -0.3656704505,     -0.7677792211,       1.975261006
          0,           0,         153,      -3.549097049,     -0.3747151744,     -0.7814968894,       1.949665066
          0,           0,         154,      -3.576926932,      -0.384166828,       -0.79909706,       1.921226213
          0,           0,         155,      -3.605224711,     -0.3940698091,     -0.8205986947,       1.893535325
          0,           0,         156,      -3.629607625,     -0.4042475921,     -0.8446599764,       1.871073117
          0,           0,         157,      -3.645745519,      -0.414375634,     -0.8689250394,       1.856711748
          0,           0,         158,       -3.65409724,     -0.4243082017,     -0.8911026894,       1.848548006
          0,           0,         159,      -3.657900311,     -0.4339217079,     -0.9095780662,       1.843400457
          0,           0,         160,      -3.661712698,     -0.4431448714,     -0.9238973053,       1.838192885
          0,           0,         161,       -3.66913398,     -0.4519563725,     -0.9346754413,       1.830982049
          0,           0,         162,      -3.681921376,      -0.460376244,     -0.9431289411,       1.820978527
          0,           0,         163,      -3.700204868,     -0.4684464348,     -0.9505654842,       1.808143034
          0,           0,         164,      -3.723001984,     -0.4762152387,      -0.958023425,       1.792850715
          0,           0,         165,       -3.74866947,     -0.4837362452,     -0.9660979976,       1.775754169
          0,           0,         166,      -3.775250381,     -0.4910753313,     -0.9749336553,        1.75775906
          0,           0,         167,      -3.800814919,     -0.4983112149,     -0.9843656505,       1.739934837
          0,           0,         168,      -3.823837246,     -0.5055254304,     -0.9941495709,       1.723277192
          0,           0,         169,      -3.843478448,     -0.5127874314,      -1.004156917,       1.708430173
          0,           0,         170,      -3.859582219,     -0.5201439617,      -1.014424094,       1.695579582
          0,           0,         171,      -3.872375104,     -0.5276184165,      -1.025036291,       1.684597949
          0,           0,         172,      -3.882108949,     -0.5352113519,      -1.035923205,       1.675321226
          0,           0,         173,      -3.888995053,     -0.5428988028,      -1.046722875,       1.667682656
          0,           0,         174,      -3.893504128,     -0.5506377279,      -1.056834345,       1.661561946
          0,           0,         175,      -3.896671182,     -0.5583792424,      -1.065661773,       1.656536932
          0,           0,         176,      -3.900017071,      -0.566085113,      -1.072906978,       1.651829757
          0,           0,         177,      -3.905055928,     -0.5737374334,      -1.078711207,       1.646559052
          0,           0,         178,      -3.912726689,     -0.5813373823,      -1.083553549,       1.640113955
          0,           0,         179,        -3.9230966,     -0.5888959115,      -1.087994867,       1.632378675
          0,           0,         180,       -3.93543435,     -0.5964254517,       -1.09245464,       1.623687214
          0,           0,         181,      -3.948633208,     -0.6039389743,      -1.097146465,       1.614545429
          0,           0,         182,      -3.961763836,     -0.6114556957,      -1.102159633,       1.605312335
          0,           0,         183,      -3.974443287,     -0.6190072555,      -1.107584318,       1.596044481
          0,           0,         184,      -3.986766979,     -0.6266365466,      -1.113572063,        1.58659762
          0,           0,         185,      -3.998886375,     -0.6343879811,      -1.120292196,       1.576878667
          0,           0,         186,      -4.010589317,     -0.6422937785,      -1.127823752,       1.567041138
          0,           0,         187,      -4.021221231,     -0.6503648411,        -1.1360658,       1.557477195
          0,           0,         188,      -4.030034627,     -0.6585911051,      -1.144728506,       1.548610269
          0,           0,         189,      -4.036736662,     -0.6669507048,      -1.153418102,       1.540633112
          0,           0,         190,      -4.041820912,     -0.6754220925,      -1.161772082,       1.533374839
          0,           0,         191,       -4.04641321,     -0.6839918391,      -1.169572701,       1.526388039
          0,           0,         192,      -4.051755075,     -0.6926543405,      -1.176783975,         1.5191847
          0,           0,         193,      -4.058686716,      -0.701405437,       -1.18350678,       1.511459151
          0,           0,         194,      -4.067395178,     -0.7102340675,       -1.18989591,       1.503174523
          0,           0,         195,      -4.077475342,     -0.7191193324,      -1.196095968,       1.494493605
          0,           0,         196,      -4.088213049,     -0.7280346329,       -1.20222629,       1.485623327
          0,           0,         197,      -4.098937591,     -0.7369568533,      -1.208405612,       1.476676594
          0,           0,         198,      -4.109272215,     -0.7458754928,      -1.214782355,        1.46763127
          0,           0,         199,       -4.11916665,     -0.7547961678,      -1.221535857,       1.458397978
          0,           0,         200,      -4.128733679,     -0.7637365473,      -1.228837882,       1.448936557
          0,           0,         201,      -4.138036398,      -0.772717116,      -1.236790204,        1.43933516
          0,           0,         202,      -4.146980257,     -0.7817515853,      -1.245369843,        1.42979835
          0,           0,         203,      -4.155370072,     -0.7908415463,      -1.254410619,        1.42055095
          0,           0,         204,      -4.163076551,     -0.7999773136,      -1.263636272,       1.411717124
          0,           0,         205,      -4.170190894,     -0.8091439539,      -1.272738547,       1.403246851
          0,           0,         206,      -4.177057799,      -0.818328797,      -1.281470741,       1.394933967
          0,           0,         207,      -4.184158985,      -0.827526413,      -1.289715833,       1.386513917
          0,           0,         208,      -4.191916928,     -0.8367386049,      -1.297500092,       1.377784153
          0,           0,         209,      -4.200519506,     -0.8459699209,      -1.304950917,       1.368687417
          0,           0,         210,      -4.209841208,     -0.8552215499,      -1.312226829,       1.359323845
          0,           0,         211,      -4.219483081,     -0.8644870313,      -1.319458274,       1.349898108
          0,           0,         212,      -4.228912018,     -0.8737520924,      -1.326724208,       1.340632109
          0,           0,         213,      -4.237645981,     -0.8829984847,      -1.334065319,       1.331684877
          0,           0,         214,      -4.245416068,      -0.892209812,      -1.341513974,       1.323109838
          0,           0,         215,      -4.252239129,     -0.9013761973,      -1.349114917,       1.314859946
          0,           0,         216,      -4.258382078,     -0.9104952453,      -1.356922183,       1.306823485
          0,           0,         217,      -4.264246889,     -0.9195698875,      -1.364973698,       1.298868239
          0,           0,         218,      -4.270236272,     -0.9286045244,      -1.373259793,       1.290874325
          0,           0,         219,      -4.276653305,     -0.9376017147,      -1.381709118,       1.282748185
          0,           0,         220,      -4.283656613,     -0.9465613563,      -1.390201187,       1.274424107
          0,           0,         221,      -4.291266368,     -0.9554823155,      -1.398603765,       1.265862001
          0,           0,         222,      -4.299399413,     -0.9643654305,      -1.406817921,       1.257048889
          0,           0,         223,      -4.307909453,       -0.97321586,      -1.414809427,       1.248005933
          0,           0,         224,      -4.316614976,     -0.9820428585,      -1.422612831,       1.238797285
          0,           0,         225,      -4.325309538,     -0.9908571561,       -1.43030793,       1.229533921
          0,           0,         226,      -4.333766943,     -0.9996671112,      -1.437982451,       1.220364221
          0,           0,         227,      -4.341759334,      -1.008475315,      -1.445699232,       1.211447351
          0,           0,         228,      -4.349098342,      -1.017277175,      -1.453481526,       1.202914195
          0,           0,         229,      -4.355692162,      -1.026062037,      -1.461318577,       1.194827968
          0,           0,         230,      -4.361593439,      -1.034816268,      -1.469183692,       1.187160445
          0,           0,         231,      -4.367008979,      -1.043526811,      -1.477054055,       1.179794982
          0,           0,         232,       -4.37225818,      -1.052183903,      -1.484921656,       1.172556584
          0,           0,         233,      -4.377692761,      -1.060782266,      -1.492792036,        1.16525785
          0,           0,         234,      -4.383608855,      -1.069320755,      -1.500674936,       1.157743185
          0,           0,         235,      -4.390181603,       -1.07780121,       -1.50857424,       1.149918113
          0,           0,         236,      -4.397439607,      -1.086227344,       -1.51648387,       1.141757873
          0,           0,         237,      -4.405279361,      -1.094604128,      -1.524391641,       1.133298457
          0,           0,         238,      -4.413506654,      -1.102937656,      -1.532287907,       1.124618736
          0,           0,         239,      -4.421887873,       -1.11123499,      -1.540173091,       1.115821709
          0,           0,         240,      -4.430195946,      -1.119503581,      -1.548059201,       1.107019399
          0,           0,         241,      -4.438242237,       -1.12775004,      -1.555964147,       1.098321457
          0,           0,         242,      -4.445894289,      -1.135978583,      -1.563902072,       1.089824521
          0,           0,         243,      -4.453083264,      -1.144189679,      -1.571874148,       1.081600909
          0,           0,         244,      -4.459805324,      -1.152379413,      -1.579865086,       1.073687893
          0,           0,         245,      -4.466123006,      -1.160540541,      -1.587846398,       1.066076639
          0,           0,         246,      -4.472152461,      -1.168663272,      -1.595785046,        1.05871641
          0,           0,         247,       -4.47804826,      -1.176737163,      -1.603653217,       1.051522926
          0,           0,         248,      -4.483978739,      -1.184752794,      -1.611435528,       1.044395407
          0,           0,         249,      -4.490098601,      -1.192702981,       -1.61913147,       1.037235879
          0,           0,         250,      -4.496523405,      -1.200583421,      -1.626752914,       1.029966805
          0,           0,         251,       -4.50331349,      -1.208392491,       -1.63431895,       1.022540998
          0,           0,         252,      -4.510468229,      -1.216130978,      -1.641850739,       1.014946471
          0,           0,         253,       -4.51793169,       -1.22380142,      -1.649367135,        1.00720378
          0,           0,         254,      -4.525607436,      -1.231407544,      -1.656882548,      0.9993583987
          0,           0,         255,      -4.533376634,      -1.238953646,      -1.664406133,      0.9914722086
          0,           0,         256,      -4.541118836,      -1.246443911,       -1.67194147,      0.9836127855
          0,           0,         257,      -4.548727516,      -1.253881829,      -1.679486333,      0.9758447535
          0,           0,         258,      -4.556128412,      -1.261269789,      -1.687033089,      0.9682193839
          0,           0,         259,      -4.563282564,       -1.26860861,      -1.694568566,      0.9607715271
          0,           0,         260,      -4.570186423,      -1.275897599,      -1.702074952,      0.9535175806
          0,           0,         261,      -4.576868394,      -1.283134446,      -1.709531445,      0.9464546583
          0,           0,         262,      -4.583382139,      -1.290315661,      -1.716917152,      0.9395623415
          0,           0,         263,      -4.589798045,      -1.297437084,      -1.724214176,      0.9328060954
          0,           0,         264,      -4.596193192,      -1.304494517,      -1.731410467,       0.926142584
          0,           0,         265,      -4.602641296,      -1.311484318,      -1.738501704,      0.9195258167
          0,           0,         266,      -4.609203518,      -1.318403918,      -1.745491904,      0.9129134895
          0,           0,         267,       -4.61592117,      -1.325252262,      -1.752392771,      0.9062725201
          0,           0,         268,      -4.622811384,      -1.332029804,      -1.759221456,      0.8995831929
          0,           0,         269,      -4.629866379,      -1.338738512,      -1.765997841,      0.8928405522
          0,           0,         270,      -4.637055819,      -1.345381693,      -1.772741583,      0.8860539831
          0,           0,         271,      -4.644332462,      -1.351963609,      -1.779469346,      0.8792442036
          0,           0,         272,      -4.651639417,      -1.358489017,      -1.786192723,      0.8724395585
          0,           0,         273,      -4.658918491,      -1.364962713,      -1.792917125,      0.8656714395
          0,           0,         274,      -4.666118773,      -1.371389199,      -1.799641532,      0.8589693076
          0,           0,         275,       -4.67320365,      -1.377772362,      -1.806359142,      0.8523564027
          0,           0,         276,      -4.680155016,      -1.384115308,      -1.813058817,       0.845846956
          0,           0,         277,      -4.686974281,      -1.390420329,      -1.819726937,      0.8394450285
          0,           0,         278,      -4.693680354,      -1.396688926,      -1.826349524,      0.8331447341
          0,           0,         279,      -4.700305055,      -1.402921943,      -1.832914361,      0.8269318124
          0,           0,         280,      -4.706887025,      -1.409119805,      -1.839412875,      0.8207861719
          0,           0,         281,      -4.713465471,      -1.415282783,      -1.845841494,      0.8146847668
          0,           0,         282,      -4.720074562,      -1.421411338,      -1.852202329,       0.808604804
          0,           0,         283,      -4.726739388,      -1.427506325,      -1.858503077,      0.8025264921
          0,           0,         284,      -4.733473851,      -1.433569228,      -1.864756053,      0.7964350308
          0,           0,         285,      -4.740280339,      -1.439602253,      -1.870976433,      0.7903217607
          0,           0,         286,      -4.747150881,      -1.445608291,      -1.877180133,      0.7841843904
          0,           0,         287,      -4.754069505,      -1.451590791,      -1.883381627,      0.7780262561
          0,           0,         288,      -4.761015376,       -1.45755353,      -1.889592151,      0.7718548523
          0,           0,         289,      -4.767966001,      -1.463500422,      -1.895818468,      0.7656801632
          0,           0,         290,      -4.774900861,      -1.469435281,      -1.902062633,      0.7595123586
          0,           0,         291,      -4.781803675,      -1.475361622,      -1.908322484,      0.7533606342
          0,           0,         292,      -4.788664454,      -1.481282512,      -1.914592584,      0.7472314635
          0,           0,         293,       -4.79548016,      -1.487200566,      -1.920865766,      0.7411278365
          0,           0,         294,      -4.802253961,      -1.493117925,      -1.927134642,      0.7350494104
          0,           0,         295,       -4.80899366,      -1.499036292,      -1.933392976,      0.7289931033
          0,           0,         296,      -4.815709536,       -1.50495698,      -1.939636675,      0.7229540207
          0,           0,         297,      -4.822412319,      -1.510881005,      -1.945864321,      0.7169262903
          0,           0,         298,      -4.829111703,      -1.516809168,      -1.952077251,      0.7109037039
          0,           0,         299,      -4.835815284,       -1.52274219,      -1.958279298,      0.7048803707
          0,           0,         300,      -4.842528271,      -1.528680871,      -1.964476306,      0.6988511102
          0,           0,         301,      -4.849254363,      -1.534626052,      -1.970675151,       0.692810979
          0,           0,         302,      -4.855996724,      -1.540578694,      -1.976883038,      0.6867551819
          0,           0,         303,       -4.86275741,      -1.546539968,      -1.983106575,      0.6806799709
          0,           0,         304,      -4.869537603,      -1.552511144,       -1.98935114,      0.6745827547
          0,           0,         305,      -4.876337495,      -1.558493626,      -1.995620396,       0.668462008
          0,           0,         306,      -4.883156147,      -1.564488878,      -2.001916119,      0.6623172386
          0,           0,         307,      -4.889991313,      -1.570498364,      -2.008238292,      0.6561490643
          0,           0,         308,      -4.896839371,      -1.576523475,      -2.014585442,       0.649959223
          0,           0,         309,       -4.90369553,      -1.582565474,      -2.020955135,      0.6437503794
          0,           0,         310,       -4.91055431,      -1.588625438,      -2.027344594,      0.6375257681
          0,           0,         311,      -4.917410511,      -1.594704322,       -2.03375117,      0.6312884438
          0,           0,         312,      -4.924258604,      -1.600802873,      -2.040172673,      0.6250419985
          0,           0,         313,      -4.931094097,      -1.606921536,       -2.04660772,      0.6187895161
          0,           0,         314,      -4.937914455,      -1.613060565,      -2.053055707,       0.612532941
          0,           0,         315,      -4.944719687,      -1.619220046,      -2.059516761,      0.6062726106
          0,           0,         316,      -4.951512386,      -1.625399859,      -2.065991727,      0.6000071702
          0,           0,         317,      -4.958297221,      -1.631599797,      -2.072481773,        0.59373406
          0,           0,         318,      -4.965080887,      -1.637819567,      -2.078988494,      0.5874493036
          0,           0,         319,      -4.971871167,      -1.644058719,      -2.085513844,      0.5811477725
          0,           0,         320,       -4.97867594,      -1.650317353,       -2.09205987,      0.5748246841
          0,           0,         321,      -4.985502493,       -1.65659539,      -2.098628034,      0.5684755392
          0,           0,         322,      -4.992355508,      -1.662892925,      -2.105219474,      0.5620974243
          0,           0,         323,       -4.99923682,      -1.669210117,      -2.111834959,      0.5556890149
          0,           0,         324,      -5.006145302,      -1.675547228,       -2.11847477,      0.5492504731
          0,           0,         325,      -5.013077018,      -1.681904611,      -2.125138664,      0.5427835074
          0,           0,         326,      -5.020025759,      -1.688282623,      -2.131825904,      0.5362912741
          0,           0,         327,      -5.026984115,      -1.694681572,      -2.138535395,      0.5297778556
          0,           0,         328,      -5.033944594,      -1.701101668,      -2.145265805,      0.5232476426
          0,           0,         329,      -5.040900705,      -1.707542987,      -2.152015714,      0.5167046712
          0,           0,         330,      -5.047847836,      -1.714005461,      -2.158783741,      0.5101520748
          0,           0,         331,      -5.054783779,      -1.720488867,      -2.165568649,      0.5035917283
          0,           0,         332,      -5.061708983,      -1.726992832,      -2.172369412,      0.4970240843
          0,           0,         333,      -5.068626248,      -1.733516884,      -2.179185316,      0.4904482228
          0,           0,         334,      -5.075540138,      -1.740060499,      -2.186016005,      0.4838621599
          0,           0,         335,      -5.082456387,      -1.746623087,      -2.192861457,      0.4772631853
          0,           0,         336,      -5.089381186,      -1.753204078,      -2.199721955,      0.4706481472
          0,           0,         337,      -5.096320339,      -1.759802969,      -2.206598016,       0.464013917
          0,           0,         338,      -5.103278453,      -1.766419358,      -2.213490277,      0.4573578854
          0,           0,         339,      -5.110258353,      -1.773052945,      -2.220399375,      0.4506783469
          0,           0,         340,      -5.117260789,       -1.77970353,      -2.227325823,      0.4439747006
          0,           0,         341,      -5.124284464,      -1.786370989,      -2.234269905,      0.4372474599
          0,           0,         342,      -5.131326459,      -1.793055176,      -2.241231626,      0.4304976312
          0,           0,         343,      -5.138382581,      -1.799756183,      -2.248210808,      0.4237275438
          0,           0,         344,      -5.145447855,      -1.806473932,      -2.255206808,      0.4169403518
          0,           0,         345,      -5.152517505,      -1.813208302,       -2.26221864,      0.4101390349
          0,           0,         346,      -5.159587476,       -1.81995913,      -2.269245189,      0.4033260684
          0,           0,         347,      -5.166654816,      -1.826726179,       -2.27628531,      0.3965033799
          0,           0,         348,      -5.173717956,      -1.833509124,      -2.283337847,      0.3896723216
          0,           0,         349,      -5.180776856,      -1.840307548,      -2.290401709,      0.3828335519
          0,           0,         350,       -5.18783297,      -1.847120968,      -2.297475933,      0.3759869383
          0,           0,         351,      -5.194888995,      -1.853948856,      -2.304559781,       0.369131584
          0,           0,         352,      -5.201948415,      -1.860790698,      -2.311652771,      0.3622660748
          0,           0,         353,      -5.209014989,       -1.86764597,      -2.318754685,      0.3553886703
          0,           0,         354,      -5.216092105,      -1.874514188,       -2.32586555,      0.3484977491
          0,           0,         355,      -5.223182385,      -1.881394923,      -2.332985558,      0.3415920397
          0,           0,         356,      -5.230287447,      -1.888287805,      -2.340114985,       0.334670704
          0,           0,         357,       -5.23740778,      -1.895192534,      -2.347254114,      0.3277334027
          0,           0,         358,      -5.244542717,      -1.902108871,      -2.354403155,      0.3207803612
          0,           0,         359,      -5.251690545,      -1.909036621,      -2.361562181,       0.313812386
          0,           0,         360,      -5.258848761,      -1.915975617,      -2.368731067,      0.3068307847
          0,           0,         361,      -5.266014423,      -1.922925695,      -2.375909464,      0.2998372022
          0,           0,         362,      -5.273184564,       -1.92988668,      -2.383096797,      0.2928334075
          0,           0,         363,      -5.280356579,      -1.936858368,      -2.390292304,      0.2858210745
          0,           0,         364,      -5.287528539,      -1.943840517,      -2.397495093,      0.2788015988
          0,           0,         365,      -5.294699381,      -1.950832843,      -2.404704218,       0.271775975
          0,           0,         366,      -5.301868975,      -1.957835038,      -2.411918776,      0.2647447438
          0,           0,         367,      -5.309038036,      -1.964846753,      -2.419137943,      0.2577079808
          0,           0,         368,      -5.316207922,      -1.971867606,      -2.426361024,      0.2506653834
          0,           0,         369,      -5.323380626,      -1.978897255,      -2.433587532,      0.2436162677
          0,           0,         370,      -5.330558025,      -1.985935266,      -2.440817271,      0.2365597888
          0,           0,         371,      -5.337741826,      -1.992981276,       -2.44805021,      0.2294952372
          0,           0,         372,      -5.344933398,      -2.000034949,      -2.455286468,      0.2224220063
          0,           0,         373,      -5.352133616,         -2.007096,      -2.462526255,      0.2153396448
          0,           0,         374,      -5.359342704,      -2.014164185,      -2.469769811,      0.2082480247
          0,           0,         375,      -5.366560247,      -2.021239307,      -2.477017348,      0.2011473591
          0,           0,         376,      -5.373785324,      -2.028321188,      -2.484268986,      0.1940380947
          0,           0,         377,      -5.381016647,       -2.03540969,      -2.491524707,      0.1869208845
          0,           0,         378,      -5.388252725,      -2.042504687,      -2.498784334,      0.1797965479
          0,           0,         379,      -5.395492035,      -2.049606056,      -2.506047535,      0.1726659888
          0,           0,         380,      -5.402733204,      -2.056713664,      -2.513313851,      0.1655301004
          0,           0,         381,      -5.409975133,      -2.063827373,      -2.520582693,      0.1583897093
          0,           0,         382,      -5.417217099,      -2.070947025,      -2.527853528,      0.1512453809
          0,           0,         383,      -5.424458875,      -2.078072425,      -2.535125848,      0.1440975097
          0,           0,         384,      -5.431700615,       -2.08520336,       -2.54239915,      0.1369463323
          0,           0,         385,       -5.43894284,      -2.092339613,      -2.549673027,       0.129791813
          0,           0,         386,      -5.446186151,       -2.09948086,      -2.556947163,      0.1226337585
          0,           0,         387,      -5.453431446,      -2.106626964,      -2.564221511,      0.1154718632
          0,           0,         388,      -5.460679652,      -2.113777791,      -2.571496074,      0.1083057431
          0,           0,         389,       -5.46793145,      -2.120933158,      -2.578770953,      0.1011350725
          0,           0,         390,      -5.475187352,      -2.128092896,      -2.586046376,     0.09395957046
          0,           0,         391,      -5.482447674,      -2.135256862,      -2.593322602,     0.08677904761
          0,           0,         392,      -5.489712447,      -2.142424943,      -2.600599843,     0.07959347689
          0,           0,         393,      -5.496981385,       -2.14959705,      -2.607878221,     0.07240301036
          0,           0,         394,      -5.504253958,       -2.15677311,      -2.615157781,     0.06520792848
          0,           0,         395,      -5.511529461,      -2.163953035,      -2.622438493,     0.05800868356
          0,           0,         396,      -5.518807156,      -2.171136755,      -2.629720243,     0.05080569301
          0,           0,         397,      -5.526086343,      -2.178324258,      -2.637002821,     0.04359926721
          0,           0,         398,       -5.53336642,      -2.185515499,      -2.644285988,      0.0363897327
          0,           0,         399,      -5.540646861,      -2.192710422,      -2.651569483,     0.02917745721
          0,           0,         400,      -5.547927281,      -2.199908953,      -2.658853055,      0.0219627826
          0,           0,         401,      -5.555207485,       -2.20711101,      -2.666136483,     0.01474595633
          0,           0,         402,      -5.562487481,      -2.214316503,      -2.673419597,    0.007527098962
          0,           0,         403,      -5.569767471,      -2.221525339,      -2.680702297,   0.0003062009939
          0,           0,         404,      -5.577047798,      -2.228737424,      -2.687984554,   -0.006916850978
          0,           0,         405,      -5.584328882,      -2.235952664,      -2.695266409,    -0.01414223372
          0,           0,         406,      -5.591611165,      -2.243170972,      -2.702547962,    -0.02137015495
          0,           0,         407,      -5.598895049,      -2.250392268,      -2.709829354,    -0.02860082671
          0,           0,         408,      -5.606180866,      -2.257616489,      -2.717110746,     -0.0358344295
          0,           0,         409,      -5.613468817,      -2.264843585,      -2.724392293,    -0.04307109753
          0,           0,         410,       -5.62075895,      -2.272073518,      -2.731674128,    -0.05031089085
          0,           0,         411,      -5.628051147,      -2.279306262,       -2.73895635,    -0.05755377861
          0,           0,         412,      -5.635345131,      -2.286541801,      -2.746239012,    -0.06479963774
          0,           0,         413,      -5.642640508,       -2.29378012,       -2.75352212,    -0.07204826967
          0,           0,         414,      -5.649936813,       -2.30102121,      -2.760805633,    -0.07929942557
          0,           0,         415,      -5.657233573,      -2.308265058,      -2.768089474,    -0.08655284102
          0,           0,         416,       -5.66453036,      -2.315511648,      -2.775373545,    -0.09380826043
          0,           0,         417,      -5.671826829,      -2.322760957,      -2.782657736,     -0.1010654621
          0,           0,         418,      -5.679122756,      -2.330012953,      -2.789941946,     -0.1083242767
          0,           0,         419,      -5.686418048,      -2.337267599,      -2.797226092,     -0.1155846008
          0,           0,         420,      -5.693712752,      -2.344524849,      -2.804510121,     -0.1228464062
          0,           0,         421,      -5.701007032,      -2.351784654,      -2.811794014,     -0.1301097343
          0,           0,         422,      -5.708301144,      -2.359046962,       -2.81907779,     -0.1373746849
          0,           0,         423,      -5.715595398,      -2.366311721,      -2.826361501,     -0.1446413971
          0,           0,         424,      -5.722890106,      -2.373578882,      -2.833645224,     -0.1519100245
          0,           0,         425,      -5.730185545,      -2.380848402,      -2.840929056,     -0.1591807153
          0,           0,         426,      -5.737481913,      -2.388120243,      -2.848213097,     -0.1664535821
          0,           0,         427,      -5.744779306,      -2.395394374,      -2.855497442,     -0.1737286913
          0,           0,         428,      -5.752077711,       -2.40267077,      -2.862782171,     -0.1810060519
          0,           0,         429,      -5.759377003,      -2.409949409,       -2.87006734,     -0.1882856136
          0,           0,         430,      -5.766676965,      -2.417230273,      -2.877352978,     -0.1955672726
          0,           0,         431,       -5.77397732,      -2.424513347,      -2.884639083,     -0.2028508831
          0,           0,         432,      -5.781277759,       -2.43179861,      -2.891925631,     -0.2101362729
          0,           0,         433,      -5.788577985,       -2.43908604,      -2.899212573,      -0.217423263
          0,           0,         434,      -5.795877736,      -2.446375609,      -2.906499851,     -0.2247116844
          0,           0,         435,      -5.803176827,      -2.453667282,      -2.913787398,     -0.2320013985
          0,           0,         436,      -5.810475152,       -2.46096102,      -2.921075154,     -0.2392923053
          0,           0,         437,        -5.8177727,      -2.468256775,      -2.928363066,     -0.2465843498
          0,           0,         438,       -5.82506954,      -2.475554495,        -2.9356511,     -0.2538775229
          0,           0,         439,      -5.832365811,      -2.482854126,       -2.94293924,     -0.2611718533
          0,           0,         440,      -5.839661694,      -2.490155609,      -2.950227488,     -0.2684673982
          0,           0,         441,      -5.846957386,      -2.497458888,      -2.957515864,     -0.2757642313
          0,           0,         442,      -5.854253071,      -2.504763906,      -2.964804399,     -0.2830624251
          0,           0,         443,      -5.861548895,      -2.512070608,      -2.972093134,     -0.2903620388
          0,           0,         444,      -5.868844949,      -2.519378931,      -2.979382111,      -0.297663109
          0,           0,         445,      -5.876141274,      -2.526688843,      -2.986671356,     -0.3049656393
          0,           0,         446,      -5.883437772,      -2.534000296,      -2.993960884,     -0.3122695574
          0,           0,         447,      -5.890734316,      -2.541313241,      -3.001250707,     -0.3195747831
          0,           0,         448,      -5.898030764,      -2.548627633,       -3.00854082,     -0.3268812376
          0,           0,         449,      -5.905326959,      -2.555943411,      -3.015831203,     -0.3341887963
          0,           0,         450,      -5.912622694,      -2.563260544,      -3.023121802,      -0.341497338
          0,           0,         451,      -5.919917785,      -2.570578984,      -3.030412563,     -0.3488067383
          0,           0,         452,      -5.927212081,      -2.577898675,       -3.03770343,     -0.3561168645
          0,           0,         453,      -5.934505489,      -2.585219556,      -3.044994336,     -0.3634276056
          0,           0,         454,      -5.941797968,      -2.592541563,      -3.052285217,     -0.3707388801
          0,           0,         455,       -5.94908954,      -2.599864631,      -3.059576014,     -0.3780506421
          0,           0,         456,      -5.956380265,      -2.607188689,       -3.06686668,     -0.3853628703
          0,           0,         457,       -5.96367024,      -2.614513667,       -3.07415718,     -0.3926755652
          0,           0,         458,      -5.970959578,      -2.621839491,      -3.081447496,     -0.3999887425
          0,           0,         459,      -5.978248394,      -2.629166077,      -3.088737625,     -0.4073024214
          0,           0,         460,      -5.985536765,      -2.636493369,      -3.096027551,     -0.4146165901
          0,           0,         461,      -5.992824748,      -2.643821299,      -3.103317272,     -0.4219312484
          0,           0,         462,      -6.000112359,      -2.651149799,      -3.110606791,     -0.4292463755
          0,           0,         463,       -6.00739958,      -2.658478805,      -3.117896106,     -0.4365619354
          0,           0,         464,      -6.014686359,      -2.665808254,      -3.125185206,     -0.4438778711
          0,           0,         465,      -6.021972607,      -2.673138085,      -3.132474072,     -0.4511941031
          0,           0,         466,      -6.029258202,      -2.680468236,      -3.139762669,     -0.4585105267
          0,           0,         467,       -6.03654302,      -2.687798644,      -3.147050952,     -0.4658270304
          0,           0,         468,       -6.04382694,      -2.695129247,      -3.154338872,     -0.4731435021
          0,           0,         469,      -6.051109868,      -2.702459978,      -3.161626368,     -0.4804598425
          0,           0,         470,      -6.058391738,      -2.709790771,      -3.168913382,     -0.4877759644
          0,           0,         471,      -6.065672516,      -2.717121558,      -3.176199853,     -0.4950917942
          0,           0,         472,      -6.072952194,      -2.724452269,      -3.183485728,      -0.502407271
          0,           0,         473,      -6.080230793,      -2.731782833,      -3.190770956,       -0.50972235
          0,           0,         474,      -6.087508352,      -2.739113178,      -3.198055499,     -0.5170369974
          0,           0,         475,      -6.094784926,      -2.746443233,      -3.205339325,     -0.5243511921
          0,           0,         476,      -6.102060575,      -2.753772928,       -3.21262241,     -0.5316649203
          0,           0,         477,      -6.109335353,      -2.761102194,      -3.219904734,     -0.5389781656
          0,           0,         478,        -6.1166093,      -2.768430965,      -3.227186284,      -0.546290909
          0,           0,         479,      -6.123882429,      -2.775759176,      -3.234467045,     -0.5536031183
          0,           0,         480,      -6.131154734,      -2.783086764,      -3.241747003,     -0.5609147537
          0,           0,         481,      -6.138426192,       -2.79041367,      -3.249026141,     -0.5682257694
          0,           0,         482,      -6.145696753,      -2.797739833,      -3.256304436,     -0.5755361014
          0,           0,         483,      -6.152966357,      -2.805065197,      -3.263581861,     -0.5828456815
          0,           0,         484,      -6.160234936,      -2.812389707,      -3.270858381,     -0.5901544347
          0,           0,         485,      -6.167502423,      -2.819713307,      -3.278133958,     -0.5974622858
          0,           0,         486,       -6.17476876,      -2.827035941,      -3.285408549,     -0.6047691623
          0,           0,         487,      -6.182033899,      -2.834357556,      -3.292682115,     -0.6120749951
          0,           0,         488,      -6.189297807,      -2.841678098,      -3.299954614,     -0.6193797225
          0,           0,         489,       -6.19656047,      -2.848997512,      -3.307226003,     -0.6266832953
          0,           0,         490,      -6.203821891,      -2.856315745,      -3.314496247,     -0.6339856714
          0,           0,         491,      -6.211082086,      -2.863632744,      -3.321765319,     -0.6412868173
          0,           0,         492,      -6.218341081,      -2.870948457,      -3.329033193,     -0.6485867056
          0,           0,         493,      -6.225598912,      -2.878262834,      -3.336299852,     -0.6558853202
          0,           0,         494,       -6.23285561,      -2.885575827,      -3.343565283,     -0.6631826438
          0,           0,         495,      -6.240111209,      -2.892887388,      -3.350829477,     -0.6704786643
          0,           0,         496,       -6.24736573,      -2.900197475,      -3.358092426,     -0.6777733646
          0,           0,         497,      -6.254619186,      -2.907506045,      -3.365354124,     -0.6850667253
          0,           0,         498,      -6.261871571,      -2.914813061,      -3.372614565,     -0.6923587168
          0,           0,         499,      -6.269122867,      -2.922118485,       -3.37987374,     -0.6996493067
          0,           0,         500,      -6.276373055,      -2.929422283,      -3.387131639,     -0.7069384603
          0,           0,         501,      -6.283622099,      -2.936724422,      -3.394388249,      -0.714226135
          0,           0,         502,      -6.290869968,      -2.944024873,      -3.401643552,     -0.7215122917
          0,           0,         503,      -6.298116627,      -2.951323604,      -3.408897534,     -0.7287968857
          0,           0,         504,      -6.305362051,      -2.958620589,      -3.416150173,      -0.736079881
          0,           0,         505,      -6.312606224,        -2.9659158,      -3.423401455,     -0.7433612453
          0,           0,         506,      -6.319849134,      -2.973209212,      -3.430651363,     -0.7506409492
          0,           0,         507,      -6.327090784,        -2.9805008,      -3.437899884,     -0.7579189702
          0,           0,         508,      -6.334331193,      -2.987790542,      -3.445147009,      -0.765195298
          0,           0,         509,      -6.341570368,      -2.995078414,      -3.452392732,     -0.7724699165
          0,           0,         510,      -6.348808348,      -3.002364397,      -3.459637054,     -0.7797428293
          0,           0,         511,      -6.356045156,      -3.009648461,      -3.466879985,     -0.7870140427
          0,           0,         512,      -6.363280818,      -3.016930595,      -3.474121522,     -0.7942835416
          0,           0,         513,      -6.370515357,      -3.024210791,      -3.481361663,     -0.8015513195
          0,           0,         514,      -6.377748806,      -3.031489038,      -3.488600412,     -0.8088173946
          0,           0,         515,      -6.384981184,      -3.038765328,      -3.495837781,     -0.8160817743
          0,           0,         516,      -6.392212497,      -3.046039651,      -3.503073787,     -0.8233444593
          0,           0,         517,      -6.399442728,      -3.053312004,      -3.510308443,     -0.8306054316
          0,           0,         518,      -6.406671868,      -3.060582381,      -3.517541755,      -0.837864679
          0,           0,         519,      -6.413899912,      -3.067850781,      -3.524773729,     -0.8451221936
          0,           0,         520,      -6.421126847,      -3.075117204,       -3.53200437,      -0.852377965
          0,           0,         521,      -6.428352672,      -3.082381651,      -3.539233682,     -0.8596319907
          0,           0,         522,      -6.435577391,      -3.089644125,      -3.546461669,     -0.8668842702
          0,           0,         523,      -6.442801005,      -3.096904629,       -3.55368834,     -0.8741348009
          0,           0,         524,      -6.450023521,      -3.104163167,      -3.560913703,     -0.8813835855
          0,           0,         525,      -6.457244955,      -3.111419745,      -3.568137769,     -0.8886306315
          0,           0,         526,      -6.464465333,       -3.11867437,      -3.575360547,      -0.895875951
          0,           0,         527,      -6.471684669,       -3.12592705,      -3.582582056,     -0.9031195531
          0,           0,         528,      -6.478902999,      -3.133177795,      -3.589802309,     -0.9103614576
          0,           0,         529,      -6.486120343,      -3.140426615,      -3.597021327,     -0.9176016793
          0,           0,         530,      -6.493336737,      -3.147673523,      -3.604239127,     -0.9248402442
          0,           0,         531,      -6.500552206,      -3.154918532,      -3.611455732,     -0.9320771717
          0,           0,         532,      -6.507766772,      -3.162161659,      -3.618671163,     -0.9393124833
          0,           0,         533,      -6.514980452,       -3.16940292,      -3.625885448,     -0.9465461942
          0,           0,         534,      -6.522193265,      -3.176642333,      -3.633098606,     -0.9537783268
          0,           0,         535,      -6.529405209,      -3.183879917,      -3.640310658,     -0.9610088898
          0,           0,         536,      -6.536616301,      -3.191115693,      -3.647521628,     -0.9682379035
          0,           0,         537,       -6.54382654,      -3.198349683,      -3.654731534,     -0.9754653752
          0,           0,         538,      -6.551035934,      -3.205581909,      -3.661940398,     -0.9826913254
          0,           0,         539,      -6.558244498,      -3.212812394,      -3.669148238,     -0.9899157693
          0,           0,         540,      -6.565452238,      -3.220041162,      -3.676355078,     -0.9971387243
          0,           0,         541,      -6.572659169,      -3.227268238,      -3.683560934,       -1.00436021
          0,           0,         542,      -6.579865298,      -3.234493646,      -3.690765835,      -1.011580242
          0,           0,         543,      -6.587070662,      -3.241717413,      -3.697969795,      -1.018798853
          0,           0,         544,      -6.594275276,      -3.248939563,      -3.705172842,      -1.026016063
          0,           0,         545,      -6.601479175,      -3.256160124,      -3.712374998,      -1.033231906
          0,           0,         546,      -6.608682383,      -3.263379124,      -3.719576292,      -1.040446409
          0,           0,         547,       -6.61588493,       -3.27059659,      -3.726776749,      -1.047659607
          0,           0,         548,      -6.623086842,      -3.277812551,      -3.733976398,      -1.054871527
          0,           0,         549,      -6.630288136,      -3.285027036,      -3.741175265,      -1.062082196
          0,           0,         550,      -6.637488854,      -3.292240076,      -3.748373378,      -1.069291655
          0,           0,         551,      -6.644688993,        -3.2994517,      -3.755570767,       -1.07649992
          0,           0,         552,      -6.651888578,      -3.306661939,      -3.762767457,      -1.083707024
          0,           0,         553,      -6.659087625,      -3.313870825,      -3.769963474,      -1.090912992
          0,           0,         554,      -6.666286142,      -3.321078388,      -3.777158846,      -1.098117843
          0,           0,         555,      -6.673484153,      -3.328284663,      -3.784353595,      -1.105321616
          0,           0,         556,      -6.680681663,      -3.335489681,      -3.791547748,      -1.112524331
          0,           0,         557,      -6.687878683,      -3.342693473,      -3.798741329,      -1.119726004
          0,           0,         558,      -6.695075238,      -3.349896074,      -3.805934362,      -1.126926673
          0,           0,         559,      -6.702271347,      -3.357097515,      -3.813126867,      -1.134126365
          0,           0,         560,       -6.70946702,      -3.364297827,      -3.820318873,      -1.141325102
          0,           0,         561,       -6.71666229,      -3.371497044,      -3.827510398,      -1.148522926
          0,           0,         562,      -6.723857173,      -3.378695198,      -3.834701477,      -1.155719855
          0,           0,         563,      -6.731051687,      -3.385892319,      -3.841892128,      -1.162915919
          0,           0,         564,      -6.738245875,      -3.393088441,      -3.849082378,      -1.170111166
          0,           0,         565,      -6.745439744,      -3.400283597,      -3.856272253,      -1.177305613
          0,           0,         566,      -6.752633323,      -3.407477816,      -3.863461778,      -1.184499296
          0,           0,         567,      -6.759826637,      -3.414671132,      -3.870650979,      -1.191692247
          0,           0,         568,      -6.767019696,      -3.421863578,      -3.877839878,      -1.198884493
          0,           0,         569,       -6.77421252,      -3.429055184,      -3.885028509,      -1.206076063
          0,           0,         570,      -6.781405124,      -3.436245983,       -3.89221688,      -1.213266984
          0,           0,         571,      -6.788597531,      -3.443436007,      -3.899405025,      -1.220457287
          0,           0,         572,      -6.795789751,      -3.450625286,      -3.906592967,      -1.227646997
          0,           0,         573,      -6.802981787,      -3.457813851,      -3.913780725,      -1.234836131
          0,           0,         574,       -6.81017366,      -3.465001735,      -3.920968317,      -1.242024721
          0,           0,         575,      -6.817365385,      -3.472188967,      -3.928155764,       -1.24921279
          0,           0,         576,      -6.824556976,      -3.479375577,      -3.935343093,      -1.256400369
          0,           0,         577,       -6.83174845,      -3.486561595,      -3.942530313,      -1.263587481
          0,           0,         578,      -6.838939826,      -3.493747049,      -3.949717451,      -1.270774151
          0,           0,         579,      -6.846131111,       -3.50093197,      -3.956904525,      -1.277960399
          0,           0,         580,      -6.853322336,      -3.508116384,      -3.964091553,      -1.285146262
          0,           0,         581,      -6.860513513,      -3.515300322,      -3.971278551,      -1.292331763
          0,           0,         582,      -6.867704654,      -3.522483809,      -3.978465544,      -1.299516925
          0,           0,         583,      -6.874895792,      -3.529666874,      -3.985652545,       -1.30670178
          0,           0,         584,      -6.882086943,      -3.536849544,      -3.992839578,      -1.313886355
          0,           0,         585,      -6.889278094,      -3.544031843,      -4.000026658,      -1.321070656
          0,           0,         586,      -6.896469287,        -3.5512138,      -4.007213802,      -1.328254725
          0,           0,         587,      -6.903660531,      -3.558395442,      -4.014401026,      -1.335438581
          0,           0,         588,      -6.910851834,      -3.565576791,      -4.021588346,      -1.342622249
          0,           0,         589,      -6.918043202,      -3.572757875,      -4.028775778,      -1.349805739
          0,           0,         590,      -6.925234652,      -3.579938717,       -4.03596334,      -1.356989079
          0,           0,         591,      -6.932426179,      -3.587119342,       -4.04315104,       -1.36417228
          0,           0,         592,      -6.939617808,      -3.594299774,      -4.050338895,      -1.371355373
          0,           0,         593,      -6.946809551,      -3.601480035,      -4.057526914,      -1.378538379
          0,           0,         594,      -6.954001415,      -3.608660148,       -4.06471511,      -1.385721305
          0,           0,         595,      -6.961193399,      -3.615840135,        -4.0719035,      -1.392904175
          0,           0,         596,      -6.968385528,      -3.623020018,      -4.079092094,      -1.400087004
          0,           0,         597,      -6.975577818,      -3.630199818,      -4.086280898,       -1.40726982
          0,           0,         598,      -6.982770267,      -3.637379558,       -4.09346993,      -1.414452638
          0,           0,         599,      -6.989962902,      -3.644559255,      -4.100659195,      -1.421635483
          0,           0,         600,       -6.99715571,      -3.651738928,      -4.107848713,      -1.428818354
          0,           0,         601,      -7.004348744,        -3.6589186,      -4.115038485,      -1.436001304
          0,           0,         602,      -7.011541967,      -3.666098288,      -4.122228533,       -1.44318431
          0,           0,         603,      -7.018735401,      -3.673278011,      -4.129418857,      -1.450367399
          0,           0,         604,      -7.025929087,      -3.680457788,      -4.136609459,      -1.457550615
          0,           0,         605,      -7.033122994,      -3.687637634,      -4.143800366,      -1.464733941
          0,           0,         606,      -7.040317152,      -3.694817568,      -4.150991579,      -1.471917409
          0,           0,         607,      -7.047511542,      -3.701997607,        -4.1581831,      -1.479101016
          0,           0,         608,      -7.054706188,      -3.709177767,       -4.16537494,      -1.486284791
          0,           0,         609,      -7.061901079,      -3.716358064,      -4.172567111,      -1.493468727
          0,           0,         610,      -7.069096243,      -3.723538514,      -4.179759609,       -1.50065285
          0,           0,         611,      -7.076291689,      -3.730719131,      -4.186952437,      -1.507837193
          0,           0,         612,      -7.083487396,      -3.737899931,      -4.194145615,      -1.515021732
          0,           0,         613,      -7.090683389,      -3.745080926,      -4.201339138,      -1.522206495
          0,           0,         614,      -7.097879677,      -3.752262132,      -4.208533012,        -1.5293915
          0,           0,         615,      -7.105076245,       -3.75944356,      -4.215727245,      -1.536576743
          0,           0,         616,       -7.11227312,      -3.766625224,      -4.222921846,      -1.543762245
          0,           0,         617,      -7.119470319,      -3.773807137,      -4.230116809,      -1.550948031
          0,           0,         618,      -7.126667803,       -3.78098931,      -4.237312145,      -1.558134075
          0,           0,         619,      -7.133865625,      -3.788171755,      -4.244507854,      -1.565320433
          0,           0,         620,      -7.141063747,      -3.795354483,      -4.251703948,      -1.572507068
          0,           0,         621,      -7.148262204,      -3.802537507,      -4.258900416,      -1.579694016
          0,           0,         622,      -7.155460996,      -3.809720835,      -4.266097272,      -1.586881295
          0,           0,         623,      -7.162660107,      -3.816904479,      -4.273294515,      -1.594068887
          0,           0,         624,      -7.169859547,      -3.824088449,      -4.280492149,      -1.601256807
          0,           0,         625,      -7.177059333,      -3.831272751,      -4.287690175,       -1.60844507
          0,           0,         626,       -7.18425946,      -3.838457399,      -4.294888597,      -1.615633694
          0,           0,         627,      -7.191459918,        -3.8456424,      -4.302087421,      -1.622822661
          0,           0,         628,       -7.19866072,      -3.852827761,      -4.309286628,      -1.630011987
          0,           0,         629,      -7.205861862,      -3.860013494,      -4.316486235,      -1.637201687
          0,           0,         630,      -7.213063351,      -3.867199603,      -4.323686247,      -1.644391757
          0,           0,         631,      -7.220265187,      -3.874386095,      -4.330886658,      -1.651582202
          0,           0,         632,      -7.227467369,      -3.881572981,      -4.338087467,      -1.658773034
          0,           0,         633,      -7.234669872,      -3.888760265,      -4.345288677,      -1.665964242
          0,           0,         634,      -7.241872756,      -3.895947955,      -4.352490274,      -1.673155862
          0,           0,         635,      -7.249076013,      -3.903136056,      -4.359692278,      -1.680347882
          0,           0,         636,      -7.256279599,      -3.910324574,       -4.36689468,      -1.687540306
          0,           0,         637,      -7.263483542,      -3.917513513,      -4.374097484,      -1.694733138
          0,           0,         638,      -7.270687841,      -3.924702883,      -4.381300686,      -1.701926383
          0,           0,         639,      -7.277892474,      -3.931892686,      -4.388504283,      -1.709120031
          0,           0,         640,      -7.285097485,      -3.939082926,      -4.395708281,      -1.716314107
          0,           0,         641,      -7.292302856,      -3.946273611,      -4.402912668,       -1.72350862
          0,           0,         642,       -7.29950859,      -3.953464744,      -4.410117457,      -1.730703566
          0,           0,         643,      -7.306714635,      -3.960656326,      -4.417322644,      -1.737898913
          0,           0,         644,      -7.313921052,      -3.967848363,      -4.424528217,      -1.745094697
          0,           0,         645,      -7.321127824,       -3.97504086,       -4.43173417,      -1.752290919
          0,           0,         646,      -7.328334939,      -3.982233818,      -4.438940512,      -1.759487575
          0,           0,         647,      -7.335542439,      -3.989427242,      -4.446147245,      -1.766684695
          0,           0,         648,      -7.342750233,      -3.996621133,       -4.45335436,      -1.773882216
          0,           0,         649,      -7.349958396,      -4.003815494,      -4.460561857,      -1.781080191
          0,           0,         650,      -7.357166896,      -4.011010326,      -4.467769731,      -1.788278605
          0,           0,         651,      -7.364375741,      -4.018205635,      -4.474977983,      -1.795477462
          0,           0,         652,      -7.371584937,       -4.02540142,       -4.48218661,      -1.802676767
          0,           0,         653,      -7.378794445,      -4.032597684,       -4.48939561,      -1.809876495
          0,           0,         654,      -7.386004309,      -4.039794425,      -4.496604971,      -1.817076683
          0,           0,         655,      -7.393214522,      -4.046991648,      -4.503814701,      -1.824277322
          0,           0,         656,      -7.400425058,      -4.054189353,      -4.511024807,      -1.831478403
          0,           0,         657,      -7.407635924,       -4.06138754,      -4.518235259,      -1.838679925
          0,           0,         658,      -7.414847125,      -4.068586211,      -4.525446072,        -1.8458819
          0,           0,         659,      -7.422058647,      -4.075785362,       -4.53265724,      -1.853084317
          0,           0,         660,      -7.429270515,      -4.082984997,      -4.539868763,      -1.860287183
          0,           0,         661,      -7.436482711,      -4.090185118,      -4.547080634,      -1.867490498
          0,           0,         662,      -7.443695168,      -4.097385721,      -4.554292864,      -1.874694223
          0,           0,         663,      -7.450907948,      -4.104586808,      -4.561505421,      -1.881898387
          0,           0,         664,      -7.458121094,      -4.111788377,      -4.568718295,      -1.889103019
          0,           0,         665,      -7.465334507,      -4.118990429,      -4.575931534,      -1.896308074
          0,           0,         666,       -7.47254824,      -4.126192962,      -4.583145084,      -1.903513568
          0,           0,         667,      -7.479762293,      -4.133395975,      -4.590358967,      -1.910719502
          0,           0,         668,      -7.486976629,      -4.140599462,      -4.597573175,      -1.917925866
          0,           0,         669,      -7.494191243,      -4.147803429,      -4.604787708,      -1.925132653
          0,           0,         670,      -7.501406195,      -4.155007868,      -4.612002576,      -1.932339888
          0,           0,         671,      -7.508621385,       -4.16221278,      -4.619217747,      -1.939547524
          0,           0,         672,      -7.515836891,      -4.169418167,       -4.62643321,      -1.946755593
          0,           0,         673,      -7.523052672,      -4.176624023,      -4.633648981,      -1.953964086
          0,           0,         674,      -7.530268727,      -4.183830345,      -4.640865046,      -1.961173005
          0,           0,         675,      -7.537485088,      -4.191037132,      -4.648081424,      -1.968382335
          0,           0,         676,       -7.54470171,      -4.198244379,       -4.65529808,      -1.975592074
          0,           0,         677,      -7.551918606,      -4.205452086,      -4.662515047,      -1.982802239
          0,           0,         678,      -7.559135743,      -4.212660252,      -4.669732274,      -1.990012792
          0,           0,         679,      -7.566353142,       -4.21986887,      -4.676949797,      -1.997223748
          0,           0,         680,      -7.573570826,      -4.227077939,      -4.684167587,      -2.004435118
          0,           0,         681,      -7.580788732,      -4.234287453,      -4.691385671,      -2.011646876
          0,           0,         682,      -7.588006855,      -4.241497413,      -4.698604016,      -2.018859003
          0,           0,         683,      -7.595225249,      -4.248707811,      -4.705822601,       -2.02607152
          0,           0,         684,      -7.602443929,      -4.255918641,      -4.713041443,      -2.033284457
          0,           0,         685,      -7.609662817,      -4.263129911,      -4.720260549,      -2.040497766
          0,           0,         686,      -7.616881944,      -4.270341609,      -4.727479918,      -2.047711467
          0,           0,         687,      -7.624101274,      -4.277553728,      -4.734699525,      -2.054925511
          0,           0,         688,      -7.631320863,      -4.284766267,      -4.741919382,      -2.062139938
          0,           0,         689,       -7.63854059,      -4.291979224,      -4.749139466,      -2.069354707
          0,           0,         690,      -7.645760602,      -4.299192593,      -4.756359768,      -2.076569876
          0,           0,         691,      -7.652980842,      -4.306406369,      -4.763580334,      -2.083785372
          0,           0,         692,      -7.660201264,      -4.313620544,      -4.770801114,      -2.091001236
          0,           0,         693,      -7.667421873,       -4.32083512,      -4.778022107,       -2.09821743
          0,           0,         694,      -7.674642676,      -4.328050088,      -4.785243297,      -2.105433956
          0,           0,         695,      -7.681863747,      -4.335265448,      -4.792464701,      -2.112650879
          0,           0,         696,      -7.689084926,      -4.342481185,      -4.799686335,      -2.119868082
          0,           0,         697,      -7.696306304,      -4.349697304,      -4.806908152,      -2.127085624
          0,           0,         698,      -7.703527895,      -4.356913797,      -4.814130168,      -2.134303487
          0,           0,         699,       -7.71074961,      -4.364130653,      -4.821352393,       -2.14152165
          0,           0,         700,      -7.717971513,      -4.371347871,      -4.828574792,      -2.148740123
          0,           0,         701,      -7.725193676,      -4.378565454,      -4.835797356,      -2.155958964
          0,           0,         702,      -7.732415871,      -4.385783382,      -4.843020105,      -2.163178037
          0,           0,         703,       -7.73963836,      -4.393001657,      -4.850243036,      -2.170397514
          0,           0,         704,       -7.74686092,      -4.400220275,      -4.857466129,      -2.177617202
          0,           0,         705,      -7.754083615,      -4.407439224,      -4.864689408,      -2.184837159
          0,           0,         706,      -7.761306513,      -4.414658504,      -4.871912822,      -2.192057442
          0,           0,         707,       -7.76852947,      -4.421878103,      -4.879136392,      -2.199277937
          0,           0,         708,      -7.775752552,      -4.429098023,      -4.886360137,       -2.20649872
          0,           0,         709,      -7.782975869,      -4.436318255,      -4.893583993,      -2.213719829
          0,           0,         710,       -7.79019923,      -4.443538793,         -4.900808,      -2.220941144
          0,           0,         711,      -7.797422798,      -4.450759629,      -4.908032142,      -2.228162752
          0,           0,         712,       -7.80464646,      -4.457980758,      -4.915256423,      -2.235384612
          0,           0,         713,        -7.8118702,      -4.465202179,      -4.922480834,      -2.242606652
          0,           0,         714,      -7.819094092,      -4.472423875,      -4.929705364,      -2.249828983
          0,           0,         715,      -7.826318072,      -4.479645846,      -4.936930005,      -2.257051491
          0,           0,         716,       -7.83354217,      -4.486868089,      -4.944154774,      -2.264274265
          0,           0,         717,        -7.8407663,      -4.494090601,      -4.951379637,      -2.271497234
          0,           0,         718,      -7.847990607,      -4.501313365,      -4.958604602,      -2.278720462
          0,           0,         719,      -7.855214982,      -4.508536372,      -4.965829688,      -2.285943842
          0,           0,         720,      -7.862439524,      -4.515759632,      -4.973054847,      -2.293167516
          0,           0,         721,      -7.869664007,      -4.522983123,      -4.980280105,       -2.30039127
          0,           0,         722,      -7.876888664,      -4.530206849,      -4.987505456,      -2.307615304
          0,           0,         723,      -7.884113344,      -4.537430803,      -4.994730886,      -2.314839491
          0,           0,         724,      -7.891338099,      -4.544654973,      -5.001956388,      -2.322063856
          0,           0,         725,      -7.898562991,      -4.551879357,      -5.009181975,      -2.329288422
          0,           0,         726,      -7.905787758,      -4.559103953,      -5.016407658,      -2.336513058
          0,           0,         727,      -7.913012765,      -4.566328741,      -5.023633353,      -2.343737971
          0,           0,         728,      -7.920237832,      -4.573553725,      -5.030859154,      -2.350963069
          0,           0,         729,      -7.927462822,      -4.580778907,      -5.038084983,       -2.35818823
          0,           0,         730,      -7.934687897,       -4.58800426,      -5.045310893,      -2.365413478
          0,           0,         731,      -7.941913163,      -4.595229786,      -5.052536799,      -2.372639001
          0,           0,         732,      -7.949138327,      -4.602455487,      -5.059762796,      -2.379864592
          0,           0,         733,      -7.956363526,      -4.609681347,      -5.066988852,      -2.387090271
          0,           0,         734,      -7.963588874,      -4.616907367,      -5.074214888,      -2.394316181
          0,           0,         735,      -7.970814182,      -4.624133537,      -5.081440956,      -2.401542204
          0,           0,         736,      -7.978039465,      -4.631359853,      -5.088667082,      -2.408768287
          0,           0,         737,      -7.985264869,      -4.638586317,      -5.095893226,      -2.415994517
          0,           0,         738,      -7.992490195,      -4.645812903,      -5.103119403,      -2.423220802
          0,           0,         739,      -7.999715644,       -4.65303962,        -5.1103456,      -2.430447227
          0,           0,         740,      -8.006940926,      -4.660266455,       -5.11757184,      -2.437673627
          0,           0,         741,      -8.014166469,      -4.667493407,      -5.124798042,      -2.444900324
          0,           0,         742,      -8.021391859,      -4.674720466,      -5.132024303,      -2.452126946
          0,           0,         743,      -8.028617278,      -4.681947625,      -5.139250526,      -2.459353663
          0,           0,         744,      -8.035842729,      -4.689174893,       -5.14647669,      -2.466580502
          0,           0,         745,      -8.043068065,      -4.696402248,      -5.153702919,      -2.473807309
          0,           0,         746,      -8.050293551,       -4.70362969,      -5.160929117,      -2.481034278
          0,           0,         747,      -8.057518967,      -4.710857211,      -5.168155322,      -2.488261261
          0,           0,         748,      -8.064744332,      -4.718084808,      -5.175381515,      -2.495488336
          0,           0,         749,      -8.071969761,      -4.725312484,      -5.182607717,      -2.502715474
          0,           0,         750,      -8.079195185,      -4.732540206,      -5.189833878,      -2.509942604
          0,           0,         751,      -8.086420463,      -4.739767999,      -5.197060041,      -2.517169786
          0,           0,         752,      -8.093645904,      -4.746995841,      -5.204286154,      -2.524397101
          0,           0,         753,      -8.100871179,      -4.754223737,      -5.211512265,      -2.531624339
          0,           0,         754,      -8.108096322,      -4.761451678,      -5.218738308,      -2.538851458
          0,           0,         755,      -8.115321638,      -4.768679649,      -5.225964317,      -2.546078755
          0,           0,         756,      -8.122546916,      -4.775907657,      -5.233190296,      -2.553306101
          0,           0,         757,      -8.129772189,        -4.7831357,      -5.240416207,      -2.560533512
          0,           0,         758,      -8.136997239,      -4.790363766,      -5.247642182,      -2.567760792
          0,           0,         759,      -8.144222261,       -4.79759184,      -5.254868074,      -2.574988021
          0,           0,         760,       -8.15144747,      -4.804819936,      -5.262093877,      -2.582215451
          0,           0,         761,      -8.158672511,      -4.812048045,      -5.269319618,      -2.589442792
          0,           0,         762,      -8.165897609,      -4.819276153,      -5.276545378,      -2.596670152
          0,           0,         763,      -8.173122449,      -4.826504258,      -5.283771069,      -2.603897346
          0,           0,         764,      -8.180347436,      -4.833732367,       -5.29099666,      -2.611124676
          0,           0,         765,      -8.187572252,      -4.840960478,      -5.298222203,      -2.618351969
          0,           0,         766,      -8.194797108,      -4.848188566,      -5.305447682,      -2.625579247
          0,           0,         767,       -8.20202193,      -4.855416622,      -5.312673199,      -2.632806563
          0,           0,         768,      -8.209246634,      -4.862644681,      -5.319898572,      -2.640033793
          0,           0,         769,      -8.216470974,      -4.869872721,      -5.327123827,      -2.647260737
          0,           0,         770,      -8.223695604,      -4.877100723,      -5.334349067,      -2.654487898
          0,           0,         771,      -8.230920118,      -4.884328689,      -5.341574155,      -2.661714915
          0,           0,         772,       -8.23814463,      -4.891556622,      -5.348799248,      -2.668942075
          0,           0,         773,      -8.245369122,      -4.898784519,      -5.356024352,      -2.676169104
          0,           0,         774,      -8.252593599,       -4.90601236,      -5.363249346,      -2.683396131
          0,           0,         775,      -8.259817746,      -4.913240155,      -5.370474194,       -2.69062286
          0,           0,         776,      -8.267041894,      -4.920467915,      -5.377699027,      -2.697849704
          0,           0,         777,      -8.274266014,      -4.927695623,      -5.384923744,      -2.705076574
          0,           0,         778,       -8.28148999,      -4.934923264,      -5.392148393,      -2.712303184
          0,           0,         779,      -8.288714096,      -4.942150874,      -5.399372927,      -2.719530004
          0,           0,         780,      -8.295937932,      -4.949378395,      -5.406597432,      -2.726756511
          0,           0,         781,      -8.303161828,      -4.956605852,      -5.413821901,       -2.73398307
          0,           0,         782,      -8.310385704,       -4.96383324,      -5.421046187,      -2.741209502
          0,           0,         783,      -8.317609141,      -4.971060568,      -5.428270486,      -2.748435738
          0,           0,         784,      -8.324832744,       -4.97828781,      -5.435494524,      -2.755662039
          0,           0,         785,      -8.332056379,      -4.985514998,      -5.442718556,      -2.762888318
          0,           0,         786,      -8.339279954,      -4.992742112,      -5.449942566,      -2.770114537
          0,           0,         787,      -8.346503407,      -4.999969134,      -5.457166455,      -2.777340618
          0,           0,         788,      -8.353726715,      -5.007196051,      -5.464390251,      -2.784566653
          0,           0,         789,       -8.36095021,      -5.014422914,      -5.471613984,       -2.79179278
          0,           0,         790,      -8.368173171,      -5.021649665,      -5.478837727,      -2.799018446
          0,           0,         791,      -8.375396298,      -5.028876344,       -5.48606126,      -2.806244208
          0,           0,         792,      -8.382619165,      -5.036102944,      -5.493284726,      -2.813469773
          0,           0,         793,      -8.389842241,      -5.043329436,      -5.500508041,        -2.8206953
          0,           0,         794,      -8.397065177,      -5.050555823,      -5.507731295,      -2.827920933
          0,           0,         795,      -8.404288081,      -5.057782124,      -5.514954453,      -2.835146356
          0,           0,         796,      -8.411510847,      -5.065008328,      -5.522177486,      -2.842371709
          0,           0,         797,      -8.418733355,      -5.072234426,      -5.529400545,      -2.849596846
          0,           0,         798,      -8.425955865,      -5.079460437,      -5.536623447,      -2.856821899
          0,           0,         799,       -8.43317827,       -5.08668633,      -5.543846252,      -2.864046792
          0,           0,         800,      -8.440400895,      -5.093912116,      -5.551068992,      -2.871271917
          0,           0,         801,      -8.447622954,      -5.101137785,      -5.558291676,      -2.878496496
          0,           0,         802,      -8.454845248,      -5.108363407,      -5.565514177,      -2.885721352
          0,           0,         803,       -8.46206742,      -5.115588882,      -5.572736692,      -2.892945943
          0,           0,         804,      -8.469289647,       -5.12281425,      -5.579959021,      -2.900170464
          0,           0,         805,      -8.476511373,        -5.1300395,      -5.587181254,       -2.90739474
          0,           0,         806,       -8.48373325,      -5.137264661,      -5.594403434,      -2.914618944
          0,           0,         807,      -8.490955103,      -5.144489692,       -5.60162559,       -2.92184333
          0,           0,         808,      -8.498176957,      -5.151714617,      -5.608847616,      -2.929067382
          0,           0,         809,       -8.50539845,      -5.158939444,        -5.6160695,      -2.936291363
          0,           0,         810,      -8.512620357,      -5.166164151,      -5.623291387,       -2.94351549
          0,           0,         811,      -8.519841616,       -5.17338874,      -5.630513073,      -2.950738978
          0,           0,         812,      -8.527063241,      -5.180613213,      -5.637734594,      -2.957962773
          0,           0,         813,      -8.534284409,      -5.187837559,      -5.644956225,      -2.965186172
          0,           0,         814,      -8.541505848,      -5.195061804,      -5.652177753,      -2.972409741
          0,           0,         815,      -8.548726992,      -5.202285949,      -5.659399116,      -2.979633098
          0,           0,         816,      -8.555948311,      -5.209509985,      -5.666620236,      -2.986856574
          0,           0,         817,      -8.563169292,      -5.216733875,      -5.673841576,      -2.994079615
          0,           0,         818,        -8.5703904,      -5.223957646,      -5.681062694,      -3.001302701
          0,           0,         819,      -8.577611273,      -5.231181306,      -5.688283719,      -3.008525594
          0,           0,         820,       -8.58483201,      -5.238404881,      -5.695504774,      -3.015748496
          0,           0,         821,      -8.592052994,      -5.245628306,      -5.702725654,      -3.022971267
          0,           0,         822,      -8.599273602,      -5.252851626,      -5.709946466,      -3.030193834
          0,           0,         823,      -8.606493746,      -5.260074858,      -5.717167181,      -3.037416093
          0,           0,         824,      -8.613714726,      -5.267297963,      -5.724387845,       -3.04463883
          0,           0,         825,      -8.620934899,       -5.27452095,      -5.731608326,      -3.051861061
          0,           0,         826,      -8.628155046,      -5.281743832,      -5.738828768,      -3.059083186
          0,           0,         827,      -8.635375579,      -5.288966593,      -5.746049297,      -3.066305211
          0,           0,         828,      -8.642596218,      -5.296189269,      -5.753269531,      -3.073527499
          0,           0,         829,      -8.649815831,      -5.303411801,      -5.760489696,      -3.080748903
          0,           0,         830,      -8.657036034,      -5.310634172,      -5.767709884,      -3.087970804
          0,           0,         831,      -8.664255872,      -5.317856496,      -5.774930022,      -3.095192529
          0,           0,         832,      -8.671476524,      -5.325078737,      -5.782150129,      -3.102414545
          0,           0,         833,      -8.678696786,      -5.332300803,      -5.789370131,      -3.109636149
          0,           0,         834,      -8.685916422,      -5.339522768,      -5.796590036,      -3.116857384
          0,           0,         835,       -8.69313621,      -5.346744651,      -5.803809876,      -3.124078655
          0,           0,         836,      -8.700356074,      -5.353966425,      -5.811029636,      -3.131300035
          0,           0,         837,      -8.707575732,      -5.361188078,      -5.818249372,      -3.138521235
          0,           0,         838,      -8.714795308,      -5.368409639,      -5.825469053,      -3.145742172
          0,           0,         839,      -8.722014671,      -5.375631091,      -5.832688496,      -3.152962892
          0,           0,         840,      -8.729234047,      -5.382852421,      -5.839907959,      -3.160183595
          0,           0,         841,      -8.736453962,      -5.390073676,      -5.847127345,      -3.167404851
          0,           0,         842,      -8.743673384,      -5.397294776,      -5.854346876,      -3.174625507
          0,           0,         843,      -8.750892713,      -5.404515863,      -5.861566048,      -3.181846038
          0,           0,         844,      -8.758111566,      -5.411736811,      -5.868785298,      -3.189066126
          0,           0,         845,      -8.765331347,      -5.418957665,      -5.876004623,      -3.196286973
          0,           0,         846,      -8.772550572,      -5.426178377,      -5.883223826,      -3.203507423
          0,           0,         847,      -8.779769576,      -5.433399017,      -5.890442916,      -3.210727536
          0,           0,         848,      -8.786988581,      -5.440619605,      -5.897661984,      -3.217947672
          0,           0,         849,      -8.794207918,      -5.447840067,      -5.904881031,      -3.225167865
          0,           0,         850,      -8.801426809,      -5.455060411,      -5.912099878,      -3.232387608
          0,           0,         851,      -8.808645868,      -5.462280625,       -5.91931865,      -3.239607697
          0,           0,         852,      -8.815864885,      -5.469500832,      -5.926537516,      -3.246827442
          0,           0,         853,      -8.823083313,      -5.476720933,      -5.933756233,      -3.254047296
          0,           0,         854,      -8.830302483,      -5.483940965,      -5.940974891,      -3.261267066
          0,           0,         855,      -8.837521588,      -5.491160907,      -5.948193427,      -3.268486797
          0,           0,         856,      -8.844740481,      -5.498380697,      -5.955412223,      -3.275706376
          0,           0,         857,      -8.851958303,      -5.505600473,      -5.962631245,      -3.282925331
          0,           0,         858,      -8.859177844,      -5.512820159,      -5.969849742,      -3.290145252
          0,           0,         859,      -8.866395643,      -5.520039745,      -5.977068348,      -3.297363934
          0,           0,         860,      -8.873614272,      -5.527259247,      -5.984286495,      -3.304583498
          0,           0,         861,      -8.880833494,      -5.534478721,      -5.991504901,      -3.311803297
          0,           0,         862,      -8.888050761,      -5.541698068,      -5.998723367,      -3.319021406
          0,           0,         863,      -8.895269271,      -5.548917327,      -6.005941636,      -3.326240391
          0,           0,         864,      -8.902488814,      -5.556136591,      -6.013159931,       -3.33346027
          0,           0,         865,       -8.90970689,      -5.563355733,      -6.020378084,      -3.340679169
          0,           0,         866,      -8.916925901,      -5.570574809,      -6.027596418,      -3.347898166
          0,           0,         867,      -8.924144002,      -5.577793732,      -6.034814976,      -3.355116661
          0,           0,         868,      -8.931362403,      -5.585012624,      -6.042033079,      -3.362335403
          0,           0,         869,       -8.93858078,      -5.592231529,       -6.04925139,      -3.369554171
          0,           0,         870,      -8.945798376,      -5.599450311,      -6.056469739,      -3.376772388
          0,           0,         871,      -8.953017288,      -5.606669034,      -6.063687428,      -3.383990918
          0,           0,         872,      -8.960236329,      -5.613887723,      -6.070905307,      -3.391210324
          0,           0,         873,      -8.967454019,      -5.621106336,      -6.078123486,      -3.398428584
          0,           0,         874,      -8.974672035,      -5.628324928,      -6.085341915,      -3.405647134
          0,           0,         875,      -8.981890552,      -5.635543347,      -6.092560072,      -3.412865824
          0,           0,         876,      -8.989108474,      -5.642761739,      -6.099778237,      -3.420083881
          0,           0,         877,      -8.996325934,       -5.64998021,      -6.106995804,      -3.427301673
          0,           0,         878,      -9.003544866,      -5.657198495,      -6.114213701,        -3.4345202
          0,           0,         879,      -9.010763013,      -5.664416789,      -6.121431744,      -3.441738252
          0,           0,         880,       -9.01798082,      -5.671634998,       -6.12864947,      -3.448956601
          0,           0,         881,      -9.025198936,       -5.67885319,      -6.135867958,      -3.456174712
          0,           0,         882,      -9.032416957,      -5.686071353,      -6.143085111,      -3.463392554
          0,           0,         883,      -9.039634517,      -5.693289463,      -6.150303372,      -3.470610619
          0,           0,         884,      -9.046854028,      -5.700507508,      -6.157521052,      -3.477829494
          0,           0,         885,      -9.054072067,      -5.707725465,      -6.164738854,      -3.485047322
          0,           0,         886,      -9.061289611,      -5.714943441,      -6.171956737,      -3.492265125
          0,           0,         887,       -9.06850795,      -5.722161384,      -6.179175096,      -3.499483713
          0,           0,         888,      -9.075724319,      -5.729379177,      -6.186393178,       -3.50670012
          0,           0,         889,      -9.082942161,      -5.736597057,      -6.193610355,      -3.513917656
          0,           0,         890,      -9.090161262,      -5.743814937,      -6.200827687,      -3.521136147
          0,           0,         891,      -9.097379512,      -5.751032727,      -6.208045504,      -3.528354543
          0,           0,         892,       -9.10459765,       -5.75825045,       -6.21526345,      -3.535572603
          0,           0,         893,      -9.111815132,      -5.765468143,      -6.222481603,      -3.542790107
          0,           0,         894,      -9.119033347,      -5.772685854,      -6.229699342,       -3.55000755
          0,           0,         895,      -9.126251413,      -5.779903469,      -6.236916812,      -3.557225351
          0,           0,         896,      -9.133469137,      -5.787121043,      -6.244134673,      -3.564442737
          0,           0,         897,       -9.14068771,      -5.794338726,      -6.251352912,      -3.571661047
          0,           0,         898,      -9.147904543,      -5.801556354,      -6.258570679,      -3.578878292
          0,           0,         899,      -9.155123534,      -5.808773903,      -6.265787932,      -3.586096225
          0,           0,         900,      -9.162341981,      -5.815991352,      -6.273005671,        -3.5933142
          0,           0,         901,      -9.169560157,      -5.823208983,       -6.28022379,      -3.600531924
          0,           0,         902,      -9.176777518,      -5.830426426,      -6.287441733,      -3.607748877
          0,           0,         903,      -9.183994593,      -5.837643808,      -6.294660256,      -3.614966602
          0,           0,         904,      -9.191212112,       -5.84486123,      -6.301877559,      -3.622183799
          0,           0,         905,      -9.198430621,      -5.852078774,      -6.309095287,      -3.629401193
          0,           0,         906,      -9.205648874,      -5.859296147,      -6.316312774,      -3.636619543
          0,           0,         907,      -9.212866832,      -5.866513529,      -6.323530815,      -3.643837065
          0,           0,         908,      -9.220085134,      -5.873731012,      -6.330748491,      -3.651055175
          0,           0,         909,      -9.227302532,      -5.880948314,      -6.337966874,      -3.658271757
          0,           0,         910,      -9.234520357,      -5.888165629,      -6.345184288,      -3.665489505
          0,           0,         911,      -9.241739092,       -5.89538311,      -6.352401862,      -3.672707362
          0,           0,         912,      -9.248956068,      -5.902600473,      -6.359619763,      -3.679923968
          0,           0,         913,      -9.256173642,      -5.909817817,      -6.366837244,      -3.687141484
          0,           0,         914,      -9.263391514,      -5.917035274,      -6.374054982,      -3.694358544
          0,           0,         915,       -9.27061159,      -5.924252559,      -6.381272928,      -3.701577306
          0,           0,         916,      -9.277829076,      -5.931469948,      -6.388490967,      -3.708794691
          0,           0,         917,      -9.285048547,      -5.938687267,      -6.395708657,       -3.71601296
          0,           0,         918,      -9.292267392,      -5.945904604,      -6.402927104,      -3.723230911
          0,           0,         919,      -9.299485709,      -5.953122041,      -6.410145835,      -3.730449379
          0,           0,         920,        -9.3067005,      -5.960339085,      -6.417363652,      -3.737664492
          0,           0,         921,      -9.313917003,      -5.967556631,      -6.424581261,      -3.744880695
          0,           0,         922,      -9.321135426,      -5.974774153,      -6.431799242,      -3.752098639
          0,           0,         923,      -9.328353627,      -5.981991389,      -6.439017067,      -3.759316041
          0,           0,         924,      -9.335572273,      -5.989208741,      -6.446235307,      -3.766533952
          0,           0,         925,      -9.342792088,      -5.996426203,       -6.45345224,      -3.773752297
          0,           0,         926,      -9.350012187,      -6.003643656,      -6.460669444,      -3.780971413
          0,           0,         927,      -9.357227809,      -6.010860962,      -6.467888988,      -3.788187075
          0,           0,         928,      -9.364449435,      -6.018078328,      -6.475106175,      -3.795406807
          0,           0,         929,      -9.371663375,       -6.02529571,       -6.48232508,       -3.80262203
          0,           0,         930,      -9.378882687,      -6.032512963,      -6.489543939,      -3.809840211
          0,           0,         931,       -9.38610062,      -6.039730424,      -6.496760781,      -3.817057858
          0,           0,         932,      -9.393320596,      -6.046947799,      -6.503979528,      -3.824275921
          0,           0,         933,      -9.400537903,      -6.054165344,      -6.511197569,      -3.831493645
          0,           0,         934,      -9.407755286,      -6.061382911,      -6.518416082,      -3.838711267
          0,           0,         935,      -9.414972793,      -6.068600359,      -6.525633502,      -3.845927661
          0,           0,         936,      -9.422190385,      -6.075817826,      -6.532851487,      -3.853144873
          0,           0,         937,      -9.429410554,      -6.083035389,      -6.540070296,      -3.860363531
          0,           0,         938,      -9.436630082,      -6.090252865,      -6.547288303,      -3.867582686
          0,           0,         939,      -9.443849798,      -6.097470424,      -6.554506305,      -3.874800985
          0,           0,         940,      -9.451065748,      -6.104687987,      -6.561724942,      -3.882017077
          0,           0,         941,      -9.458286497,      -6.111905495,      -6.568943397,      -3.889236913
          0,           0,         942,      -9.465505069,      -6.119123178,      -6.576161535,      -3.896455136
          0,           0,         943,      -9.472724499,      -6.126340755,      -6.583380118,      -3.903673254
          0,           0,         944,      -9.479941278,      -6.133558315,      -6.590599225,      -3.910888803
          0,           0,         945,      -9.487156585,      -6.140775841,      -6.597818161,      -3.918104193
          0,           0,         946,       -9.49437717,      -6.147993727,      -6.605035001,      -3.925324916
          0,           0,         947,       -9.50159587,      -6.155211369,       -6.61225366,      -3.932542258
          0,           0,         948,      -9.508813392,      -6.162429051,       -6.61947327,      -3.939759266
          0,           0,         949,      -9.516032339,      -6.169646844,      -6.626691099,      -3.946978365
          0,           0,         950,      -9.523252761,      -6.176864654,      -6.633909293,      -3.954198695
          0,           0,         951,       -9.53046847,      -6.184082328,      -6.641128524,      -3.961414035
          0,           0,         952,      -9.537688442,      -6.191299791,      -6.648345961,      -3.968633165
          0,           0,         953,      -9.544908219,      -6.198517872,       -6.65556522,      -3.975850568
          0,           0,         954,      -9.552127473,      -6.205735761,      -6.662782294,      -3.983069207
          0,           0,         955,      -9.559342288,      -6.212953526,      -6.670002052,      -3.990285795
          0,           0,         956,      -9.566562745,      -6.220171391,      -6.677219301,      -3.997503861
          0,           0,         957,      -9.573781018,      -6.227389486,      -6.684439674,      -4.004723045
          0,           0,         958,      -9.580999281,      -6.234607486,      -6.691656817,      -4.011939383
          0,           0,         959,      -9.588219527,      -6.241825173,      -6.698875878,      -4.019157833
          0,           0,         960,      -9.595441051,      -6.249043207,      -6.706095065,      -4.026377634
          0,           0,         961,      -9.602659771,      -6.256261534,      -6.713312723,      -4.033596595
          0,           0,         962,      -9.609877042,      -6.263479686,      -6.720533236,       -4.04081417
          0,           0,         963,      -9.617098003,      -6.270697642,      -6.727751743,      -4.048034933
          0,           0,         964,      -9.624315086,      -6.277915703,      -6.734971154,      -4.055251931
          0,           0,         965,       -9.63153284,      -6.285133643,      -6.742189859,      -4.062467378
          0,           0,         966,      -9.638753235,      -6.292351614,      -6.749408437,      -4.069687379
          0,           0,         967,      -9.645975655,      -6.299570104,      -6.756626871,      -4.076908931
          0,           0,         968,      -9.653189234,      -6.306788233,      -6.763846182,      -4.084123757
          0,           0,         969,      -9.660406095,      -6.314006511,      -6.771065798,      -4.091339837
          0,           0,         970,       -9.66762501,      -6.321224702,      -6.778284645,      -4.098559335
          0,           0,         971,      -9.674845199,      -6.328442736,      -6.785502142,       -4.10577982
          0,           0,         972,      -9.682061762,      -6.335661549,      -6.792720511,      -4.112995675
          0,           0,         973,      -9.689279371,      -6.342879587,      -6.799940335,      -4.120213157
          0,           0,         974,      -9.696503761,       -6.35009809,      -6.807157243,      -4.127434454
          0,           0,         975,      -9.703720873,      -6.357316384,      -6.814379316,        -4.1346527
          0,           0,         976,      -9.710939342,      -6.364534461,      -6.821598271,       -4.14187105
          0,           0,         977,      -9.718156838,      -6.371753064,      -6.828816272,      -4.149089021
          0,           0,         978,      -9.725378874,      -6.378971403,      -6.836036182,      -4.156310181
          0,           0,         979,      -9.732595663,      -6.386189819,      -6.843253824,       -4.16352524
          0,           0,         980,      -9.739815555,      -6.393408627,      -6.850472318,      -4.170743661
          0,           0,         981,      -9.747040777,      -6.400627141,      -6.857690809,      -4.177967379
          0,           0,         982,      -9.754254455,      -6.407845643,      -6.864911872,      -4.185184097
          0,           0,         983,      -9.761476251,      -6.415064043,      -6.872131261,      -4.192403539
          0,           0,         984,       -9.76869108,       -6.42228245,       -6.87935025,      -4.199619041
          0,           0,         985,      -9.775908499,      -6.429500989,      -6.886571076,      -4.206838478
          0,           0,         986,      -9.783127893,      -6.436720161,      -6.893787388,      -4.214057925
          0,           0,         987,      -9.790347251,      -6.443938922,      -6.901006765,      -4.221274887
          0,           0,         988,      -9.797567728,      -6.451157336,      -6.908225838,      -4.228493677
          0,           0,         989,      -9.804786783,      -6.458376275,      -6.915445032,      -4.235713249
          0,           0,         990,      -9.812010962,      -6.465595271,      -6.922665118,      -4.242936786
          0,           0,         991,      -9.819226569,      -6.472814196,      -6.929883787,      -4.250154008
          0,           0,         992,      -9.826446296,      -6.480032977,       -6.93710499,      -4.257373505
          0,           0,         993,      -9.833665018,      -6.487251472,      -6.944321989,      -4.264588639
          0,           0,         994,      -9.840881036,      -6.494470592,      -6.951541869,      -4.271806114
          0,           0,         995,      -9.848107588,      -6.501689429,      -6.958763095,      -4.279032214
          0,           0,         996,      -9.855330087,      -6.508908261,      -6.965982828,      -4.286251963
          0,           0,         997,      -9.862539744,      -6.516127291,      -6.973203014,      -4.293462374
          0,           0,         998,      -9.869758637,      -6.523346655,      -6.980420377,      -4.300681721
          0,           0,         999,      -9.876983522,       -6.53056534,      -6.987639449,      -4.307906382
          0,           0,        1000,      -9.884201024,      -6.537784737,        -6.9948588,      -4.315126352
          0,           0,        1001,      -9.891422729,      -6.545003577,      -7.002078269,      -4.322345252
          0,           0,        1002,      -9.898637351,      -6.552222855,      -7.009298601,      -4.329561097
          0,           0,        1003,      -9.905858899,      -6.559441676,      -7.016516216,      -4.336778779
          0,           0,        1004,      -9.913086837,      -6.566660759,      -7.023733323,      -4.344002144
          0,           0,        1005,      -9.920302297,      -6.573879786,      -7.030953116,      -4.351221328
          0,           0,        1006,      -9.927528427,      -6.581098576,      -7.038176492,      -4.358445934
          0,           0,        1007,      -9.934732156,      -6.588317906,      -7.045396645,      -4.365653817
          0,           0,        1008,      -9.941949941,      -6.595537055,      -7.052614084,      -4.372869235
          0,           0,        1009,      -9.949184512,      -6.602757354,      -7.059830622,      -4.380101588
          0,           0,        1010,      -9.956400773,      -6.609976013,      -7.067052638,      -4.387320242
          0,           0,        1011,      -9.963617041,      -6.617194876,       -7.07427685,      -4.394537081
          0,           0,        1012,      -9.970837142,      -6.624414434,      -7.081496012,      -4.401758217
          0,           0,        1013,      -9.978051318,      -6.631633667,      -7.088714922,      -4.408973711
          0,           0,        1014,      -9.985274835,      -6.638853173,      -7.095928972,      -4.416197038
          0,           0,        1015,      -9.992496221,      -6.646072095,      -7.103151362,      -4.423415937
          0,           0,        1016,      -9.999713443,      -6.653291153,      -7.110372386,      -4.430632502
          0,           0,        1017,      -10.00692995,      -6.660510784,      -7.117590345,      -4.437850359
          0,           0,        1018,      -10.01415631,       -6.66773069,      -7.124810838,      -4.445074006
          0,           0,        1019,      -10.02137181,      -6.674950171,      -7.132030369,      -4.452292511
          0,           0,        1020,      -10.02858531,      -6.682169627,      -7.139253262,      -4.459505832
          0,           0,        1021,      -10.03581457,      -6.689388875,      -7.146469923,      -4.466731086
          0,           0,        1022,      -10.04303081,      -6.696608042,      -7.153689542,      -4.473944849
          0,           0,        1023,      -10.05025852,      -6.703827325,      -7.160904624,      -4.481168982
          0,           0,        1024,       -10.0574727,      -6.711046223,      -7.168126938,      -4.488385162
          0,           0,        1025,      -10.06468909,      -6.718266738,      -7.175346037,      -4.495607031
          0,           0,        1026,      -10.07191205,      -6.725486528,      -7.182565377,      -4.502826848
          0,           0,        1027,      -10.07912658,       -6.73270571,      -7.189786153,      -4.510044011
          0,           0,        1028,      -10.08635607,      -6.739925332,       -7.19700063,      -4.517269622
          0,           0,        1029,      -10.09356455,      -6.747144969,      -7.204226176,      -4.524480616
          0,           0,        1030,      -10.10078443,      -6.754365135,      -7.211444989,      -4.531701244
          0,           0,        1031,      -10.10802102,       -6.76158439,      -7.218666384,      -4.538932965
          0,           0,        1032,      -10.11523729,        -6.7688035,      -7.225886488,      -4.546149937
          0,           0,        1033,      -10.12246345,      -6.776022872,      -7.233107045,      -4.553374672
          0,           0,        1034,      -10.12966717,      -6.783243298,      -7.240327762,      -4.560583051
          0,           0,        1035,      -10.13689043,      -6.790461954,      -7.247552241,      -4.567811479
          0,           0,        1036,      -10.14409491,      -6.797682865,      -7.254769011,      -4.575018121
          0,           0,        1037,      -10.15132507,      -6.804900991,      -7.261985713,      -4.582241485
          0,           0,        1038,      -10.15853094,      -6.812120914,      -7.269206365,      -4.589455855
          0,           0,        1039,      -10.16576079,      -6.819341475,      -7.276422922,      -4.596681487
          0,           0,        1040,      -10.17299628,      -6.826561189,      -7.283643841,      -4.603908809
          0,           0,        1041,      -10.18020272,      -6.833780477,      -7.290872509,      -4.611119365
          0,           0,        1042,      -10.18742086,      -6.841000193,       -7.29808828,      -4.618335676
          0,           0,        1043,      -10.19463917,      -6.848220251,      -7.305298578,      -4.625555232
          0,           0,        1044,      -10.20186754,      -6.855440463,      -7.312526805,      -4.632788087
          0,           0,        1045,       -10.2090861,      -6.862660676,      -7.319742548,      -4.640001716
          0,           0,        1046,      -10.21630668,      -6.869880566,       -7.32695416,      -4.647222396
          0,           0,        1047,       -10.2235349,      -6.877100194,      -7.334176714,      -4.654446059
          0,           0,        1048,      -10.23075184,      -6.884319537,      -7.341393969,      -4.661664638
          0,           0,        1049,      -10.23797199,      -6.891539594,      -7.348619234,      -4.668886826
          0,           0,        1050,      -10.24519803,       -6.89875874,      -7.355840662,      -4.676108935
          0,           0,        1051,       -10.2524187,      -6.905977817,       -7.36307298,      -4.683329213
          0,           0,        1052,      -10.25961953,      -6.913198463,      -7.370287007,      -4.690531899
          0,           0,        1053,      -10.26684326,      -6.920418434,      -7.377503939,      -4.697757448
          0,           0,        1054,      -10.27404957,      -6.927638898,      -7.384721028,      -4.704974782
          0,           0,        1055,      -10.28127859,      -6.934857751,      -7.391940116,      -4.712199452
          0,           0,        1056,      -10.28849774,      -6.942077317,      -7.399164557,      -4.719420596
          0,           0,        1057,      -10.29571153,      -6.949296811,      -7.406382534,      -4.726630332
          0,           0,        1058,      -10.30293281,      -6.956516333,      -7.413600938,      -4.733847646
          0,           0,        1059,      -10.31016366,      -6.963738155,      -7.420813723,      -4.741078517
          0,           0,        1060,       -10.3174012,      -6.970957016,      -7.428037035,      -4.748308738
          0,           0,        1061,      -10.32461203,      -6.978177495,      -7.435258229,      -4.755529506
          0,           0,        1062,      -10.33181704,      -6.985396649,      -7.442472872,      -4.762743321
          0,           0,        1063,      -10.33903734,      -6.992617256,      -7.449694655,      -4.769963127
          0,           0,        1064,      -10.34625446,       -6.99983511,       -7.45692285,      -4.777173658
          0,           0,        1065,      -10.35347536,      -7.007055813,      -7.464135589,      -4.784392117
          0,           0,        1066,       -10.3606928,      -7.014276476,       -7.47135061,       -4.79160794
          0,           0,        1067,      -10.36790811,      -7.021495956,      -7.478571967,      -4.798824301
          0,           0,        1068,      -10.37512452,      -7.028716355,      -7.485794849,       -4.80604866
          0,           0,        1069,      -10.38236847,      -7.035937482,      -7.493008276,      -4.813289687
          0,           0,        1070,      -10.38958178,      -7.043155372,      -7.500233266,      -4.820493274
          0,           0,        1071,      -10.39680989,      -7.050376042,      -7.507460764,      -4.827731435
          0,           0,        1072,      -10.40403261,      -7.057595554,        -7.5146813,      -4.834937234
          0,           0,        1073,      -10.41123915,      -7.064812286,      -7.521902107,      -4.842148296
          0,           0,        1074,      -10.41846699,      -7.072034917,      -7.529119498,      -4.849382666
          0,           0,        1075,      -10.42567022,       -7.07925678,      -7.536333034,      -4.856590643
          0,           0,        1076,      -10.43290124,      -7.086475477,      -7.543544381,      -4.863825353
          0,           0,        1077,      -10.44013431,      -7.093695133,      -7.550769201,      -4.871048418
          0,           0,        1078,      -10.44735979,         -7.100913,      -7.557999345,      -4.878268919
          0,           0,        1079,      -10.45457019,      -7.108133502,      -7.565215713,      -4.885487581
          0,           0,        1080,      -10.46178709,      -7.115353637,      -7.572434598,        -4.8926983
          0,           0,        1081,      -10.46899969,      -7.122575665,      -7.579657024,      -4.899921945
          0,           0,        1082,      -10.47621252,      -7.129793925,      -7.586878103,      -4.907136906
          0,           0,        1083,      -10.48342257,      -7.137015497,      -7.594093947,      -4.914346805
          0,           0,        1084,      -10.49063654,      -7.144234857,      -7.601305754,      -4.921560578
          0,           0,        1085,      -10.49786431,      -7.151454947,      -7.608522511,      -4.928785557
          0,           0,        1086,      -10.50508814,      -7.158673733,      -7.615740654,      -4.936008013
          0,           0,        1087,      -10.51232956,      -7.165892285,      -7.622978612,      -4.943245066
          0,           0,        1088,      -10.51952023,      -7.173113628,      -7.630196099,      -4.950439698
          0,           0,        1089,      -10.52678212,      -7.180330421,      -7.637414612,      -4.957676611
          0,           0,        1090,      -10.53399155,      -7.187549041,      -7.644634044,      -4.964883936
          0,           0,        1091,      -10.54121829,      -7.194770256,      -7.651865619,      -4.972110437
          0,           0,        1092,      -10.54841715,      -7.201991993,      -7.659083775,      -4.979323349
          0,           0,        1093,      -10.55565678,      -7.209214256,      -7.666296454,      -4.986579025
          0,           0,        1094,       -10.5628455,      -7.216432875,       -7.67352397,      -4.993763996
          0,           0,        1095,      -10.57008745,      -7.223653119,      -7.680726147,       -5.00099847
          0,           0,        1096,      -10.57728771,      -7.230873785,      -7.687953344,      -5.008205885
          0,           0,        1097,      -10.58450911,      -7.238092277,      -7.695166209,      -5.015421594
          0,           0,        1098,      -10.59171213,      -7.245311682,      -7.702404294,      -5.022631265
          0,           0,        1099,      -10.59893203,      -7.252531212,      -7.709606339,      -5.029854433
          0,           0,        1100,      -10.60617602,      -7.259755124,      -7.716812052,       -5.03709588
          0,           0,        1101,      -10.61339214,       -7.26697403,      -7.724033895,      -5.044311945
          0,           0,        1102,      -10.62060377,      -7.274191773,      -7.731270522,      -5.051539319
          0,           0,        1103,      -10.62780396,      -7.281413511,      -7.738494606,      -5.058740935
          0,           0,        1104,      -10.63502677,      -7.288631396,      -7.745730924,      -5.065965226
          0,           0,        1105,      -10.64224457,      -7.295847064,      -7.752939176,      -5.073174796
          0,           0,        1106,      -10.64946124,      -7.303070053,      -7.760150794,      -5.080389886
          0,           0,        1107,      -10.65669599,      -7.310292029,        -7.7673596,      -5.087619936
          0,           0,        1108,      -10.66391689,      -7.317509171,      -7.774594906,       -5.09483595
          0,           0,        1109,      -10.67114223,      -7.324728769,      -7.781807442,      -5.102055252
          0,           0,        1110,      -10.67836806,      -7.331950966,       -7.78903345,      -5.109291966
          0,           0,        1111,      -10.68556453,      -7.339172098,      -7.796252694,      -5.116490789
          0,           0,        1112,      -10.69281254,      -7.346388121,      -7.803477914,       -5.12373129
          0,           0,        1113,      -10.70002156,      -7.353604703,      -7.810677121,      -5.130943871
          0,           0,        1114,      -10.70726822,      -7.360825778,      -7.817898375,      -5.138173483
          0,           0,        1115,      -10.71446925,      -7.368050272,      -7.825126548,      -5.145393607
          0,           0,        1116,       -10.7217139,      -7.375268468,      -7.832344947,      -5.152628064
          0,           0,        1117,       -10.7288735,      -7.382486075,       -7.83956899,      -5.159788243
          0,           0,        1118,      -10.73613412,      -7.389708314,      -7.846772142,      -5.167036256
          0,           0,        1119,      -10.74337045,      -7.396925918,      -7.853979755,      -5.174272458
          0,           0,        1120,      -10.75065367,      -7.404151249,      -7.861191604,      -5.181535362
          0,           0,        1121,      -10.75782059,      -7.411366242,      -7.868435629,      -5.188730228
          0,           0,        1122,      -10.76503062,       -7.41858533,      -7.875654403,      -5.195935443
          0,           0,        1123,      -10.77223654,      -7.425809297,       -7.88289224,      -5.203144493
          0,           0,        1124,      -10.77941086,      -7.433022293,      -7.890105599,        -5.2103289
          0,           0,        1125,      -10.78665153,      -7.440245384,      -7.897316524,      -5.217573273
          0,           0,        1126,      -10.79389934,       -7.44746076,      -7.904531517,      -5.224813806
          0,           0,        1127,      -10.80107121,      -7.454680585,      -7.911737081,       -5.23201336
          0,           0,        1128,      -10.80834608,      -7.461903499,       -7.91897592,      -5.239265718
          0,           0,        1129,      -10.81557273,      -7.469123016,      -7.926220056,      -5.246524539
          0,           0,        1130,      -10.82277038,       -7.47634351,      -7.933431429,      -5.253709479
          0,           0,        1131,      -10.83003736,      -7.483561268,      -7.940637017,       -5.26094805
          0,           0,        1132,      -10.83721788,      -7.490781296,      -7.947854674,      -5.268120916
          0,           0,        1133,      -10.84439009,      -7.497998985,      -7.955066142,      -5.275329268
          0,           0,        1134,      -10.85159792,      -7.505218567,      -7.962297345,      -5.282521536
          0,           0,        1135,      -10.85882536,      -7.512441927,      -7.969505745,      -5.289748501
          0,           0,        1136,      -10.86604975,      -7.519658186,      -7.976737682,      -5.297006199
          0,           0,        1137,      -10.87325123,      -7.526882923,      -7.983948843,      -5.304202138
          0,           0,        1138,      -10.88047743,      -7.534104083,      -7.991166602,      -5.311442416
          0,           0,        1139,      -10.88775331,      -7.541325706,      -7.998341933,      -5.318684763
          0,           0,        1140,      -10.89493857,      -7.548538728,      -8.005610972,      -5.325873852
          0,           0,        1141,      -10.90214577,      -7.555759953,      -8.012826851,      -5.333089651
          0,           0,        1142,      -10.90932346,      -7.562986578,      -8.020061921,      -5.340320936
          0,           0,        1143,      -10.91658964,      -7.570201282,       -8.02724029,       -5.34755987
          0,           0,        1144,      -10.92379215,      -7.577417267,       -8.03445578,      -5.354736203
          0,           0,        1145,      -10.93101077,      -7.584628172,      -8.041687337,      -5.361943009
          0,           0,        1146,      -10.93827999,      -7.591862269,      -8.048895773,      -5.369226827
          0,           0,        1147,      -10.94541751,      -7.599075269,      -8.056143546,      -5.376380202
          0,           0,        1148,      -10.95273731,      -7.606288724,       -8.06336985,      -5.383647728
          0,           0,        1149,      -10.96000114,      -7.613511318,      -8.070614804,      -5.390893477
          0,           0,        1150,      -10.96712898,      -7.620732432,      -8.077838981,      -5.398051292
          0,           0,        1151,      -10.97436928,       -7.62794604,      -8.085025283,      -5.405261013
          0,           0,        1152,      -10.98158643,      -7.635174148,      -8.092251093,      -5.412515725
          0,           0,        1153,      -10.98879997,      -7.642392415,      -8.099465698,      -5.419750246
          0,           0,        1154,      -10.99607081,      -7.649613821,      -8.106684311,      -5.426973186
          0,           0,        1155,      -11.00331889,      -7.656830032,      -8.113878242,       -5.43422404
          0,           0,        1156,      -11.01043476,      -7.664055491,      -8.121133024,      -5.441369859
          0,           0,        1157,      -11.01774186,      -7.671264589,      -8.128329722,      -5.448624211
          0,           0,        1158,      -11.02489511,      -7.678488018,      -8.135536836,      -5.455795257
          0,           0,        1159,      -11.03213931,        -7.6857115,      -8.142742627,       -5.46304486
          0,           0,        1160,      -11.03939337,      -7.692935567,       -8.14993365,       -5.47029268
          0,           0,        1161,      -11.04652457,      -7.700147685,      -8.157213487,       -5.47746767
          0,           0,        1162,      -11.05382983,      -7.707376845,      -8.164409968,      -5.484775921
          0,           0,        1163,      -11.06101366,      -7.714591674,      -8.171673913,      -5.491947827
          0,           0,        1164,       -11.0681186,      -7.721809021,      -8.178896857,      -5.499079638
          0,           0,        1165,      -11.07543715,      -7.729022259,      -8.186101009,      -5.506376231
          0,           0,        1166,      -11.08259314,      -7.736247196,      -8.193347602,      -5.513536094
          0,           0,        1167,      -11.08964751,      -7.743460948,      -8.200553777,      -5.520659037
          0,           0,        1168,      -11.09700581,       -7.75068798,      -8.207777289,      -5.527961564
          0,           0,        1169,      -11.10427307,      -7.757907037,      -8.214994806,      -5.535205812
          0,           0,        1170,      -11.11147862,      -7.765122429,      -8.222233865,      -5.542457816
          0,           0,        1171,      -11.11877643,      -7.772338631,      -8.229415547,      -5.549702651
          0,           0,        1172,      -11.12605463,      -7.779567431,      -8.236618116,      -5.556965553
          0,           0,        1173,      -11.13315575,      -7.786787473,      -8.243878228,      -5.564118708
          0,           0,        1174,      -11.14039666,      -7.794007206,      -8.251071013,      -5.571306493
          0,           0,        1175,      -11.14757113,         -7.801228,      -8.258277739,       -5.57850711
          0,           0,        1176,      -11.15484029,      -7.808446428,      -8.265442228,      -5.585772472
          0,           0,        1177,      -11.16206552,      -7.815666768,      -8.272686825,      -5.593056048
          0,           0,        1178,      -11.16929569,      -7.822876479,       -8.27995229,      -5.600296792
          0,           0,        1179,      -11.17659712,      -7.830092949,      -8.287195992,      -5.607548343
          0,           0,        1180,      -11.18374472,       -7.83731644,      -8.294431653,      -5.614668302
          0,           0,        1181,      -11.19094034,      -7.844525465,      -8.301655482,      -5.621833563
          0,           0,        1182,      -11.19823379,       -7.85175579,      -8.308774977,      -5.629107739
          0,           0,        1183,      -11.20515115,      -7.858977981,       -8.31601706,      -5.636235378
          0,           0,        1184,      -11.21261796,      -7.866198599,       -8.32320948,      -5.643578648
          0,           0,        1185,      -11.21984333,      -7.873416294,      -8.330482526,      -5.650827246
          0,           0,        1186,      -11.22712022,      -7.880629481,      -8.337760279,       -5.65801133
          0,           0,        1187,      -11.23426268,      -7.887852254,      -8.344928104,       -5.66517315
          0,           0,        1188,      -11.24142213,      -7.895052147,      -8.352191843,      -5.672336199
          0,           0,        1189,      -11.24860293,      -7.902288874,      -8.359408586,      -5.679515021
          0,           0,        1190,        -11.255918,      -7.909515655,      -8.366540585,      -5.686847085
          0,           0,        1191,      -11.26310904,      -7.916735889,      -8.373777101,       -5.69407655
          0,           0,        1192,      -11.27035842,      -7.923955995,      -8.381002406,      -5.701327536
          0,           0,        1193,      -11.27763548,      -7.931168371,      -8.388211398,      -5.708577921
          0,           0,        1194,       -11.2848015,      -7.938393184,        -8.3954362,      -5.715675837
          0,           0,        1195,      -11.29191628,      -7.945611873,      -8.402705214,      -5.722809122
          0,           0,        1196,      -11.29925196,      -7.952823316,      -8.409854037,      -5.730139554
          0,           0,        1197,      -11.30644545,      -7.960049894,      -8.417059022,      -5.737351398
          0,           0,        1198,      -11.31351427,      -7.967275967,      -8.424271356,      -5.744464506
          0,           0,        1199,      -11.32081686,      -7.974489793,      -8.431542165,      -5.751756663
          0,           0,        1200,      -11.32812668,      -7.981699941,       -8.43877948,      -5.758981702
          0,           0,        1201,      -11.33539009,      -7.988911273,       -8.44599743,      -5.766272734
          0,           0,        1202,      -11.34258862,      -7.996138257,      -8.453322992,      -5.773490665
          0,           0,        1203,      -11.34969337,      -8.003346742,      -8.460455451,      -5.780609703
