
-------------------------------------------------------------------------
|    ___ _   _ ___                                                      |
|   / __| | | |_  )   Release 8.5.0 "Harrier"                           |
|   \__ \ |_| |/ /                                                      |
|   |___/\___//___|   Suite (Computational Fluid Dynamics Code)         |
|                                                                       |
-------------------------------------------------------------------------
| SU2 Project Website: https://su2code.github.io                        |
|                                                                       |
| The SU2 Project is maintained by the SU2 Foundation                   |
| (http://su2foundation.org)                                            |
-------------------------------------------------------------------------
| Copyright 2012-2026, SU2 Contributors                                 |
|                                                                       |
| SU2 is free software; you can redistribute it and/or                  |
| modify it under the terms of the GNU Lesser General Public            |
| License as published by the Free Software Foundation; either          |
| version 2.1 of the License, or (at your option) any later version.    |
|                                                                       |
| SU2 is distributed in the hope that it will be useful,                |
| but WITHOUT ANY WARRANTY; without even the implied warranty of        |
| MERCHANTABILITY or FITNESS FOR A PARTICULAR PURPOSE. See the GNU      |
| Lesser General Public License for more details.                       |
|                                                                       |
| You should have received a copy of the GNU Lesser General Public      |
| License along with SU2. If not, see <http://www.gnu.org/licenses/>.   |
-------------------------------------------------------------------------

Parsing config file for zone 0

----------------- Physical Case Definition ( Zone 0 ) -------------------
Compressible Euler equations.
Mach number: 0.3.
Angle of attack (AoA): 10 deg, and angle of sideslip (AoS): 0 deg.
No restart solution, use the values at infinity (freestream).
Dimensional simulation.
The reference area is 1 m^2.
The semi-span will be computed using the max y(3D) value.
The reference length is 1 m.
Reference origin for moment evaluation is (0.25, 0, 0).
Surface(s) where the force coefficients are evaluated: airfoil.

Surface(s) where the objective function is evaluated: airfoil.
Surface(s) plotted in the output file: airfoil.
Input mesh file name: mesh_NACA0012_inv.su2

--------------- Space Numerical Integration ( Zone 0 ) ------------------
Jameson-Schmidt-Turkel scheme (2nd order in space) for the flow inviscid terms.
JST viscous coefficients (2nd & 4th): 0.5, 0.02.
The method includes a grid stretching correction (p = 0.3).
Gradient for upwind reconstruction: inverse-distance weighted Least-Squares.
Gradient for viscous and source terms: inverse-distance weighted Least-Squares.

--------------- Time Numerical Integration  ( Zone 0 ) ------------------
Local time stepping (steady state simulation).
Euler implicit method for the flow equations.
FGMRES is used for solving the linear system.
Using a LU-SGS preconditioning.
Convergence criteria of the linear solver: 1e-06.
Max number of linear iterations: 5.
W Multigrid Cycle, with 3 multigrid levels.
Damping factor for the residual restriction: 1.
Damping factor for the correction prolongation: 1.
No CFL adaptation.
+-------------------------------------------+
|  MG Level| Presmooth|PostSmooth|CorrectSmo|
+-------------------------------------------+
|         0|         1|         0|         0|
|         1|         2|         0|         0|
|         2|         3|         0|         0|
|         3|         3|         0|         0|
+-------------------------------------------+
Courant-Friedrichs-Lewy number:        4

------------------ Convergence Criteria  ( Zone 0 ) ---------------------
Maximum number of solver subiterations: 9999.
Begin convergence monitoring at iteration 10.
Residual minimum value: 1e-8.
Cauchy series min. value: 1e-10.
Number of Cauchy elements: 100.
Begin windowed time average at iteration 0.

-------------------- Output Information ( Zone 0 ) ----------------------
File writing frequency: 
+------------------------------------+
|                     File| Frequency|
+------------------------------------+
|                  RESTART|        10|
|                 PARAVIEW|       250|
|         SURFACE_PARAVIEW|       250|
|              SURFACE_CSV|       250|
+------------------------------------+
Writing the convergence history file every 1 inner iterations.
Writing the screen convergence history every 1 inner iterations.
The tabular file format is CSV (.csv).
Convergence history file name: history.
Forces breakdown file name: forces_breakdown.dat.
Surface file name: surface_flow.
Volume file name: flow.
Restart file name: restart_flow.

------------- Config File Boundary Information ( Zone 0 ) ---------------
+-----------------------------------------------------------------------+
|                        Marker Type|                        Marker Name|
+-----------------------------------------------------------------------+
|                         Euler wall|                            airfoil|
+-----------------------------------------------------------------------+
|                          Far-field|                           farfield|
+-----------------------------------------------------------------------+

-------------------- Output Preprocessing ( Zone 0 ) --------------------

WARNING: SURFACE_PRESSURE_DROP can only be computed for at least 2 surfaces (outlet, inlet, ...)

Screen output fields: INNER_ITER, RMS_DENSITY, RMS_MOMENTUM-X, RMS_MOMENTUM-Y, RMS_ENERGY
History output group(s): ITER, RMS_RES
Convergence field(s): DRAG
Warning: No (valid) fields chosen for time convergence monitoring. Time convergence monitoring inactive.
Volume output fields: COORDINATES, SOLUTION, PRIMITIVE

------------------- Geometry Preprocessing ( Zone 0 ) -------------------
Two dimensional problem.
5233 grid points before partitioning.
10216 volume elements before partitioning.
2 surface markers.
200 boundary elements in index 0 (Marker = airfoil).
50 boundary elements in index 1 (Marker = farfield).
Executing the partitioning functions.
Building the graph adjacency structure.
Calling ParMETIS... graph partitioning complete (316 edge cuts).
Distributing ParMETIS coloring.
Rebalancing vertices.
Rebalancing volume element connectivity.
Rebalancing markers and surface elements.
5555 vertices including ghost points. 
10532 interior elements including halo cells. 
10532 triangles.
Establishing MPI communication patterns.
Setting point connectivity.
Renumbering points (Reverse Cuthill McKee Ordering).
Recomputing point connectivity.
Setting element connectivity.
Checking the numerical grid orientation.
All volume elements are correctly oriented.
All surface elements are correctly oriented.
Identifying edges and vertices.
Setting the control volume structure.
Area of the computational grid: 1255.76.
Searching for the closest normal neighbors to the surfaces.
Storing a mapping from global to local point index.
Compute the surface curvature.
Max K: 7835.1. Mean K: 34.8252. Standard deviation K: 494.448.
Computing mesh quality statistics for the dual control volumes.
+--------------------------------------------------------------+
|           Mesh Quality Metric|        Minimum|        Maximum|
+--------------------------------------------------------------+
|    Orthogonality Angle (deg.)|        62.6714|        89.7089|
|     CV Face Area Aspect Ratio|        1.00001|        7.18337|
|           CV Sub-Volume Ratio|        1.00285|        6.47826|
+--------------------------------------------------------------+
Setting the multigrid structure. NMG=3
+-------------------------------------------+
|  MG Level|       CVs|Aggl. Rate|       CFL|
+-------------------------------------------+
|         0|      5233|    1/1.00|         4|
|         1|      1659|    1/3.15|   2.66667|

Euler Wall Agglomeration Statistics (45° curvature threshold):
----------------------------------------------------------------
  Marker: airfoil
    Seeds agglomerated:       37 (100.0%)
    Seeds rejected (>45° curv): 0 (0.0%)
----------------------------------------------------------------
|         2|       563|    1/2.95|  1.777778|

Euler Wall Agglomeration Statistics (45° curvature threshold):
----------------------------------------------------------------
  Marker: airfoil
    Seeds agglomerated:       18 (100.0%)
    Seeds rejected (>45° curv): 0 (0.0%)
----------------------------------------------------------------
MG level 3 has only 209 CVs (< MG_MIN_MESHSIZE=500). Reducing MG levels to 2.

Euler Wall Agglomeration Statistics (45° curvature threshold):
----------------------------------------------------------------
  Marker: airfoil
    Seeds agglomerated:       9 (100.0%)
    Seeds rejected (>45° curv): 0 (0.0%)
----------------------------------------------------------------
Finding max control volume width.
Communicating number of neighbors.
Wetted area = 2.0 m.
Area projection in the x-plane = 0.1 m, y-plane = 1.0 m.
Max. coordinate in the x-direction = 1.0 m, y-direction = 0.1 m.
Min. coordinate in the x-direction = 0.0 m, y-direction = -0.1 m.
Computing wall distances.

-------------------- Solver Preprocessing ( Zone 0 ) --------------------
Inviscid flow: Computing density based on free-stream
temperature and pressure using the ideal gas law.
Force coefficients computed using free-stream values.

-- Models:
+------------------------------------------------------------------------------+
|          Viscosity Model|        Conductivity Model|              Fluid Model|
+------------------------------------------------------------------------------+
|                        -|                         -|             STANDARD_AIR|
+------------------------------------------------------------------------------+
-- Fluid properties:
+------------------------------------------------------------------------------+
|                  Name|    Dim. value|    Ref. value|      Unit|Non-dim. value|
+------------------------------------------------------------------------------+
|          Gas Constant|       287.058|             1|  N.m/kg.K|       287.058|
|      Spec. Heat Ratio|             -|             -|         -|           1.4|
+------------------------------------------------------------------------------+
-- Initial and free-stream conditions:
+------------------------------------------------------------------------------+
|                  Name|    Dim. value|    Ref. value|      Unit|Non-dim. value|
+------------------------------------------------------------------------------+
|       Static Pressure|        101325|             1|        Pa|        101325|
|               Density|       1.29225|             1|    kg/m^3|       1.29225|
|           Temperature|        273.15|             1|         K|        273.15|
|          Total Energy|        200965|             1|   m^2/s^2|        200965|
|            Velocity-X|       97.8864|             1|       m/s|       97.8864|
|            Velocity-Y|         17.26|             1|       m/s|         17.26|
|    Velocity Magnitude|       99.3964|             1|       m/s|       99.3964|
+------------------------------------------------------------------------------+
|           Mach Number|             -|             -|         -|           0.3|
+------------------------------------------------------------------------------+
Initialize Jacobian structure (Euler). MG level: 0.
Initialize Jacobian structure (Euler). MG level: 1.
Initialize Jacobian structure (Euler). MG level: 2.

------------------- Numerics Preprocessing ( Zone 0 ) -------------------

----------------- Integration Preprocessing ( Zone 0 ) ------------------

------------------- Iteration Preprocessing ( Zone 0 ) ------------------
Euler/Navier-Stokes/RANS fluid iteration.

------------------------------ Begin Solver -----------------------------

Simulation Run using the Single-zone Driver
WARNING: SU2 was not compiled for an AVX-capable architecture. Performance could be better,
         see https://su2code.github.io/docs_v7/Build-SU2-Linux-MacOS/#compiler-optimizations
WARNING: SU2 was not compiled for an AVX-capable architecture. Performance could be better,
         see https://su2code.github.io/docs_v7/Build-SU2-Linux-MacOS/#compiler-optimizations
WARNING: SU2 was not compiled for an AVX-capable architecture. Performance could be better,
         see https://su2code.github.io/docs_v7/Build-SU2-Linux-MacOS/#compiler-optimizations
+----------------------------------------------------------------+
|  Inner_Iter|    rms[Rho]|   rms[RhoU]|   rms[RhoV]|   rms[RhoE]|
+----------------------------------------------------------------+
|           0|   -1.226340|    0.730604|    0.021053|    4.219846|
|           1|   -1.601846|    0.727253|    0.973253|    3.855981|
|           2|   -1.564066|    0.889647|    0.967859|    3.894969|
|           3|   -1.565439|    0.996078|    1.046513|    3.888902|
|           4|   -1.534489|    1.032282|    1.051007|    3.910510|
|           5|   -1.510521|    1.018361|    1.022713|    3.933531|
|           6|   -1.500306|    0.993126|    1.009432|    3.951183|
|           7|   -1.505633|    0.971289|    1.031704|    3.948171|
|           8|   -1.505865|    0.959839|    1.045710|    3.940364|
|           9|   -1.505734|    0.973374|    1.037610|    3.935890|
|          10|   -1.510534|    0.997648|    1.029424|    3.934985|
+-----------------------------------------------------------------------+
|        File Writing Summary       |              Filename             |
+-----------------------------------------------------------------------+
|SU2 binary restart                 |restart_flow.dat                   |

Writing the forces breakdown file (forces_breakdown.dat).
+-----------------------------------------------------------------------+
+----------------------------------------------------------------+
|  Inner_Iter|    rms[Rho]|   rms[RhoU]|   rms[RhoV]|   rms[RhoE]|
+----------------------------------------------------------------+
|          11|   -1.516670|    1.007004|    1.026807|    3.931366|
|          12|   -1.532500|    0.999193|    1.008845|    3.910668|
|          13|   -1.567547|    0.976140|    0.959540|    3.868365|
|          14|   -1.604122|    0.945531|    0.893490|    3.829188|
|          15|   -1.638690|    0.916570|    0.832037|    3.799995|
|          16|   -1.675158|    0.899247|    0.806902|    3.773524|
|          17|   -1.709461|    0.899662|    0.823167|    3.746395|
|          18|   -1.734500|    0.911569|    0.852239|    3.719274|
|          19|   -1.747071|    0.919781|    0.867068|    3.695525|
|          20|   -1.761809|    0.908201|    0.859111|    3.668017|
+-----------------------------------------------------------------------+
|        File Writing Summary       |              Filename             |
+-----------------------------------------------------------------------+
|SU2 binary restart                 |restart_flow.dat                   |

Writing the forces breakdown file (forces_breakdown.dat).
+-----------------------------------------------------------------------+
+----------------------------------------------------------------+
|  Inner_Iter|    rms[Rho]|   rms[RhoU]|   rms[RhoV]|   rms[RhoE]|
+----------------------------------------------------------------+
|          21|   -1.773553|    0.891722|    0.841152|    3.647559|
|          22|   -1.786606|    0.871563|    0.815078|    3.631741|
|          23|   -1.804934|    0.849053|    0.782572|    3.616053|
|          24|   -1.828637|    0.825679|    0.746243|    3.598710|
|          25|   -1.855006|    0.803333|    0.709385|    3.580795|
|          26|   -1.880379|    0.784277|    0.677428|    3.564095|
|          27|   -1.902091|    0.771123|    0.657742|    3.549352|
|          28|   -1.920513|    0.765840|    0.655635|    3.534532|
|          29|   -1.936827|    0.767442|    0.668241|    3.517247|
|          30|   -1.950733|    0.773250|    0.687094|    3.498004|
+-----------------------------------------------------------------------+
|        File Writing Summary       |              Filename             |
+-----------------------------------------------------------------------+
|SU2 binary restart                 |restart_flow.dat                   |

Writing the forces breakdown file (forces_breakdown.dat).
+-----------------------------------------------------------------------+
+----------------------------------------------------------------+
|  Inner_Iter|    rms[Rho]|   rms[RhoU]|   rms[RhoV]|   rms[RhoE]|
+----------------------------------------------------------------+
|          31|   -1.960450|    0.779880|    0.704454|    3.479994|
|          32|   -1.963684|    0.784793|    0.716526|    3.468179|
|          33|   -1.961489|    0.786127|    0.721809|    3.464264|
|          34|   -1.957443|    0.781997|    0.719726|    3.465679|
|          35|   -1.955094|    0.771868|    0.710610|    3.468329|
|          36|   -1.956964|    0.755582|    0.694730|    3.468555|
|          37|   -1.963873|    0.733355|    0.672509|    3.464794|
|          38|   -1.976367|    0.705972|    0.644977|    3.456313|
|          39|   -1.993729|    0.675694|    0.615745|    3.443657|
|          40|   -2.014520|    0.646734|    0.590277|    3.428249|
+-----------------------------------------------------------------------+
|        File Writing Summary       |              Filename             |
+-----------------------------------------------------------------------+
|SU2 binary restart                 |restart_flow.dat                   |

Writing the forces breakdown file (forces_breakdown.dat).
+-----------------------------------------------------------------------+
+----------------------------------------------------------------+
|  Inner_Iter|    rms[Rho]|   rms[RhoU]|   rms[RhoV]|   rms[RhoE]|
+----------------------------------------------------------------+
|          41|   -2.036553|    0.624291|    0.574254|    3.411802|
|          42|   -2.056516|    0.612554|    0.570592|    3.396711|
|          43|   -2.072082|    0.612256|    0.577069|    3.383927|
|          44|   -2.082566|    0.618916|    0.587134|    3.372739|
|          45|   -2.088737|    0.627290|    0.595007|    3.362595|
|          46|   -2.092852|    0.633400|    0.597081|    3.352545|
|          47|   -2.096909|    0.635287|    0.591864|    3.342285|
|          48|   -2.103139|    0.631861|    0.578396|    3.331051|
|          49|   -2.112158|    0.622274|    0.556598|    3.319217|
|          50|   -2.122920|    0.607337|    0.527568|    3.308678|
+-----------------------------------------------------------------------+
|        File Writing Summary       |              Filename             |
+-----------------------------------------------------------------------+
|SU2 binary restart                 |restart_flow.dat                   |

Writing the forces breakdown file (forces_breakdown.dat).
+-----------------------------------------------------------------------+
+----------------------------------------------------------------+
|  Inner_Iter|    rms[Rho]|   rms[RhoU]|   rms[RhoV]|   rms[RhoE]|
+----------------------------------------------------------------+
|          51|   -2.133904|    0.589187|    0.494103|    3.301299|
|          52|   -2.143501|    0.571551|    0.461750|    3.298314|
|          53|   -2.151877|    0.559244|    0.438900|    3.298144|
|          54|   -2.160358|    0.555073|    0.432601|    3.296668|
|          55|   -2.169641|    0.558539|    0.441451|    3.290986|
|          56|   -2.179553|    0.565613|    0.456377|    3.279747|
|          57|   -2.188196|    0.571304|    0.467380|    3.264586|
|          58|   -2.194825|    0.571033|    0.466713|    3.247765|
|          59|   -2.199557|    0.561663|    0.450239|    3.232979|
|          60|   -2.203800|    0.543763|    0.418805|    3.223499|
+-----------------------------------------------------------------------+
|        File Writing Summary       |              Filename             |
+-----------------------------------------------------------------------+
|SU2 binary restart                 |restart_flow.dat                   |

Writing the forces breakdown file (forces_breakdown.dat).
+-----------------------------------------------------------------------+
+----------------------------------------------------------------+
|  Inner_Iter|    rms[Rho]|   rms[RhoU]|   rms[RhoV]|   rms[RhoE]|
+----------------------------------------------------------------+
|          61|   -2.210235|    0.520696|    0.378569|    3.218887|
|          62|   -2.221095|    0.497890|    0.341740|    3.215733|
|          63|   -2.238569|    0.481133|    0.322409|    3.208420|
|          64|   -2.262610|    0.472577|    0.323542|    3.192368|
|          65|   -2.290770|    0.469921|    0.333325|    3.166939|
|          66|   -2.319536|    0.468587|    0.338104|    3.134615|
|          67|   -2.345154|    0.464752|    0.330452|    3.101115|
|          68|   -2.366453|    0.456513|    0.308012|    3.072528|
|          69|   -2.383933|    0.443295|    0.273682|    3.053014|
|          70|   -2.398871|    0.426886|    0.235026|    3.042507|
+-----------------------------------------------------------------------+
|        File Writing Summary       |              Filename             |
+-----------------------------------------------------------------------+
|SU2 binary restart                 |restart_flow.dat                   |

Writing the forces breakdown file (forces_breakdown.dat).
+-----------------------------------------------------------------------+
+----------------------------------------------------------------+
|  Inner_Iter|    rms[Rho]|   rms[RhoU]|   rms[RhoV]|   rms[RhoE]|
+----------------------------------------------------------------+
|          71|   -2.412851|    0.410084|    0.202581|    3.036583|
|          72|   -2.427000|    0.395615|    0.185009|    3.030202|
|          73|   -2.443234|    0.384995|    0.182381|    3.018709|
|          74|   -2.463562|    0.377065|    0.185713|    2.998708|
|          75|   -2.488020|    0.369857|    0.185546|    2.970929|
|          76|   -2.514154|    0.361565|    0.176482|    2.939600|
|          77|   -2.536429|    0.351397|    0.157480|    2.912637|
|          78|   -2.549975|    0.339637|    0.130820|    2.897065|
|          79|   -2.553692|    0.326721|    0.102538|    2.893954|
|          80|   -2.551247|    0.313915|    0.080605|    2.898425|
+-----------------------------------------------------------------------+
|        File Writing Summary       |              Filename             |
+-----------------------------------------------------------------------+
|SU2 binary restart                 |restart_flow.dat                   |

Writing the forces breakdown file (forces_breakdown.dat).
+-----------------------------------------------------------------------+
+----------------------------------------------------------------+
|  Inner_Iter|    rms[Rho]|   rms[RhoU]|   rms[RhoV]|   rms[RhoE]|
+----------------------------------------------------------------+
|          81|   -2.549242|    0.302310|    0.070781|    2.902588|
|          82|   -2.552555|    0.292392|    0.072857|    2.901031|
|          83|   -2.565094|    0.284015|    0.080457|    2.889938|
|          84|   -2.587574|    0.275683|    0.085178|    2.868297|
|          85|   -2.616259|    0.266355|    0.081789|    2.840008|
|          86|   -2.644279|    0.255565|    0.068491|    2.812183|
|          87|   -2.663631|    0.243622|    0.046707|    2.793225|
|          88|   -2.672363|    0.231045|    0.020628|    2.785228|
|          89|   -2.674304|    0.218508|   -0.002967|    2.784231|
|          90|   -2.676513|    0.206766|   -0.017537|    2.782969|
+-----------------------------------------------------------------------+
|        File Writing Summary       |              Filename             |
+-----------------------------------------------------------------------+
|SU2 binary restart                 |restart_flow.dat                   |

Writing the forces breakdown file (forces_breakdown.dat).
+-----------------------------------------------------------------------+
+----------------------------------------------------------------+
|  Inner_Iter|    rms[Rho]|   rms[RhoU]|   rms[RhoV]|   rms[RhoE]|
+----------------------------------------------------------------+
|          91|   -2.684746|    0.196176|   -0.021453|    2.775424|
|          92|   -2.700154|    0.186672|   -0.019213|    2.760265|
|          93|   -2.722639|    0.177376|   -0.019095|    2.737410|
|          94|   -2.747249|    0.167566|   -0.027425|    2.712061|
|          95|   -2.766660|    0.157054|   -0.046587|    2.692141|
|          96|   -2.775330|    0.146353|   -0.074400|    2.683609|
|          97|   -2.772598|    0.136534|   -0.103663|    2.686795|
|          98|   -2.765243|    0.128251|   -0.123890|    2.693918|
|          99|   -2.760280|    0.121488|   -0.128167|    2.697416|
|         100|   -2.762773|    0.115451|   -0.119455|    2.692421|
+-----------------------------------------------------------------------+
|        File Writing Summary       |              Filename             |
+-----------------------------------------------------------------------+
|SU2 binary restart                 |restart_flow.dat                   |

Writing the forces breakdown file (forces_breakdown.dat).
+-----------------------------------------------------------------------+
+----------------------------------------------------------------+
|  Inner_Iter|    rms[Rho]|   rms[RhoU]|   rms[RhoV]|   rms[RhoE]|
+----------------------------------------------------------------+
|         101|   -2.774800|    0.108826|   -0.107764|    2.677609|
|         102|   -2.794356|    0.100558|   -0.102071|    2.656267|
|         103|   -2.819701|    0.089883|   -0.107868|    2.631655|
|         104|   -2.844925|    0.077130|   -0.125523|    2.610631|
|         105|   -2.864025|    0.063666|   -0.150807|    2.598169|
|         106|   -2.874960|    0.051343|   -0.175383|    2.593285|
|         107|   -2.879766|    0.041856|   -0.189592|    2.591277|
|         108|   -2.884917|    0.035268|   -0.189880|    2.584643|
|         109|   -2.894572|    0.030441|   -0.182175|    2.570152|
|         110|   -2.909366|    0.025521|   -0.176570|    2.549056|
+-----------------------------------------------------------------------+
|        File Writing Summary       |              Filename             |
+-----------------------------------------------------------------------+
|SU2 binary restart                 |restart_flow.dat                   |

Writing the forces breakdown file (forces_breakdown.dat).
+-----------------------------------------------------------------------+
+----------------------------------------------------------------+
|  Inner_Iter|    rms[Rho]|   rms[RhoU]|   rms[RhoV]|   rms[RhoE]|
+----------------------------------------------------------------+
|         111|   -2.926544|    0.018839|   -0.181114|    2.526683|
|         112|   -2.940607|    0.009788|   -0.199522|    2.511200|
|         113|   -2.950167|   -0.001249|   -0.231309|    2.504847|
|         114|   -2.954904|   -0.012716|   -0.270189|    2.505878|
|         115|   -2.957974|   -0.022598|   -0.303774|    2.507964|
|         116|   -2.963745|   -0.029574|   -0.319100|    2.504653|
|         117|   -2.973650|   -0.033607|   -0.313817|    2.493973|
|         118|   -2.990042|   -0.036638|   -0.299903|    2.474196|
|         119|   -3.011754|   -0.040897|   -0.290934|    2.448305|
|         120|   -3.035842|   -0.047875|   -0.294265|    2.421909|
+-----------------------------------------------------------------------+
|        File Writing Summary       |              Filename             |
+-----------------------------------------------------------------------+
|SU2 binary restart                 |restart_flow.dat                   |

Writing the forces breakdown file (forces_breakdown.dat).
+-----------------------------------------------------------------------+
+----------------------------------------------------------------+
|  Inner_Iter|    rms[Rho]|   rms[RhoU]|   rms[RhoV]|   rms[RhoE]|
+----------------------------------------------------------------+
|         121|   -3.059365|   -0.057763|   -0.310859|    2.400352|
|         122|   -3.079999|   -0.069356|   -0.336471|    2.386365|
|         123|   -3.098773|   -0.081033|   -0.362478|    2.376389|
|         124|   -3.115082|   -0.091169|   -0.379466|    2.367146|
|         125|   -3.127517|   -0.099077|   -0.383812|    2.356811|
|         126|   -3.134396|   -0.105368|   -0.380740|    2.345917|
|         127|   -3.133649|   -0.111292|   -0.378744|    2.338101|
|         128|   -3.130586|   -0.118514|   -0.385375|    2.332114|
|         129|   -3.129052|   -0.127841|   -0.403184|    2.327730|
|         130|   -3.132343|   -0.139023|   -0.430220|    2.323400|
+-----------------------------------------------------------------------+
|        File Writing Summary       |              Filename             |
+-----------------------------------------------------------------------+
|SU2 binary restart                 |restart_flow.dat                   |

Writing the forces breakdown file (forces_breakdown.dat).
+-----------------------------------------------------------------------+
+----------------------------------------------------------------+
|  Inner_Iter|    rms[Rho]|   rms[RhoU]|   rms[RhoV]|   rms[RhoE]|
+----------------------------------------------------------------+
|         131|   -3.142274|   -0.151013|   -0.460560|    2.316983|
|         132|   -3.157563|   -0.162378|   -0.485803|    2.308174|
|         133|   -3.177043|   -0.172359|   -0.499758|    2.295450|
|         134|   -3.197627|   -0.180921|   -0.503094|    2.279410|
|         135|   -3.216908|   -0.188737|   -0.502236|    2.261077|
|         136|   -3.234831|   -0.196778|   -0.504140|    2.241003|
|         137|   -3.252128|   -0.205661|   -0.512647|    2.220425|
|         138|   -3.273621|   -0.215949|   -0.528845|    2.197076|
|         139|   -3.299421|   -0.227435|   -0.550874|    2.172341|
|         140|   -3.325896|   -0.239450|   -0.575113|    2.149575|
+-----------------------------------------------------------------------+
|        File Writing Summary       |              Filename             |
+-----------------------------------------------------------------------+
|SU2 binary restart                 |restart_flow.dat                   |

Writing the forces breakdown file (forces_breakdown.dat).
+-----------------------------------------------------------------------+
+----------------------------------------------------------------+
|  Inner_Iter|    rms[Rho]|   rms[RhoU]|   rms[RhoV]|   rms[RhoE]|
+----------------------------------------------------------------+
|         141|   -3.346969|   -0.251274|   -0.597817|    2.132421|
|         142|   -3.356414|   -0.262328|   -0.616504|    2.123870|
|         143|   -3.356997|   -0.272798|   -0.631933|    2.119930|
|         144|   -3.354636|   -0.283083|   -0.646455|    2.116512|
|         145|   -3.356089|   -0.293571|   -0.662218|    2.109889|
|         146|   -3.365765|   -0.304443|   -0.679975|    2.098047|
|         147|   -3.383679|   -0.315462|   -0.698615|    2.082283|
|         148|   -3.409816|   -0.326454|   -0.716641|    2.062533|
|         149|   -3.440387|   -0.337106|   -0.732378|    2.041017|
|         150|   -3.471019|   -0.347186|   -0.745315|    2.019342|
+-----------------------------------------------------------------------+
|        File Writing Summary       |              Filename             |
+-----------------------------------------------------------------------+
|SU2 binary restart                 |restart_flow.dat                   |

Writing the forces breakdown file (forces_breakdown.dat).
+-----------------------------------------------------------------------+
+----------------------------------------------------------------+
|  Inner_Iter|    rms[Rho]|   rms[RhoU]|   rms[RhoV]|   rms[RhoE]|
+----------------------------------------------------------------+
|         151|   -3.499191|   -0.356691|   -0.756527|    1.997390|
|         152|   -3.523693|   -0.365670|   -0.767779|    1.975261|
|         153|   -3.549097|   -0.374715|   -0.781497|    1.949665|
|         154|   -3.576927|   -0.384167|   -0.799097|    1.921226|
|         155|   -3.605225|   -0.394070|   -0.820599|    1.893535|
|         156|   -3.629608|   -0.404248|   -0.844660|    1.871073|
|         157|   -3.645746|   -0.414376|   -0.868925|    1.856712|
|         158|   -3.654097|   -0.424308|   -0.891103|    1.848548|
|         159|   -3.657900|   -0.433922|   -0.909578|    1.843400|
|         160|   -3.661713|   -0.443145|   -0.923897|    1.838193|
+-----------------------------------------------------------------------+
|        File Writing Summary       |              Filename             |
+-----------------------------------------------------------------------+
|SU2 binary restart                 |restart_flow.dat                   |

Writing the forces breakdown file (forces_breakdown.dat).
+-----------------------------------------------------------------------+
+----------------------------------------------------------------+
|  Inner_Iter|    rms[Rho]|   rms[RhoU]|   rms[RhoV]|   rms[RhoE]|
+----------------------------------------------------------------+
|         161|   -3.669134|   -0.451956|   -0.934675|    1.830982|
|         162|   -3.681921|   -0.460376|   -0.943129|    1.820979|
|         163|   -3.700205|   -0.468446|   -0.950565|    1.808143|
|         164|   -3.723002|   -0.476215|   -0.958023|    1.792851|
|         165|   -3.748669|   -0.483736|   -0.966098|    1.775754|
|         166|   -3.775250|   -0.491075|   -0.974934|    1.757759|
|         167|   -3.800815|   -0.498311|   -0.984366|    1.739935|
|         168|   -3.823837|   -0.505525|   -0.994150|    1.723277|
|         169|   -3.843478|   -0.512787|   -1.004157|    1.708430|
|         170|   -3.859582|   -0.520144|   -1.014424|    1.695580|
+-----------------------------------------------------------------------+
|        File Writing Summary       |              Filename             |
+-----------------------------------------------------------------------+
|SU2 binary restart                 |restart_flow.dat                   |

Writing the forces breakdown file (forces_breakdown.dat).
+-----------------------------------------------------------------------+
+----------------------------------------------------------------+
|  Inner_Iter|    rms[Rho]|   rms[RhoU]|   rms[RhoV]|   rms[RhoE]|
+----------------------------------------------------------------+
|         171|   -3.872375|   -0.527618|   -1.025036|    1.684598|
|         172|   -3.882109|   -0.535211|   -1.035923|    1.675321|
|         173|   -3.888995|   -0.542899|   -1.046723|    1.667683|
|         174|   -3.893504|   -0.550638|   -1.056834|    1.661562|
|         175|   -3.896671|   -0.558379|   -1.065662|    1.656537|
|         176|   -3.900017|   -0.566085|   -1.072907|    1.651830|
|         177|   -3.905056|   -0.573737|   -1.078711|    1.646559|
|         178|   -3.912727|   -0.581337|   -1.083554|    1.640114|
|         179|   -3.923097|   -0.588896|   -1.087995|    1.632379|
|         180|   -3.935434|   -0.596425|   -1.092455|    1.623687|
+-----------------------------------------------------------------------+
|        File Writing Summary       |              Filename             |
+-----------------------------------------------------------------------+
|SU2 binary restart                 |restart_flow.dat                   |

Writing the forces breakdown file (forces_breakdown.dat).
+-----------------------------------------------------------------------+
+----------------------------------------------------------------+
|  Inner_Iter|    rms[Rho]|   rms[RhoU]|   rms[RhoV]|   rms[RhoE]|
+----------------------------------------------------------------+
|         181|   -3.948633|   -0.603939|   -1.097146|    1.614545|
|         182|   -3.961764|   -0.611456|   -1.102160|    1.605312|
|         183|   -3.974443|   -0.619007|   -1.107584|    1.596044|
|         184|   -3.986767|   -0.626637|   -1.113572|    1.586598|
|         185|   -3.998886|   -0.634388|   -1.120292|    1.576879|
|         186|   -4.010589|   -0.642294|   -1.127824|    1.567041|
|         187|   -4.021221|   -0.650365|   -1.136066|    1.557477|
|         188|   -4.030035|   -0.658591|   -1.144729|    1.548610|
|         189|   -4.036737|   -0.666951|   -1.153418|    1.540633|
|         190|   -4.041821|   -0.675422|   -1.161772|    1.533375|
+-----------------------------------------------------------------------+
|        File Writing Summary       |              Filename             |
+-----------------------------------------------------------------------+
|SU2 binary restart                 |restart_flow.dat                   |

Writing the forces breakdown file (forces_breakdown.dat).
+-----------------------------------------------------------------------+
+----------------------------------------------------------------+
|  Inner_Iter|    rms[Rho]|   rms[RhoU]|   rms[RhoV]|   rms[RhoE]|
+----------------------------------------------------------------+
|         191|   -4.046413|   -0.683992|   -1.169573|    1.526388|
|         192|   -4.051755|   -0.692654|   -1.176784|    1.519185|
|         193|   -4.058687|   -0.701405|   -1.183507|    1.511459|
|         194|   -4.067395|   -0.710234|   -1.189896|    1.503175|
|         195|   -4.077475|   -0.719119|   -1.196096|    1.494494|
|         196|   -4.088213|   -0.728035|   -1.202226|    1.485623|
|         197|   -4.098938|   -0.736957|   -1.208406|    1.476677|
|         198|   -4.109272|   -0.745875|   -1.214782|    1.467631|
|         199|   -4.119167|   -0.754796|   -1.221536|    1.458398|
|         200|   -4.128734|   -0.763737|   -1.228838|    1.448937|
+-----------------------------------------------------------------------+
|        File Writing Summary       |              Filename             |
+-----------------------------------------------------------------------+
|SU2 binary restart                 |restart_flow.dat                   |

Writing the forces breakdown file (forces_breakdown.dat).
+-----------------------------------------------------------------------+
+----------------------------------------------------------------+
|  Inner_Iter|    rms[Rho]|   rms[RhoU]|   rms[RhoV]|   rms[RhoE]|
+----------------------------------------------------------------+
|         201|   -4.138036|   -0.772717|   -1.236790|    1.439335|
|         202|   -4.146980|   -0.781752|   -1.245370|    1.429798|
|         203|   -4.155370|   -0.790842|   -1.254411|    1.420551|
|         204|   -4.163077|   -0.799977|   -1.263636|    1.411717|
|         205|   -4.170191|   -0.809144|   -1.272739|    1.403247|
|         206|   -4.177058|   -0.818329|   -1.281471|    1.394934|
|         207|   -4.184159|   -0.827526|   -1.289716|    1.386514|
|         208|   -4.191917|   -0.836739|   -1.297500|    1.377784|
|         209|   -4.200520|   -0.845970|   -1.304951|    1.368687|
|         210|   -4.209841|   -0.855222|   -1.312227|    1.359324|
+-----------------------------------------------------------------------+
|        File Writing Summary       |              Filename             |
+-----------------------------------------------------------------------+
|SU2 binary restart                 |restart_flow.dat                   |

Writing the forces breakdown file (forces_breakdown.dat).
+-----------------------------------------------------------------------+
+----------------------------------------------------------------+
|  Inner_Iter|    rms[Rho]|   rms[RhoU]|   rms[RhoV]|   rms[RhoE]|
+----------------------------------------------------------------+
|         211|   -4.219483|   -0.864487|   -1.319458|    1.349898|
|         212|   -4.228912|   -0.873752|   -1.326724|    1.340632|
|         213|   -4.237646|   -0.882998|   -1.334065|    1.331685|
|         214|   -4.245416|   -0.892210|   -1.341514|    1.323110|
|         215|   -4.252239|   -0.901376|   -1.349115|    1.314860|
|         216|   -4.258382|   -0.910495|   -1.356922|    1.306823|
|         217|   -4.264247|   -0.919570|   -1.364974|    1.298868|
|         218|   -4.270236|   -0.928605|   -1.373260|    1.290874|
|         219|   -4.276653|   -0.937602|   -1.381709|    1.282748|
|         220|   -4.283657|   -0.946561|   -1.390201|    1.274424|
+-----------------------------------------------------------------------+
|        File Writing Summary       |              Filename             |
+-----------------------------------------------------------------------+
|SU2 binary restart                 |restart_flow.dat                   |

Writing the forces breakdown file (forces_breakdown.dat).
+-----------------------------------------------------------------------+
+----------------------------------------------------------------+
|  Inner_Iter|    rms[Rho]|   rms[RhoU]|   rms[RhoV]|   rms[RhoE]|
+----------------------------------------------------------------+
|         221|   -4.291266|   -0.955482|   -1.398604|    1.265862|
|         222|   -4.299399|   -0.964365|   -1.406818|    1.257049|
|         223|   -4.307909|   -0.973216|   -1.414809|    1.248006|
|         224|   -4.316615|   -0.982043|   -1.422613|    1.238797|
|         225|   -4.325310|   -0.990857|   -1.430308|    1.229534|
|         226|   -4.333767|   -0.999667|   -1.437982|    1.220364|
|         227|   -4.341759|   -1.008475|   -1.445699|    1.211447|
|         228|   -4.349098|   -1.017277|   -1.453482|    1.202914|
|         229|   -4.355692|   -1.026062|   -1.461319|    1.194828|
|         230|   -4.361593|   -1.034816|   -1.469184|    1.187160|
+-----------------------------------------------------------------------+
|        File Writing Summary       |              Filename             |
+-----------------------------------------------------------------------+
|SU2 binary restart                 |restart_flow.dat                   |

Writing the forces breakdown file (forces_breakdown.dat).
+-----------------------------------------------------------------------+
+----------------------------------------------------------------+
|  Inner_Iter|    rms[Rho]|   rms[RhoU]|   rms[RhoV]|   rms[RhoE]|
+----------------------------------------------------------------+
|         231|   -4.367009|   -1.043527|   -1.477054|    1.179795|
|         232|   -4.372258|   -1.052184|   -1.484922|    1.172557|
|         233|   -4.377693|   -1.060782|   -1.492792|    1.165258|
|         234|   -4.383609|   -1.069321|   -1.500675|    1.157743|
|         235|   -4.390182|   -1.077801|   -1.508574|    1.149918|
|         236|   -4.397440|   -1.086227|   -1.516484|    1.141758|
|         237|   -4.405279|   -1.094604|   -1.524392|    1.133298|
|         238|   -4.413507|   -1.102938|   -1.532288|    1.124619|
|         239|   -4.421888|   -1.111235|   -1.540173|    1.115822|
|         240|   -4.430196|   -1.119504|   -1.548059|    1.107019|
+-----------------------------------------------------------------------+
|        File Writing Summary       |              Filename             |
+-----------------------------------------------------------------------+
|SU2 binary restart                 |restart_flow.dat                   |

Writing the forces breakdown file (forces_breakdown.dat).
+-----------------------------------------------------------------------+
+----------------------------------------------------------------+
|  Inner_Iter|    rms[Rho]|   rms[RhoU]|   rms[RhoV]|   rms[RhoE]|
+----------------------------------------------------------------+
|         241|   -4.438242|   -1.127750|   -1.555964|    1.098321|
|         242|   -4.445894|   -1.135979|   -1.563902|    1.089825|
|         243|   -4.453083|   -1.144190|   -1.571874|    1.081601|
|         244|   -4.459805|   -1.152379|   -1.579865|    1.073688|
|         245|   -4.466123|   -1.160541|   -1.587846|    1.066077|
|         246|   -4.472152|   -1.168663|   -1.595785|    1.058716|
|         247|   -4.478048|   -1.176737|   -1.603653|    1.051523|
|         248|   -4.483979|   -1.184753|   -1.611436|    1.044395|
|         249|   -4.490099|   -1.192703|   -1.619131|    1.037236|
|         250|   -4.496523|   -1.200583|   -1.626753|    1.029967|
+-----------------------------------------------------------------------+
|        File Writing Summary       |              Filename             |
+-----------------------------------------------------------------------+
|SU2 binary restart                 |restart_flow.dat                   |

Writing the forces breakdown file (forces_breakdown.dat).
|Paraview                           |flow.vtu                           |

Writing the forces breakdown file (forces_breakdown.dat).
|Paraview surface                   |surface_flow.vtu                   |

Writing the forces breakdown file (forces_breakdown.dat).
|CSV file                           |surface_flow.csv                   |

Writing the forces breakdown file (forces_breakdown.dat).
+-----------------------------------------------------------------------+
+----------------------------------------------------------------+
|  Inner_Iter|    rms[Rho]|   rms[RhoU]|   rms[RhoV]|   rms[RhoE]|
+----------------------------------------------------------------+
|         251|   -4.503313|   -1.208392|   -1.634319|    1.022541|
|         252|   -4.510468|   -1.216131|   -1.641851|    1.014946|
|         253|   -4.517932|   -1.223801|   -1.649367|    1.007204|
|         254|   -4.525607|   -1.231408|   -1.656883|    0.999358|
|         255|   -4.533377|   -1.238954|   -1.664406|    0.991472|
|         256|   -4.541119|   -1.246444|   -1.671941|    0.983613|
|         257|   -4.548728|   -1.253882|   -1.679486|    0.975845|
|         258|   -4.556128|   -1.261270|   -1.687033|    0.968219|
|         259|   -4.563283|   -1.268609|   -1.694569|    0.960772|
|         260|   -4.570186|   -1.275898|   -1.702075|    0.953518|
+-----------------------------------------------------------------------+
|        File Writing Summary       |              Filename             |
+-----------------------------------------------------------------------+
|SU2 binary restart                 |restart_flow.dat                   |

Writing the forces breakdown file (forces_breakdown.dat).
+-----------------------------------------------------------------------+
+----------------------------------------------------------------+
|  Inner_Iter|    rms[Rho]|   rms[RhoU]|   rms[RhoV]|   rms[RhoE]|
+----------------------------------------------------------------+
|         261|   -4.576868|   -1.283134|   -1.709531|    0.946455|
|         262|   -4.583382|   -1.290316|   -1.716917|    0.939562|
|         263|   -4.589798|   -1.297437|   -1.724214|    0.932806|
|         264|   -4.596193|   -1.304495|   -1.731410|    0.926143|
|         265|   -4.602641|   -1.311484|   -1.738502|    0.919526|
|         266|   -4.609204|   -1.318404|   -1.745492|    0.912913|
|         267|   -4.615921|   -1.325252|   -1.752393|    0.906273|
|         268|   -4.622811|   -1.332030|   -1.759221|    0.899583|
|         269|   -4.629866|   -1.338739|   -1.765998|    0.892841|
|         270|   -4.637056|   -1.345382|   -1.772742|    0.886054|
+-----------------------------------------------------------------------+
|        File Writing Summary       |              Filename             |
+-----------------------------------------------------------------------+
|SU2 binary restart                 |restart_flow.dat                   |

Writing the forces breakdown file (forces_breakdown.dat).
+-----------------------------------------------------------------------+
+----------------------------------------------------------------+
|  Inner_Iter|    rms[Rho]|   rms[RhoU]|   rms[RhoV]|   rms[RhoE]|
+----------------------------------------------------------------+
|         271|   -4.644332|   -1.351964|   -1.779469|    0.879244|
|         272|   -4.651639|   -1.358489|   -1.786193|    0.872440|
|         273|   -4.658918|   -1.364963|   -1.792917|    0.865671|
|         274|   -4.666119|   -1.371389|   -1.799642|    0.858969|
|         275|   -4.673204|   -1.377772|   -1.806359|    0.852356|
|         276|   -4.680155|   -1.384115|   -1.813059|    0.845847|
|         277|   -4.686974|   -1.390420|   -1.819727|    0.839445|
|         278|   -4.693680|   -1.396689|   -1.826350|    0.833145|
|         279|   -4.700305|   -1.402922|   -1.832914|    0.826932|
|         280|   -4.706887|   -1.409120|   -1.839413|    0.820786|
+-----------------------------------------------------------------------+
|        File Writing Summary       |              Filename             |
+-----------------------------------------------------------------------+
|SU2 binary restart                 |restart_flow.dat                   |

Writing the forces breakdown file (forces_breakdown.dat).
+-----------------------------------------------------------------------+
+----------------------------------------------------------------+
|  Inner_Iter|    rms[Rho]|   rms[RhoU]|   rms[RhoV]|   rms[RhoE]|
+----------------------------------------------------------------+
|         281|   -4.713465|   -1.415283|   -1.845841|    0.814685|
|         282|   -4.720075|   -1.421411|   -1.852202|    0.808605|
|         283|   -4.726739|   -1.427506|   -1.858503|    0.802526|
|         284|   -4.733474|   -1.433569|   -1.864756|    0.796435|
|         285|   -4.740280|   -1.439602|   -1.870976|    0.790322|
|         286|   -4.747151|   -1.445608|   -1.877180|    0.784184|
|         287|   -4.754070|   -1.451591|   -1.883382|    0.778026|
|         288|   -4.761015|   -1.457554|   -1.889592|    0.771855|
|         289|   -4.767966|   -1.463500|   -1.895818|    0.765680|
|         290|   -4.774901|   -1.469435|   -1.902063|    0.759512|
+-----------------------------------------------------------------------+
|        File Writing Summary       |              Filename             |
+-----------------------------------------------------------------------+
|SU2 binary restart                 |restart_flow.dat                   |

Writing the forces breakdown file (forces_breakdown.dat).
+-----------------------------------------------------------------------+
+----------------------------------------------------------------+
|  Inner_Iter|    rms[Rho]|   rms[RhoU]|   rms[RhoV]|   rms[RhoE]|
+----------------------------------------------------------------+
|         291|   -4.781804|   -1.475362|   -1.908322|    0.753361|
|         292|   -4.788664|   -1.481283|   -1.914593|    0.747231|
|         293|   -4.795480|   -1.487201|   -1.920866|    0.741128|
|         294|   -4.802254|   -1.493118|   -1.927135|    0.735049|
|         295|   -4.808994|   -1.499036|   -1.933393|    0.728993|
|         296|   -4.815710|   -1.504957|   -1.939637|    0.722954|
|         297|   -4.822412|   -1.510881|   -1.945864|    0.716926|
|         298|   -4.829112|   -1.516809|   -1.952077|    0.710904|
|         299|   -4.835815|   -1.522742|   -1.958279|    0.704880|
|         300|   -4.842528|   -1.528681|   -1.964476|    0.698851|
+-----------------------------------------------------------------------+
|        File Writing Summary       |              Filename             |
+-----------------------------------------------------------------------+
|SU2 binary restart                 |restart_flow.dat                   |

Writing the forces breakdown file (forces_breakdown.dat).
+-----------------------------------------------------------------------+
+----------------------------------------------------------------+
|  Inner_Iter|    rms[Rho]|   rms[RhoU]|   rms[RhoV]|   rms[RhoE]|
+----------------------------------------------------------------+
|         301|   -4.849254|   -1.534626|   -1.970675|    0.692811|
|         302|   -4.855997|   -1.540579|   -1.976883|    0.686755|
|         303|   -4.862757|   -1.546540|   -1.983107|    0.680680|
|         304|   -4.869538|   -1.552511|   -1.989351|    0.674583|
|         305|   -4.876337|   -1.558494|   -1.995620|    0.668462|
|         306|   -4.883156|   -1.564489|   -2.001916|    0.662317|
|         307|   -4.889991|   -1.570498|   -2.008238|    0.656149|
|         308|   -4.896839|   -1.576523|   -2.014585|    0.649959|
|         309|   -4.903696|   -1.582565|   -2.020955|    0.643750|
|         310|   -4.910554|   -1.588625|   -2.027345|    0.637526|
+-----------------------------------------------------------------------+
|        File Writing Summary       |              Filename             |
+-----------------------------------------------------------------------+
|SU2 binary restart                 |restart_flow.dat                   |

Writing the forces breakdown file (forces_breakdown.dat).
+-----------------------------------------------------------------------+
+----------------------------------------------------------------+
|  Inner_Iter|    rms[Rho]|   rms[RhoU]|   rms[RhoV]|   rms[RhoE]|
+----------------------------------------------------------------+
|         311|   -4.917411|   -1.594704|   -2.033751|    0.631288|
|         312|   -4.924259|   -1.600803|   -2.040173|    0.625042|
|         313|   -4.931094|   -1.606922|   -2.046608|    0.618790|
|         314|   -4.937914|   -1.613061|   -2.053056|    0.612533|
|         315|   -4.944720|   -1.619220|   -2.059517|    0.606273|
|         316|   -4.951512|   -1.625400|   -2.065992|    0.600007|
|         317|   -4.958297|   -1.631600|   -2.072482|    0.593734|
|         318|   -4.965081|   -1.637820|   -2.078988|    0.587449|
|         319|   -4.971871|   -1.644059|   -2.085514|    0.581148|
|         320|   -4.978676|   -1.650317|   -2.092060|    0.574825|
+-----------------------------------------------------------------------+
|        File Writing Summary       |              Filename             |
+-----------------------------------------------------------------------+
|SU2 binary restart                 |restart_flow.dat                   |

Writing the forces breakdown file (forces_breakdown.dat).
+-----------------------------------------------------------------------+
+----------------------------------------------------------------+
|  Inner_Iter|    rms[Rho]|   rms[RhoU]|   rms[RhoV]|   rms[RhoE]|
+----------------------------------------------------------------+
|         321|   -4.985502|   -1.656595|   -2.098628|    0.568476|
|         322|   -4.992356|   -1.662893|   -2.105219|    0.562097|
|         323|   -4.999237|   -1.669210|   -2.111835|    0.555689|
|         324|   -5.006145|   -1.675547|   -2.118475|    0.549250|
|         325|   -5.013077|   -1.681905|   -2.125139|    0.542784|
|         326|   -5.020026|   -1.688283|   -2.131826|    0.536291|
|         327|   -5.026984|   -1.694682|   -2.138535|    0.529778|
|         328|   -5.033945|   -1.701102|   -2.145266|    0.523248|
|         329|   -5.040901|   -1.707543|   -2.152016|    0.516705|
|         330|   -5.047848|   -1.714005|   -2.158784|    0.510152|
+-----------------------------------------------------------------------+
|        File Writing Summary       |              Filename             |
+-----------------------------------------------------------------------+
|SU2 binary restart                 |restart_flow.dat                   |

Writing the forces breakdown file (forces_breakdown.dat).
+-----------------------------------------------------------------------+
+----------------------------------------------------------------+
|  Inner_Iter|    rms[Rho]|   rms[RhoU]|   rms[RhoV]|   rms[RhoE]|
+----------------------------------------------------------------+
|         331|   -5.054784|   -1.720489|   -2.165569|    0.503592|
|         332|   -5.061709|   -1.726993|   -2.172369|    0.497024|
|         333|   -5.068626|   -1.733517|   -2.179185|    0.490448|
|         334|   -5.075540|   -1.740060|   -2.186016|    0.483862|
|         335|   -5.082456|   -1.746623|   -2.192861|    0.477263|
|         336|   -5.089381|   -1.753204|   -2.199722|    0.470648|
|         337|   -5.096320|   -1.759803|   -2.206598|    0.464014|
|         338|   -5.103278|   -1.766419|   -2.213490|    0.457358|
|         339|   -5.110258|   -1.773053|   -2.220399|    0.450678|
|         340|   -5.117261|   -1.779704|   -2.227326|    0.443975|
+-----------------------------------------------------------------------+
|        File Writing Summary       |              Filename             |
+-----------------------------------------------------------------------+
|SU2 binary restart                 |restart_flow.dat                   |

Writing the forces breakdown file (forces_breakdown.dat).
+-----------------------------------------------------------------------+
+----------------------------------------------------------------+
|  Inner_Iter|    rms[Rho]|   rms[RhoU]|   rms[RhoV]|   rms[RhoE]|
+----------------------------------------------------------------+
|         341|   -5.124284|   -1.786371|   -2.234270|    0.437247|
|         342|   -5.131326|   -1.793055|   -2.241232|    0.430498|
|         343|   -5.138383|   -1.799756|   -2.248211|    0.423728|
|         344|   -5.145448|   -1.806474|   -2.255207|    0.416940|
|         345|   -5.152518|   -1.813208|   -2.262219|    0.410139|
|         346|   -5.159587|   -1.819959|   -2.269245|    0.403326|
|         347|   -5.166655|   -1.826726|   -2.276285|    0.396503|
|         348|   -5.173718|   -1.833509|   -2.283338|    0.389672|
|         349|   -5.180777|   -1.840308|   -2.290402|    0.382834|
|         350|   -5.187833|   -1.847121|   -2.297476|    0.375987|
+-----------------------------------------------------------------------+
|        File Writing Summary       |              Filename             |
+-----------------------------------------------------------------------+
|SU2 binary restart                 |restart_flow.dat                   |

Writing the forces breakdown file (forces_breakdown.dat).
+-----------------------------------------------------------------------+
+----------------------------------------------------------------+
|  Inner_Iter|    rms[Rho]|   rms[RhoU]|   rms[RhoV]|   rms[RhoE]|
+----------------------------------------------------------------+
|         351|   -5.194889|   -1.853949|   -2.304560|    0.369132|
|         352|   -5.201948|   -1.860791|   -2.311653|    0.362266|
|         353|   -5.209015|   -1.867646|   -2.318755|    0.355389|
|         354|   -5.216092|   -1.874514|   -2.325866|    0.348498|
|         355|   -5.223182|   -1.881395|   -2.332986|    0.341592|
|         356|   -5.230287|   -1.888288|   -2.340115|    0.334671|
|         357|   -5.237408|   -1.895193|   -2.347254|    0.327733|
|         358|   -5.244543|   -1.902109|   -2.354403|    0.320780|
|         359|   -5.251691|   -1.909037|   -2.361562|    0.313812|
|         360|   -5.258849|   -1.915976|   -2.368731|    0.306831|
+-----------------------------------------------------------------------+
|        File Writing Summary       |              Filename             |
+-----------------------------------------------------------------------+
|SU2 binary restart                 |restart_flow.dat                   |

Writing the forces breakdown file (forces_breakdown.dat).
+-----------------------------------------------------------------------+
+----------------------------------------------------------------+
|  Inner_Iter|    rms[Rho]|   rms[RhoU]|   rms[RhoV]|   rms[RhoE]|
+----------------------------------------------------------------+
|         361|   -5.266014|   -1.922926|   -2.375909|    0.299837|
|         362|   -5.273185|   -1.929887|   -2.383097|    0.292833|
|         363|   -5.280357|   -1.936858|   -2.390292|    0.285821|
|         364|   -5.287529|   -1.943841|   -2.397495|    0.278802|
|         365|   -5.294699|   -1.950833|   -2.404704|    0.271776|
|         366|   -5.301869|   -1.957835|   -2.411919|    0.264745|
|         367|   -5.309038|   -1.964847|   -2.419138|    0.257708|
|         368|   -5.316208|   -1.971868|   -2.426361|    0.250665|
|         369|   -5.323381|   -1.978897|   -2.433588|    0.243616|
|         370|   -5.330558|   -1.985935|   -2.440817|    0.236560|
+-----------------------------------------------------------------------+
|        File Writing Summary       |              Filename             |
+-----------------------------------------------------------------------+
|SU2 binary restart                 |restart_flow.dat                   |

Writing the forces breakdown file (forces_breakdown.dat).
+-----------------------------------------------------------------------+
+----------------------------------------------------------------+
|  Inner_Iter|    rms[Rho]|   rms[RhoU]|   rms[RhoV]|   rms[RhoE]|
+----------------------------------------------------------------+
|         371|   -5.337742|   -1.992981|   -2.448050|    0.229495|
|         372|   -5.344933|   -2.000035|   -2.455286|    0.222422|
|         373|   -5.352134|   -2.007096|   -2.462526|    0.215340|
|         374|   -5.359343|   -2.014164|   -2.469770|    0.208248|
|         375|   -5.366560|   -2.021239|   -2.477017|    0.201147|
|         376|   -5.373785|   -2.028321|   -2.484269|    0.194038|
|         377|   -5.381017|   -2.035410|   -2.491525|    0.186921|
|         378|   -5.388253|   -2.042505|   -2.498784|    0.179797|
|         379|   -5.395492|   -2.049606|   -2.506048|    0.172666|
|         380|   -5.402733|   -2.056714|   -2.513314|    0.165530|
+-----------------------------------------------------------------------+
|        File Writing Summary       |              Filename             |
+-----------------------------------------------------------------------+
|SU2 binary restart                 |restart_flow.dat                   |

Writing the forces breakdown file (forces_breakdown.dat).
+-----------------------------------------------------------------------+
+----------------------------------------------------------------+
|  Inner_Iter|    rms[Rho]|   rms[RhoU]|   rms[RhoV]|   rms[RhoE]|
+----------------------------------------------------------------+
|         381|   -5.409975|   -2.063827|   -2.520583|    0.158390|
|         382|   -5.417217|   -2.070947|   -2.527854|    0.151245|
|         383|   -5.424459|   -2.078072|   -2.535126|    0.144098|
|         384|   -5.431701|   -2.085203|   -2.542399|    0.136946|
|         385|   -5.438943|   -2.092340|   -2.549673|    0.129792|
|         386|   -5.446186|   -2.099481|   -2.556947|    0.122634|
|         387|   -5.453431|   -2.106627|   -2.564222|    0.115472|
|         388|   -5.460680|   -2.113778|   -2.571496|    0.108306|
|         389|   -5.467931|   -2.120933|   -2.578771|    0.101135|
|         390|   -5.475187|   -2.128093|   -2.586046|    0.093960|
+-----------------------------------------------------------------------+
|        File Writing Summary       |              Filename             |
+-----------------------------------------------------------------------+
|SU2 binary restart                 |restart_flow.dat                   |

Writing the forces breakdown file (forces_breakdown.dat).
+-----------------------------------------------------------------------+
+----------------------------------------------------------------+
|  Inner_Iter|    rms[Rho]|   rms[RhoU]|   rms[RhoV]|   rms[RhoE]|
+----------------------------------------------------------------+
|         391|   -5.482448|   -2.135257|   -2.593323|    0.086779|
|         392|   -5.489712|   -2.142425|   -2.600600|    0.079593|
|         393|   -5.496981|   -2.149597|   -2.607878|    0.072403|
|         394|   -5.504254|   -2.156773|   -2.615158|    0.065208|
|         395|   -5.511529|   -2.163953|   -2.622438|    0.058009|
|         396|   -5.518807|   -2.171137|   -2.629720|    0.050806|
|         397|   -5.526086|   -2.178324|   -2.637003|    0.043599|
|         398|   -5.533366|   -2.185515|   -2.644286|    0.036390|
|         399|   -5.540647|   -2.192710|   -2.651569|    0.029177|
|         400|   -5.547927|   -2.199909|   -2.658853|    0.021963|
+-----------------------------------------------------------------------+
|        File Writing Summary       |              Filename             |
+-----------------------------------------------------------------------+
|SU2 binary restart                 |restart_flow.dat                   |

Writing the forces breakdown file (forces_breakdown.dat).
+-----------------------------------------------------------------------+
+----------------------------------------------------------------+
|  Inner_Iter|    rms[Rho]|   rms[RhoU]|   rms[RhoV]|   rms[RhoE]|
+----------------------------------------------------------------+
|         401|   -5.555207|   -2.207111|   -2.666136|    0.014746|
|         402|   -5.562487|   -2.214317|   -2.673420|    0.007527|
|         403|   -5.569767|   -2.221525|   -2.680702|    0.000306|
|         404|   -5.577048|   -2.228737|   -2.687985|   -0.006917|
|         405|   -5.584329|   -2.235953|   -2.695266|   -0.014142|
|         406|   -5.591611|   -2.243171|   -2.702548|   -0.021370|
|         407|   -5.598895|   -2.250392|   -2.709829|   -0.028601|
|         408|   -5.606181|   -2.257616|   -2.717111|   -0.035834|
|         409|   -5.613469|   -2.264844|   -2.724392|   -0.043071|
|         410|   -5.620759|   -2.272074|   -2.731674|   -0.050311|
+-----------------------------------------------------------------------+
|        File Writing Summary       |              Filename             |
+-----------------------------------------------------------------------+
|SU2 binary restart                 |restart_flow.dat                   |

Writing the forces breakdown file (forces_breakdown.dat).
+-----------------------------------------------------------------------+
+----------------------------------------------------------------+
|  Inner_Iter|    rms[Rho]|   rms[RhoU]|   rms[RhoV]|   rms[RhoE]|
+----------------------------------------------------------------+
|         411|   -5.628051|   -2.279306|   -2.738956|   -0.057554|
|         412|   -5.635345|   -2.286542|   -2.746239|   -0.064800|
|         413|   -5.642641|   -2.293780|   -2.753522|   -0.072048|
|         414|   -5.649937|   -2.301021|   -2.760806|   -0.079299|
|         415|   -5.657234|   -2.308265|   -2.768089|   -0.086553|
|         416|   -5.664530|   -2.315512|   -2.775374|   -0.093808|
|         417|   -5.671827|   -2.322761|   -2.782658|   -0.101065|
|         418|   -5.679123|   -2.330013|   -2.789942|   -0.108324|
|         419|   -5.686418|   -2.337268|   -2.797226|   -0.115585|
|         420|   -5.693713|   -2.344525|   -2.804510|   -0.122846|
+-----------------------------------------------------------------------+
|        File Writing Summary       |              Filename             |
+-----------------------------------------------------------------------+
|SU2 binary restart                 |restart_flow.dat                   |

Writing the forces breakdown file (forces_breakdown.dat).
+-----------------------------------------------------------------------+
+----------------------------------------------------------------+
|  Inner_Iter|    rms[Rho]|   rms[RhoU]|   rms[RhoV]|   rms[RhoE]|
+----------------------------------------------------------------+
|         421|   -5.701007|   -2.351785|   -2.811794|   -0.130110|
|         422|   -5.708301|   -2.359047|   -2.819078|   -0.137375|
|         423|   -5.715595|   -2.366312|   -2.826362|   -0.144641|
|         424|   -5.722890|   -2.373579|   -2.833645|   -0.151910|
|         425|   -5.730186|   -2.380848|   -2.840929|   -0.159181|
|         426|   -5.737482|   -2.388120|   -2.848213|   -0.166454|
|         427|   -5.744779|   -2.395394|   -2.855497|   -0.173729|
|         428|   -5.752078|   -2.402671|   -2.862782|   -0.181006|
|         429|   -5.759377|   -2.409949|   -2.870067|   -0.188286|
|         430|   -5.766677|   -2.417230|   -2.877353|   -0.195567|
+-----------------------------------------------------------------------+
|        File Writing Summary       |              Filename             |
+-----------------------------------------------------------------------+
|SU2 binary restart                 |restart_flow.dat                   |

Writing the forces breakdown file (forces_breakdown.dat).
+-----------------------------------------------------------------------+
+----------------------------------------------------------------+
|  Inner_Iter|    rms[Rho]|   rms[RhoU]|   rms[RhoV]|   rms[RhoE]|
+----------------------------------------------------------------+
|         431|   -5.773977|   -2.424513|   -2.884639|   -0.202851|
|         432|   -5.781278|   -2.431799|   -2.891926|   -0.210136|
|         433|   -5.788578|   -2.439086|   -2.899213|   -0.217423|
|         434|   -5.795878|   -2.446376|   -2.906500|   -0.224712|
|         435|   -5.803177|   -2.453667|   -2.913787|   -0.232001|
|         436|   -5.810475|   -2.460961|   -2.921075|   -0.239292|
|         437|   -5.817773|   -2.468257|   -2.928363|   -0.246584|
|         438|   -5.825070|   -2.475554|   -2.935651|   -0.253878|
|         439|   -5.832366|   -2.482854|   -2.942939|   -0.261172|
|         440|   -5.839662|   -2.490156|   -2.950227|   -0.268467|
+-----------------------------------------------------------------------+
|        File Writing Summary       |              Filename             |
+-----------------------------------------------------------------------+
|SU2 binary restart                 |restart_flow.dat                   |

Writing the forces breakdown file (forces_breakdown.dat).
+-----------------------------------------------------------------------+
+----------------------------------------------------------------+
|  Inner_Iter|    rms[Rho]|   rms[RhoU]|   rms[RhoV]|   rms[RhoE]|
+----------------------------------------------------------------+
|         441|   -5.846957|   -2.497459|   -2.957516|   -0.275764|
|         442|   -5.854253|   -2.504764|   -2.964804|   -0.283062|
|         443|   -5.861549|   -2.512071|   -2.972093|   -0.290362|
|         444|   -5.868845|   -2.519379|   -2.979382|   -0.297663|
|         445|   -5.876141|   -2.526689|   -2.986671|   -0.304966|
|         446|   -5.883438|   -2.534000|   -2.993961|   -0.312270|
|         447|   -5.890734|   -2.541313|   -3.001251|   -0.319575|
|         448|   -5.898031|   -2.548628|   -3.008541|   -0.326881|
|         449|   -5.905327|   -2.555943|   -3.015831|   -0.334189|
|         450|   -5.912623|   -2.563261|   -3.023122|   -0.341497|
+-----------------------------------------------------------------------+
|        File Writing Summary       |              Filename             |
+-----------------------------------------------------------------------+
|SU2 binary restart                 |restart_flow.dat                   |

Writing the forces breakdown file (forces_breakdown.dat).
+-----------------------------------------------------------------------+
+----------------------------------------------------------------+
|  Inner_Iter|    rms[Rho]|   rms[RhoU]|   rms[RhoV]|   rms[RhoE]|
+----------------------------------------------------------------+
|         451|   -5.919918|   -2.570579|   -3.030413|   -0.348807|
|         452|   -5.927212|   -2.577899|   -3.037703|   -0.356117|
|         453|   -5.934505|   -2.585220|   -3.044994|   -0.363428|
|         454|   -5.941798|   -2.592542|   -3.052285|   -0.370739|
|         455|   -5.949090|   -2.599865|   -3.059576|   -0.378051|
|         456|   -5.956380|   -2.607189|   -3.066867|   -0.385363|
|         457|   -5.963670|   -2.614514|   -3.074157|   -0.392676|
|         458|   -5.970960|   -2.621839|   -3.081447|   -0.399989|
|         459|   -5.978248|   -2.629166|   -3.088738|   -0.407302|
|         460|   -5.985537|   -2.636493|   -3.096028|   -0.414617|
+-----------------------------------------------------------------------+
|        File Writing Summary       |              Filename             |
+-----------------------------------------------------------------------+
|SU2 binary restart                 |restart_flow.dat                   |

Writing the forces breakdown file (forces_breakdown.dat).
+-----------------------------------------------------------------------+
+----------------------------------------------------------------+
|  Inner_Iter|    rms[Rho]|   rms[RhoU]|   rms[RhoV]|   rms[RhoE]|
+----------------------------------------------------------------+
|         461|   -5.992825|   -2.643821|   -3.103317|   -0.421931|
|         462|   -6.000112|   -2.651150|   -3.110607|   -0.429246|
|         463|   -6.007400|   -2.658479|   -3.117896|   -0.436562|
|         464|   -6.014686|   -2.665808|   -3.125185|   -0.443878|
|         465|   -6.021973|   -2.673138|   -3.132474|   -0.451194|
|         466|   -6.029258|   -2.680468|   -3.139763|   -0.458511|
|         467|   -6.036543|   -2.687799|   -3.147051|   -0.465827|
|         468|   -6.043827|   -2.695129|   -3.154339|   -0.473144|
|         469|   -6.051110|   -2.702460|   -3.161626|   -0.480460|
|         470|   -6.058392|   -2.709791|   -3.168913|   -0.487776|
+-----------------------------------------------------------------------+
|        File Writing Summary       |              Filename             |
+-----------------------------------------------------------------------+
|SU2 binary restart                 |restart_flow.dat                   |

Writing the forces breakdown file (forces_breakdown.dat).
+-----------------------------------------------------------------------+
+----------------------------------------------------------------+
|  Inner_Iter|    rms[Rho]|   rms[RhoU]|   rms[RhoV]|   rms[RhoE]|
+----------------------------------------------------------------+
|         471|   -6.065673|   -2.717122|   -3.176200|   -0.495092|
|         472|   -6.072952|   -2.724452|   -3.183486|   -0.502407|
|         473|   -6.080231|   -2.731783|   -3.190771|   -0.509722|
|         474|   -6.087508|   -2.739113|   -3.198055|   -0.517037|
|         475|   -6.094785|   -2.746443|   -3.205339|   -0.524351|
|         476|   -6.102061|   -2.753773|   -3.212622|   -0.531665|
|         477|   -6.109335|   -2.761102|   -3.219905|   -0.538978|
|         478|   -6.116609|   -2.768431|   -3.227186|   -0.546291|
|         479|   -6.123882|   -2.775759|   -3.234467|   -0.553603|
|         480|   -6.131155|   -2.783087|   -3.241747|   -0.560915|
+-----------------------------------------------------------------------+
|        File Writing Summary       |              Filename             |
+-----------------------------------------------------------------------+
|SU2 binary restart                 |restart_flow.dat                   |

Writing the forces breakdown file (forces_breakdown.dat).
+-----------------------------------------------------------------------+
+----------------------------------------------------------------+
|  Inner_Iter|    rms[Rho]|   rms[RhoU]|   rms[RhoV]|   rms[RhoE]|
+----------------------------------------------------------------+
|         481|   -6.138426|   -2.790414|   -3.249026|   -0.568226|
|         482|   -6.145697|   -2.797740|   -3.256304|   -0.575536|
|         483|   -6.152966|   -2.805065|   -3.263582|   -0.582846|
|         484|   -6.160235|   -2.812390|   -3.270858|   -0.590154|
|         485|   -6.167502|   -2.819713|   -3.278134|   -0.597462|
|         486|   -6.174769|   -2.827036|   -3.285409|   -0.604769|
|         487|   -6.182034|   -2.834358|   -3.292682|   -0.612075|
|         488|   -6.189298|   -2.841678|   -3.299955|   -0.619380|
|         489|   -6.196560|   -2.848998|   -3.307226|   -0.626683|
|         490|   -6.203822|   -2.856316|   -3.314496|   -0.633986|
+-----------------------------------------------------------------------+
|        File Writing Summary       |              Filename             |
+-----------------------------------------------------------------------+
|SU2 binary restart                 |restart_flow.dat                   |

Writing the forces breakdown file (forces_breakdown.dat).
+-----------------------------------------------------------------------+
+----------------------------------------------------------------+
|  Inner_Iter|    rms[Rho]|   rms[RhoU]|   rms[RhoV]|   rms[RhoE]|
+----------------------------------------------------------------+
|         491|   -6.211082|   -2.863633|   -3.321765|   -0.641287|
|         492|   -6.218341|   -2.870948|   -3.329033|   -0.648587|
|         493|   -6.225599|   -2.878263|   -3.336300|   -0.655885|
|         494|   -6.232856|   -2.885576|   -3.343565|   -0.663183|
|         495|   -6.240111|   -2.892887|   -3.350829|   -0.670479|
|         496|   -6.247366|   -2.900197|   -3.358092|   -0.677773|
|         497|   -6.254619|   -2.907506|   -3.365354|   -0.685067|
|         498|   -6.261872|   -2.914813|   -3.372615|   -0.692359|
|         499|   -6.269123|   -2.922118|   -3.379874|   -0.699649|
|         500|   -6.276373|   -2.929422|   -3.387132|   -0.706938|
+-----------------------------------------------------------------------+
|        File Writing Summary       |              Filename             |
+-----------------------------------------------------------------------+
|SU2 binary restart                 |restart_flow.dat                   |

Writing the forces breakdown file (forces_breakdown.dat).
|Paraview                           |flow.vtu                           |

Writing the forces breakdown file (forces_breakdown.dat).
|Paraview surface                   |surface_flow.vtu                   |

Writing the forces breakdown file (forces_breakdown.dat).
|CSV file                           |surface_flow.csv                   |

Writing the forces breakdown file (forces_breakdown.dat).
+-----------------------------------------------------------------------+
+----------------------------------------------------------------+
|  Inner_Iter|    rms[Rho]|   rms[RhoU]|   rms[RhoV]|   rms[RhoE]|
+----------------------------------------------------------------+
|         501|   -6.283622|   -2.936724|   -3.394388|   -0.714226|
|         502|   -6.290870|   -2.944025|   -3.401644|   -0.721512|
|         503|   -6.298117|   -2.951324|   -3.408898|   -0.728797|
|         504|   -6.305362|   -2.958621|   -3.416150|   -0.736080|
|         505|   -6.312606|   -2.965916|   -3.423401|   -0.743361|
|         506|   -6.319849|   -2.973209|   -3.430651|   -0.750641|
|         507|   -6.327091|   -2.980501|   -3.437900|   -0.757919|
|         508|   -6.334331|   -2.987791|   -3.445147|   -0.765195|
|         509|   -6.341570|   -2.995078|   -3.452393|   -0.772470|
|         510|   -6.348808|   -3.002364|   -3.459637|   -0.779743|
+-----------------------------------------------------------------------+
|        File Writing Summary       |              Filename             |
+-----------------------------------------------------------------------+
|SU2 binary restart                 |restart_flow.dat                   |

Writing the forces breakdown file (forces_breakdown.dat).
+-----------------------------------------------------------------------+
+----------------------------------------------------------------+
|  Inner_Iter|    rms[Rho]|   rms[RhoU]|   rms[RhoV]|   rms[RhoE]|
+----------------------------------------------------------------+
|         511|   -6.356045|   -3.009648|   -3.466880|   -0.787014|
|         512|   -6.363281|   -3.016931|   -3.474122|   -0.794284|
|         513|   -6.370515|   -3.024211|   -3.481362|   -0.801551|
|         514|   -6.377749|   -3.031489|   -3.488600|   -0.808817|
|         515|   -6.384981|   -3.038765|   -3.495838|   -0.816082|
|         516|   -6.392212|   -3.046040|   -3.503074|   -0.823344|
|         517|   -6.399443|   -3.053312|   -3.510308|   -0.830605|
|         518|   -6.406672|   -3.060582|   -3.517542|   -0.837865|
|         519|   -6.413900|   -3.067851|   -3.524774|   -0.845122|
|         520|   -6.421127|   -3.075117|   -3.532004|   -0.852378|
+-----------------------------------------------------------------------+
|        File Writing Summary       |              Filename             |
+-----------------------------------------------------------------------+
|SU2 binary restart                 |restart_flow.dat                   |

Writing the forces breakdown file (forces_breakdown.dat).
+-----------------------------------------------------------------------+
+----------------------------------------------------------------+
|  Inner_Iter|    rms[Rho]|   rms[RhoU]|   rms[RhoV]|   rms[RhoE]|
+----------------------------------------------------------------+
|         521|   -6.428353|   -3.082382|   -3.539234|   -0.859632|
|         522|   -6.435577|   -3.089644|   -3.546462|   -0.866884|
|         523|   -6.442801|   -3.096905|   -3.553688|   -0.874135|
|         524|   -6.450024|   -3.104163|   -3.560914|   -0.881384|
|         525|   -6.457245|   -3.111420|   -3.568138|   -0.888631|
|         526|   -6.464465|   -3.118674|   -3.575361|   -0.895876|
|         527|   -6.471685|   -3.125927|   -3.582582|   -0.903120|
|         528|   -6.478903|   -3.133178|   -3.589802|   -0.910361|
|         529|   -6.486120|   -3.140427|   -3.597021|   -0.917602|
|         530|   -6.493337|   -3.147674|   -3.604239|   -0.924840|
+-----------------------------------------------------------------------+
|        File Writing Summary       |              Filename             |
+-----------------------------------------------------------------------+
|SU2 binary restart                 |restart_flow.dat                   |

Writing the forces breakdown file (forces_breakdown.dat).
+-----------------------------------------------------------------------+
+----------------------------------------------------------------+
|  Inner_Iter|    rms[Rho]|   rms[RhoU]|   rms[RhoV]|   rms[RhoE]|
+----------------------------------------------------------------+
|         531|   -6.500552|   -3.154919|   -3.611456|   -0.932077|
|         532|   -6.507767|   -3.162162|   -3.618671|   -0.939312|
|         533|   -6.514980|   -3.169403|   -3.625885|   -0.946546|
|         534|   -6.522193|   -3.176642|   -3.633099|   -0.953778|
|         535|   -6.529405|   -3.183880|   -3.640311|   -0.961009|
|         536|   -6.536616|   -3.191116|   -3.647522|   -0.968238|
|         537|   -6.543827|   -3.198350|   -3.654732|   -0.975465|
|         538|   -6.551036|   -3.205582|   -3.661940|   -0.982691|
|         539|   -6.558244|   -3.212812|   -3.669148|   -0.989916|
|         540|   -6.565452|   -3.220041|   -3.676355|   -0.997139|
+-----------------------------------------------------------------------+
|        File Writing Summary       |              Filename             |
+-----------------------------------------------------------------------+
|SU2 binary restart                 |restart_flow.dat                   |

Writing the forces breakdown file (forces_breakdown.dat).
+-----------------------------------------------------------------------+
+----------------------------------------------------------------+
|  Inner_Iter|    rms[Rho]|   rms[RhoU]|   rms[RhoV]|   rms[RhoE]|
+----------------------------------------------------------------+
|         541|   -6.572659|   -3.227268|   -3.683561|   -1.004360|
|         542|   -6.579865|   -3.234494|   -3.690766|   -1.011580|
|         543|   -6.587071|   -3.241717|   -3.697970|   -1.018799|
|         544|   -6.594275|   -3.248940|   -3.705173|   -1.026016|
|         545|   -6.601479|   -3.256160|   -3.712375|   -1.033232|
|         546|   -6.608682|   -3.263379|   -3.719576|   -1.040446|
|         547|   -6.615885|   -3.270597|   -3.726777|   -1.047660|
|         548|   -6.623087|   -3.277813|   -3.733976|   -1.054872|
|         549|   -6.630288|   -3.285027|   -3.741175|   -1.062082|
|         550|   -6.637489|   -3.292240|   -3.748373|   -1.069292|
+-----------------------------------------------------------------------+
|        File Writing Summary       |              Filename             |
+-----------------------------------------------------------------------+
|SU2 binary restart                 |restart_flow.dat                   |

Writing the forces breakdown file (forces_breakdown.dat).
+-----------------------------------------------------------------------+
+----------------------------------------------------------------+
|  Inner_Iter|    rms[Rho]|   rms[RhoU]|   rms[RhoV]|   rms[RhoE]|
+----------------------------------------------------------------+
|         551|   -6.644689|   -3.299452|   -3.755571|   -1.076500|
|         552|   -6.651889|   -3.306662|   -3.762767|   -1.083707|
|         553|   -6.659088|   -3.313871|   -3.769963|   -1.090913|
|         554|   -6.666286|   -3.321078|   -3.777159|   -1.098118|
|         555|   -6.673484|   -3.328285|   -3.784354|   -1.105322|
|         556|   -6.680682|   -3.335490|   -3.791548|   -1.112524|
|         557|   -6.687879|   -3.342693|   -3.798741|   -1.119726|
|         558|   -6.695075|   -3.349896|   -3.805934|   -1.126927|
|         559|   -6.702271|   -3.357098|   -3.813127|   -1.134126|
|         560|   -6.709467|   -3.364298|   -3.820319|   -1.141325|
+-----------------------------------------------------------------------+
|        File Writing Summary       |              Filename             |
+-----------------------------------------------------------------------+
|SU2 binary restart                 |restart_flow.dat                   |

Writing the forces breakdown file (forces_breakdown.dat).
+-----------------------------------------------------------------------+
+----------------------------------------------------------------+
|  Inner_Iter|    rms[Rho]|   rms[RhoU]|   rms[RhoV]|   rms[RhoE]|
+----------------------------------------------------------------+
|         561|   -6.716662|   -3.371497|   -3.827510|   -1.148523|
|         562|   -6.723857|   -3.378695|   -3.834701|   -1.155720|
|         563|   -6.731052|   -3.385892|   -3.841892|   -1.162916|
|         564|   -6.738246|   -3.393088|   -3.849082|   -1.170111|
|         565|   -6.745440|   -3.400284|   -3.856272|   -1.177306|
|         566|   -6.752633|   -3.407478|   -3.863462|   -1.184499|
|         567|   -6.759827|   -3.414671|   -3.870651|   -1.191692|
|         568|   -6.767020|   -3.421864|   -3.877840|   -1.198884|
|         569|   -6.774213|   -3.429055|   -3.885029|   -1.206076|
|         570|   -6.781405|   -3.436246|   -3.892217|   -1.213267|
+-----------------------------------------------------------------------+
|        File Writing Summary       |              Filename             |
+-----------------------------------------------------------------------+
|SU2 binary restart                 |restart_flow.dat                   |

Writing the forces breakdown file (forces_breakdown.dat).
+-----------------------------------------------------------------------+
+----------------------------------------------------------------+
|  Inner_Iter|    rms[Rho]|   rms[RhoU]|   rms[RhoV]|   rms[RhoE]|
+----------------------------------------------------------------+
|         571|   -6.788598|   -3.443436|   -3.899405|   -1.220457|
|         572|   -6.795790|   -3.450625|   -3.906593|   -1.227647|
|         573|   -6.802982|   -3.457814|   -3.913781|   -1.234836|
|         574|   -6.810174|   -3.465002|   -3.920968|   -1.242025|
|         575|   -6.817365|   -3.472189|   -3.928156|   -1.249213|
|         576|   -6.824557|   -3.479376|   -3.935343|   -1.256400|
|         577|   -6.831748|   -3.486562|   -3.942530|   -1.263587|
|         578|   -6.838940|   -3.493747|   -3.949717|   -1.270774|
|         579|   -6.846131|   -3.500932|   -3.956905|   -1.277960|
|         580|   -6.853322|   -3.508116|   -3.964092|   -1.285146|
+-----------------------------------------------------------------------+
|        File Writing Summary       |              Filename             |
+-----------------------------------------------------------------------+
|SU2 binary restart                 |restart_flow.dat                   |

Writing the forces breakdown file (forces_breakdown.dat).
+-----------------------------------------------------------------------+
+----------------------------------------------------------------+
|  Inner_Iter|    rms[Rho]|   rms[RhoU]|   rms[RhoV]|   rms[RhoE]|
+----------------------------------------------------------------+
|         581|   -6.860514|   -3.515300|   -3.971279|   -1.292332|
|         582|   -6.867705|   -3.522484|   -3.978466|   -1.299517|
|         583|   -6.874896|   -3.529667|   -3.985653|   -1.306702|
|         584|   -6.882087|   -3.536850|   -3.992840|   -1.313886|
|         585|   -6.889278|   -3.544032|   -4.000027|   -1.321071|
|         586|   -6.896469|   -3.551214|   -4.007214|   -1.328255|
|         587|   -6.903661|   -3.558395|   -4.014401|   -1.335439|
|         588|   -6.910852|   -3.565577|   -4.021588|   -1.342622|
|         589|   -6.918043|   -3.572758|   -4.028776|   -1.349806|
|         590|   -6.925235|   -3.579939|   -4.035963|   -1.356989|
+-----------------------------------------------------------------------+
|        File Writing Summary       |              Filename             |
+-----------------------------------------------------------------------+
|SU2 binary restart                 |restart_flow.dat                   |

Writing the forces breakdown file (forces_breakdown.dat).
+-----------------------------------------------------------------------+
+----------------------------------------------------------------+
|  Inner_Iter|    rms[Rho]|   rms[RhoU]|   rms[RhoV]|   rms[RhoE]|
+----------------------------------------------------------------+
|         591|   -6.932426|   -3.587119|   -4.043151|   -1.364172|
|         592|   -6.939618|   -3.594300|   -4.050339|   -1.371355|
|         593|   -6.946810|   -3.601480|   -4.057527|   -1.378538|
|         594|   -6.954001|   -3.608660|   -4.064715|   -1.385721|
|         595|   -6.961193|   -3.615840|   -4.071904|   -1.392904|
|         596|   -6.968386|   -3.623020|   -4.079092|   -1.400087|
|         597|   -6.975578|   -3.630200|   -4.086281|   -1.407270|
|         598|   -6.982770|   -3.637380|   -4.093470|   -1.414453|
|         599|   -6.989963|   -3.644559|   -4.100659|   -1.421635|
|         600|   -6.997156|   -3.651739|   -4.107849|   -1.428818|
+-----------------------------------------------------------------------+
|        File Writing Summary       |              Filename             |
+-----------------------------------------------------------------------+
|SU2 binary restart                 |restart_flow.dat                   |

Writing the forces breakdown file (forces_breakdown.dat).
+-----------------------------------------------------------------------+
+----------------------------------------------------------------+
|  Inner_Iter|    rms[Rho]|   rms[RhoU]|   rms[RhoV]|   rms[RhoE]|
+----------------------------------------------------------------+
|         601|   -7.004349|   -3.658919|   -4.115038|   -1.436001|
|         602|   -7.011542|   -3.666098|   -4.122229|   -1.443184|
|         603|   -7.018735|   -3.673278|   -4.129419|   -1.450367|
|         604|   -7.025929|   -3.680458|   -4.136609|   -1.457551|
|         605|   -7.033123|   -3.687638|   -4.143800|   -1.464734|
|         606|   -7.040317|   -3.694818|   -4.150992|   -1.471917|
|         607|   -7.047512|   -3.701998|   -4.158183|   -1.479101|
|         608|   -7.054706|   -3.709178|   -4.165375|   -1.486285|
|         609|   -7.061901|   -3.716358|   -4.172567|   -1.493469|
|         610|   -7.069096|   -3.723539|   -4.179760|   -1.500653|
+-----------------------------------------------------------------------+
|        File Writing Summary       |              Filename             |
+-----------------------------------------------------------------------+
|SU2 binary restart                 |restart_flow.dat                   |

Writing the forces breakdown file (forces_breakdown.dat).
+-----------------------------------------------------------------------+
+----------------------------------------------------------------+
|  Inner_Iter|    rms[Rho]|   rms[RhoU]|   rms[RhoV]|   rms[RhoE]|
+----------------------------------------------------------------+
|         611|   -7.076292|   -3.730719|   -4.186952|   -1.507837|
|         612|   -7.083487|   -3.737900|   -4.194146|   -1.515022|
|         613|   -7.090683|   -3.745081|   -4.201339|   -1.522206|
|         614|   -7.097880|   -3.752262|   -4.208533|   -1.529392|
|         615|   -7.105076|   -3.759444|   -4.215727|   -1.536577|
|         616|   -7.112273|   -3.766625|   -4.222922|   -1.543762|
|         617|   -7.119470|   -3.773807|   -4.230117|   -1.550948|
|         618|   -7.126668|   -3.780989|   -4.237312|   -1.558134|
|         619|   -7.133866|   -3.788172|   -4.244508|   -1.565320|
|         620|   -7.141064|   -3.795354|   -4.251704|   -1.572507|
+-----------------------------------------------------------------------+
|        File Writing Summary       |              Filename             |
+-----------------------------------------------------------------------+
|SU2 binary restart                 |restart_flow.dat                   |

Writing the forces breakdown file (forces_breakdown.dat).
+-----------------------------------------------------------------------+
+----------------------------------------------------------------+
|  Inner_Iter|    rms[Rho]|   rms[RhoU]|   rms[RhoV]|   rms[RhoE]|
+----------------------------------------------------------------+
|         621|   -7.148262|   -3.802538|   -4.258900|   -1.579694|
|         622|   -7.155461|   -3.809721|   -4.266097|   -1.586881|
|         623|   -7.162660|   -3.816904|   -4.273295|   -1.594069|
|         624|   -7.169860|   -3.824088|   -4.280492|   -1.601257|
|         625|   -7.177059|   -3.831273|   -4.287690|   -1.608445|
|         626|   -7.184259|   -3.838457|   -4.294889|   -1.615634|
|         627|   -7.191460|   -3.845642|   -4.302087|   -1.622823|
|         628|   -7.198661|   -3.852828|   -4.309287|   -1.630012|
|         629|   -7.205862|   -3.860013|   -4.316486|   -1.637202|
|         630|   -7.213063|   -3.867200|   -4.323686|   -1.644392|
+-----------------------------------------------------------------------+
|        File Writing Summary       |              Filename             |
+-----------------------------------------------------------------------+
|SU2 binary restart                 |restart_flow.dat                   |

Writing the forces breakdown file (forces_breakdown.dat).
+-----------------------------------------------------------------------+
+----------------------------------------------------------------+
|  Inner_Iter|    rms[Rho]|   rms[RhoU]|   rms[RhoV]|   rms[RhoE]|
+----------------------------------------------------------------+
|         631|   -7.220265|   -3.874386|   -4.330887|   -1.651582|
|         632|   -7.227467|   -3.881573|   -4.338087|   -1.658773|
|         633|   -7.234670|   -3.888760|   -4.345289|   -1.665964|
|         634|   -7.241873|   -3.895948|   -4.352490|   -1.673156|
|         635|   -7.249076|   -3.903136|   -4.359692|   -1.680348|
|         636|   -7.256280|   -3.910325|   -4.366895|   -1.687540|
|         637|   -7.263484|   -3.917514|   -4.374097|   -1.694733|
|         638|   -7.270688|   -3.924703|   -4.381301|   -1.701926|
|         639|   -7.277892|   -3.931893|   -4.388504|   -1.709120|
|         640|   -7.285097|   -3.939083|   -4.395708|   -1.716314|
+-----------------------------------------------------------------------+
|        File Writing Summary       |              Filename             |
+-----------------------------------------------------------------------+
|SU2 binary restart                 |restart_flow.dat                   |

Writing the forces breakdown file (forces_breakdown.dat).
+-----------------------------------------------------------------------+
+----------------------------------------------------------------+
|  Inner_Iter|    rms[Rho]|   rms[RhoU]|   rms[RhoV]|   rms[RhoE]|
+----------------------------------------------------------------+
|         641|   -7.292303|   -3.946274|   -4.402913|   -1.723509|
|         642|   -7.299509|   -3.953465|   -4.410117|   -1.730704|
|         643|   -7.306715|   -3.960656|   -4.417323|   -1.737899|
|         644|   -7.313921|   -3.967848|   -4.424528|   -1.745095|
|         645|   -7.321128|   -3.975041|   -4.431734|   -1.752291|
|         646|   -7.328335|   -3.982234|   -4.438941|   -1.759488|
|         647|   -7.335542|   -3.989427|   -4.446147|   -1.766685|
|         648|   -7.342750|   -3.996621|   -4.453354|   -1.773882|
|         649|   -7.349958|   -4.003815|   -4.460562|   -1.781080|
|         650|   -7.357167|   -4.011010|   -4.467770|   -1.788279|
+-----------------------------------------------------------------------+
|        File Writing Summary       |              Filename             |
+-----------------------------------------------------------------------+
|SU2 binary restart                 |restart_flow.dat                   |

Writing the forces breakdown file (forces_breakdown.dat).
+-----------------------------------------------------------------------+
+----------------------------------------------------------------+
|  Inner_Iter|    rms[Rho]|   rms[RhoU]|   rms[RhoV]|   rms[RhoE]|
+----------------------------------------------------------------+
|         651|   -7.364376|   -4.018206|   -4.474978|   -1.795477|
|         652|   -7.371585|   -4.025401|   -4.482187|   -1.802677|
|         653|   -7.378794|   -4.032598|   -4.489396|   -1.809876|
|         654|   -7.386004|   -4.039794|   -4.496605|   -1.817077|
|         655|   -7.393215|   -4.046992|   -4.503815|   -1.824277|
|         656|   -7.400425|   -4.054189|   -4.511025|   -1.831478|
|         657|   -7.407636|   -4.061388|   -4.518235|   -1.838680|
|         658|   -7.414847|   -4.068586|   -4.525446|   -1.845882|
|         659|   -7.422059|   -4.075785|   -4.532657|   -1.853084|
|         660|   -7.429271|   -4.082985|   -4.539869|   -1.860287|
+-----------------------------------------------------------------------+
|        File Writing Summary       |              Filename             |
+-----------------------------------------------------------------------+
|SU2 binary restart                 |restart_flow.dat                   |

Writing the forces breakdown file (forces_breakdown.dat).
+-----------------------------------------------------------------------+
+----------------------------------------------------------------+
|  Inner_Iter|    rms[Rho]|   rms[RhoU]|   rms[RhoV]|   rms[RhoE]|
+----------------------------------------------------------------+
|         661|   -7.436483|   -4.090185|   -4.547081|   -1.867490|
|         662|   -7.443695|   -4.097386|   -4.554293|   -1.874694|
|         663|   -7.450908|   -4.104587|   -4.561505|   -1.881898|
|         664|   -7.458121|   -4.111788|   -4.568718|   -1.889103|
|         665|   -7.465335|   -4.118990|   -4.575932|   -1.896308|
|         666|   -7.472548|   -4.126193|   -4.583145|   -1.903514|
|         667|   -7.479762|   -4.133396|   -4.590359|   -1.910720|
|         668|   -7.486977|   -4.140599|   -4.597573|   -1.917926|
|         669|   -7.494191|   -4.147803|   -4.604788|   -1.925133|
|         670|   -7.501406|   -4.155008|   -4.612003|   -1.932340|
+-----------------------------------------------------------------------+
|        File Writing Summary       |              Filename             |
+-----------------------------------------------------------------------+
|SU2 binary restart                 |restart_flow.dat                   |

Writing the forces breakdown file (forces_breakdown.dat).
+-----------------------------------------------------------------------+
+----------------------------------------------------------------+
|  Inner_Iter|    rms[Rho]|   rms[RhoU]|   rms[RhoV]|   rms[RhoE]|
+----------------------------------------------------------------+
|         671|   -7.508621|   -4.162213|   -4.619218|   -1.939548|
|         672|   -7.515837|   -4.169418|   -4.626433|   -1.946756|
|         673|   -7.523053|   -4.176624|   -4.633649|   -1.953964|
|         674|   -7.530269|   -4.183830|   -4.640865|   -1.961173|
|         675|   -7.537485|   -4.191037|   -4.648081|   -1.968382|
|         676|   -7.544702|   -4.198244|   -4.655298|   -1.975592|
|         677|   -7.551919|   -4.205452|   -4.662515|   -1.982802|
|         678|   -7.559136|   -4.212660|   -4.669732|   -1.990013|
|         679|   -7.566353|   -4.219869|   -4.676950|   -1.997224|
|         680|   -7.573571|   -4.227078|   -4.684168|   -2.004435|
+-----------------------------------------------------------------------+
|        File Writing Summary       |              Filename             |
+-----------------------------------------------------------------------+
|SU2 binary restart                 |restart_flow.dat                   |

Writing the forces breakdown file (forces_breakdown.dat).
+-----------------------------------------------------------------------+
+----------------------------------------------------------------+
|  Inner_Iter|    rms[Rho]|   rms[RhoU]|   rms[RhoV]|   rms[RhoE]|
+----------------------------------------------------------------+
|         681|   -7.580789|   -4.234287|   -4.691386|   -2.011647|
|         682|   -7.588007|   -4.241497|   -4.698604|   -2.018859|
|         683|   -7.595225|   -4.248708|   -4.705823|   -2.026072|
|         684|   -7.602444|   -4.255919|   -4.713041|   -2.033284|
|         685|   -7.609663|   -4.263130|   -4.720261|   -2.040498|
|         686|   -7.616882|   -4.270342|   -4.727480|   -2.047711|
|         687|   -7.624101|   -4.277554|   -4.734700|   -2.054926|
|         688|   -7.631321|   -4.284766|   -4.741919|   -2.062140|
|         689|   -7.638541|   -4.291979|   -4.749139|   -2.069355|
|         690|   -7.645761|   -4.299193|   -4.756360|   -2.076570|
+-----------------------------------------------------------------------+
|        File Writing Summary       |              Filename             |
+-----------------------------------------------------------------------+
|SU2 binary restart                 |restart_flow.dat                   |

Writing the forces breakdown file (forces_breakdown.dat).
+-----------------------------------------------------------------------+
+----------------------------------------------------------------+
|  Inner_Iter|    rms[Rho]|   rms[RhoU]|   rms[RhoV]|   rms[RhoE]|
+----------------------------------------------------------------+
|         691|   -7.652981|   -4.306406|   -4.763580|   -2.083785|
|         692|   -7.660201|   -4.313621|   -4.770801|   -2.091001|
|         693|   -7.667422|   -4.320835|   -4.778022|   -2.098217|
|         694|   -7.674643|   -4.328050|   -4.785243|   -2.105434|
|         695|   -7.681864|   -4.335265|   -4.792465|   -2.112651|
|         696|   -7.689085|   -4.342481|   -4.799686|   -2.119868|
|         697|   -7.696306|   -4.349697|   -4.806908|   -2.127086|
|         698|   -7.703528|   -4.356914|   -4.814130|   -2.134303|
|         699|   -7.710750|   -4.364131|   -4.821352|   -2.141522|
|         700|   -7.717972|   -4.371348|   -4.828575|   -2.148740|
+-----------------------------------------------------------------------+
|        File Writing Summary       |              Filename             |
+-----------------------------------------------------------------------+
|SU2 binary restart                 |restart_flow.dat                   |

Writing the forces breakdown file (forces_breakdown.dat).
+-----------------------------------------------------------------------+
+----------------------------------------------------------------+
|  Inner_Iter|    rms[Rho]|   rms[RhoU]|   rms[RhoV]|   rms[RhoE]|
+----------------------------------------------------------------+
|         701|   -7.725194|   -4.378565|   -4.835797|   -2.155959|
|         702|   -7.732416|   -4.385783|   -4.843020|   -2.163178|
|         703|   -7.739638|   -4.393002|   -4.850243|   -2.170398|
|         704|   -7.746861|   -4.400220|   -4.857466|   -2.177617|
|         705|   -7.754084|   -4.407439|   -4.864689|   -2.184837|
|         706|   -7.761307|   -4.414659|   -4.871913|   -2.192057|
|         707|   -7.768529|   -4.421878|   -4.879136|   -2.199278|
|         708|   -7.775753|   -4.429098|   -4.886360|   -2.206499|
|         709|   -7.782976|   -4.436318|   -4.893584|   -2.213720|
|         710|   -7.790199|   -4.443539|   -4.900808|   -2.220941|
+-----------------------------------------------------------------------+
|        File Writing Summary       |              Filename             |
+-----------------------------------------------------------------------+
|SU2 binary restart                 |restart_flow.dat                   |

Writing the forces breakdown file (forces_breakdown.dat).
+-----------------------------------------------------------------------+
+----------------------------------------------------------------+
|  Inner_Iter|    rms[Rho]|   rms[RhoU]|   rms[RhoV]|   rms[RhoE]|
+----------------------------------------------------------------+
|         711|   -7.797423|   -4.450760|   -4.908032|   -2.228163|
|         712|   -7.804646|   -4.457981|   -4.915256|   -2.235385|
|         713|   -7.811870|   -4.465202|   -4.922481|   -2.242607|
|         714|   -7.819094|   -4.472424|   -4.929705|   -2.249829|
|         715|   -7.826318|   -4.479646|   -4.936930|   -2.257051|
|         716|   -7.833542|   -4.486868|   -4.944155|   -2.264274|
|         717|   -7.840766|   -4.494091|   -4.951380|   -2.271497|
|         718|   -7.847991|   -4.501313|   -4.958605|   -2.278720|
|         719|   -7.855215|   -4.508536|   -4.965830|   -2.285944|
|         720|   -7.862440|   -4.515760|   -4.973055|   -2.293168|
+-----------------------------------------------------------------------+
|        File Writing Summary       |              Filename             |
+-----------------------------------------------------------------------+
|SU2 binary restart                 |restart_flow.dat                   |

Writing the forces breakdown file (forces_breakdown.dat).
+-----------------------------------------------------------------------+
+----------------------------------------------------------------+
|  Inner_Iter|    rms[Rho]|   rms[RhoU]|   rms[RhoV]|   rms[RhoE]|
+----------------------------------------------------------------+
|         721|   -7.869664|   -4.522983|   -4.980280|   -2.300391|
|         722|   -7.876889|   -4.530207|   -4.987505|   -2.307615|
|         723|   -7.884113|   -4.537431|   -4.994731|   -2.314839|
|         724|   -7.891338|   -4.544655|   -5.001956|   -2.322064|
|         725|   -7.898563|   -4.551879|   -5.009182|   -2.329288|
|         726|   -7.905788|   -4.559104|   -5.016408|   -2.336513|
|         727|   -7.913013|   -4.566329|   -5.023633|   -2.343738|
|         728|   -7.920238|   -4.573554|   -5.030859|   -2.350963|
|         729|   -7.927463|   -4.580779|   -5.038085|   -2.358188|
|         730|   -7.934688|   -4.588004|   -5.045311|   -2.365413|
+-----------------------------------------------------------------------+
|        File Writing Summary       |              Filename             |
+-----------------------------------------------------------------------+
|SU2 binary restart                 |restart_flow.dat                   |

Writing the forces breakdown file (forces_breakdown.dat).
+-----------------------------------------------------------------------+
+----------------------------------------------------------------+
|  Inner_Iter|    rms[Rho]|   rms[RhoU]|   rms[RhoV]|   rms[RhoE]|
+----------------------------------------------------------------+
|         731|   -7.941913|   -4.595230|   -5.052537|   -2.372639|
|         732|   -7.949138|   -4.602455|   -5.059763|   -2.379865|
|         733|   -7.956364|   -4.609681|   -5.066989|   -2.387090|
|         734|   -7.963589|   -4.616907|   -5.074215|   -2.394316|
|         735|   -7.970814|   -4.624134|   -5.081441|   -2.401542|
|         736|   -7.978039|   -4.631360|   -5.088667|   -2.408768|
|         737|   -7.985265|   -4.638586|   -5.095893|   -2.415995|
|         738|   -7.992490|   -4.645813|   -5.103119|   -2.423221|
|         739|   -7.999716|   -4.653040|   -5.110346|   -2.430447|
|         740|   -8.006941|   -4.660266|   -5.117572|   -2.437674|
+-----------------------------------------------------------------------+
|        File Writing Summary       |              Filename             |
+-----------------------------------------------------------------------+
|SU2 binary restart                 |restart_flow.dat                   |

Writing the forces breakdown file (forces_breakdown.dat).
+-----------------------------------------------------------------------+
+----------------------------------------------------------------+
|  Inner_Iter|    rms[Rho]|   rms[RhoU]|   rms[RhoV]|   rms[RhoE]|
+----------------------------------------------------------------+
|         741|   -8.014166|   -4.667493|   -5.124798|   -2.444900|
|         742|   -8.021392|   -4.674720|   -5.132024|   -2.452127|
|         743|   -8.028617|   -4.681948|   -5.139251|   -2.459354|
|         744|   -8.035843|   -4.689175|   -5.146477|   -2.466581|
|         745|   -8.043068|   -4.696402|   -5.153703|   -2.473807|
|         746|   -8.050294|   -4.703630|   -5.160929|   -2.481034|
|         747|   -8.057519|   -4.710857|   -5.168155|   -2.488261|
|         748|   -8.064744|   -4.718085|   -5.175382|   -2.495488|
|         749|   -8.071970|   -4.725312|   -5.182608|   -2.502715|
|         750|   -8.079195|   -4.732540|   -5.189834|   -2.509943|
+-----------------------------------------------------------------------+
|        File Writing Summary       |              Filename             |
+-----------------------------------------------------------------------+
|SU2 binary restart                 |restart_flow.dat                   |

Writing the forces breakdown file (forces_breakdown.dat).
|Paraview                           |flow.vtu                           |

Writing the forces breakdown file (forces_breakdown.dat).
|Paraview surface                   |surface_flow.vtu                   |

Writing the forces breakdown file (forces_breakdown.dat).
|CSV file                           |surface_flow.csv                   |

Writing the forces breakdown file (forces_breakdown.dat).
+-----------------------------------------------------------------------+
+----------------------------------------------------------------+
|  Inner_Iter|    rms[Rho]|   rms[RhoU]|   rms[RhoV]|   rms[RhoE]|
+----------------------------------------------------------------+
|         751|   -8.086420|   -4.739768|   -5.197060|   -2.517170|
|         752|   -8.093646|   -4.746996|   -5.204286|   -2.524397|
|         753|   -8.100871|   -4.754224|   -5.211512|   -2.531624|
|         754|   -8.108096|   -4.761452|   -5.218738|   -2.538851|
|         755|   -8.115322|   -4.768680|   -5.225964|   -2.546079|
|         756|   -8.122547|   -4.775908|   -5.233190|   -2.553306|
|         757|   -8.129772|   -4.783136|   -5.240416|   -2.560534|
|         758|   -8.136997|   -4.790364|   -5.247642|   -2.567761|
|         759|   -8.144222|   -4.797592|   -5.254868|   -2.574988|
|         760|   -8.151447|   -4.804820|   -5.262094|   -2.582215|
+-----------------------------------------------------------------------+
|        File Writing Summary       |              Filename             |
+-----------------------------------------------------------------------+
|SU2 binary restart                 |restart_flow.dat                   |

Writing the forces breakdown file (forces_breakdown.dat).
+-----------------------------------------------------------------------+
+----------------------------------------------------------------+
|  Inner_Iter|    rms[Rho]|   rms[RhoU]|   rms[RhoV]|   rms[RhoE]|
+----------------------------------------------------------------+
|         761|   -8.158673|   -4.812048|   -5.269320|   -2.589443|
|         762|   -8.165898|   -4.819276|   -5.276545|   -2.596670|
|         763|   -8.173122|   -4.826504|   -5.283771|   -2.603897|
|         764|   -8.180347|   -4.833732|   -5.290997|   -2.611125|
|         765|   -8.187572|   -4.840960|   -5.298222|   -2.618352|
|         766|   -8.194797|   -4.848189|   -5.305448|   -2.625579|
|         767|   -8.202022|   -4.855417|   -5.312673|   -2.632807|
|         768|   -8.209247|   -4.862645|   -5.319899|   -2.640034|
|         769|   -8.216471|   -4.869873|   -5.327124|   -2.647261|
|         770|   -8.223696|   -4.877101|   -5.334349|   -2.654488|
+-----------------------------------------------------------------------+
|        File Writing Summary       |              Filename             |
+-----------------------------------------------------------------------+
|SU2 binary restart                 |restart_flow.dat                   |

Writing the forces breakdown file (forces_breakdown.dat).
+-----------------------------------------------------------------------+
+----------------------------------------------------------------+
|  Inner_Iter|    rms[Rho]|   rms[RhoU]|   rms[RhoV]|   rms[RhoE]|
+----------------------------------------------------------------+
|         771|   -8.230920|   -4.884329|   -5.341574|   -2.661715|
|         772|   -8.238145|   -4.891557|   -5.348799|   -2.668942|
|         773|   -8.245369|   -4.898785|   -5.356024|   -2.676169|
|         774|   -8.252594|   -4.906012|   -5.363249|   -2.683396|
|         775|   -8.259818|   -4.913240|   -5.370474|   -2.690623|
|         776|   -8.267042|   -4.920468|   -5.377699|   -2.697850|
|         777|   -8.274266|   -4.927696|   -5.384924|   -2.705077|
|         778|   -8.281490|   -4.934923|   -5.392148|   -2.712303|
|         779|   -8.288714|   -4.942151|   -5.399373|   -2.719530|
|         780|   -8.295938|   -4.949378|   -5.406597|   -2.726757|
+-----------------------------------------------------------------------+
|        File Writing Summary       |              Filename             |
+-----------------------------------------------------------------------+
|SU2 binary restart                 |restart_flow.dat                   |

Writing the forces breakdown file (forces_breakdown.dat).
+-----------------------------------------------------------------------+
+----------------------------------------------------------------+
|  Inner_Iter|    rms[Rho]|   rms[RhoU]|   rms[RhoV]|   rms[RhoE]|
+----------------------------------------------------------------+
|         781|   -8.303162|   -4.956606|   -5.413822|   -2.733983|
|         782|   -8.310386|   -4.963833|   -5.421046|   -2.741210|
|         783|   -8.317609|   -4.971061|   -5.428270|   -2.748436|
|         784|   -8.324833|   -4.978288|   -5.435495|   -2.755662|
|         785|   -8.332056|   -4.985515|   -5.442719|   -2.762888|
|         786|   -8.339280|   -4.992742|   -5.449943|   -2.770115|
|         787|   -8.346503|   -4.999969|   -5.457166|   -2.777341|
|         788|   -8.353727|   -5.007196|   -5.464390|   -2.784567|
|         789|   -8.360950|   -5.014423|   -5.471614|   -2.791793|
|         790|   -8.368173|   -5.021650|   -5.478838|   -2.799018|
+-----------------------------------------------------------------------+
|        File Writing Summary       |              Filename             |
+-----------------------------------------------------------------------+
|SU2 binary restart                 |restart_flow.dat                   |

Writing the forces breakdown file (forces_breakdown.dat).
+-----------------------------------------------------------------------+
+----------------------------------------------------------------+
|  Inner_Iter|    rms[Rho]|   rms[RhoU]|   rms[RhoV]|   rms[RhoE]|
+----------------------------------------------------------------+
|         791|   -8.375396|   -5.028876|   -5.486061|   -2.806244|
|         792|   -8.382619|   -5.036103|   -5.493285|   -2.813470|
|         793|   -8.389842|   -5.043329|   -5.500508|   -2.820695|
|         794|   -8.397065|   -5.050556|   -5.507731|   -2.827921|
|         795|   -8.404288|   -5.057782|   -5.514954|   -2.835146|
|         796|   -8.411511|   -5.065008|   -5.522177|   -2.842372|
|         797|   -8.418733|   -5.072234|   -5.529401|   -2.849597|
|         798|   -8.425956|   -5.079460|   -5.536623|   -2.856822|
|         799|   -8.433178|   -5.086686|   -5.543846|   -2.864047|
|         800|   -8.440401|   -5.093912|   -5.551069|   -2.871272|
+-----------------------------------------------------------------------+
|        File Writing Summary       |              Filename             |
+-----------------------------------------------------------------------+
|SU2 binary restart                 |restart_flow.dat                   |

Writing the forces breakdown file (forces_breakdown.dat).
+-----------------------------------------------------------------------+
+----------------------------------------------------------------+
|  Inner_Iter|    rms[Rho]|   rms[RhoU]|   rms[RhoV]|   rms[RhoE]|
+----------------------------------------------------------------+
|         801|   -8.447623|   -5.101138|   -5.558292|   -2.878496|
|         802|   -8.454845|   -5.108363|   -5.565514|   -2.885721|
|         803|   -8.462067|   -5.115589|   -5.572737|   -2.892946|
|         804|   -8.469290|   -5.122814|   -5.579959|   -2.900170|
|         805|   -8.476511|   -5.130040|   -5.587181|   -2.907395|
|         806|   -8.483733|   -5.137265|   -5.594403|   -2.914619|
|         807|   -8.490955|   -5.144490|   -5.601626|   -2.921843|
|         808|   -8.498177|   -5.151715|   -5.608848|   -2.929067|
|         809|   -8.505398|   -5.158939|   -5.616069|   -2.936291|
|         810|   -8.512620|   -5.166164|   -5.623291|   -2.943515|
+-----------------------------------------------------------------------+
|        File Writing Summary       |              Filename             |
+-----------------------------------------------------------------------+
|SU2 binary restart                 |restart_flow.dat                   |

Writing the forces breakdown file (forces_breakdown.dat).
+-----------------------------------------------------------------------+
+----------------------------------------------------------------+
|  Inner_Iter|    rms[Rho]|   rms[RhoU]|   rms[RhoV]|   rms[RhoE]|
+----------------------------------------------------------------+
|         811|   -8.519842|   -5.173389|   -5.630513|   -2.950739|
|         812|   -8.527063|   -5.180613|   -5.637735|   -2.957963|
|         813|   -8.534284|   -5.187838|   -5.644956|   -2.965186|
|         814|   -8.541506|   -5.195062|   -5.652178|   -2.972410|
|         815|   -8.548727|   -5.202286|   -5.659399|   -2.979633|
|         816|   -8.555948|   -5.209510|   -5.666620|   -2.986857|
|         817|   -8.563169|   -5.216734|   -5.673842|   -2.994080|
|         818|   -8.570390|   -5.223958|   -5.681063|   -3.001303|
|         819|   -8.577611|   -5.231181|   -5.688284|   -3.008526|
|         820|   -8.584832|   -5.238405|   -5.695505|   -3.015748|
+-----------------------------------------------------------------------+
|        File Writing Summary       |              Filename             |
+-----------------------------------------------------------------------+
|SU2 binary restart                 |restart_flow.dat                   |

Writing the forces breakdown file (forces_breakdown.dat).
+-----------------------------------------------------------------------+
+----------------------------------------------------------------+
|  Inner_Iter|    rms[Rho]|   rms[RhoU]|   rms[RhoV]|   rms[RhoE]|
+----------------------------------------------------------------+
|         821|   -8.592053|   -5.245628|   -5.702726|   -3.022971|
|         822|   -8.599274|   -5.252852|   -5.709946|   -3.030194|
|         823|   -8.606494|   -5.260075|   -5.717167|   -3.037416|
|         824|   -8.613715|   -5.267298|   -5.724388|   -3.044639|
|         825|   -8.620935|   -5.274521|   -5.731608|   -3.051861|
|         826|   -8.628155|   -5.281744|   -5.738829|   -3.059083|
|         827|   -8.635376|   -5.288967|   -5.746049|   -3.066305|
|         828|   -8.642596|   -5.296189|   -5.753270|   -3.073527|
|         829|   -8.649816|   -5.303412|   -5.760490|   -3.080749|
|         830|   -8.657036|   -5.310634|   -5.767710|   -3.087971|
+-----------------------------------------------------------------------+
|        File Writing Summary       |              Filename             |
+-----------------------------------------------------------------------+
|SU2 binary restart                 |restart_flow.dat                   |

Writing the forces breakdown file (forces_breakdown.dat).
+-----------------------------------------------------------------------+
+----------------------------------------------------------------+
|  Inner_Iter|    rms[Rho]|   rms[RhoU]|   rms[RhoV]|   rms[RhoE]|
+----------------------------------------------------------------+
|         831|   -8.664256|   -5.317856|   -5.774930|   -3.095193|
|         832|   -8.671477|   -5.325079|   -5.782150|   -3.102415|
|         833|   -8.678697|   -5.332301|   -5.789370|   -3.109636|
|         834|   -8.685916|   -5.339523|   -5.796590|   -3.116857|
|         835|   -8.693136|   -5.346745|   -5.803810|   -3.124079|
|         836|   -8.700356|   -5.353966|   -5.811030|   -3.131300|
|         837|   -8.707576|   -5.361188|   -5.818249|   -3.138521|
|         838|   -8.714795|   -5.368410|   -5.825469|   -3.145742|
|         839|   -8.722015|   -5.375631|   -5.832688|   -3.152963|
|         840|   -8.729234|   -5.382852|   -5.839908|   -3.160184|
+-----------------------------------------------------------------------+
|        File Writing Summary       |              Filename             |
+-----------------------------------------------------------------------+
|SU2 binary restart                 |restart_flow.dat                   |

Writing the forces breakdown file (forces_breakdown.dat).
+-----------------------------------------------------------------------+
+----------------------------------------------------------------+
|  Inner_Iter|    rms[Rho]|   rms[RhoU]|   rms[RhoV]|   rms[RhoE]|
+----------------------------------------------------------------+
|         841|   -8.736454|   -5.390074|   -5.847127|   -3.167405|
|         842|   -8.743673|   -5.397295|   -5.854347|   -3.174626|
|         843|   -8.750893|   -5.404516|   -5.861566|   -3.181846|
|         844|   -8.758112|   -5.411737|   -5.868785|   -3.189066|
|         845|   -8.765331|   -5.418958|   -5.876005|   -3.196287|
|         846|   -8.772551|   -5.426178|   -5.883224|   -3.203507|
|         847|   -8.779770|   -5.433399|   -5.890443|   -3.210728|
|         848|   -8.786989|   -5.440620|   -5.897662|   -3.217948|
|         849|   -8.794208|   -5.447840|   -5.904881|   -3.225168|
|         850|   -8.801427|   -5.455060|   -5.912100|   -3.232388|
+-----------------------------------------------------------------------+
|        File Writing Summary       |              Filename             |
+-----------------------------------------------------------------------+
|SU2 binary restart                 |restart_flow.dat                   |

Writing the forces breakdown file (forces_breakdown.dat).
+-----------------------------------------------------------------------+
+----------------------------------------------------------------+
|  Inner_Iter|    rms[Rho]|   rms[RhoU]|   rms[RhoV]|   rms[RhoE]|
+----------------------------------------------------------------+
|         851|   -8.808646|   -5.462281|   -5.919319|   -3.239608|
|         852|   -8.815865|   -5.469501|   -5.926538|   -3.246827|
|         853|   -8.823083|   -5.476721|   -5.933756|   -3.254047|
|         854|   -8.830302|   -5.483941|   -5.940975|   -3.261267|
|         855|   -8.837522|   -5.491161|   -5.948193|   -3.268487|
|         856|   -8.844740|   -5.498381|   -5.955412|   -3.275706|
|         857|   -8.851958|   -5.505600|   -5.962631|   -3.282925|
|         858|   -8.859178|   -5.512820|   -5.969850|   -3.290145|
|         859|   -8.866396|   -5.520040|   -5.977068|   -3.297364|
|         860|   -8.873614|   -5.527259|   -5.984286|   -3.304583|
+-----------------------------------------------------------------------+
|        File Writing Summary       |              Filename             |
+-----------------------------------------------------------------------+
|SU2 binary restart                 |restart_flow.dat                   |

Writing the forces breakdown file (forces_breakdown.dat).
+-----------------------------------------------------------------------+
+----------------------------------------------------------------+
|  Inner_Iter|    rms[Rho]|   rms[RhoU]|   rms[RhoV]|   rms[RhoE]|
+----------------------------------------------------------------+
|         861|   -8.880833|   -5.534479|   -5.991505|   -3.311803|
|         862|   -8.888051|   -5.541698|   -5.998723|   -3.319021|
|         863|   -8.895269|   -5.548917|   -6.005942|   -3.326240|
|         864|   -8.902489|   -5.556137|   -6.013160|   -3.333460|
|         865|   -8.909707|   -5.563356|   -6.020378|   -3.340679|
|         866|   -8.916926|   -5.570575|   -6.027596|   -3.347898|
|         867|   -8.924144|   -5.577794|   -6.034815|   -3.355117|
|         868|   -8.931362|   -5.585013|   -6.042033|   -3.362335|
|         869|   -8.938581|   -5.592232|   -6.049251|   -3.369554|
|         870|   -8.945798|   -5.599450|   -6.056470|   -3.376772|
+-----------------------------------------------------------------------+
|        File Writing Summary       |              Filename             |
+-----------------------------------------------------------------------+
|SU2 binary restart                 |restart_flow.dat                   |

Writing the forces breakdown file (forces_breakdown.dat).
+-----------------------------------------------------------------------+
+----------------------------------------------------------------+
|  Inner_Iter|    rms[Rho]|   rms[RhoU]|   rms[RhoV]|   rms[RhoE]|
+----------------------------------------------------------------+
|         871|   -8.953017|   -5.606669|   -6.063687|   -3.383991|
|         872|   -8.960236|   -5.613888|   -6.070905|   -3.391210|
|         873|   -8.967454|   -5.621106|   -6.078123|   -3.398429|
|         874|   -8.974672|   -5.628325|   -6.085342|   -3.405647|
|         875|   -8.981891|   -5.635543|   -6.092560|   -3.412866|
|         876|   -8.989108|   -5.642762|   -6.099778|   -3.420084|
|         877|   -8.996326|   -5.649980|   -6.106996|   -3.427302|
|         878|   -9.003545|   -5.657198|   -6.114214|   -3.434520|
|         879|   -9.010763|   -5.664417|   -6.121432|   -3.441738|
|         880|   -9.017981|   -5.671635|   -6.128649|   -3.448957|
+-----------------------------------------------------------------------+
|        File Writing Summary       |              Filename             |
+-----------------------------------------------------------------------+
|SU2 binary restart                 |restart_flow.dat                   |

Writing the forces breakdown file (forces_breakdown.dat).
+-----------------------------------------------------------------------+
+----------------------------------------------------------------+
|  Inner_Iter|    rms[Rho]|   rms[RhoU]|   rms[RhoV]|   rms[RhoE]|
+----------------------------------------------------------------+
|         881|   -9.025199|   -5.678853|   -6.135868|   -3.456175|
|         882|   -9.032417|   -5.686071|   -6.143085|   -3.463393|
|         883|   -9.039635|   -5.693289|   -6.150303|   -3.470611|
|         884|   -9.046854|   -5.700508|   -6.157521|   -3.477829|
|         885|   -9.054072|   -5.707725|   -6.164739|   -3.485047|
|         886|   -9.061290|   -5.714943|   -6.171957|   -3.492265|
|         887|   -9.068508|   -5.722161|   -6.179175|   -3.499484|
|         888|   -9.075724|   -5.729379|   -6.186393|   -3.506700|
|         889|   -9.082942|   -5.736597|   -6.193610|   -3.513918|
|         890|   -9.090161|   -5.743815|   -6.200828|   -3.521136|
+-----------------------------------------------------------------------+
|        File Writing Summary       |              Filename             |
+-----------------------------------------------------------------------+
|SU2 binary restart                 |restart_flow.dat                   |

Writing the forces breakdown file (forces_breakdown.dat).
+-----------------------------------------------------------------------+
+----------------------------------------------------------------+
|  Inner_Iter|    rms[Rho]|   rms[RhoU]|   rms[RhoV]|   rms[RhoE]|
+----------------------------------------------------------------+
|         891|   -9.097380|   -5.751033|   -6.208046|   -3.528355|
|         892|   -9.104598|   -5.758250|   -6.215263|   -3.535573|
|         893|   -9.111815|   -5.765468|   -6.222482|   -3.542790|
|         894|   -9.119033|   -5.772686|   -6.229699|   -3.550008|
|         895|   -9.126251|   -5.779903|   -6.236917|   -3.557225|
|         896|   -9.133469|   -5.787121|   -6.244135|   -3.564443|
|         897|   -9.140688|   -5.794339|   -6.251353|   -3.571661|
|         898|   -9.147905|   -5.801556|   -6.258571|   -3.578878|
|         899|   -9.155124|   -5.808774|   -6.265788|   -3.586096|
|         900|   -9.162342|   -5.815991|   -6.273006|   -3.593314|
+-----------------------------------------------------------------------+
|        File Writing Summary       |              Filename             |
+-----------------------------------------------------------------------+
|SU2 binary restart                 |restart_flow.dat                   |

Writing the forces breakdown file (forces_breakdown.dat).
+-----------------------------------------------------------------------+
+----------------------------------------------------------------+
|  Inner_Iter|    rms[Rho]|   rms[RhoU]|   rms[RhoV]|   rms[RhoE]|
+----------------------------------------------------------------+
|         901|   -9.169560|   -5.823209|   -6.280224|   -3.600532|
|         902|   -9.176778|   -5.830426|   -6.287442|   -3.607749|
|         903|   -9.183995|   -5.837644|   -6.294660|   -3.614967|
|         904|   -9.191212|   -5.844861|   -6.301878|   -3.622184|
|         905|   -9.198431|   -5.852079|   -6.309095|   -3.629401|
|         906|   -9.205649|   -5.859296|   -6.316313|   -3.636620|
|         907|   -9.212867|   -5.866514|   -6.323531|   -3.643837|
|         908|   -9.220085|   -5.873731|   -6.330748|   -3.651055|
|         909|   -9.227303|   -5.880948|   -6.337967|   -3.658272|
|         910|   -9.234520|   -5.888166|   -6.345184|   -3.665490|
+-----------------------------------------------------------------------+
|        File Writing Summary       |              Filename             |
+-----------------------------------------------------------------------+
|SU2 binary restart                 |restart_flow.dat                   |

Writing the forces breakdown file (forces_breakdown.dat).
+-----------------------------------------------------------------------+
+----------------------------------------------------------------+
|  Inner_Iter|    rms[Rho]|   rms[RhoU]|   rms[RhoV]|   rms[RhoE]|
+----------------------------------------------------------------+
|         911|   -9.241739|   -5.895383|   -6.352402|   -3.672707|
|         912|   -9.248956|   -5.902600|   -6.359620|   -3.679924|
|         913|   -9.256174|   -5.909818|   -6.366837|   -3.687141|
|         914|   -9.263392|   -5.917035|   -6.374055|   -3.694359|
|         915|   -9.270612|   -5.924253|   -6.381273|   -3.701577|
|         916|   -9.277829|   -5.931470|   -6.388491|   -3.708795|
|         917|   -9.285049|   -5.938687|   -6.395709|   -3.716013|
|         918|   -9.292267|   -5.945905|   -6.402927|   -3.723231|
|         919|   -9.299486|   -5.953122|   -6.410146|   -3.730449|
|         920|   -9.306700|   -5.960339|   -6.417364|   -3.737664|
+-----------------------------------------------------------------------+
|        File Writing Summary       |              Filename             |
+-----------------------------------------------------------------------+
|SU2 binary restart                 |restart_flow.dat                   |

Writing the forces breakdown file (forces_breakdown.dat).
+-----------------------------------------------------------------------+
+----------------------------------------------------------------+
|  Inner_Iter|    rms[Rho]|   rms[RhoU]|   rms[RhoV]|   rms[RhoE]|
+----------------------------------------------------------------+
|         921|   -9.313917|   -5.967557|   -6.424581|   -3.744881|
|         922|   -9.321135|   -5.974774|   -6.431799|   -3.752099|
|         923|   -9.328354|   -5.981991|   -6.439017|   -3.759316|
|         924|   -9.335572|   -5.989209|   -6.446235|   -3.766534|
|         925|   -9.342792|   -5.996426|   -6.453452|   -3.773752|
|         926|   -9.350012|   -6.003644|   -6.460669|   -3.780971|
|         927|   -9.357228|   -6.010861|   -6.467889|   -3.788187|
|         928|   -9.364449|   -6.018078|   -6.475106|   -3.795407|
|         929|   -9.371663|   -6.025296|   -6.482325|   -3.802622|
|         930|   -9.378883|   -6.032513|   -6.489544|   -3.809840|
+-----------------------------------------------------------------------+
|        File Writing Summary       |              Filename             |
+-----------------------------------------------------------------------+
|SU2 binary restart                 |restart_flow.dat                   |

Writing the forces breakdown file (forces_breakdown.dat).
+-----------------------------------------------------------------------+
+----------------------------------------------------------------+
|  Inner_Iter|    rms[Rho]|   rms[RhoU]|   rms[RhoV]|   rms[RhoE]|
+----------------------------------------------------------------+
|         931|   -9.386101|   -6.039730|   -6.496761|   -3.817058|
|         932|   -9.393321|   -6.046948|   -6.503980|   -3.824276|
|         933|   -9.400538|   -6.054165|   -6.511198|   -3.831494|
|         934|   -9.407755|   -6.061383|   -6.518416|   -3.838711|
|         935|   -9.414973|   -6.068600|   -6.525634|   -3.845928|
|         936|   -9.422190|   -6.075818|   -6.532851|   -3.853145|
|         937|   -9.429411|   -6.083035|   -6.540070|   -3.860364|
|         938|   -9.436630|   -6.090253|   -6.547288|   -3.867583|
|         939|   -9.443850|   -6.097470|   -6.554506|   -3.874801|
|         940|   -9.451066|   -6.104688|   -6.561725|   -3.882017|
+-----------------------------------------------------------------------+
|        File Writing Summary       |              Filename             |
+-----------------------------------------------------------------------+
|SU2 binary restart                 |restart_flow.dat                   |

Writing the forces breakdown file (forces_breakdown.dat).
+-----------------------------------------------------------------------+
+----------------------------------------------------------------+
|  Inner_Iter|    rms[Rho]|   rms[RhoU]|   rms[RhoV]|   rms[RhoE]|
+----------------------------------------------------------------+
|         941|   -9.458286|   -6.111905|   -6.568943|   -3.889237|
|         942|   -9.465505|   -6.119123|   -6.576162|   -3.896455|
|         943|   -9.472724|   -6.126341|   -6.583380|   -3.903673|
|         944|   -9.479941|   -6.133558|   -6.590599|   -3.910889|
|         945|   -9.487157|   -6.140776|   -6.597818|   -3.918104|
|         946|   -9.494377|   -6.147994|   -6.605035|   -3.925325|
|         947|   -9.501596|   -6.155211|   -6.612254|   -3.932542|
|         948|   -9.508813|   -6.162429|   -6.619473|   -3.939759|
|         949|   -9.516032|   -6.169647|   -6.626691|   -3.946978|
|         950|   -9.523253|   -6.176865|   -6.633909|   -3.954199|
+-----------------------------------------------------------------------+
|        File Writing Summary       |              Filename             |
+-----------------------------------------------------------------------+
|SU2 binary restart                 |restart_flow.dat                   |

Writing the forces breakdown file (forces_breakdown.dat).
+-----------------------------------------------------------------------+
+----------------------------------------------------------------+
|  Inner_Iter|    rms[Rho]|   rms[RhoU]|   rms[RhoV]|   rms[RhoE]|
+----------------------------------------------------------------+
|         951|   -9.530468|   -6.184082|   -6.641129|   -3.961414|
|         952|   -9.537688|   -6.191300|   -6.648346|   -3.968633|
|         953|   -9.544908|   -6.198518|   -6.655565|   -3.975851|
|         954|   -9.552127|   -6.205736|   -6.662782|   -3.983069|
|         955|   -9.559342|   -6.212954|   -6.670002|   -3.990286|
|         956|   -9.566563|   -6.220171|   -6.677219|   -3.997504|
|         957|   -9.573781|   -6.227389|   -6.684440|   -4.004723|
|         958|   -9.580999|   -6.234607|   -6.691657|   -4.011939|
|         959|   -9.588220|   -6.241825|   -6.698876|   -4.019158|
|         960|   -9.595441|   -6.249043|   -6.706095|   -4.026378|
+-----------------------------------------------------------------------+
|        File Writing Summary       |              Filename             |
+-----------------------------------------------------------------------+
|SU2 binary restart                 |restart_flow.dat                   |

Writing the forces breakdown file (forces_breakdown.dat).
+-----------------------------------------------------------------------+
+----------------------------------------------------------------+
|  Inner_Iter|    rms[Rho]|   rms[RhoU]|   rms[RhoV]|   rms[RhoE]|
+----------------------------------------------------------------+
|         961|   -9.602660|   -6.256262|   -6.713313|   -4.033597|
|         962|   -9.609877|   -6.263480|   -6.720533|   -4.040814|
|         963|   -9.617098|   -6.270698|   -6.727752|   -4.048035|
|         964|   -9.624315|   -6.277916|   -6.734971|   -4.055252|
|         965|   -9.631533|   -6.285134|   -6.742190|   -4.062467|
|         966|   -9.638753|   -6.292352|   -6.749408|   -4.069687|
|         967|   -9.645976|   -6.299570|   -6.756627|   -4.076909|
|         968|   -9.653189|   -6.306788|   -6.763846|   -4.084124|
|         969|   -9.660406|   -6.314007|   -6.771066|   -4.091340|
|         970|   -9.667625|   -6.321225|   -6.778285|   -4.098559|
+-----------------------------------------------------------------------+
|        File Writing Summary       |              Filename             |
+-----------------------------------------------------------------------+
|SU2 binary restart                 |restart_flow.dat                   |

Writing the forces breakdown file (forces_breakdown.dat).
+-----------------------------------------------------------------------+
+----------------------------------------------------------------+
|  Inner_Iter|    rms[Rho]|   rms[RhoU]|   rms[RhoV]|   rms[RhoE]|
+----------------------------------------------------------------+
|         971|   -9.674845|   -6.328443|   -6.785502|   -4.105780|
|         972|   -9.682062|   -6.335662|   -6.792721|   -4.112996|
|         973|   -9.689279|   -6.342880|   -6.799940|   -4.120213|
|         974|   -9.696504|   -6.350098|   -6.807157|   -4.127434|
|         975|   -9.703721|   -6.357316|   -6.814379|   -4.134653|
|         976|   -9.710939|   -6.364534|   -6.821598|   -4.141871|
|         977|   -9.718157|   -6.371753|   -6.828816|   -4.149089|
|         978|   -9.725379|   -6.378971|   -6.836036|   -4.156310|
|         979|   -9.732596|   -6.386190|   -6.843254|   -4.163525|
|         980|   -9.739816|   -6.393409|   -6.850472|   -4.170744|
+-----------------------------------------------------------------------+
|        File Writing Summary       |              Filename             |
+-----------------------------------------------------------------------+
|SU2 binary restart                 |restart_flow.dat                   |

Writing the forces breakdown file (forces_breakdown.dat).
+-----------------------------------------------------------------------+
+----------------------------------------------------------------+
|  Inner_Iter|    rms[Rho]|   rms[RhoU]|   rms[RhoV]|   rms[RhoE]|
+----------------------------------------------------------------+
|         981|   -9.747041|   -6.400627|   -6.857691|   -4.177967|
|         982|   -9.754254|   -6.407846|   -6.864912|   -4.185184|
|         983|   -9.761476|   -6.415064|   -6.872131|   -4.192404|
|         984|   -9.768691|   -6.422282|   -6.879350|   -4.199619|
|         985|   -9.775908|   -6.429501|   -6.886571|   -4.206838|
|         986|   -9.783128|   -6.436720|   -6.893787|   -4.214058|
|         987|   -9.790347|   -6.443939|   -6.901007|   -4.221275|
|         988|   -9.797568|   -6.451157|   -6.908226|   -4.228494|
|         989|   -9.804787|   -6.458376|   -6.915445|   -4.235713|
|         990|   -9.812011|   -6.465595|   -6.922665|   -4.242937|
+-----------------------------------------------------------------------+
|        File Writing Summary       |              Filename             |
+-----------------------------------------------------------------------+
|SU2 binary restart                 |restart_flow.dat                   |

Writing the forces breakdown file (forces_breakdown.dat).
+-----------------------------------------------------------------------+
+----------------------------------------------------------------+
|  Inner_Iter|    rms[Rho]|   rms[RhoU]|   rms[RhoV]|   rms[RhoE]|
+----------------------------------------------------------------+
|         991|   -9.819227|   -6.472814|   -6.929884|   -4.250154|
|         992|   -9.826446|   -6.480033|   -6.937105|   -4.257374|
|         993|   -9.833665|   -6.487251|   -6.944322|   -4.264589|
|         994|   -9.840881|   -6.494471|   -6.951542|   -4.271806|
|         995|   -9.848108|   -6.501689|   -6.958763|   -4.279032|
|         996|   -9.855330|   -6.508908|   -6.965983|   -4.286252|
|         997|   -9.862540|   -6.516127|   -6.973203|   -4.293462|
|         998|   -9.869759|   -6.523347|   -6.980420|   -4.300682|
|         999|   -9.876984|   -6.530565|   -6.987639|   -4.307906|
|        1000|   -9.884201|   -6.537785|   -6.994859|   -4.315126|
+-----------------------------------------------------------------------+
|        File Writing Summary       |              Filename             |
+-----------------------------------------------------------------------+
|SU2 binary restart                 |restart_flow.dat                   |

Writing the forces breakdown file (forces_breakdown.dat).
|Paraview                           |flow.vtu                           |

Writing the forces breakdown file (forces_breakdown.dat).
|Paraview surface                   |surface_flow.vtu                   |

Writing the forces breakdown file (forces_breakdown.dat).
|CSV file                           |surface_flow.csv                   |

Writing the forces breakdown file (forces_breakdown.dat).
+-----------------------------------------------------------------------+
+----------------------------------------------------------------+
|  Inner_Iter|    rms[Rho]|   rms[RhoU]|   rms[RhoV]|   rms[RhoE]|
+----------------------------------------------------------------+
|        1001|   -9.891423|   -6.545004|   -7.002078|   -4.322345|
|        1002|   -9.898637|   -6.552223|   -7.009299|   -4.329561|
|        1003|   -9.905859|   -6.559442|   -7.016516|   -4.336779|
|        1004|   -9.913087|   -6.566661|   -7.023733|   -4.344002|
|        1005|   -9.920302|   -6.573880|   -7.030953|   -4.351221|
|        1006|   -9.927528|   -6.581099|   -7.038176|   -4.358446|
|        1007|   -9.934732|   -6.588318|   -7.045397|   -4.365654|
|        1008|   -9.941950|   -6.595537|   -7.052614|   -4.372869|
|        1009|   -9.949185|   -6.602757|   -7.059831|   -4.380102|
|        1010|   -9.956401|   -6.609976|   -7.067053|   -4.387320|
+-----------------------------------------------------------------------+
|        File Writing Summary       |              Filename             |
+-----------------------------------------------------------------------+
|SU2 binary restart                 |restart_flow.dat                   |

Writing the forces breakdown file (forces_breakdown.dat).
+-----------------------------------------------------------------------+
+----------------------------------------------------------------+
|  Inner_Iter|    rms[Rho]|   rms[RhoU]|   rms[RhoV]|   rms[RhoE]|
+----------------------------------------------------------------+
|        1011|   -9.963617|   -6.617195|   -7.074277|   -4.394537|
|        1012|   -9.970837|   -6.624414|   -7.081496|   -4.401758|
|        1013|   -9.978051|   -6.631634|   -7.088715|   -4.408974|
|        1014|   -9.985275|   -6.638853|   -7.095929|   -4.416197|
|        1015|   -9.992496|   -6.646072|   -7.103151|   -4.423416|
|        1016|   -9.999713|   -6.653291|   -7.110372|   -4.430633|
|        1017|  -10.006930|   -6.660511|   -7.117590|   -4.437850|
|        1018|  -10.014156|   -6.667731|   -7.124811|   -4.445074|
|        1019|  -10.021372|   -6.674950|   -7.132030|   -4.452293|
|        1020|  -10.028585|   -6.682170|   -7.139253|   -4.459506|
+-----------------------------------------------------------------------+
|        File Writing Summary       |              Filename             |
+-----------------------------------------------------------------------+
|SU2 binary restart                 |restart_flow.dat                   |

Writing the forces breakdown file (forces_breakdown.dat).
+-----------------------------------------------------------------------+
+----------------------------------------------------------------+
|  Inner_Iter|    rms[Rho]|   rms[RhoU]|   rms[RhoV]|   rms[RhoE]|
+----------------------------------------------------------------+
|        1021|  -10.035815|   -6.689389|   -7.146470|   -4.466731|
|        1022|  -10.043031|   -6.696608|   -7.153690|   -4.473945|
|        1023|  -10.050259|   -6.703827|   -7.160905|   -4.481169|
|        1024|  -10.057473|   -6.711046|   -7.168127|   -4.488385|
|        1025|  -10.064689|   -6.718267|   -7.175346|   -4.495607|
|        1026|  -10.071912|   -6.725487|   -7.182565|   -4.502827|
|        1027|  -10.079127|   -6.732706|   -7.189786|   -4.510044|
|        1028|  -10.086356|   -6.739925|   -7.197001|   -4.517270|
|        1029|  -10.093565|   -6.747145|   -7.204226|   -4.524481|
|        1030|  -10.100784|   -6.754365|   -7.211445|   -4.531701|
+-----------------------------------------------------------------------+
|        File Writing Summary       |              Filename             |
+-----------------------------------------------------------------------+
|SU2 binary restart                 |restart_flow.dat                   |

Writing the forces breakdown file (forces_breakdown.dat).
+-----------------------------------------------------------------------+
+----------------------------------------------------------------+
|  Inner_Iter|    rms[Rho]|   rms[RhoU]|   rms[RhoV]|   rms[RhoE]|
+----------------------------------------------------------------+
|        1031|  -10.108021|   -6.761584|   -7.218666|   -4.538933|
|        1032|  -10.115237|   -6.768804|   -7.225886|   -4.546150|
|        1033|  -10.122463|   -6.776023|   -7.233107|   -4.553375|
|        1034|  -10.129667|   -6.783243|   -7.240328|   -4.560583|
|        1035|  -10.136890|   -6.790462|   -7.247552|   -4.567811|
|        1036|  -10.144095|   -6.797683|   -7.254769|   -4.575018|
|        1037|  -10.151325|   -6.804901|   -7.261986|   -4.582241|
|        1038|  -10.158531|   -6.812121|   -7.269206|   -4.589456|
|        1039|  -10.165761|   -6.819341|   -7.276423|   -4.596681|
|        1040|  -10.172996|   -6.826561|   -7.283644|   -4.603909|
+-----------------------------------------------------------------------+
|        File Writing Summary       |              Filename             |
+-----------------------------------------------------------------------+
|SU2 binary restart                 |restart_flow.dat                   |

Writing the forces breakdown file (forces_breakdown.dat).
+-----------------------------------------------------------------------+
+----------------------------------------------------------------+
|  Inner_Iter|    rms[Rho]|   rms[RhoU]|   rms[RhoV]|   rms[RhoE]|
+----------------------------------------------------------------+
|        1041|  -10.180203|   -6.833780|   -7.290873|   -4.611119|
|        1042|  -10.187421|   -6.841000|   -7.298088|   -4.618336|
|        1043|  -10.194639|   -6.848220|   -7.305299|   -4.625555|
|        1044|  -10.201868|   -6.855440|   -7.312527|   -4.632788|
|        1045|  -10.209086|   -6.862661|   -7.319743|   -4.640002|
|        1046|  -10.216307|   -6.869881|   -7.326954|   -4.647222|
|        1047|  -10.223535|   -6.877100|   -7.334177|   -4.654446|
|        1048|  -10.230752|   -6.884320|   -7.341394|   -4.661665|
|        1049|  -10.237972|   -6.891540|   -7.348619|   -4.668887|
|        1050|  -10.245198|   -6.898759|   -7.355841|   -4.676109|
+-----------------------------------------------------------------------+
|        File Writing Summary       |              Filename             |
+-----------------------------------------------------------------------+
|SU2 binary restart                 |restart_flow.dat                   |

Writing the forces breakdown file (forces_breakdown.dat).
+-----------------------------------------------------------------------+
+----------------------------------------------------------------+
|  Inner_Iter|    rms[Rho]|   rms[RhoU]|   rms[RhoV]|   rms[RhoE]|
+----------------------------------------------------------------+
|        1051|  -10.252419|   -6.905978|   -7.363073|   -4.683329|
|        1052|  -10.259620|   -6.913198|   -7.370287|   -4.690532|
|        1053|  -10.266843|   -6.920418|   -7.377504|   -4.697757|
|        1054|  -10.274050|   -6.927639|   -7.384721|   -4.704975|
|        1055|  -10.281279|   -6.934858|   -7.391940|   -4.712199|
|        1056|  -10.288498|   -6.942077|   -7.399165|   -4.719421|
|        1057|  -10.295712|   -6.949297|   -7.406383|   -4.726630|
|        1058|  -10.302933|   -6.956516|   -7.413601|   -4.733848|
|        1059|  -10.310164|   -6.963738|   -7.420814|   -4.741079|
|        1060|  -10.317401|   -6.970957|   -7.428037|   -4.748309|
+-----------------------------------------------------------------------+
|        File Writing Summary       |              Filename             |
+-----------------------------------------------------------------------+
|SU2 binary restart                 |restart_flow.dat                   |

Writing the forces breakdown file (forces_breakdown.dat).
+-----------------------------------------------------------------------+
+----------------------------------------------------------------+
|  Inner_Iter|    rms[Rho]|   rms[RhoU]|   rms[RhoV]|   rms[RhoE]|
+----------------------------------------------------------------+
|        1061|  -10.324612|   -6.978177|   -7.435258|   -4.755530|
|        1062|  -10.331817|   -6.985397|   -7.442473|   -4.762743|
|        1063|  -10.339037|   -6.992617|   -7.449695|   -4.769963|
|        1064|  -10.346254|   -6.999835|   -7.456923|   -4.777174|
|        1065|  -10.353475|   -7.007056|   -7.464136|   -4.784392|
|        1066|  -10.360693|   -7.014276|   -7.471351|   -4.791608|
|        1067|  -10.367908|   -7.021496|   -7.478572|   -4.798824|
|        1068|  -10.375125|   -7.028716|   -7.485795|   -4.806049|
|        1069|  -10.382368|   -7.035937|   -7.493008|   -4.813290|
|        1070|  -10.389582|   -7.043155|   -7.500233|   -4.820493|
+-----------------------------------------------------------------------+
|        File Writing Summary       |              Filename             |
+-----------------------------------------------------------------------+
|SU2 binary restart                 |restart_flow.dat                   |

Writing the forces breakdown file (forces_breakdown.dat).
+-----------------------------------------------------------------------+
+----------------------------------------------------------------+
|  Inner_Iter|    rms[Rho]|   rms[RhoU]|   rms[RhoV]|   rms[RhoE]|
+----------------------------------------------------------------+
|        1071|  -10.396810|   -7.050376|   -7.507461|   -4.827731|
|        1072|  -10.404033|   -7.057596|   -7.514681|   -4.834937|
|        1073|  -10.411239|   -7.064812|   -7.521902|   -4.842148|
|        1074|  -10.418467|   -7.072035|   -7.529119|   -4.849383|
|        1075|  -10.425670|   -7.079257|   -7.536333|   -4.856591|
|        1076|  -10.432901|   -7.086475|   -7.543544|   -4.863825|
|        1077|  -10.440134|   -7.093695|   -7.550769|   -4.871048|
|        1078|  -10.447360|   -7.100913|   -7.557999|   -4.878269|
|        1079|  -10.454570|   -7.108134|   -7.565216|   -4.885488|
|        1080|  -10.461787|   -7.115354|   -7.572435|   -4.892698|
+-----------------------------------------------------------------------+
|        File Writing Summary       |              Filename             |
+-----------------------------------------------------------------------+
|SU2 binary restart                 |restart_flow.dat                   |

Writing the forces breakdown file (forces_breakdown.dat).
+-----------------------------------------------------------------------+
+----------------------------------------------------------------+
|  Inner_Iter|    rms[Rho]|   rms[RhoU]|   rms[RhoV]|   rms[RhoE]|
+----------------------------------------------------------------+
|        1081|  -10.469000|   -7.122576|   -7.579657|   -4.899922|
|        1082|  -10.476213|   -7.129794|   -7.586878|   -4.907137|
|        1083|  -10.483423|   -7.137015|   -7.594094|   -4.914347|
|        1084|  -10.490637|   -7.144235|   -7.601306|   -4.921561|
|        1085|  -10.497864|   -7.151455|   -7.608523|   -4.928786|
|        1086|  -10.505088|   -7.158674|   -7.615741|   -4.936008|
|        1087|  -10.512330|   -7.165892|   -7.622979|   -4.943245|
|        1088|  -10.519520|   -7.173114|   -7.630196|   -4.950440|
|        1089|  -10.526782|   -7.180330|   -7.637415|   -4.957677|
|        1090|  -10.533992|   -7.187549|   -7.644634|   -4.964884|
+-----------------------------------------------------------------------+
|        File Writing Summary       |              Filename             |
+-----------------------------------------------------------------------+
|SU2 binary restart                 |restart_flow.dat                   |

Writing the forces breakdown file (forces_breakdown.dat).
+-----------------------------------------------------------------------+
+----------------------------------------------------------------+
|  Inner_Iter|    rms[Rho]|   rms[RhoU]|   rms[RhoV]|   rms[RhoE]|
+----------------------------------------------------------------+
|        1091|  -10.541218|   -7.194770|   -7.651866|   -4.972110|
|        1092|  -10.548417|   -7.201992|   -7.659084|   -4.979323|
|        1093|  -10.555657|   -7.209214|   -7.666296|   -4.986579|
|        1094|  -10.562845|   -7.216433|   -7.673524|   -4.993764|
|        1095|  -10.570087|   -7.223653|   -7.680726|   -5.000998|
|        1096|  -10.577288|   -7.230874|   -7.687953|   -5.008206|
|        1097|  -10.584509|   -7.238092|   -7.695166|   -5.015422|
|        1098|  -10.591712|   -7.245312|   -7.702404|   -5.022631|
|        1099|  -10.598932|   -7.252531|   -7.709606|   -5.029854|
|        1100|  -10.606176|   -7.259755|   -7.716812|   -5.037096|
+-----------------------------------------------------------------------+
|        File Writing Summary       |              Filename             |
+-----------------------------------------------------------------------+
|SU2 binary restart                 |restart_flow.dat                   |

Writing the forces breakdown file (forces_breakdown.dat).
+-----------------------------------------------------------------------+
+----------------------------------------------------------------+
|  Inner_Iter|    rms[Rho]|   rms[RhoU]|   rms[RhoV]|   rms[RhoE]|
+----------------------------------------------------------------+
|        1101|  -10.613392|   -7.266974|   -7.724034|   -5.044312|
|        1102|  -10.620604|   -7.274192|   -7.731271|   -5.051539|
|        1103|  -10.627804|   -7.281414|   -7.738495|   -5.058741|
|        1104|  -10.635027|   -7.288631|   -7.745731|   -5.065965|
|        1105|  -10.642245|   -7.295847|   -7.752939|   -5.073175|
|        1106|  -10.649461|   -7.303070|   -7.760151|   -5.080390|
|        1107|  -10.656696|   -7.310292|   -7.767360|   -5.087620|
|        1108|  -10.663917|   -7.317509|   -7.774595|   -5.094836|
|        1109|  -10.671142|   -7.324729|   -7.781807|   -5.102055|
|        1110|  -10.678368|   -7.331951|   -7.789033|   -5.109292|
+-----------------------------------------------------------------------+
|        File Writing Summary       |              Filename             |
+-----------------------------------------------------------------------+
|SU2 binary restart                 |restart_flow.dat                   |

Writing the forces breakdown file (forces_breakdown.dat).
+-----------------------------------------------------------------------+
+----------------------------------------------------------------+
|  Inner_Iter|    rms[Rho]|   rms[RhoU]|   rms[RhoV]|   rms[RhoE]|
+----------------------------------------------------------------+
|        1111|  -10.685565|   -7.339172|   -7.796253|   -5.116491|
|        1112|  -10.692813|   -7.346388|   -7.803478|   -5.123731|
|        1113|  -10.700022|   -7.353605|   -7.810677|   -5.130944|
|        1114|  -10.707268|   -7.360826|   -7.817898|   -5.138173|
|        1115|  -10.714469|   -7.368050|   -7.825127|   -5.145394|
|        1116|  -10.721714|   -7.375268|   -7.832345|   -5.152628|
|        1117|  -10.728874|   -7.382486|   -7.839569|   -5.159788|
|        1118|  -10.736134|   -7.389708|   -7.846772|   -5.167036|
|        1119|  -10.743370|   -7.396926|   -7.853980|   -5.174272|
|        1120|  -10.750654|   -7.404151|   -7.861192|   -5.181535|
+-----------------------------------------------------------------------+
|        File Writing Summary       |              Filename             |
+-----------------------------------------------------------------------+
|SU2 binary restart                 |restart_flow.dat                   |

Writing the forces breakdown file (forces_breakdown.dat).
+-----------------------------------------------------------------------+
+----------------------------------------------------------------+
|  Inner_Iter|    rms[Rho]|   rms[RhoU]|   rms[RhoV]|   rms[RhoE]|
+----------------------------------------------------------------+
|        1121|  -10.757821|   -7.411366|   -7.868436|   -5.188730|
|        1122|  -10.765031|   -7.418585|   -7.875654|   -5.195935|
|        1123|  -10.772237|   -7.425809|   -7.882892|   -5.203144|
|        1124|  -10.779411|   -7.433022|   -7.890106|   -5.210329|
|        1125|  -10.786652|   -7.440245|   -7.897317|   -5.217573|
|        1126|  -10.793899|   -7.447461|   -7.904532|   -5.224814|
|        1127|  -10.801071|   -7.454681|   -7.911737|   -5.232013|
|        1128|  -10.808346|   -7.461903|   -7.918976|   -5.239266|
|        1129|  -10.815573|   -7.469123|   -7.926220|   -5.246525|
|        1130|  -10.822770|   -7.476344|   -7.933431|   -5.253709|
+-----------------------------------------------------------------------+
|        File Writing Summary       |              Filename             |
+-----------------------------------------------------------------------+
|SU2 binary restart                 |restart_flow.dat                   |

Writing the forces breakdown file (forces_breakdown.dat).
+-----------------------------------------------------------------------+
+----------------------------------------------------------------+
|  Inner_Iter|    rms[Rho]|   rms[RhoU]|   rms[RhoV]|   rms[RhoE]|
+----------------------------------------------------------------+
|        1131|  -10.830037|   -7.483561|   -7.940637|   -5.260948|
|        1132|  -10.837218|   -7.490781|   -7.947855|   -5.268121|
|        1133|  -10.844390|   -7.497999|   -7.955066|   -5.275329|
|        1134|  -10.851598|   -7.505219|   -7.962297|   -5.282522|
|        1135|  -10.858825|   -7.512442|   -7.969506|   -5.289749|
|        1136|  -10.866050|   -7.519658|   -7.976738|   -5.297006|
|        1137|  -10.873251|   -7.526883|   -7.983949|   -5.304202|
|        1138|  -10.880477|   -7.534104|   -7.991167|   -5.311442|
|        1139|  -10.887753|   -7.541326|   -7.998342|   -5.318685|
|        1140|  -10.894939|   -7.548539|   -8.005611|   -5.325874|
+-----------------------------------------------------------------------+
|        File Writing Summary       |              Filename             |
+-----------------------------------------------------------------------+
|SU2 binary restart                 |restart_flow.dat                   |

Writing the forces breakdown file (forces_breakdown.dat).
+-----------------------------------------------------------------------+
+----------------------------------------------------------------+
|  Inner_Iter|    rms[Rho]|   rms[RhoU]|   rms[RhoV]|   rms[RhoE]|
+----------------------------------------------------------------+
|        1141|  -10.902146|   -7.555760|   -8.012827|   -5.333090|
|        1142|  -10.909323|   -7.562987|   -8.020062|   -5.340321|
|        1143|  -10.916590|   -7.570201|   -8.027240|   -5.347560|
|        1144|  -10.923792|   -7.577417|   -8.034456|   -5.354736|
|        1145|  -10.931011|   -7.584628|   -8.041687|   -5.361943|
|        1146|  -10.938280|   -7.591862|   -8.048896|   -5.369227|
|        1147|  -10.945418|   -7.599075|   -8.056144|   -5.376380|
|        1148|  -10.952737|   -7.606289|   -8.063370|   -5.383648|
|        1149|  -10.960001|   -7.613511|   -8.070615|   -5.390893|
|        1150|  -10.967129|   -7.620732|   -8.077839|   -5.398051|
+-----------------------------------------------------------------------+
|        File Writing Summary       |              Filename             |
+-----------------------------------------------------------------------+
|SU2 binary restart                 |restart_flow.dat                   |

Writing the forces breakdown file (forces_breakdown.dat).
+-----------------------------------------------------------------------+
+----------------------------------------------------------------+
|  Inner_Iter|    rms[Rho]|   rms[RhoU]|   rms[RhoV]|   rms[RhoE]|
+----------------------------------------------------------------+
|        1151|  -10.974369|   -7.627946|   -8.085025|   -5.405261|
|        1152|  -10.981586|   -7.635174|   -8.092251|   -5.412516|
|        1153|  -10.988800|   -7.642392|   -8.099466|   -5.419750|
|        1154|  -10.996071|   -7.649614|   -8.106684|   -5.426973|
|        1155|  -11.003319|   -7.656830|   -8.113878|   -5.434224|
|        1156|  -11.010435|   -7.664055|   -8.121133|   -5.441370|
|        1157|  -11.017742|   -7.671265|   -8.128330|   -5.448624|
|        1158|  -11.024895|   -7.678488|   -8.135537|   -5.455795|
|        1159|  -11.032139|   -7.685711|   -8.142743|   -5.463045|
|        1160|  -11.039393|   -7.692936|   -8.149934|   -5.470293|
+-----------------------------------------------------------------------+
|        File Writing Summary       |              Filename             |
+-----------------------------------------------------------------------+
|SU2 binary restart                 |restart_flow.dat                   |

Writing the forces breakdown file (forces_breakdown.dat).
+-----------------------------------------------------------------------+
+----------------------------------------------------------------+
|  Inner_Iter|    rms[Rho]|   rms[RhoU]|   rms[RhoV]|   rms[RhoE]|
+----------------------------------------------------------------+
|        1161|  -11.046525|   -7.700148|   -8.157213|   -5.477468|
|        1162|  -11.053830|   -7.707377|   -8.164410|   -5.484776|
|        1163|  -11.061014|   -7.714592|   -8.171674|   -5.491948|
|        1164|  -11.068119|   -7.721809|   -8.178897|   -5.499080|
|        1165|  -11.075437|   -7.729022|   -8.186101|   -5.506376|
|        1166|  -11.082593|   -7.736247|   -8.193348|   -5.513536|
|        1167|  -11.089648|   -7.743461|   -8.200554|   -5.520659|
|        1168|  -11.097006|   -7.750688|   -8.207777|   -5.527962|
|        1169|  -11.104273|   -7.757907|   -8.214995|   -5.535206|
|        1170|  -11.111479|   -7.765122|   -8.222234|   -5.542458|
+-----------------------------------------------------------------------+
|        File Writing Summary       |              Filename             |
+-----------------------------------------------------------------------+
|SU2 binary restart                 |restart_flow.dat                   |

Writing the forces breakdown file (forces_breakdown.dat).
+-----------------------------------------------------------------------+
+----------------------------------------------------------------+
|  Inner_Iter|    rms[Rho]|   rms[RhoU]|   rms[RhoV]|   rms[RhoE]|
+----------------------------------------------------------------+
|        1171|  -11.118776|   -7.772339|   -8.229416|   -5.549703|
|        1172|  -11.126055|   -7.779567|   -8.236618|   -5.556966|
|        1173|  -11.133156|   -7.786787|   -8.243878|   -5.564119|
|        1174|  -11.140397|   -7.794007|   -8.251071|   -5.571306|
|        1175|  -11.147571|   -7.801228|   -8.258278|   -5.578507|
|        1176|  -11.154840|   -7.808446|   -8.265442|   -5.585772|
|        1177|  -11.162066|   -7.815667|   -8.272687|   -5.593056|
|        1178|  -11.169296|   -7.822876|   -8.279952|   -5.600297|
|        1179|  -11.176597|   -7.830093|   -8.287196|   -5.607548|
|        1180|  -11.183745|   -7.837316|   -8.294432|   -5.614668|
+-----------------------------------------------------------------------+
|        File Writing Summary       |              Filename             |
+-----------------------------------------------------------------------+
|SU2 binary restart                 |restart_flow.dat                   |

Writing the forces breakdown file (forces_breakdown.dat).
+-----------------------------------------------------------------------+
+----------------------------------------------------------------+
|  Inner_Iter|    rms[Rho]|   rms[RhoU]|   rms[RhoV]|   rms[RhoE]|
+----------------------------------------------------------------+
|        1181|  -11.190940|   -7.844525|   -8.301655|   -5.621834|
|        1182|  -11.198234|   -7.851756|   -8.308775|   -5.629108|
|        1183|  -11.205151|   -7.858978|   -8.316017|   -5.636235|
|        1184|  -11.212618|   -7.866199|   -8.323209|   -5.643579|
|        1185|  -11.219843|   -7.873416|   -8.330483|   -5.650827|
|        1186|  -11.227120|   -7.880629|   -8.337760|   -5.658011|
|        1187|  -11.234263|   -7.887852|   -8.344928|   -5.665173|
|        1188|  -11.241422|   -7.895052|   -8.352192|   -5.672336|
|        1189|  -11.248603|   -7.902289|   -8.359409|   -5.679515|
|        1190|  -11.255918|   -7.909516|   -8.366541|   -5.686847|
+-----------------------------------------------------------------------+
|        File Writing Summary       |              Filename             |
+-----------------------------------------------------------------------+
|SU2 binary restart                 |restart_flow.dat                   |

Writing the forces breakdown file (forces_breakdown.dat).
+-----------------------------------------------------------------------+
+----------------------------------------------------------------+
|  Inner_Iter|    rms[Rho]|   rms[RhoU]|   rms[RhoV]|   rms[RhoE]|
+----------------------------------------------------------------+
|        1191|  -11.263109|   -7.916736|   -8.373777|   -5.694077|
|        1192|  -11.270358|   -7.923956|   -8.381002|   -5.701328|
|        1193|  -11.277635|   -7.931168|   -8.388211|   -5.708578|
|        1194|  -11.284801|   -7.938393|   -8.395436|   -5.715676|
|        1195|  -11.291916|   -7.945612|   -8.402705|   -5.722809|
|        1196|  -11.299252|   -7.952823|   -8.409854|   -5.730140|
|        1197|  -11.306445|   -7.960050|   -8.417059|   -5.737351|
|        1198|  -11.313514|   -7.967276|   -8.424271|   -5.744465|
|        1199|  -11.320817|   -7.974490|   -8.431542|   -5.751757|
|        1200|  -11.328127|   -7.981700|   -8.438779|   -5.758982|
+-----------------------------------------------------------------------+
|        File Writing Summary       |              Filename             |
+-----------------------------------------------------------------------+
|SU2 binary restart                 |restart_flow.dat                   |

Writing the forces breakdown file (forces_breakdown.dat).
+-----------------------------------------------------------------------+
+----------------------------------------------------------------+
|  Inner_Iter|    rms[Rho]|   rms[RhoU]|   rms[RhoV]|   rms[RhoE]|
+----------------------------------------------------------------+
|        1201|  -11.335390|   -7.988911|   -8.445997|   -5.766273|
|        1202|  -11.342589|   -7.996138|   -8.453323|   -5.773491|
|        1203|  -11.349693|   -8.003347|   -8.460455|   -5.780610|

----------------------------- Solver Exit -------------------------------
All convergence criteria satisfied.
+-----------------------------------------------------------------------+
|      Convergence Field     |     Value    |   Criterion  |  Converged |
+-----------------------------------------------------------------------+
|                  Cauchy[CD]|   9.94647e-11|       < 1e-10|         Yes|
+-----------------------------------------------------------------------+
-------------------------------------------------------------------------
+-----------------------------------------------------------------------+
|        File Writing Summary       |              Filename             |
+-----------------------------------------------------------------------+
|SU2 binary restart                 |restart_flow.dat                   |

Writing the forces breakdown file (forces_breakdown.dat).
|Paraview                           |flow.vtu                           |

Writing the forces breakdown file (forces_breakdown.dat).
|Paraview surface                   |surface_flow.vtu                   |

Writing the forces breakdown file (forces_breakdown.dat).
|CSV file                           |surface_flow.csv                   |

Writing the forces breakdown file (forces_breakdown.dat).
+-----------------------------------------------------------------------+

--------------------------- Finalizing Solver ---------------------------
Deleted CNumerics container.
Deleted CIntegration container.
Deleted CSolver container.
Deleted CIteration container.
Deleted CInterface container.
Deleted CGeometry container.
Deleted CFreeFormDefBox class.
Deleted CSurfaceMovement class.
Deleted CVolumetricMovement class.
Deleted CConfig container.
Deleted nInst container.
Deleted COutput class.
-------------------------------------------------------------------------

------------------------- Exit Success (SU2_CFD) ------------------------

