"Time_Iter","Outer_Iter","Inner_Iter",    "rms[Rho]"    ,    "rms[RhoU]"   ,    "rms[RhoV]"   ,    "rms[RhoE]"   
          0,           0,           0,      -1.443072498,        0.48035158,   -0.002540594145,       4.003114184
          0,           0,           1,      -1.832421399,      0.5625397863,      0.7490947907,       3.628170035
          0,           0,           2,      -1.805417399,      0.6603723186,      0.6997573649,       3.652446969
          0,           0,           3,      -1.817435018,      0.7186508244,      0.7447035317,       3.633819603
          0,           0,           4,      -1.790346231,       0.722250834,      0.7359485798,       3.655580813
          0,           0,           5,      -1.762843519,      0.6946834321,      0.7141033408,        3.68530712
          0,           0,           6,      -1.740349593,      0.7044683152,      0.7219923586,       3.716264479
          0,           0,           7,      -1.742364079,      0.7300543061,      0.7653485796,       3.713504819
          0,           0,           8,      -1.732377475,      0.7121587188,      0.7676818791,       3.709733904
          0,           0,           9,      -1.710703179,      0.6809193971,      0.7327596528,       3.728422797
          0,           0,          10,      -1.697688709,       0.719996081,      0.7492023396,        3.75278736
          0,           0,          11,      -1.689255558,      0.7761219971,      0.8090720814,       3.765322141
          0,           0,          12,        -1.6855301,       0.783293538,      0.8284263426,       3.758550267
          0,           0,          13,      -1.696746928,      0.7397440398,      0.7824429464,       3.735738279
          0,           0,          14,      -1.719585735,      0.6719935494,      0.6914369516,       3.714836864
          0,           0,          15,      -1.742069386,      0.6350311801,      0.6390338042,       3.705863863
          0,           0,          16,        -1.7585157,      0.6582428789,       0.677042538,       3.697390748
          0,           0,          17,      -1.771634576,      0.6921510576,      0.7204509623,       3.677504639
          0,           0,          18,      -1.789019272,      0.6945651087,      0.7190110287,       3.645413071
          0,           0,          19,        -1.8191221,      0.6567591449,      0.6709143878,       3.605776515
          0,           0,          20,      -1.865029424,      0.5853129962,      0.5884279859,       3.563750352
          0,           0,          21,      -1.923765685,      0.5037796689,       0.501456108,       3.516112094
          0,           0,          22,      -1.981349328,      0.4442811562,      0.4432914879,       3.467178533
          0,           0,          23,      -2.027521352,      0.4293768322,      0.4287143328,       3.424244533
          0,           0,          24,      -2.057976306,      0.4458547972,      0.4428669274,       3.389842792
          0,           0,          25,      -2.076496755,      0.4702428025,      0.4649334159,       3.362749835
          0,           0,          26,      -2.092066682,      0.4844957391,      0.4773655697,       3.337739174
          0,           0,          27,      -2.110547204,      0.4813058636,      0.4714983765,       3.312228354
          0,           0,          28,       -2.13490402,      0.4581350498,      0.4434097029,       3.285267205
          0,           0,          29,      -2.165792177,      0.4157078323,      0.3925235959,       3.257289275
          0,           0,          30,      -2.201328286,      0.3591208643,      0.3223756851,       3.230955695
          0,           0,          31,      -2.237109305,      0.3047230558,       0.256922976,       3.204955638
          0,           0,          32,       -2.26834435,      0.2636037992,       0.211451062,       3.180141075
          0,           0,          33,      -2.292321824,      0.2453582013,       0.195485788,       3.160325065
          0,           0,          34,      -2.308778561,      0.2504447969,      0.2085728655,       3.144317911
          0,           0,          35,      -2.318453099,      0.2694544686,      0.2371087013,       3.131334406
          0,           0,          36,      -2.325429962,      0.2887449452,      0.2640378607,       3.117789188
          0,           0,          37,      -2.333480303,      0.3008013637,      0.2810951012,       3.101575604
          0,           0,          38,      -2.345424713,      0.3026633146,      0.2854887725,        3.08156002
          0,           0,          39,      -2.362756725,      0.2937689627,      0.2769193945,       3.057648471
          0,           0,          40,      -2.385249513,      0.2745880659,       0.255623264,       3.031395052
          0,           0,          41,      -2.411470186,      0.2459739559,      0.2225623392,       3.005122323
          0,           0,          42,       -2.43769895,      0.2098651538,      0.1794574146,       2.983089219
          0,           0,          43,      -2.459728764,      0.1695769143,      0.1296171044,       2.968938438
          0,           0,          44,      -2.475303216,      0.1305799835,     0.07977203338,       2.962930143
          0,           0,          45,      -2.484657457,      0.1007932973,     0.04159424327,       2.962894053
          0,           0,          46,       -2.49269864,     0.08753898105,     0.02838892832,       2.961300733
          0,           0,          47,      -2.503107326,     0.09107772518,     0.04110576716,       2.953499348
          0,           0,          48,      -2.517430495,      0.1044220428,      0.0673775579,       2.937372847
          0,           0,          49,      -2.534614725,      0.1183347831,     0.09273343699,       2.913600322
          0,           0,          50,       -2.55062102,       0.126549395,       0.108663459,        2.88669933
          0,           0,          51,       -2.56300743,      0.1236118791,      0.1091264511,       2.861685094
          0,           0,          52,      -2.569999169,      0.1084020931,     0.09292127272,       2.845397116
          0,           0,          53,      -2.572397713,     0.08252958621,     0.06157466005,       2.841378404
          0,           0,          54,      -2.573113085,     0.05027540375,     0.01994831459,       2.846901118
          0,           0,          55,      -2.574462817,     0.01824496827,    -0.02287768646,       2.856773761
          0,           0,          56,      -2.580472822,   -0.005767531824,    -0.05351648787,        2.86175475
          0,           0,          57,       -2.59201148,    -0.01853130974,    -0.06543865426,       2.857520533
          0,           0,          58,      -2.608681498,    -0.02277506318,    -0.06443726351,       2.842620791
          0,           0,          59,      -2.629127023,    -0.02412626231,    -0.06191624862,       2.818179149
          0,           0,          60,      -2.650419388,    -0.02630518334,    -0.06518044785,       2.788811711
          0,           0,          61,      -2.669980189,    -0.03197296383,    -0.07599725294,       2.760524756
          0,           0,          62,      -2.684185918,    -0.04036312914,    -0.08973487947,       2.741405017
          0,           0,          63,      -2.690267015,    -0.04944876665,    -0.09947149756,       2.736269613
          0,           0,          64,      -2.688427391,    -0.05782709333,     -0.1014680775,       2.742740268
          0,           0,          65,       -2.68062328,    -0.06544051873,     -0.0977638308,       2.755447116
          0,           0,          66,      -2.673803767,     -0.0752106801,    -0.09729531958,       2.764658409
          0,           0,          67,      -2.671620354,    -0.08977186659,     -0.1075302144,       2.766973039
          0,           0,          68,      -2.675055105,     -0.1093397334,      -0.131112582,        2.76281384
          0,           0,          69,      -2.682184842,     -0.1297134461,     -0.1635837083,       2.755453752
          0,           0,          70,      -2.688847525,     -0.1420738526,     -0.1909873584,       2.749483498
          0,           0,          71,      -2.690584961,      -0.137725397,     -0.1942778231,       2.748511657
          0,           0,          72,      -2.683691724,     -0.1146859307,     -0.1656365705,       2.755191352
          0,           0,          73,      -2.671725697,    -0.08485493438,     -0.1234324983,       2.764744198
          0,           0,          74,      -2.658615996,    -0.06076556072,    -0.08818071519,       2.774120689
          0,           0,          75,      -2.651206414,    -0.05215341936,    -0.07318098007,       2.777958567
          0,           0,          76,       -2.65081118,    -0.06250957664,    -0.08220641946,       2.776815707
          0,           0,          77,      -2.658734151,    -0.09099486839,     -0.1137385402,         2.7698722
          0,           0,          78,      -2.671693045,     -0.1321047809,     -0.1618079585,       2.760204335
          0,           0,          79,      -2.686640945,     -0.1770222193,     -0.2167633801,       2.749573357
          0,           0,          80,      -2.701359516,     -0.2138750853,     -0.2634767885,       2.738490422
          0,           0,          81,      -2.713063937,     -0.2296232379,     -0.2826244271,        2.72903206
          0,           0,          82,      -2.720210315,     -0.2182957596,     -0.2634321734,       2.721594017
          0,           0,          83,      -2.722209101,     -0.1879290664,      -0.218848781,       2.716398346
          0,           0,          84,       -2.71953526,     -0.1523428673,     -0.1696640488,        2.71359174
          0,           0,          85,      -2.712719453,      -0.120692785,       -0.12745555,       2.714155113
          0,           0,          86,       -2.70479062,     -0.1003692139,    -0.09988208126,       2.716449625
          0,           0,          87,      -2.699274629,     -0.0947408684,    -0.08966807863,       2.718162115
          0,           0,          88,      -2.698253587,     -0.1047435327,     -0.0971591779,       2.718025469
          0,           0,          89,      -2.702803885,     -0.1303008149,     -0.1221295653,        2.71529617
          0,           0,          90,       -2.71299102,     -0.1702709328,     -0.1637996227,       2.709796234
          0,           0,          91,      -2.727871524,     -0.2212604581,     -0.2197538763,        2.70188994
          0,           0,          92,       -2.74553114,     -0.2749124454,     -0.2828792998,       2.692372044
          0,           0,          93,      -2.762842277,     -0.3149090373,     -0.3363002109,       2.683206536
          0,           0,          94,      -2.777168767,     -0.3218863913,     -0.3528427794,       2.674372006
          0,           0,          95,      -2.786250181,     -0.2952876309,     -0.3255551561,       2.666412043
          0,           0,          96,      -2.789551668,      -0.252946028,      -0.276269143,       2.659432877
          0,           0,          97,      -2.788545458,     -0.2122155964,     -0.2280925186,       2.653031673
          0,           0,          98,       -2.78495785,     -0.1809084969,     -0.1910107627,       2.647561433
          0,           0,          99,      -2.783107476,     -0.1650023043,     -0.1713681331,       2.640631906
          0,           0,         100,      -2.785306384,     -0.1657047579,     -0.1702030424,        2.63178535
          0,           0,         101,      -2.792621255,      -0.183165216,     -0.1875887666,        2.62134475
          0,           0,         102,       -2.80508592,     -0.2169405267,     -0.2231591433,        2.61011207
          0,           0,         103,      -2.821735942,     -0.2663094997,      -0.276751222,       2.599580043
          0,           0,         104,      -2.841528506,     -0.3255198407,     -0.3418671868,       2.589557162
          0,           0,         105,      -2.862150498,     -0.3814866347,     -0.4026546522,       2.580125075
          0,           0,         106,       -2.88095415,     -0.4133743721,     -0.4325293638,       2.570862876
          0,           0,         107,       -2.89584113,      -0.408568787,     -0.4176201429,       2.560927709
          0,           0,         108,      -2.905035612,     -0.3764151376,     -0.3738409223,       2.550714987
          0,           0,         109,      -2.910672033,     -0.3406674463,     -0.3302098812,       2.537771503
          0,           0,         110,      -2.915256431,     -0.3157930299,     -0.3011121465,       2.521849256
          0,           0,         111,      -2.921401646,     -0.3073865966,     -0.2910531871,       2.503633736
          0,           0,         112,       -2.93117064,      -0.316835267,     -0.3006980686,       2.484443451
          0,           0,         113,       -2.94542049,     -0.3442433564,     -0.3300983391,       2.466348893
          0,           0,         114,      -2.965118233,     -0.3877613117,     -0.3773347838,       2.449691321
          0,           0,         115,      -2.989101001,     -0.4421363187,      -0.437216105,       2.434981976
          0,           0,         116,      -3.015136715,     -0.4964046293,     -0.4982003264,       2.421701202
          0,           0,         117,      -3.040737198,     -0.5342070343,     -0.5415734224,       2.408235202
          0,           0,         118,      -3.063268724,     -0.5427828139,     -0.5517769815,       2.393783128
          0,           0,         119,       -3.08313241,     -0.5288833008,     -0.5358494858,       2.374673245
          0,           0,         120,      -3.101775213,     -0.5100166726,     -0.5143656195,       2.349563637
          0,           0,         121,      -3.121203866,     -0.4990658542,     -0.5017818561,        2.31868835
          0,           0,         122,      -3.142989522,     -0.5017178083,     -0.5038843412,       2.284033215
          0,           0,         123,      -3.166899112,     -0.5190572265,      -0.521692798,        2.25016588
          0,           0,         124,      -3.193531985,     -0.5502883418,     -0.5534241487,       2.220137866
          0,           0,         125,      -3.220940666,     -0.5912134872,     -0.5945126698,       2.197311182
          0,           0,         126,      -3.246779909,     -0.6347172287,     -0.6376635053,       2.181847494
          0,           0,         127,      -3.269896307,     -0.6718943206,     -0.6740534577,       2.170116615
          0,           0,         128,      -3.290067252,     -0.6955019532,     -0.6967013738,        2.15835484
          0,           0,         129,      -3.310060114,     -0.7056454267,     -0.7058198447,       2.140660126
          0,           0,         130,      -3.331555452,     -0.7086089791,     -0.7075270533,       2.115565471
          0,           0,         131,      -3.354622094,      -0.710831818,     -0.7077884088,       2.085020476
          0,           0,         132,      -3.377343279,     -0.7159081473,     -0.7099406949,       2.054157825
          0,           0,         133,      -3.394885565,     -0.7244380449,     -0.7148687782,       2.031685107
          0,           0,         134,      -3.406817773,     -0.7370700456,     -0.7244409032,       2.019800499
          0,           0,         135,      -3.413066715,     -0.7537138976,      -0.740515246,       2.017397581
          0,           0,         136,      -3.415776267,     -0.7738241947,     -0.7644726258,       2.019497065
          0,           0,         137,      -3.417875351,     -0.7954106569,      -0.795396523,       2.020944051
          0,           0,         138,      -3.419992059,     -0.8134460073,     -0.8275438979,       2.020528472
          0,           0,         139,      -3.423119673,     -0.8217977086,     -0.8491893934,        2.01676449
          0,           0,         140,      -3.425559316,     -0.8171025536,     -0.8501048462,        2.01176598
          0,           0,         141,      -3.425683494,     -0.8030518445,      -0.832640398,       2.007985534
          0,           0,         142,      -3.423560661,     -0.7886104202,     -0.8106604879,       2.006579257
          0,           0,         143,       -3.41947318,     -0.7819449773,     -0.7972483009,       2.008957172
          0,           0,         144,      -3.418766634,      -0.789781341,     -0.8020674096,       2.010626566
          0,           0,         145,      -3.422828549,     -0.8128607273,     -0.8269550207,       2.010708294
          0,           0,         146,      -3.430229981,     -0.8452470786,     -0.8661390547,       2.009947213
          0,           0,         147,      -3.438022663,     -0.8730553741,     -0.9032698511,       2.008751783
          0,           0,         148,      -3.444467396,     -0.8827322942,     -0.9185611143,        2.00501254
          0,           0,         149,       -3.44873298,     -0.8727230325,     -0.9078767313,       1.998339242
          0,           0,         150,      -3.447809286,     -0.8488304658,     -0.8794250616,       1.993012581
          0,           0,         151,      -3.443399801,     -0.8239988579,     -0.8496910552,       1.989064137
          0,           0,         152,       -3.43866748,     -0.8085146221,      -0.830936115,       1.985838248
          0,           0,         153,      -3.436463708,      -0.808133337,     -0.8295227204,       1.982832922
          0,           0,         154,      -3.438591843,     -0.8253595178,     -0.8481360631,       1.979799939
          0,           0,         155,      -3.445703631,     -0.8601435709,      -0.886871972,       1.976501827
          0,           0,         156,      -3.457215371,     -0.9086918235,     -0.9416529549,         1.9726499
          0,           0,         157,      -3.471214121,     -0.9598743087,     -0.9989005898,       1.968034305
          0,           0,         158,      -3.484686351,     -0.9929377362,      -1.031573516,       1.962642676
          0,           0,         159,      -3.494455962,     -0.9900858955,      -1.018744918,       1.956633768
          0,           0,         160,      -3.497286337,     -0.9555665647,     -0.9716434642,        1.95189335
          0,           0,         161,      -3.495438024,     -0.9145286399,     -0.9227676033,       1.946296197
          0,           0,         162,      -3.492376229,     -0.8844990779,     -0.8897706706,       1.939316533
          0,           0,         163,      -3.491170851,     -0.8724798557,     -0.8782270124,       1.931563011
          0,           0,         164,      -3.496035068,      -0.881186509,     -0.8901609171,       1.921745757
          0,           0,         165,      -3.508063457,     -0.9106993809,     -0.9257915827,       1.910815516
          0,           0,         166,       -3.52658282,     -0.9579075872,     -0.9816489436,       1.899624407
          0,           0,         167,      -3.548965533,      -1.013468287,      -1.046850491,       1.888980003
          0,           0,         168,      -3.570708346,       -1.05771088,      -1.096290604,       1.879741318
          0,           0,         169,      -3.588129686,      -1.068660491,      -1.101837158,       1.870369389
          0,           0,         170,      -3.598561756,      -1.045790215,      -1.068337896,       1.860250231
          0,           0,         171,      -3.603669127,      -1.013066256,      -1.028561062,        1.84720397
          0,           0,         172,      -3.607430596,       -0.99045194,      -1.004075861,       1.830633768
          0,           0,         173,      -3.613301113,     -0.9865175173,      -1.002295316,       1.811988673
          0,           0,         174,      -3.625864264,      -1.004378453,      -1.025174951,       1.791157186
          0,           0,         175,      -3.646070774,      -1.043418534,      -1.071810111,        1.77049298
          0,           0,         176,      -3.672932523,      -1.098143095,      -1.134532176,        1.75147651
          0,           0,         177,      -3.703372921,      -1.155231606,      -1.195411634,        1.73435597
          0,           0,         178,      -3.732578737,      -1.193213894,      -1.227276455,       1.718614195
          0,           0,         179,      -3.757247425,      -1.198478378,      -1.220163003,       1.701215464
          0,           0,         180,      -3.776257768,      -1.181837178,      -1.195182592,       1.680358708
          0,           0,         181,      -3.792139037,      -1.164406382,      -1.176685437,       1.654958375
          0,           0,         182,      -3.809062708,      -1.158960482,      -1.175668359,       1.625665496
          0,           0,         183,       -3.82989756,      -1.169048715,      -1.193976939,       1.595160543
          0,           0,         184,      -3.857818758,      -1.192983555,      -1.229115466,       1.564307042
          0,           0,         185,      -3.892018272,      -1.224882558,      -1.274607558,       1.535145489
          0,           0,         186,      -3.929495189,      -1.256155986,      -1.320547063,       1.508452588
          0,           0,         187,      -3.966042121,       -1.27891183,      -1.356700109,        1.48348263
          0,           0,         188,      -3.996914826,      -1.290420969,      -1.378466266,       1.459940198
          0,           0,         189,      -4.021194922,      -1.295132498,      -1.390088313,       1.435818719
          0,           0,         190,      -4.040546052,      -1.299581805,      -1.399209606,       1.410875742
          0,           0,         191,      -4.058438077,      -1.307995029,      -1.410612801,        1.38553342
          0,           0,         192,      -4.078267155,      -1.321228752,      -1.425060935,       1.360048102
          0,           0,         193,      -4.100958678,       -1.33740339,      -1.440781519,       1.335365013
          0,           0,         194,      -4.127457172,      -1.353859067,      -1.456445471,       1.310080937
          0,           0,         195,      -4.154917611,      -1.368084808,      -1.471784676,       1.285451049
          0,           0,         196,      -4.179089531,       -1.37887525,      -1.486993766,        1.26400813
          0,           0,         197,      -4.196548701,      -1.386585605,      -1.501763135,        1.24823643
          0,           0,         198,      -4.205704266,      -1.392372103,      -1.514726763,       1.239949851
          0,           0,         199,      -4.211208483,      -1.398236821,      -1.525298435,       1.235102615
          0,           0,         200,      -4.217170881,      -1.405633871,      -1.534176513,       1.230127952
          0,           0,         201,      -4.225598865,      -1.415181443,      -1.543346522,       1.223070305
          0,           0,         202,       -4.23526427,      -1.426400247,      -1.554703391,       1.214719872
          0,           0,         203,      -4.241035338,      -1.437418797,      -1.567888258,       1.209470114
          0,           0,         204,      -4.240077091,       -1.44593547,      -1.580560337,       1.209147248
          0,           0,         205,       -4.23151783,      -1.450219771,      -1.588955296,       1.214377892
          0,           0,         206,      -4.219264857,      -1.450605813,       -1.59124877,       1.222077425
          0,           0,         207,      -4.209508764,      -1.449840522,      -1.590084826,       1.227410386
          0,           0,         208,      -4.205997317,      -1.451544256,      -1.591011279,       1.228118259
          0,           0,         209,      -4.215151301,      -1.459420734,      -1.600575184,        1.21862422
          0,           0,         210,      -4.231575439,      -1.473818555,      -1.620289587,       1.205648363
          0,           0,         211,      -4.250980036,      -1.492519253,      -1.647302871,        1.19341623
          0,           0,         212,       -4.26761181,      -1.510626133,      -1.672928032,        1.18537707
          0,           0,         213,      -4.276761334,      -1.522376039,      -1.685432812,       1.182127652
          0,           0,         214,      -4.276504302,      -1.524434933,      -1.678751403,       1.182487388
          0,           0,         215,      -4.272533128,      -1.519986639,      -1.661524931,       1.180533913
          0,           0,         216,      -4.271160617,      -1.515770314,      -1.647929093,         1.1726883
          0,           0,         217,      -4.276729318,      -1.518099325,      -1.648412756,       1.158234532
          0,           0,         218,      -4.290276421,      -1.530491562,      -1.667849323,       1.139654625
          0,           0,         219,      -4.308801701,      -1.552968024,      -1.706281321,       1.122727185
          0,           0,         220,      -4.328784183,       -1.58168741,      -1.756325051,        1.11080458
          0,           0,         221,      -4.344047715,      -1.608989741,      -1.800015639,       1.105883702
          0,           0,         222,      -4.351393311,      -1.626433636,      -1.815079946,        1.10504219
          0,           0,         223,       -4.35311253,      -1.630855085,       -1.79904287,       1.102570947
          0,           0,         224,      -4.353448683,      -1.626774501,      -1.771868675,       1.095195657
          0,           0,         225,      -4.360017989,      -1.623357329,      -1.755403065,       1.078677349
          0,           0,         226,      -4.376152529,      -1.627344632,      -1.759451248,        1.05403713
          0,           0,         227,      -4.401557918,      -1.641075629,      -1.785811742,       1.025834349
          0,           0,         228,      -4.432904304,       -1.66264695,      -1.830461382,       1.000161039
          0,           0,         229,      -4.464200603,      -1.686572665,      -1.881922626,       0.981975676
          0,           0,         230,       -4.49057314,      -1.706008567,      -1.919933306,      0.9694378511
          0,           0,         231,      -4.509201342,      -1.716809216,      -1.930005758,      0.9579047118
          0,           0,         232,      -4.522095411,      -1.720431163,      -1.920012806,      0.9423528243
          0,           0,         233,      -4.534058238,      -1.722442529,      -1.909872332,      0.9202335585
          0,           0,         234,      -4.547876427,      -1.728174216,      -1.913291487,      0.8938263466
          0,           0,         235,      -4.568161073,      -1.740964929,      -1.936206699,      0.8641089826
          0,           0,         236,      -4.594070555,      -1.760507296,      -1.977315041,      0.8361121931
          0,           0,         237,      -4.622682392,      -1.783595518,      -2.028308475,       0.813545798
          0,           0,         238,       -4.65088529,      -1.805530612,      -2.073194915,       0.795877866
          0,           0,         239,      -4.675545732,      -1.822197533,       -2.09490698,      0.7806921726
          0,           0,         240,       -4.69735942,      -1.832774597,      -2.092572719,      0.7627011025
          0,           0,         241,      -4.717990963,      -1.839460467,      -2.081298217,      0.7397801114
          0,           0,         242,      -4.739395651,      -1.845418013,      -2.075294914,      0.7126339643
          0,           0,         243,      -4.763036196,      -1.852790025,      -2.080672021,      0.6836340595
          0,           0,         244,      -4.788338717,      -1.861839417,      -2.096886844,      0.6564553469
          0,           0,         245,      -4.816894895,      -1.872044861,      -2.120994266,      0.6302658564
          0,           0,         246,      -4.846722667,      -1.882412165,      -2.148335953,      0.6056109756
          0,           0,         247,      -4.874609251,       -1.89227264,      -2.174832965,      0.5832011199
          0,           0,         248,      -4.897187257,      -1.901609872,      -2.198514613,      0.5642264959
          0,           0,         249,       -4.91089467,      -1.910564185,      -2.218945418,      0.5514573631
          0,           0,         250,      -4.918949189,      -1.919745241,      -2.236832179,       0.542135128
          0,           0,         251,      -4.924453232,      -1.929153321,      -2.251986862,      0.5343418975
          0,           0,         252,      -4.930796413,      -1.938361172,      -2.263403169,      0.5256300744
          0,           0,         253,      -4.940618337,      -1.946963739,      -2.270790751,      0.5138641546
          0,           0,         254,      -4.953477763,       -1.95471097,      -2.275176933,      0.4999532405
          0,           0,         255,      -4.971703131,      -1.962338458,      -2.280382128,       0.482200734
          0,           0,         256,      -4.994143497,      -1.970490276,      -2.289275223,      0.4625994923
          0,           0,         257,      -5.017729292,      -1.979372423,      -2.302379255,      0.4444872335
          0,           0,         258,      -5.038147747,      -1.988582125,      -2.317431213,      0.4308203155
          0,           0,         259,      -5.050111093,      -1.997141659,       -2.32998791,      0.4238691199
          0,           0,         260,      -5.053630523,      -2.004503572,      -2.337262305,      0.4206860576
          0,           0,         261,        -5.0512757,      -2.010556437,      -2.339974106,       0.418381611
          0,           0,         262,      -5.048222033,      -2.015826197,      -2.342331059,      0.4141820129
          0,           0,         263,       -5.04950551,      -2.021224859,       -2.34935042,      0.4064049492
          0,           0,         264,      -5.057854509,      -2.027546374,       -2.36420598,      0.3951336776
          0,           0,         265,       -5.07291463,      -2.035009896,      -2.386731838,       0.382258597
          0,           0,         266,      -5.091482916,      -2.043123853,      -2.412845227,      0.3705541445
          0,           0,         267,       -5.10889473,      -2.050966066,      -2.435431666,      0.3618647196
          0,           0,         268,      -5.121809587,      -2.057746961,        -2.4481591,      0.3555252051
          0,           0,         269,      -5.130739995,      -2.063318274,      -2.450581558,      0.3485558269
          0,           0,         270,      -5.139685317,      -2.068275068,      -2.448626948,      0.3375180288
          0,           0,         271,      -5.153193331,      -2.073584741,      -2.449769745,      0.3205121044
          0,           0,         272,      -5.173522292,      -2.080026547,      -2.458738288,      0.2983731931
          0,           0,         273,      -5.199153952,      -2.087791634,      -2.476157049,      0.2748918019
          0,           0,         274,      -5.224919021,       -2.09642414,      -2.498708931,      0.2553335914
          0,           0,         275,      -5.244224372,      -2.105088248,      -2.520348889,      0.2432823689
          0,           0,         276,      -5.253480403,      -2.113016628,       -2.53534084,      0.2380260554
          0,           0,         277,        -5.2551007,      -2.119896398,      -2.542139399,      0.2353162375
          0,           0,         278,      -5.255407135,      -2.125966708,      -2.544293389,      0.2305311444
          0,           0,         279,      -5.260223063,      -2.131790231,      -2.547276658,      0.2210963115
          0,           0,         280,      -5.272413362,       -2.13788433,      -2.554942526,      0.2070948311
          0,           0,         281,      -5.291642199,       -2.14445389,       -2.56809112,      0.1906413207
          0,           0,         282,      -5.315141098,      -2.151353358,      -2.584720039,      0.1744826996
          0,           0,         283,      -5.339001524,      -2.158251058,      -2.601271944,      0.1603833258
          0,           0,         284,      -5.359956428,      -2.164870392,      -2.614625709,      0.1482425386
          0,           0,         285,      -5.376955789,       -2.17116384,      -2.623953202,      0.1365517753
          0,           0,         286,      -5.391317908,       -2.17732984,      -2.630991922,      0.1236784424
          0,           0,         287,       -5.40532072,      -2.183681991,      -2.638554476,      0.1089640013
          0,           0,         288,      -5.420552392,      -2.190471828,      -2.648724107,     0.09306121241
          0,           0,         289,       -5.43709798,      -2.197771591,       -2.66190675,     0.07753229435
          0,           0,         290,      -5.453718575,       -2.20546295,       -2.67683354,     0.06397664252
          0,           0,         291,      -5.468695119,      -2.213312835,      -2.691254237,     0.05316806493
          0,           0,         292,      -5.480847278,      -2.221083722,      -2.703070458,      0.0447531276
          0,           0,         293,      -5.490207373,       -2.22862476,      -2.711401647,     0.03760836947
          0,           0,         294,      -5.497974493,      -2.235908797,      -2.716911715,     0.03047354017
          0,           0,         295,      -5.505871626,      -2.243010223,      -2.721226979,     0.02243303879
          0,           0,         296,      -5.515393912,      -2.250048147,      -2.726005834,     0.01309662856
          0,           0,         297,      -5.527324283,      -2.257130778,      -2.732298257,    0.002550226907
          0,           0,         298,      -5.541575204,      -2.264324387,      -2.740382707,   -0.008794827691
          0,           0,         299,      -5.557277023,      -2.271649993,       -2.74993465,     -0.0203730558
          0,           0,         300,      -5.573058589,      -2.279097331,      -2.760328375,     -0.0316280831
          0,           0,         301,       -5.58749353,       -2.28664371,      -2.770930316,    -0.04215460478
          0,           0,         302,      -5.599625187,      -2.294269806,      -2.781299454,    -0.05180287927
          0,           0,         303,      -5.609348268,       -2.30196913,      -2.791259567,    -0.06071002845
          0,           0,         304,      -5.617412851,      -2.309750062,      -2.800856884,    -0.06922784498
          0,           0,         305,      -5.625042927,      -2.317631422,      -2.810251585,     -0.0777690152
          0,           0,         306,      -5.633400081,      -2.325633524,      -2.819594719,    -0.08663670906
          0,           0,         307,       -5.64314342,      -2.333766346,        -2.8289256,    -0.09590388422
          0,           0,         308,      -5.654225678,      -2.342018613,      -2.838116423,     -0.1053956215
          0,           0,         309,      -5.665965655,      -2.350353874,      -2.846892369,     -0.1147926124
          0,           0,         310,      -5.677377101,      -2.358718395,      -2.854943822,     -0.1238151645
          0,           0,         311,      -5.687654078,      -2.367060297,      -2.862102938,     -0.1323951797
          0,           0,         312,      -5.696589002,       -2.37535202,      -2.868498275,     -0.1407336387
          0,           0,         313,      -5.704666237,      -2.383603891,      -2.874584051,     -0.1491989253
          0,           0,         314,      -5.712759633,       -2.39185997,      -2.881002487,     -0.1581188839
          0,           0,         315,      -5.721633775,      -2.400177082,      -2.888338367,     -0.1675867272
          0,           0,         316,      -5.731546266,      -2.408597686,      -2.896883721,     -0.1773925192
          0,           0,         317,      -5.742145814,      -2.417130642,      -2.906518396,     -0.1871262233
          0,           0,         318,      -5.752698806,      -2.425749688,      -2.916761353,     -0.1964058855
          0,           0,         319,      -5.762530623,       -2.43441019,      -2.926981906,     -0.2051047816
          0,           0,         320,      -5.771444835,      -2.443074969,      -2.936682932,      -0.213439586
          0,           0,         321,      -5.779859023,      -2.451734763,      -2.945709974,     -0.2218616866
          0,           0,         322,      -5.788564821,      -2.460411772,      -2.954264761,     -0.2308171237
          0,           0,         323,      -5.798277057,      -2.469145067,      -2.962722597,     -0.2405161281
          0,           0,         324,      -5.809243107,      -2.477967162,      -2.971377499,     -0.2508323452
          0,           0,         325,      -5.821098808,      -2.486885114,      -2.980267467,     -0.2613718913
          0,           0,         326,      -5.833020378,      -2.495875844,      -2.989168107,     -0.2716700928
          0,           0,         327,      -5.844102248,      -2.504897031,      -2.997745055,     -0.2814109541
          0,           0,         328,      -5.853783471,      -2.513906812,      -3.005771615,     -0.2905525837
          0,           0,         329,      -5.862092724,      -2.522881448,      -3.013281396,     -0.2992990825
          0,           0,         330,      -5.869574153,      -2.531821777,      -3.020566181,     -0.3079531651
          0,           0,         331,      -5.876967889,      -2.540746266,      -3.028029923,     -0.3167487723
          0,           0,         332,      -5.884863246,      -2.549676337,      -3.035995122,     -0.3257580844
          0,           0,         333,      -5.893504688,      -2.558623132,      -3.044568107,     -0.3349072643
          0,           0,         334,      -5.902798633,      -2.567582519,      -3.053619247,     -0.3440695213
          0,           0,         335,      -5.912464452,      -2.576539709,      -3.062870921,      -0.353168944
          0,           0,         336,      -5.922228276,      -2.585479626,      -3.072039315,     -0.3622344272
          0,           0,         337,      -5.931960177,      -2.594396638,      -3.080956962,     -0.3713802391
          0,           0,         338,      -5.941695756,      -2.603298347,       -3.08961861,     -0.3807333709
          0,           0,         339,      -5.951550088,      -2.612201863,      -3.098138683,     -0.3903532919
          0,           0,         340,      -5.961589687,      -2.621125286,       -3.10665738,     -0.4001874452
          0,           0,         341,      -5.971740215,      -2.630079185,      -3.115252922,     -0.4100816153
          0,           0,         342,      -5.981777087,      -2.639062012,      -3.123902761,     -0.4198354468
          0,           0,         343,      -5.991401146,      -2.648060817,      -3.132503948,      -0.429274937
          0,           0,         344,      -6.000362499,      -2.657056133,      -3.140933194,     -0.4383105307
          0,           0,         345,      -6.008573877,      -2.666028516,       -3.14911197,     -0.4469596821
          0,           0,         346,      -6.016159097,      -2.674963619,      -3.157044669,     -0.4553307552
          0,           0,         347,      -6.023415455,      -2.683854609,      -3.164815348,     -0.4635800707
          0,           0,         348,      -6.030711299,      -2.692701456,       -3.17255038,     -0.4718616214
          0,           0,         349,      -6.038367524,      -2.701508248,      -3.180369099,     -0.4802875379
          0,           0,         350,      -6.046569319,      -2.710280186,      -3.188345169,     -0.4889093213
          0,           0,         351,      -6.055333201,      -2.719021567,      -3.196492043,     -0.4977207503
          0,           0,         352,      -6.064530321,      -2.727735263,      -3.204773354,     -0.5066762196
          0,           0,         353,      -6.073949563,      -2.736423463,      -3.213129254,     -0.5157148769
          0,           0,         354,      -6.083373919,      -2.745088938,      -3.221505219,     -0.5247807068
          0,           0,         355,      -6.092642046,      -2.753735931,       -3.22987101,     -0.5338320621
          0,           0,         356,      -6.101673661,      -2.762370002,      -3.238223024,     -0.5428389968
          0,           0,         357,       -6.11045824,      -2.770996752,      -3.246571782,     -0.5517744929
          0,           0,         358,      -6.119019598,      -2.779619908,        -3.2549221,     -0.5606068669
          0,           0,         359,      -6.127380129,      -2.788239526,       -3.26325688,     -0.5692999651
          0,           0,         360,      -6.135544454,      -2.796851132,      -3.271533116,     -0.5778231333
          0,           0,         361,       -6.14350864,      -2.805446309,      -3.279692893,     -0.5861664455
          0,           0,         362,      -6.151286115,      -2.814014718,      -3.287685257,     -0.5943532216
          0,           0,         363,      -6.158931839,      -2.822546892,      -3.295489403,     -0.6024417469
          0,           0,         364,      -6.166547094,      -2.831036783,       -3.30312835,     -0.6105127704
          0,           0,         365,      -6.174258124,      -2.839483094,      -3.310666249,     -0.6186463746
          0,           0,         366,      -6.182176324,      -2.847888946,      -3.318189961,     -0.6268972951
          0,           0,         367,      -6.190357948,      -2.856260184,      -3.325782637,     -0.6352789347
          0,           0,         368,      -6.198781848,      -2.864603153,      -3.333500261,     -0.6437625028
          0,           0,         369,      -6.207356004,      -2.872922978,      -3.341359967,     -0.6522912949
          0,           0,         370,      -6.215950761,      -2.881222921,      -3.349342955,     -0.6608034158
          0,           0,         371,      -6.224444952,      -2.889504853,       -3.35740866,     -0.6692528523
          0,           0,         372,      -6.232765402,      -2.897770259,      -3.365512256,     -0.6776206095
          0,           0,         373,       -6.24090349,      -2.906021022,      -3.373617404,     -0.6859126845
          0,           0,         374,       -6.24890394,       -2.91425944,      -3.381699802,     -0.6941482641
          0,           0,         375,      -6.256834407,      -2.922487482,      -3.389742549,     -0.7023456649
          0,           0,         376,       -6.26475227,      -2.930705719,      -3.397728682,     -0.7105133295
          0,           0,         377,      -6.272683886,       -2.93891262,      -3.405637116,     -0.7186493023
          0,           0,         378,      -6.280623142,      -2.947104659,      -3.413445556,     -0.7267475671
          0,           0,         379,      -6.288545984,      -2.955277305,      -3.421139283,     -0.7348062536
          0,           0,         380,      -6.296430638,      -2.963426465,       -3.42872097,     -0.7428324459
          0,           0,         381,      -6.304272189,      -2.971549776,       -3.43621568,     -0.7508409025
          0,           0,         382,      -6.312084945,      -2.979647194,      -3.443667514,     -0.7588477875
          0,           0,         383,      -6.319893395,      -2.987720706,      -3.451128623,     -0.7668632637
          0,           0,         384,      -6.327718534,      -2.995773411,      -3.458644969,     -0.7748872314
          0,           0,         385,      -6.335567787,      -3.003808455,       -3.46624452,     -0.7829104715
          0,           0,         386,      -6.343433649,      -3.011828291,       -3.47393212,     -0.7909204065
          0,           0,         387,       -6.35130084,      -3.019834504,      -3.481692082,     -0.7989083128
          0,           0,         388,      -6.359157128,      -3.027828126,      -3.489496358,     -0.8068742139
          0,           0,         389,      -6.367001503,       -3.03581013,      -3.497314325,     -0.8148271286
          0,           0,         390,      -6.374845131,      -3.043781774,      -3.505120342,     -0.8227807282
          0,           0,         391,      -6.382704742,      -3.051744602,      -3.512897027,     -0.8307466712
          0,           0,         392,      -6.390591965,      -3.059700109,      -3.520634465,      -0.838728755
          0,           0,         393,      -6.398504102,      -3.067649278,      -3.528327347,       -0.84672042
          0,           0,         394,       -6.40642094,      -3.075592225,      -3.535972418,     -0.8547064271
          0,           0,         395,      -6.414309311,      -3.083528145,      -3.543567805,      -0.862667792
          0,           0,         396,      -6.422133595,      -3.091455563,      -3.551114245,     -0.8705878218
          0,           0,         397,      -6.429867921,        -3.0993728,      -3.558617055,      -0.878456999
          0,           0,         398,      -6.437505235,       -3.10727845,      -3.566087264,     -0.8862751526
          0,           0,         399,      -6.445059882,      -3.115171671,      -3.573540697,     -0.8940506539
          0,           0,         400,      -6.452563496,      -3.123052308,      -3.580995082,     -0.9017978263
          0,           0,         401,      -6.460055809,      -3.130920779,      -3.588466162,     -0.9095329402
          0,           0,         402,      -6.467574354,      -3.138777837,      -3.595964209,      -0.917270945
          0,           0,         403,      -6.475146378,      -3.146624385,      -3.603492272,     -0.9250234922
          0,           0,         404,      -6.482784887,       -3.15446141,      -3.611046636,     -0.9327981674
          0,           0,         405,       -6.49048893,      -3.162289996,      -3.618619125,     -0.9405985435
          0,           0,         406,      -6.498247117,      -3.170111261,      -3.626200251,     -0.9484245456
          0,           0,         407,      -6.506041132,      -3.177926536,      -3.633781583,     -0.9562720583
          0,           0,         408,      -6.513849249,      -3.185737213,      -3.641357056,      -0.964133076
          0,           0,         409,      -6.521648659,      -3.193544556,       -3.64892276,      -0.971996081
          0,           0,         410,      -6.529417174,      -3.201349442,      -3.656475758,     -0.9798473458
          0,           0,         411,      -6.537134796,      -3.209152169,      -3.664013142,      -0.987672675
          0,           0,         412,      -6.544786238,      -3.216952295,      -3.671531218,     -0.9954602053
          0,           0,         413,      -6.552364169,      -3.224748754,      -3.679026129,       -1.00320339
          0,           0,         414,      -6.559871811,      -3.232540091,      -3.686495209,      -1.010902771
          0,           0,         415,      -6.567323707,      -3.240324771,      -3.693938478,      -1.018566035
          0,           0,         416,      -6.574743854,       -3.24810148,      -3.701359542,       -1.02620633
          0,           0,         417,      -6.582161139,      -3.255869351,      -3.708765416,      -1.033839267
          0,           0,         418,      -6.589603193,      -3.263628054,      -3.716165266,      -1.041479473
          0,           0,         419,      -6.597090438,      -3.271377771,      -3.723568535,      -1.049137717
          0,           0,         420,      -6.604632082,      -3.279119088,      -3.730983062,       -1.05681927
          0,           0,         421,      -6.612225132,      -3.286852847,      -3.738413811,      -1.064523748
          0,           0,         422,      -6.619856473,      -3.294580026,      -3.745862457,      -1.072246223
          0,           0,         423,      -6.627506995,      -3.302301634,      -3.753327734,      -1.079978931
          0,           0,         424,       -6.63515638,       -3.31001863,      -3.760806197,      -1.087713048
          0,           0,         425,      -6.642787043,      -3.317731835,      -3.768292991,      -1.095440047
          0,           0,         426,      -6.650386516,      -3.325441828,      -3.775782411,        -1.1031526
          0,           0,         427,      -6.657948148,       -3.33314885,      -3.783268253,      -1.110845136
          0,           0,         428,      -6.665470593,      -3.340852734,       -3.79074416,      -1.118514218
          0,           0,         429,      -6.672956782,      -3.348552903,      -3.798204165,      -1.126158854
          0,           0,         430,      -6.680412854,      -3.356248449,      -3.805643528,      -1.133780618
          0,           0,         431,      -6.687847256,      -3.363938291,      -3.813059677,      -1.141383487
          0,           0,         432,       -6.69526985,      -3.371621359,      -3.820452979,       -1.14897322
          0,           0,         433,      -6.702690785,       -3.37929678,      -3.827827003,      -1.156556316
          0,           0,         434,      -6.710119153,      -3.386963997,      -3.835188034,      -1.164138783
          0,           0,         435,      -6.717561546,      -3.394622817,      -3.842543979,         -1.171725
          0,           0,         436,      -6.725020992,      -3.402273375,      -3.849902859,      -1.179317046
          0,           0,         437,      -6.732496575,      -3.409916045,      -3.857271352,      -1.186914621
          0,           0,         438,         -6.739984,      -3.417551347,      -3.864653719,      -1.194515527
          0,           0,         439,      -6.747476898,      -3.425179838,      -3.872051355,      -1.202116532
          0,           0,         440,      -6.754968544,      -3.432802052,      -3.879462907,      -1.209714273
          0,           0,         441,      -6.762453344,      -3.440418443,      -3.886884891,      -1.217305914
          0,           0,         442,      -6.769927775,      -3.448029354,      -3.894312476,      -1.224889494
          0,           0,         443,      -6.777390475,      -3.455634991,        -3.9017403,      -1.232463862
          0,           0,         444,      -6.784841696,      -3.463235398,      -3.909163178,      -1.240028462
          0,           0,         445,       -6.79228247,      -3.470830456,      -3.916576645,       -1.24758305
          0,           0,         446,      -6.799713784,      -3.478419885,      -3.923977391,      -1.255127503
          0,           0,         447,      -6.807136184,      -3.486003285,      -3.931363577,      -1.262661791
          0,           0,         448,      -6.814549835,      -3.493580191,      -3.938735032,      -1.270186068
          0,           0,         449,      -6.821954841,      -3.501150145,      -3.946093266,      -1.277700749
          0,           0,         450,      -6.829351728,      -3.508712761,      -3.953441278,      -1.285206581
          0,           0,         451,      -6.836741772,      -3.516267778,      -3.960783093,      -1.292704634
          0,           0,         452,      -6.844126988,      -3.523815076,      -3.968123143,      -1.300196126
          0,           0,         453,      -6.851509949,      -3.531354682,      -3.975465554,      -1.307682368
          0,           0,         454,      -6.858893254,      -3.538886737,       -3.98281353,      -1.315164513
          0,           0,         455,      -6.866279211,      -3.546411468,      -3.990168927,      -1.322643594
          0,           0,         456,      -6.873669378,       -3.55392916,      -3.997532131,      -1.330120359
          0,           0,         457,      -6.881064486,      -3.561440112,      -4.004902174,      -1.337595299
          0,           0,         458,      -6.888464373,      -3.568944634,      -4.012277091,      -1.345068621
          0,           0,         459,      -6.895867986,      -3.576443017,      -4.019654384,      -1.352540099
          0,           0,         460,       -6.90327346,      -3.583935521,      -4.027031428,      -1.360009005
          0,           0,         461,      -6.910678254,      -3.591422349,      -4.034405807,      -1.367474108
          0,           0,         462,      -6.918079378,      -3.598903627,      -4.041775538,      -1.374933795
          0,           0,         463,      -6.925473714,      -3.606379398,      -4.049139224,      -1.382386267
          0,           0,         464,      -6.932858488,      -3.613849615,       -4.05649609,      -1.389829848
          0,           0,         465,      -6.940231755,      -3.621314158,      -4.063846022,       -1.39726331
          0,           0,         466,      -6.947592866,      -3.628772858,      -4.071189546,      -1.404686149
          0,           0,         467,      -6.954942739,      -3.636225534,      -4.078527781,      -1.412098757
          0,           0,         468,      -6.962283826,      -3.643672037,      -4.085862298,      -1.419502375
          0,           0,         469,      -6.969619714,      -3.651112276,      -4.093194959,      -1.426898874
          0,           0,         470,      -6.976954563,      -3.658546235,      -4.100527651,      -1.434290468
          0,           0,         471,      -6.984292313,      -3.665973993,      -4.107862086,      -1.441679324
          0,           0,         472,      -6.991636065,      -3.673395712,      -4.115199561,      -1.449067243
          0,           0,         473,      -6.998987576,       -3.68081163,      -4.122540843,      -1.456455434
          0,           0,         474,      -7.006347073,      -3.688222039,      -4.129886124,       -1.46384438
          0,           0,         475,      -7.013713355,      -3.695627262,      -4.137235072,      -1.471233845
          0,           0,         476,      -7.021084071,      -3.703027631,      -4.144586934,      -1.478622951
          0,           0,         477,      -7.028456228,      -3.710423461,      -4.151940659,       -1.48601036
          0,           0,         478,       -7.03582664,      -3.717815019,      -4.159295044,      -1.493394481
          0,           0,         479,      -7.043192404,       -3.72520251,      -4.166648853,      -1.500773706
          0,           0,         480,      -7.050551296,      -3.732586064,      -4.174000946,      -1.508146664
          0,           0,         481,      -7.057902024,      -3.739965731,      -4.181350377,      -1.515512416
          0,           0,         482,      -7.065244385,      -3.747341496,      -4.188696526,       -1.52287061
          0,           0,         483,      -7.072579284,      -3.754713298,      -4.196039159,      -1.530221556
          0,           0,         484,      -7.079908483,      -3.762081058,      -4.203378506,      -1.537566106
          0,           0,         485,       -7.08723446,       -3.76944471,      -4.210715234,      -1.544905614
          0,           0,         486,      -7.094559905,      -3.776804234,      -4.218050383,      -1.552241626
          0,           0,         487,      -7.101887348,      -3.784159657,      -4.225385233,      -1.559575676
          0,           0,         488,      -7.109218799,      -3.791511082,      -4.232721127,       -1.56690907
          0,           0,         489,      -7.116555457,      -3.798858675,      -4.240059282,      -1.574242714
          0,           0,         490,      -7.123897615,      -3.806202649,      -4.247400644,      -1.581577045
          0,           0,         491,      -7.131244686,      -3.813543264,      -4.254745768,         -1.588912
          0,           0,         492,       -7.13859544,      -3.820880788,      -4.262094768,      -1.596247149
          0,           0,         493,      -7.145948274,      -3.828215493,      -4.269447344,      -1.603581794
          0,           0,         494,      -7.153301474,       -3.83554763,      -4.276802835,      -1.610915122
          0,           0,         495,      -7.160653513,       -3.84287741,      -4.284160356,      -1.618246317
          0,           0,         496,      -7.168003194,         -3.850205,       -4.29151891,      -1.625574678
          0,           0,         497,      -7.175349821,      -3.857530514,      -4.298877506,      -1.632899733
          0,           0,         498,      -7.182693199,      -3.864854022,      -4.306235317,      -1.640221272
          0,           0,         499,      -7.190033546,      -3.872175553,      -4.313591777,      -1.647539344
          0,           0,         500,      -7.197371534,       -3.87949511,      -4.320946648,      -1.654854277
          0,           0,         501,      -7.204708068,      -3.886812687,      -4.328300037,      -1.662166596
          0,           0,         502,       -7.21204415,       -3.89412829,      -4.335652425,       -1.66947692
          0,           0,         503,      -7.219380907,      -3.901441943,      -4.343004531,      -1.676785992
          0,           0,         504,       -7.22671924,      -3.908753704,      -4.350357268,      -1.684094434
          0,           0,         505,       -7.23405992,      -3.916063662,      -4.357711576,      -1.691402818
          0,           0,         506,      -7.241403417,      -3.923371943,      -4.365068301,      -1.698711527
          0,           0,         507,      -7.248749925,      -3.930678701,      -4.372428104,       -1.70602081
          0,           0,         508,      -7.256099347,       -3.93798411,      -4.379791346,      -1.713330725
          0,           0,         509,      -7.263451385,      -3.945288347,      -4.387158131,      -1.720641215
          0,           0,         510,      -7.270805581,      -3.952591594,      -4.394528227,      -1.727952104
          0,           0,         511,      -7.278161379,      -3.959894017,      -4.401901213,      -1.735263166
          0,           0,         512,      -7.285518255,      -3.967195768,      -4.409276497,       -1.74257415
          0,           0,         513,      -7.292875709,      -3.974496973,      -4.416653406,      -1.749884826
          0,           0,         514,      -7.300233299,      -3.981797732,      -4.424031339,      -1.757194954
          0,           0,         515,      -7.307590733,      -3.989098121,      -4.431409774,      -1.764504406
          0,           0,         516,      -7.314947811,      -3.996398189,      -4.438788378,      -1.771813077
          0,           0,         517,      -7.322304549,      -4.003697976,      -4.446167016,      -1.779120998
          0,           0,         518,      -7.329660994,      -4.010997505,      -4.453545752,      -1.786428231
          0,           0,         519,      -7.337017529,      -4.018296805,      -4.460924837,      -1.793735029
          0,           0,         520,      -7.344374532,      -4.025595904,      -4.468304708,      -1.801041648
          0,           0,         521,      -7.351732512,      -4.032894852,      -4.475685845,      -1.808348412
          0,           0,         522,      -7.359092034,      -4.040193695,      -4.483068792,      -1.815655687
          0,           0,         523,      -7.366453626,      -4.047492522,      -4.490454013,       -1.82296383
          0,           0,         524,      -7.373817708,       -4.05479142,      -4.497841877,      -1.830273122
          0,           0,         525,      -7.381184583,      -4.062090494,      -4.505232616,      -1.837583802
          0,           0,         526,      -7.388554381,       -4.06938986,       -4.51262631,       -1.84489603
          0,           0,         527,      -7.395926966,      -4.076689635,       -4.52002286,      -1.852209796
          0,           0,         528,      -7.403302156,      -4.083989938,      -4.527422058,      -1.859525087
          0,           0,         529,      -7.410679548,      -4.091290875,        -4.5348236,      -1.866841768
          0,           0,         530,      -7.418058697,      -4.098592545,      -4.542227143,      -1.874159632
          0,           0,         531,      -7.425439089,      -4.105895029,      -4.549632326,      -1.881478465
          0,           0,         532,      -7.432820314,        -4.1131984,      -4.557038839,      -1.888798054
          0,           0,         533,      -7.440202035,      -4.120502706,      -4.564446445,      -1.896118242
          0,           0,         534,      -7.447584056,      -4.127807987,      -4.571855016,      -1.903438935
          0,           0,         535,      -7.454966389,      -4.135114267,      -4.579264531,      -1.910760142
          0,           0,         536,      -7.462349181,       -4.14242157,      -4.586675063,      -1.918081938
          0,           0,         537,      -7.469732789,      -4.149729924,      -4.594086778,      -1.925404541
          0,           0,         538,      -7.477117664,      -4.157039341,      -4.601499921,      -1.932728217
          0,           0,         539,      -7.484504205,      -4.164349869,      -4.608914767,      -1.940053208
          0,           0,         540,      -7.491892967,      -4.171661546,      -4.616331578,       -1.94737987
          0,           0,         541,      -7.499284225,      -4.178974428,      -4.623750606,        -1.9547084
          0,           0,         542,      -7.506678306,      -4.186288587,      -4.631171995,      -1.962039038
          0,           0,         543,      -7.514075215,      -4.193604094,      -4.638595862,      -1.969371867
          0,           0,         544,       -7.52147494,      -4.200921036,      -4.646022189,       -1.97670695
          0,           0,         545,      -7.528877235,      -4.208239481,      -4.653450923,      -1.984044197
          0,           0,         546,      -7.536281774,      -4.215559515,      -4.660881906,      -1.991383502
          0,           0,         547,      -7.543688196,      -4.222881203,       -4.66831494,      -1.998724692
          0,           0,         548,       -7.55109615,      -4.230204609,      -4.675749788,      -2.006067645
          0,           0,         549,      -7.558505259,      -4.237529777,      -4.683186243,      -2.013412126
          0,           0,         550,      -7.565915345,       -4.24485675,      -4.690624112,      -2.020758087
          0,           0,         551,      -7.573326364,      -4.252185552,      -4.698063256,      -2.028105487
          0,           0,         552,      -7.580738225,      -4.259516202,      -4.705503584,      -2.035454247
          0,           0,         553,       -7.58815113,      -4.266848715,      -4.712945071,      -2.042804498
          0,           0,         554,      -7.595565379,      -4.274183102,       -4.72038779,      -2.050156438
          0,           0,         555,      -7.602981163,      -4.281519385,      -4.727831859,      -2.057510173
          0,           0,         556,      -7.610398772,      -4.288857571,      -4.735277447,      -2.064865905
          0,           0,         557,      -7.617818511,      -4.296197696,      -4.742724708,      -2.072223787
          0,           0,         558,      -7.625240525,      -4.303539783,      -4.750173799,       -2.07958397
          0,           0,         559,      -7.632664985,      -4.310883879,      -4.757624835,      -2.086946582
          0,           0,         560,       -7.64009183,       -4.31823003,      -4.765077931,      -2.094311622
          0,           0,         561,      -7.647521037,      -4.325578279,      -4.772533077,      -2.101679166
          0,           0,         562,      -7.654952501,      -4.332928677,      -4.779990275,      -2.109049165
          0,           0,         563,       -7.66238595,      -4.340281265,      -4.787449415,       -2.11642148
          0,           0,         564,      -7.669821266,      -4.347636084,      -4.794910379,       -2.12379611
          0,           0,         565,       -7.67725817,      -4.354993176,      -4.802372977,      -2.131172888
          0,           0,         566,      -7.684696516,      -4.362352559,      -4.809837075,      -2.138551736
          0,           0,         567,      -7.692136147,      -4.369714257,      -4.817302523,      -2.145932576
          0,           0,         568,       -7.69957711,      -4.377078282,      -4.824769172,      -2.153315458
          0,           0,         569,      -7.707019347,      -4.384444641,      -4.832236957,      -2.160700362
          0,           0,         570,      -7.714462852,       -4.39181334,       -4.83970584,      -2.168087279
          0,           0,         571,       -7.72190775,      -4.399184379,      -4.847175851,      -2.175476227
          0,           0,         572,      -7.729354192,      -4.406557758,       -4.85464705,      -2.182867367
          0,           0,         573,      -7.736802342,      -4.413933481,       -4.86211948,      -2.190260791
          0,           0,         574,      -7.744252169,      -4.421311558,      -4.869593289,      -2.197656473
          0,           0,         575,      -7.751703958,      -4.428691997,      -4.877068561,       -2.20505457
          0,           0,         576,      -7.759157622,       -4.43607481,      -4.884545379,      -2.212455114
          0,           0,         577,      -7.766613255,      -4.443460022,      -4.892023769,      -2.219858151
          0,           0,         578,      -7.774070792,      -4.450847634,      -4.899503748,      -2.227263621
          0,           0,         579,       -7.78153029,      -4.458237681,      -4.906985315,      -2.234671634
          0,           0,         580,      -7.788991502,      -4.465630171,      -4.914468393,      -2.242081996
          0,           0,         581,      -7.796454409,      -4.473025118,      -4.921952894,      -2.249494731
          0,           0,         582,      -7.803918938,      -4.480422535,      -4.929438705,       -2.25690988
          0,           0,         583,      -7.811384932,      -4.487822426,      -4.936925747,      -2.264327299
          0,           0,         584,      -7.818852207,      -4.495224788,      -4.944413846,      -2.271746815
          0,           0,         585,      -7.826320798,      -4.502629623,      -4.951902978,       -2.27916857
          0,           0,         586,       -7.83379058,      -4.510036917,      -4.959393058,      -2.286592433
          0,           0,         587,        -7.8412616,      -4.517446672,       -4.96688402,      -2.294018439
          0,           0,         588,      -7.848733821,      -4.524858863,      -4.974375894,      -2.301446543
          0,           0,         589,      -7.856207291,      -4.532273479,      -4.981868682,      -2.308876754
          0,           0,         590,      -7.863682162,      -4.539690508,      -4.989362397,      -2.316309245
          0,           0,         591,      -7.871158387,      -4.547109943,      -4.996857133,      -2.323743886
          0,           0,         592,      -7.878636001,      -4.554531753,      -5.004352931,      -2.331180714
          0,           0,         593,      -7.886115135,      -4.561955962,      -5.011849774,      -2.338619818
          0,           0,         594,      -7.893595799,      -4.569382535,      -5.019347751,      -2.346061229
          0,           0,         595,      -7.901077972,      -4.576811467,      -5.026846781,      -2.353504866
          0,           0,         596,      -7.908561688,      -4.584242762,      -5.034346967,      -2.360950807
          0,           0,         597,      -7.916046909,      -4.591676413,      -5.041848163,      -2.368399039
          0,           0,         598,      -7.923533381,      -4.599112407,      -5.049350338,      -2.375849387
          0,           0,         599,      -7.931021191,       -4.60655073,      -5.056853489,       -2.38330188
          0,           0,         600,      -7.938510239,      -4.613991372,       -5.06435745,      -2.390756505
          0,           0,         601,      -7.946000309,      -4.621434313,      -5.071862222,      -2.398213078
          0,           0,         602,      -7.953491409,      -4.628879542,      -5.079367681,       -2.40567164
          0,           0,         603,      -7.960983544,      -4.636327033,      -5.086873764,      -2.413132189
          0,           0,         604,      -7.968476479,       -4.64377676,      -5.094380507,      -2.420594548
          0,           0,         605,      -7.975970463,        -4.6512287,      -5.101887797,      -2.428058837
          0,           0,         606,      -7.983465301,      -4.658682816,      -5.109395701,      -2.435524974
          0,           0,         607,      -7.990961034,      -4.666139089,      -5.116904162,      -2.442992909
          0,           0,         608,      -7.998457835,      -4.673597494,      -5.124413214,      -2.450462733
          0,           0,         609,      -8.005955592,      -4.681057991,      -5.131922943,      -2.457934415
          0,           0,         610,      -8.013454548,      -4.688520573,      -5.139433227,      -2.465408059
          0,           0,         611,      -8.020954458,      -4.695985205,      -5.146944223,      -2.472883469
          0,           0,         612,       -8.02845545,      -4.703451857,      -5.154455837,       -2.48036079
          0,           0,         613,      -8.035957422,      -4.710920526,      -5.161968052,      -2.487839907
          0,           0,         614,      -8.043460496,      -4.718391163,      -5.169480895,      -2.495320895
          0,           0,         615,       -8.05096451,      -4.725863756,      -5.176994319,      -2.502803584
          0,           0,         616,      -8.058469292,      -4.733338293,      -5.184508258,       -2.51028799
          0,           0,         617,      -8.065975063,      -4.740814725,      -5.192022691,      -2.517774112
          0,           0,         618,      -8.073481426,      -4.748293036,      -5.199537497,      -2.525261756
          0,           0,         619,      -8.080988528,      -4.755773192,      -5.207052703,      -2.532751017
          0,           0,         620,      -8.088496233,      -4.763255168,      -5.214568206,      -2.540241775
          0,           0,         621,       -8.09600442,      -4.770738922,      -5.222084015,      -2.547733899
          0,           0,         622,      -8.103513153,       -4.77822442,      -5.229600068,       -2.55522744
          0,           0,         623,      -8.111022507,      -4.785711637,      -5.237116317,      -2.562722435
          0,           0,         624,      -8.118532396,       -4.79320054,      -5.244632788,      -2.570218807
          0,           0,         625,       -8.12604288,      -4.800691057,       -5.25214952,      -2.577716569
          0,           0,         626,      -8.133553902,      -4.808183201,      -5.259666447,      -2.585215591
          0,           0,         627,      -8.141065742,      -4.815676919,      -5.267183586,       -2.59271614
          0,           0,         628,      -8.148577883,      -4.823172167,      -5.274701031,        -2.6002179
          0,           0,         629,      -8.156090924,      -4.830668939,       -5.28221867,      -2.607721137
          0,           0,         630,      -8.163604326,      -4.838167183,      -5.289736526,      -2.615225441
          0,           0,         631,      -8.171118426,      -4.845666855,      -5.297254667,      -2.622731186
          0,           0,         632,      -8.178632911,      -4.853167946,      -5.304772915,      -2.630238012
          0,           0,         633,      -8.186147797,      -4.860670428,      -5.312291343,      -2.637745991
          0,           0,         634,      -8.193663127,      -4.868174262,       -5.31980985,      -2.645255079
          0,           0,         635,       -8.20117881,      -4.875679419,      -5.327328434,       -2.65276529
          0,           0,         636,      -8.208694745,      -4.883185846,      -5.334847073,      -2.660276436
          0,           0,         637,      -8.216211058,      -4.890693531,      -5.342365665,      -2.667788713
          0,           0,         638,      -8.223727631,      -4.898202427,        -5.3498843,      -2.675301885
          0,           0,         639,        -8.2312444,      -4.905712493,      -5.357402808,      -2.682815937
          0,           0,         640,      -8.238761224,      -4.913223708,      -5.364921296,       -2.69033083
          0,           0,         641,      -8.246278315,      -4.920736027,      -5.372439654,      -2.697846559
          0,           0,         642,      -8.253795504,      -4.928249416,      -5.379957932,      -2.705363197
          0,           0,         643,      -8.261313105,      -4.935763852,      -5.387476166,      -2.712880714
          0,           0,         644,       -8.26883081,      -4.943279274,      -5.394994247,      -2.720398977
          0,           0,         645,      -8.276348487,      -4.950795654,      -5.402512321,       -2.72791785
          0,           0,         646,      -8.283866293,      -4.958312964,      -5.410030242,      -2.735437429
          0,           0,         647,      -8.291384575,      -4.965831189,      -5.417547992,      -2.742957841
          0,           0,         648,      -8.298902975,      -4.973350285,      -5.425065687,      -2.750479096
          0,           0,         649,      -8.306421398,      -4.980870213,       -5.43258328,      -2.758000982
          0,           0,         650,       -8.31393981,      -4.988390927,      -5.440100685,      -2.765523303
          0,           0,         651,      -8.321458506,      -4.995912449,      -5.447617889,       -2.77304646
          0,           0,         652,      -8.328976962,      -5.003434687,      -5.455134929,      -2.780569881
          0,           0,         653,      -8.336495654,      -5.010957664,      -5.462651692,      -2.788093967
          0,           0,         654,      -8.344014152,        -5.0184813,      -5.470168212,      -2.795618484
          0,           0,         655,      -8.351532671,       -5.02600558,      -5.477684453,      -2.803143515
          0,           0,         656,      -8.359050823,      -5.033530462,      -5.485200446,      -2.810668718
          0,           0,         657,      -8.366568801,      -5.041055938,      -5.492716136,       -2.81819425
          0,           0,         658,       -8.37408709,      -5.048581962,      -5.500231433,      -2.825720392
          0,           0,         659,      -8.381605096,       -5.05610852,      -5.507746458,      -2.833246868
          0,           0,         660,      -8.389123182,      -5.063635562,      -5.515261141,      -2.840773778
          0,           0,         661,      -8.396640735,      -5.071163051,      -5.522775457,      -2.848300726
          0,           0,         662,      -8.404158359,      -5.078690972,       -5.53028951,      -2.855827957
          0,           0,         663,      -8.411675727,       -5.08621925,      -5.537803323,      -2.863355437
          0,           0,         664,      -8.419192863,      -5.093747949,      -5.545316617,      -2.870883087
          0,           0,         665,      -8.426709817,       -5.10127696,      -5.552829653,      -2.878410849
          0,           0,         666,      -8.434226881,      -5.108806279,      -5.560342272,      -2.885939074
          0,           0,         667,      -8.441743466,      -5.116335931,      -5.567854588,      -2.893467258
          0,           0,         668,       -8.44925992,      -5.123865806,      -5.575366459,      -2.900995607
          0,           0,         669,      -8.456776433,      -5.131395928,       -5.58287804,      -2.908524248
          0,           0,         670,      -8.464292414,      -5.138926228,      -5.590389155,      -2.916052719
          0,           0,         671,      -8.471807902,      -5.146456751,      -5.597899956,      -2.923581243
          0,           0,         672,      -8.479323669,      -5.153987403,      -5.605410183,      -2.931110011
          0,           0,         673,      -8.486838544,      -5.161518168,      -5.612920114,      -2.938638415
          0,           0,         674,      -8.494353338,      -5.169049065,      -5.620429475,      -2.946166993
          0,           0,         675,      -8.501867571,      -5.176580043,      -5.627938324,      -2.953695252
          0,           0,         676,      -8.509381672,      -5.184111044,      -5.635446715,       -2.96122358
          0,           0,         677,      -8.516895303,      -5.191642121,      -5.642954682,      -2.968751795
          0,           0,         678,      -8.524408706,      -5.199173154,      -5.650462202,      -2.976280055
          0,           0,         679,      -8.531921537,       -5.20670421,      -5.657969241,      -2.983807993
          0,           0,         680,      -8.539434353,      -5.214235183,      -5.665475899,       -2.99133594
          0,           0,         681,      -8.546946899,      -5.221766125,      -5.672981913,      -2.998863861
          0,           0,         682,      -8.554458492,      -5.229296953,      -5.680487636,      -3.006391197
          0,           0,         683,      -8.561969896,        -5.2368277,      -5.687992836,      -3.013918405
          0,           0,         684,      -8.569480959,      -5.244358292,      -5.695497556,      -3.021445547
          0,           0,         685,       -8.57699186,      -5.251888771,      -5.703001808,      -3.028972579
          0,           0,         686,      -8.584502309,      -5.259419076,      -5.710505451,      -3.036499201
          0,           0,         687,      -8.592012225,      -5.266949151,      -5.718008877,      -3.044025556
          0,           0,         688,      -8.599521327,      -5.274479056,      -5.725511607,      -3.051551385
          0,           0,         689,      -8.607030181,      -5.282008745,        -5.7330139,      -3.059076999
          0,           0,         690,      -8.614539104,      -5.289538176,      -5.740515694,      -3.066602623
          0,           0,         691,      -8.622046952,      -5.297067369,      -5.748016813,      -3.074127577
          0,           0,         692,      -8.629554827,      -5.304596263,      -5.755517439,      -3.081652397
          0,           0,         693,      -8.637061551,      -5.312124868,      -5.763017658,      -3.089176596
          0,           0,         694,      -8.644568421,      -5.319653167,      -5.770517182,      -3.096700648
          0,           0,         695,       -8.65207456,       -5.32718112,       -5.77801631,      -3.104224109
          0,           0,         696,      -8.659580195,      -5.334708743,      -5.785515037,      -3.111747175
          0,           0,         697,      -8.667085869,      -5.342235993,      -5.793012986,      -3.119270347
          0,           0,         698,      -8.674590209,      -5.349762817,       -5.80051076,      -3.126792243
          0,           0,         699,      -8.682094355,      -5.357289313,      -5.808007862,      -3.134313935
          0,           0,         700,      -8.689598267,      -5.364815376,      -5.815504488,      -3.141835523
          0,           0,         701,      -8.697101411,      -5.372341024,      -5.823000637,       -3.14935614
          0,           0,         702,      -8.704604241,       -5.37986627,      -5.830496165,       -3.15687679
          0,           0,         703,       -8.71210651,      -5.387391062,      -5.837991295,      -3.164396594
          0,           0,         704,       -8.71960898,      -5.394915364,      -5.845485893,      -3.171916483
          0,           0,         705,      -8.727109712,      -5.402439158,      -5.852980057,      -3.179435037
          0,           0,         706,      -8.734610751,      -5.409962556,      -5.860473484,      -3.186953586
          0,           0,         707,      -8.742111509,      -5.417485449,      -5.867966507,      -3.194471851
          0,           0,         708,      -8.749611499,      -5.425007814,      -5.875459202,      -3.201989431
          0,           0,         709,      -8.757110228,      -5.432529639,      -5.882951338,      -3.209505754
          0,           0,         710,      -8.764608659,      -5.440050943,      -5.890443143,      -3.217021785
          0,           0,         711,      -8.772107026,      -5.447571751,      -5.897934195,      -3.224537619
          0,           0,         712,      -8.779604508,      -5.455092015,      -5.905424508,      -3.232052712
          0,           0,         713,      -8.787102481,      -5.462611701,       -5.91291474,      -3.239567551
          0,           0,         714,      -8.794598667,      -5.470130806,      -5.920404386,      -3.247081324
          0,           0,         715,      -8.802095232,       -5.47764937,      -5.927893685,      -3.254595145
          0,           0,         716,      -8.809590873,      -5.485167417,      -5.935382403,      -3.262107989
          0,           0,         717,      -8.817085886,      -5.492684763,      -5.942870742,      -3.269619799
          0,           0,         718,       -8.82458106,      -5.500201525,      -5.950358415,      -3.277131778
          0,           0,         719,       -8.83207531,      -5.507717664,      -5.957845477,      -3.284642661
          0,           0,         720,      -8.839568168,      -5.515233268,      -5.965332437,      -3.292152796
          0,           0,         721,      -8.847061581,      -5.522748282,        -5.9728189,       -3.29966276
          0,           0,         722,      -8.854554806,      -5.530262617,      -5.980304676,      -3.307172093
          0,           0,         723,      -8.862046718,      -5.537776354,      -5.987790224,      -3.314680424
          0,           0,         724,      -8.869538651,      -5.545289481,      -5.995275415,      -3.322188632
          0,           0,         725,      -8.877029638,      -5.552801895,      -6.002759984,      -3.329695651
          0,           0,         726,      -8.884521124,      -5.560313799,      -6.010244246,      -3.337203255
          0,           0,         727,      -8.892011059,      -5.567825004,      -6.017728073,      -3.344709059
          0,           0,         728,      -8.899501268,      -5.575335481,      -6.025211447,      -3.352214515
          0,           0,         729,      -8.906990369,      -5.582845333,      -6.032694418,      -3.359719059
          0,           0,         730,      -8.914478927,      -5.590354567,      -6.040176607,      -3.367222985
          0,           0,         731,      -8.921967197,      -5.597863212,      -6.047658953,      -3.374727026
          0,           0,         732,      -8.929455253,      -5.605371161,      -6.055140193,      -3.382229876
          0,           0,         733,      -8.936943254,      -5.612878421,      -6.062621475,      -3.389732557
          0,           0,         734,        -8.9444299,      -5.620385035,      -6.070102421,      -3.397233933
          0,           0,         735,      -8.951916347,       -5.62789091,      -6.077583298,       -3.40473477
          0,           0,         736,      -8.959402135,      -5.635396184,      -6.085063323,      -3.412234933
          0,           0,         737,      -8.966887976,      -5.642900813,      -6.092543239,      -3.419735074
          0,           0,         738,      -8.974373658,       -5.65040473,      -6.100022777,      -3.427234454
          0,           0,         739,      -8.981858174,      -5.657908076,      -6.107501847,      -3.434732862
          0,           0,         740,      -8.989342747,       -5.66541077,      -6.114980405,      -3.442230974
          0,           0,         741,       -8.99682603,      -5.672912648,      -6.122458628,      -3.449727695
          0,           0,         742,      -9.004310514,      -5.680413984,      -6.129937098,      -3.457224956
          0,           0,         743,      -9.011793722,      -5.687914584,      -6.137414711,       -3.46472106
          0,           0,         744,      -9.019276483,      -5.695414543,      -6.144892202,       -3.47221643
          0,           0,         745,      -9.026758039,      -5.702913954,      -6.152369321,      -3.479710812
          0,           0,         746,      -9.034239676,      -5.710412529,      -6.159845837,      -3.487204555
          0,           0,         747,      -9.041722408,       -5.71791047,       -6.16732239,       -3.49469913
          0,           0,         748,      -9.049202375,      -5.725407783,      -6.174798367,       -3.50219145
          0,           0,         749,      -9.056684154,      -5.732904514,      -6.182274252,      -3.509684348
          0,           0,         750,       -9.06416402,       -5.74040061,      -6.189749983,      -3.517175962
          0,           0,         751,      -9.071644982,      -5.747896025,       -6.19722521,      -3.524668118
          0,           0,         752,      -9.079124287,      -5.755390708,      -6.204700321,      -3.532158419
          0,           0,         753,      -9.086603568,      -5.762884813,      -6.212175023,      -3.539648434
          0,           0,         754,      -9.094080922,      -5.770378349,      -6.219649949,      -3.547136736
          0,           0,         755,      -9.101559431,      -5.777871159,      -6.227124137,      -3.554625641
          0,           0,         756,      -9.109037294,      -5.785363435,      -6.234597877,      -3.562113496
          0,           0,         757,      -9.116516112,      -5.792855059,      -6.242071145,      -3.569602086
          0,           0,         758,      -9.123994289,      -5.800346206,      -6.249544568,      -3.577089858
          0,           0,         759,      -9.131470649,      -5.807836539,      -6.257018421,      -3.584576189
          0,           0,         760,      -9.138947643,      -5.815326218,      -6.264491228,      -3.592062162
          0,           0,         761,      -9.146425012,       -5.82281544,      -6.271963749,      -3.599547918
          0,           0,         762,      -9.153900639,       -5.83030403,      -6.279436483,       -3.60703201
          0,           0,         763,      -9.161376211,         -5.837792,      -6.286908384,      -3.614516352
          0,           0,         764,      -9.168853975,      -5.845279341,      -6.294380971,      -3.622001588
          0,           0,         765,      -9.176328771,      -5.852766236,      -6.301853071,      -3.629485004
          0,           0,         766,        -9.1838037,      -5.860252449,      -6.309325309,      -3.636967816
          0,           0,         767,      -9.191279094,      -5.867738052,       -6.31679642,       -3.64445085
          0,           0,         768,      -9.198752398,      -5.875223261,      -6.324268595,      -3.651931931
          0,           0,         769,      -9.206226467,      -5.882707813,      -6.331740001,      -3.659413187
          0,           0,         770,      -9.213701787,       -5.89019181,      -6.339211418,      -3.666894874
          0,           0,         771,      -9.221174009,      -5.897675276,      -6.346682483,      -3.674374447
          0,           0,         772,      -9.228648789,      -5.905158247,      -6.354153083,      -3.681854884
          0,           0,         773,      -9.236121221,      -5.912640592,      -6.361623868,      -3.689333912
          0,           0,         774,      -9.243596418,      -5.920122505,      -6.369094592,      -3.696814568
          0,           0,         775,      -9.251069441,      -5.927604029,      -6.376564871,      -3.704292855
          0,           0,         776,      -9.258541398,      -5.935084916,      -6.384035181,      -3.711770732
          0,           0,         777,      -9.266013467,      -5.942565243,      -6.391505605,      -3.719248271
          0,           0,         778,      -9.273486014,      -5.950045128,      -6.398975738,       -3.72672501
          0,           0,         779,      -9.280958723,       -5.95752447,      -6.406445575,      -3.734202739
          0,           0,         780,      -9.288430082,      -5.965003407,      -6.413915816,      -3.741678538
          0,           0,         781,      -9.295904483,      -5.972481913,      -6.421385787,      -3.749157098
          0,           0,         782,      -9.303372463,      -5.979960018,      -6.428855612,      -3.756630169
          0,           0,         783,      -9.310845215,      -5.987437699,      -6.436326281,      -3.764106492
          0,           0,         784,       -9.31831802,      -5.994914623,      -6.443796336,      -3.771582405
          0,           0,         785,      -9.325786451,      -6.002391315,      -6.451266049,       -3.77905454
          0,           0,         786,      -9.333260292,      -6.009867647,      -6.458735179,        -3.7865305
          0,           0,         787,      -9.340730771,      -6.017343492,      -6.466204373,      -3.794005003
          0,           0,         788,      -9.348200414,      -6.024818873,      -6.473673828,      -3.801477096
          0,           0,         789,      -9.355673021,      -6.032293968,      -6.481142738,      -3.808952115
          0,           0,         790,      -9.363141959,      -6.039768687,      -6.488612435,      -3.816424122
          0,           0,         791,       -9.37061312,      -6.047242839,      -6.496081804,      -3.823897581
          0,           0,         792,      -9.378080608,       -6.05471682,      -6.503551426,      -3.831368751
          0,           0,         793,      -9.385553289,      -6.062190434,      -6.511020328,       -3.83884193
          0,           0,         794,      -9.393022197,      -6.069663717,      -6.518490019,      -3.846314018
          0,           0,         795,      -9.400493303,      -6.077136421,      -6.525958801,      -3.853785846
          0,           0,         796,      -9.407963927,      -6.084608917,      -6.533428592,      -3.861256665
          0,           0,         797,      -9.415433263,      -6.092081173,      -6.540898081,      -3.868727421
          0,           0,         798,      -9.422901718,      -6.099553063,      -6.548367319,      -3.876197536
          0,           0,         799,      -9.430371243,      -6.107024547,      -6.555836375,      -3.883667765
          0,           0,         800,      -9.437840881,      -6.114495819,      -6.563305399,      -3.891138335
          0,           0,         801,      -9.445309782,       -6.12196676,      -6.570775149,      -3.898607587
          0,           0,         802,      -9.452779469,      -6.129437403,      -6.578244879,      -3.906078118
          0,           0,         803,      -9.460250703,      -6.136907672,      -6.585713834,      -3.913547217
          0,           0,         804,      -9.467719226,      -6.144378038,      -6.593182586,      -3.921017256
          0,           0,         805,      -9.475188513,      -6.151847755,      -6.600652307,      -3.928485758
          0,           0,         806,      -9.482659515,      -6.159317336,      -6.608121586,      -3.935955476
          0,           0,         807,      -9.490127602,      -6.166786796,      -6.615591183,      -3.943423658
          0,           0,         808,      -9.497596497,      -6.174255885,      -6.623060619,      -3.950892109
          0,           0,         809,      -9.505068502,      -6.181724745,      -6.630530565,      -3.958363159
          0,           0,         810,      -9.512538587,      -6.189193592,      -6.638000362,      -3.965831563
          0,           0,         811,      -9.520005042,      -6.196661832,      -6.645471298,      -3.973297555
          0,           0,         812,      -9.527472641,      -6.204130086,      -6.652941276,      -3.980763013
          0,           0,         813,      -9.534943912,       -6.21159826,      -6.660410811,      -3.988232018
          0,           0,         814,      -9.542412702,      -6.219066108,      -6.667879434,      -3.995699509
          0,           0,         815,      -9.549882137,      -6.226534112,      -6.675349778,      -4.003166909
          0,           0,         816,      -9.557356663,      -6.234001389,      -6.682818895,      -4.010637756
          0,           0,         817,       -9.56482668,      -6.241468927,      -6.690290085,      -4.018107256
          0,           0,         818,      -9.572293789,      -6.248935955,      -6.697761963,      -4.025572839
          0,           0,         819,      -9.579761022,      -6.256403368,      -6.705231195,      -4.033038308
          0,           0,         820,      -9.587226419,      -6.263870165,      -6.712702305,      -4.040501198
          0,           0,         821,      -9.594697958,      -6.271337109,      -6.720172939,      -4.047971392
          0,           0,         822,      -9.602169278,      -6.278803914,      -6.727643053,      -4.055439564
          0,           0,         823,      -9.609637379,      -6.286270456,      -6.735115191,      -4.062903606
          0,           0,         824,      -9.617108255,      -6.293736856,      -6.742584799,      -4.070371442
          0,           0,         825,      -9.624578663,      -6.301203657,      -6.750054112,       -4.07783836
          0,           0,         826,      -9.632048557,      -6.308669688,      -6.757524886,      -4.085305981
          0,           0,         827,      -9.639520046,      -6.316136224,      -6.764996201,      -4.092774093
          0,           0,         828,       -9.64699078,      -6.323602403,      -6.772468334,      -4.100241119
          0,           0,         829,      -9.654460562,      -6.331068698,      -6.779940232,      -4.107707282
          0,           0,         830,      -9.661930453,       -6.33853487,      -6.787411658,      -4.115174323
          0,           0,         831,      -9.669396677,      -6.346000777,      -6.794884135,      -4.122637304
          0,           0,         832,      -9.676868001,      -6.353466698,      -6.802353979,      -4.130103135
          0,           0,         833,      -9.684338573,      -6.360932682,      -6.809825187,      -4.137569431
          0,           0,         834,      -9.691811818,      -6.368398941,      -6.817297362,      -4.145039007
          0,           0,         835,      -9.699287582,      -6.375864649,      -6.824770908,      -4.152509772
          0,           0,         836,      -9.706752247,      -6.383330511,       -6.83224325,      -4.159972876
          0,           0,         837,       -9.71422116,      -6.390795894,      -6.839715805,      -4.167437629
          0,           0,         838,      -9.721690381,      -6.398261599,      -6.847189817,      -4.174902351
          0,           0,         839,      -9.729161783,      -6.405727898,      -6.854660408,      -4.182370083
          0,           0,         840,      -9.736629495,      -6.413193811,      -6.862131587,      -4.189834348
          0,           0,         841,      -9.744106395,      -6.420659677,      -6.869605042,       -4.19730574
          0,           0,         842,      -9.751573315,      -6.428125731,       -6.87707931,      -4.204771178
          0,           0,         843,        -9.7590401,      -6.435591448,      -6.884552393,       -4.21223392
          0,           0,         844,      -9.766516689,      -6.443057659,      -6.892024156,      -4.219704069
          0,           0,         845,      -9.773992769,      -6.450523964,      -6.899497441,      -4.227173319
          0,           0,         846,      -9.781469385,      -6.457990209,      -6.906971333,      -4.234645459
          0,           0,         847,      -9.788942042,        -6.4654565,      -6.914443898,      -4.242113184
          0,           0,         848,      -9.796406899,      -6.472922519,      -6.921918747,      -4.249573023
          0,           0,         849,      -9.803880511,      -6.480388182,      -6.929392445,        -4.2570433
          0,           0,         850,      -9.811350952,      -6.487855144,      -6.936866329,      -4.264511454
          0,           0,         851,      -9.818825874,      -6.495321196,      -6.944343213,      -4.271978264
          0,           0,         852,      -9.826299015,      -6.502787732,       -6.95181767,      -4.279448053
          0,           0,         853,      -9.833772654,      -6.510253812,      -6.959291944,      -4.286915251
          0,           0,         854,      -9.841244389,      -6.517720761,      -6.966765496,      -4.294384268
          0,           0,         855,      -9.848712133,      -6.525188052,      -6.974239663,      -4.301849962
          0,           0,         856,      -9.856181864,      -6.532654427,      -6.981715865,      -4.309314179
          0,           0,         857,      -9.863656242,      -6.540121686,      -6.989189596,      -4.316783942
          0,           0,         858,      -9.871129969,      -6.547588864,      -6.996665288,      -4.324252097
          0,           0,         859,      -9.878596441,      -6.555055962,      -7.004140882,      -4.331717608
          0,           0,         860,      -9.886070798,      -6.562522994,      -7.011615453,      -4.339184813
          0,           0,         861,      -9.893541377,       -6.56998961,      -7.019092308,      -4.346648552
          0,           0,         862,      -9.901018618,      -6.577457276,      -7.026565863,      -4.354118918
          0,           0,         863,      -9.908498446,      -6.584925108,      -7.034042231,      -4.361598351
          0,           0,         864,      -9.915971507,      -6.592393998,      -7.041517649,      -4.369068301
          0,           0,         865,      -9.923453489,      -6.599861591,      -7.048994487,      -4.376541102
          0,           0,         866,      -9.930919681,      -6.607329371,      -7.056471015,      -4.384004416
          0,           0,         867,      -9.938394508,      -6.614797125,      -7.063945524,      -4.391473005
          0,           0,         868,        -9.9458758,      -6.622265848,      -7.071421999,      -4.398946988
          0,           0,         869,       -9.95334816,      -6.629734147,      -7.078898229,      -4.406414624
          0,           0,         870,      -9.960823453,      -6.637202384,      -7.086376391,      -4.413887722
          0,           0,         871,      -9.968299345,      -6.644672234,      -7.093852527,      -4.421357558
          0,           0,         872,      -9.975767011,      -6.652141423,      -7.101332825,      -4.428823069
          0,           0,         873,      -9.983247618,      -6.659609238,      -7.108808396,       -4.43629474
          0,           0,         874,       -9.99072113,      -6.667078576,      -7.116288493,      -4.443765951
          0,           0,         875,      -9.998197959,      -6.674547898,      -7.123766311,      -4.451236218
          0,           0,         876,      -10.00566905,      -6.682017365,      -7.131245077,      -4.458704308
          0,           0,         877,       -10.0131497,      -6.689487086,      -7.138721021,       -4.46617748
          0,           0,         878,      -10.02062453,      -6.696957581,      -7.146198757,      -4.473652052
          0,           0,         879,      -10.02809022,      -6.704427538,      -7.153677932,      -4.481114163
          0,           0,         880,      -10.03556883,      -6.711897249,       -7.16115254,      -4.488588897
          0,           0,         881,      -10.04304938,      -6.719367108,      -7.168629007,       -4.49606265
          0,           0,         882,      -10.05052291,      -6.726838498,      -7.176105666,      -4.503530806
          0,           0,         883,      -10.05799963,       -6.73430886,      -7.183584638,      -4.511003749
          0,           0,         884,      -10.06547746,      -6.741780558,      -7.191066624,      -4.518480203
          0,           0,         885,      -10.07295391,      -6.749251755,      -7.198545759,      -4.525953286
          0,           0,         886,       -10.0804293,      -6.756722409,      -7.206024468,      -4.533421448
          0,           0,         887,      -10.08790905,      -6.764193503,      -7.213503791,      -4.540895083
          0,           0,         888,      -10.09538756,      -6.771665737,      -7.220982518,      -4.548372664
          0,           0,         889,      -10.10287014,      -6.779137168,      -7.228462447,      -4.555845552
          0,           0,         890,       -10.1103435,      -6.786608176,      -7.235943449,      -4.563315564
          0,           0,         891,      -10.11782431,      -6.794080523,      -7.243419764,      -4.570790874
          0,           0,         892,      -10.12530404,      -6.801552839,      -7.250898604,      -4.578265553
          0,           0,         893,      -10.13277142,      -6.809025495,      -7.258377768,      -4.585736251
          0,           0,         894,      -10.14024799,       -6.81649881,      -7.265858738,      -4.593213973
          0,           0,         895,      -10.14772784,      -6.823971136,       -7.27333672,      -4.600683639
          0,           0,         896,      -10.15521096,      -6.831444211,      -7.280818074,      -4.608160791
          0,           0,         897,      -10.16269652,      -6.838917454,      -7.288296316,      -4.615639293
          0,           0,         898,      -10.17017752,      -6.846390801,      -7.295774199,      -4.623113609
          0,           0,         899,      -10.17764957,      -6.853865062,      -7.303256377,      -4.630587709
          0,           0,         900,      -10.18512948,      -6.861338185,       -7.31073831,      -4.638065644
          0,           0,         901,      -10.19259637,      -6.868812663,         -7.318218,      -4.645534701
          0,           0,         902,      -10.20007229,      -6.876286069,      -7.325698837,      -4.653004646
          0,           0,         903,      -10.20755886,      -6.883760645,      -7.333182929,      -4.660482243
          0,           0,         904,      -10.21504494,      -6.891234963,      -7.340661812,      -4.667963381
          0,           0,         905,      -10.22252855,       -6.89870932,      -7.348140778,      -4.675439013
          0,           0,         906,      -10.23001145,      -6.906184589,      -7.355622127,      -4.682923038
          0,           0,         907,      -10.23748117,      -6.913659682,      -7.363103315,      -4.690386113
          0,           0,         908,      -10.24497141,      -6.921135281,      -7.370581801,      -4.697869368
          0,           0,         909,      -10.25244717,      -6.928610536,      -7.378060695,      -4.705345457
          0,           0,         910,      -10.25992171,      -6.936086468,      -7.385545422,      -4.712818429
          0,           0,         911,      -10.26740173,      -6.943562743,      -7.393025969,      -4.720293243
          0,           0,         912,      -10.27489819,      -6.951038408,      -7.400512355,      -4.727783035
          0,           0,         913,       -10.2823672,      -6.958513506,      -7.407995456,      -4.735251074
          0,           0,         914,      -10.28984131,      -6.965990222,      -7.415473507,      -4.742724164
          0,           0,         915,      -10.29731026,      -6.973465307,      -7.422952693,      -4.750200154
          0,           0,         916,      -10.30478149,      -6.980944482,      -7.430437219,      -4.757669664
          0,           0,         917,      -10.31229268,      -6.988422203,      -7.437916835,      -4.765176672
          0,           0,         918,      -10.31976079,        -6.9958972,      -7.445399543,      -4.772637051
          0,           0,         919,      -10.32725145,      -7.003374067,      -7.452874425,      -4.780123231
          0,           0,         920,      -10.33472803,      -7.010853258,       -7.46035562,      -4.787599119
          0,           0,         921,      -10.34222053,      -7.018329297,      -7.467838652,      -4.795091789
          0,           0,         922,      -10.34969195,      -7.025807033,      -7.475317392,      -4.802559049
          0,           0,         923,      -10.35716007,      -7.033286804,      -7.482803157,      -4.810032311
          0,           0,         924,      -10.36467247,      -7.040763116,      -7.490293602,      -4.817527706
          0,           0,         925,      -10.37213636,      -7.048240362,      -7.497771138,      -4.824998849
          0,           0,         926,      -10.37960624,      -7.055719596,      -7.505251147,       -4.83247096
          0,           0,         927,      -10.38709881,      -7.063197933,      -7.512735851,      -4.839953793
          0,           0,         928,      -10.39456702,      -7.070675994,      -7.520220341,      -4.847427215
          0,           0,         929,      -10.40204126,       -7.07815551,      -7.527704968,      -4.854906499
          0,           0,         930,      -10.40953455,      -7.085634026,       -7.53518838,      -4.862384566
          0,           0,         931,      -10.41701186,      -7.093113881,       -7.54266009,      -4.869864261
          0,           0,         932,      -10.42451009,      -7.100593393,      -7.550146138,      -4.877360239
          0,           0,         933,      -10.43197501,      -7.108075553,       -7.55762264,      -4.884826103
          0,           0,         934,      -10.43945074,      -7.115552102,      -7.565111426,      -4.892303391
          0,           0,         935,      -10.44697225,      -7.123030741,      -7.572599692,      -4.899808426
          0,           0,         936,      -10.45441482,      -7.130511935,      -7.580074359,      -4.907258881
          0,           0,         937,      -10.46190791,      -7.137990154,      -7.587555699,      -4.914746439
          0,           0,         938,      -10.46938927,      -7.145469873,      -7.595037508,      -4.922221787
          0,           0,         939,      -10.47684978,      -7.152948704,      -7.602525634,      -4.929690515
          0,           0,         940,      -10.48437226,      -7.160429176,      -7.610000919,      -4.937205599
          0,           0,         941,      -10.49183816,      -7.167910329,      -7.617493882,      -4.944673541
          0,           0,         942,      -10.49932616,      -7.175390037,      -7.624976778,      -4.952150447
          0,           0,         943,      -10.50682249,      -7.182870209,      -7.632455993,      -4.959644989
          0,           0,         944,      -10.51427513,      -7.190351587,      -7.639944845,      -4.967106771
          0,           0,         945,      -10.52175835,      -7.197833261,      -7.647424894,      -4.974586074
          0,           0,         946,      -10.52923245,      -7.205314598,      -7.654907196,      -4.982075501
          0,           0,         947,      -10.53674646,      -7.212794807,      -7.662392401,      -4.989566249
          0,           0,         948,      -10.54421607,      -7.220275821,       -7.66986418,      -4.997046775
          0,           0,         949,      -10.55168648,      -7.227759814,       -7.67735143,      -5.004519813
          0,           0,         950,      -10.55918126,      -7.235240042,      -7.684836216,      -5.011996065
          0,           0,         951,      -10.56665935,      -7.242724214,      -7.692308878,      -5.019488854
          0,           0,         952,      -10.57413752,        -7.2502031,      -7.699784418,      -5.026975983
          0,           0,         953,      -10.58161197,      -7.257685178,      -7.707281012,      -5.034452563
          0,           0,         954,      -10.58910451,      -7.265168724,      -7.714760837,      -5.041953124
          0,           0,         955,      -10.59659788,      -7.272651749,      -7.722230609,      -5.049426582
          0,           0,         956,      -10.60406596,      -7.280131837,      -7.729728561,      -5.056901799
          0,           0,         957,      -10.61153743,      -7.287613215,      -7.737224666,      -5.064369543
          0,           0,         958,      -10.61902663,      -7.295094852,      -7.744695138,      -5.071858603
          0,           0,         959,      -10.62652806,      -7.302579264,      -7.752187242,      -5.079373376
          0,           0,         960,      -10.63401423,      -7.310059397,      -7.759672633,      -5.086848468
          0,           0,         961,      -10.64147846,      -7.317540102,      -7.767135755,      -5.094298886
          0,           0,         962,      -10.64895307,      -7.325025594,       -7.77462995,      -5.101788362
          0,           0,         963,       -10.6564405,      -7.332505972,      -7.782112839,      -5.109254645
          0,           0,         964,      -10.66394773,      -7.339987683,      -7.789600307,      -5.116759043
          0,           0,         965,      -10.67144997,      -7.347469297,       -7.79707672,      -5.124253717
          0,           0,         966,      -10.67891775,      -7.354950042,      -7.804560811,        -5.1317312
          0,           0,         967,      -10.68634454,       -7.36243679,      -7.812042092,      -5.139181414
          0,           0,         968,      -10.69387295,      -7.369920012,      -7.819519245,      -5.146697873
          0,           0,         969,      -10.70135532,      -7.377404955,      -7.827012792,      -5.154175461
          0,           0,         970,      -10.70879401,      -7.384887671,      -7.834490326,      -5.161637027
          0,           0,         971,      -10.71630913,      -7.392370784,      -7.841968957,       -5.16914527
          0,           0,         972,      -10.72376831,       -7.39985397,       -7.84943906,      -5.176594377
          0,           0,         973,      -10.73128384,      -7.407337429,      -7.856920719,       -5.18410738
          0,           0,         974,      -10.73876517,       -7.41482001,      -7.864420187,      -5.191591152
          0,           0,         975,      -10.74623514,       -7.42230185,      -7.871908257,      -5.199066916
          0,           0,         976,      -10.75371199,      -7.429784366,      -7.879387478,      -5.206535376
          0,           0,         977,       -10.7611815,      -7.437269199,      -7.886862615,      -5.214003759
          0,           0,         978,      -10.76872769,      -7.444756877,      -7.894343595,      -5.221543953
          0,           0,         979,      -10.77618201,      -7.452235266,      -7.901842486,      -5.229009583
