
-------------------------------------------------------------------------
|    ___ _   _ ___                                                      |
|   / __| | | |_  )   Release 8.5.0 "Harrier"                           |
|   \__ \ |_| |/ /                                                      |
|   |___/\___//___|   Suite (Computational Fluid Dynamics Code)         |
|                                                                       |
-------------------------------------------------------------------------
| SU2 Project Website: https://su2code.github.io                        |
|                                                                       |
| The SU2 Project is maintained by the SU2 Foundation                   |
| (http://su2foundation.org)                                            |
-------------------------------------------------------------------------
| Copyright 2012-2026, SU2 Contributors                                 |
|                                                                       |
| SU2 is free software; you can redistribute it and/or                  |
| modify it under the terms of the GNU Lesser General Public            |
| License as published by the Free Software Foundation; either          |
| version 2.1 of the License, or (at your option) any later version.    |
|                                                                       |
| SU2 is distributed in the hope that it will be useful,                |
| but WITHOUT ANY WARRANTY; without even the implied warranty of        |
| MERCHANTABILITY or FITNESS FOR A PARTICULAR PURPOSE. See the GNU      |
| Lesser General Public License for more details.                       |
|                                                                       |
| You should have received a copy of the GNU Lesser General Public      |
| License along with SU2. If not, see <http://www.gnu.org/licenses/>.   |
-------------------------------------------------------------------------

Parsing config file for zone 0

----------------- Physical Case Definition ( Zone 0 ) -------------------
Compressible Euler equations.
Mach number: 0.3.
Angle of attack (AoA): 2 deg, and angle of sideslip (AoS): 0 deg.
No restart solution, use the values at infinity (freestream).
Dimensional simulation.
The reference area is 1 m^2.
The semi-span will be computed using the max y(3D) value.
The reference length is 1 m.
Reference origin for moment evaluation is (0.25, 0, 0).
Surface(s) where the force coefficients are evaluated: airfoil.

Surface(s) where the objective function is evaluated: airfoil.
Surface(s) plotted in the output file: airfoil.
Input mesh file name: mesh_NACA0012_inv.su2

--------------- Space Numerical Integration ( Zone 0 ) ------------------
Jameson-Schmidt-Turkel scheme (2nd order in space) for the flow inviscid terms.
JST viscous coefficients (2nd & 4th): 0.5, 0.02.
The method includes a grid stretching correction (p = 0.3).
Gradient for upwind reconstruction: inverse-distance weighted Least-Squares.
Gradient for viscous and source terms: inverse-distance weighted Least-Squares.

--------------- Time Numerical Integration  ( Zone 0 ) ------------------
Local time stepping (steady state simulation).
Euler implicit method for the flow equations.
FGMRES is used for solving the linear system.
Using a LU-SGS preconditioning.
Convergence criteria of the linear solver: 1e-06.
Max number of linear iterations: 5.
W Multigrid Cycle, with 3 multigrid levels.
Damping factor for the residual restriction: 1.
Damping factor for the correction prolongation: 1.
No CFL adaptation.
+-------------------------------------------+
|  MG Level| Presmooth|PostSmooth|CorrectSmo|
+-------------------------------------------+
|         0|         1|         0|         0|
|         1|         2|         0|         0|
|         2|         3|         0|         0|
|         3|         3|         0|         0|
+-------------------------------------------+
Courant-Friedrichs-Lewy number:        4

------------------ Convergence Criteria  ( Zone 0 ) ---------------------
Maximum number of solver subiterations: 9999.
Begin convergence monitoring at iteration 10.
Residual minimum value: 1e-8.
Cauchy series min. value: 1e-10.
Number of Cauchy elements: 100.
Begin windowed time average at iteration 0.

-------------------- Output Information ( Zone 0 ) ----------------------
File writing frequency: 
+------------------------------------+
|                     File| Frequency|
+------------------------------------+
|                  RESTART|        10|
|                 PARAVIEW|       250|
|         SURFACE_PARAVIEW|       250|
|              SURFACE_CSV|       250|
+------------------------------------+
Writing the convergence history file every 1 inner iterations.
Writing the screen convergence history every 1 inner iterations.
The tabular file format is CSV (.csv).
Convergence history file name: history.
Forces breakdown file name: forces_breakdown.dat.
Surface file name: surface_flow.
Volume file name: flow.
Restart file name: restart_flow.

------------- Config File Boundary Information ( Zone 0 ) ---------------
+-----------------------------------------------------------------------+
|                        Marker Type|                        Marker Name|
+-----------------------------------------------------------------------+
|                         Euler wall|                            airfoil|
+-----------------------------------------------------------------------+
|                          Far-field|                           farfield|
+-----------------------------------------------------------------------+

-------------------- Output Preprocessing ( Zone 0 ) --------------------

WARNING: SURFACE_PRESSURE_DROP can only be computed for at least 2 surfaces (outlet, inlet, ...)

Screen output fields: INNER_ITER, RMS_DENSITY, RMS_MOMENTUM-X, RMS_MOMENTUM-Y, RMS_ENERGY
History output group(s): ITER, RMS_RES
Convergence field(s): DRAG
Warning: No (valid) fields chosen for time convergence monitoring. Time convergence monitoring inactive.
Volume output fields: COORDINATES, SOLUTION, PRIMITIVE

------------------- Geometry Preprocessing ( Zone 0 ) -------------------
Two dimensional problem.
5233 grid points before partitioning.
10216 volume elements before partitioning.
2 surface markers.
200 boundary elements in index 0 (Marker = airfoil).
50 boundary elements in index 1 (Marker = farfield).
Executing the partitioning functions.
Building the graph adjacency structure.
Calling ParMETIS... graph partitioning complete (316 edge cuts).
Distributing ParMETIS coloring.
Rebalancing vertices.
Rebalancing volume element connectivity.
Rebalancing markers and surface elements.
5555 vertices including ghost points. 
10532 interior elements including halo cells. 
10532 triangles.
Establishing MPI communication patterns.
Setting point connectivity.
Renumbering points (Reverse Cuthill McKee Ordering).
Recomputing point connectivity.
Setting element connectivity.
Checking the numerical grid orientation.
All volume elements are correctly oriented.
All surface elements are correctly oriented.
Identifying edges and vertices.
Setting the control volume structure.
Area of the computational grid: 1255.76.
Searching for the closest normal neighbors to the surfaces.
Storing a mapping from global to local point index.
Compute the surface curvature.
Max K: 7835.1. Mean K: 34.8252. Standard deviation K: 494.448.
Computing mesh quality statistics for the dual control volumes.
+--------------------------------------------------------------+
|           Mesh Quality Metric|        Minimum|        Maximum|
+--------------------------------------------------------------+
|    Orthogonality Angle (deg.)|        62.6714|        89.7089|
|     CV Face Area Aspect Ratio|        1.00001|        7.18337|
|           CV Sub-Volume Ratio|        1.00285|        6.47826|
+--------------------------------------------------------------+
Setting the multigrid structure. NMG=3
+-------------------------------------------+
|  MG Level|       CVs|Aggl. Rate|       CFL|
+-------------------------------------------+
|         0|      5233|    1/1.00|         4|
|         1|      1659|    1/3.15|   2.66667|

Euler Wall Agglomeration Statistics (45° curvature threshold):
----------------------------------------------------------------
  Marker: airfoil
    Seeds agglomerated:       37 (100.0%)
    Seeds rejected (>45° curv): 0 (0.0%)
----------------------------------------------------------------
|         2|       563|    1/2.95|  1.777778|

Euler Wall Agglomeration Statistics (45° curvature threshold):
----------------------------------------------------------------
  Marker: airfoil
    Seeds agglomerated:       18 (100.0%)
    Seeds rejected (>45° curv): 0 (0.0%)
----------------------------------------------------------------
MG level 3 has only 209 CVs (< MG_MIN_MESHSIZE=500). Reducing MG levels to 2.

Euler Wall Agglomeration Statistics (45° curvature threshold):
----------------------------------------------------------------
  Marker: airfoil
    Seeds agglomerated:       9 (100.0%)
    Seeds rejected (>45° curv): 0 (0.0%)
----------------------------------------------------------------
Finding max control volume width.
Communicating number of neighbors.
Wetted area = 2.0 m.
Area projection in the x-plane = 0.1 m, y-plane = 1.0 m.
Max. coordinate in the x-direction = 1.0 m, y-direction = 0.1 m.
Min. coordinate in the x-direction = 0.0 m, y-direction = -0.1 m.
Computing wall distances.

-------------------- Solver Preprocessing ( Zone 0 ) --------------------
Inviscid flow: Computing density based on free-stream
temperature and pressure using the ideal gas law.
Force coefficients computed using free-stream values.

-- Models:
+------------------------------------------------------------------------------+
|          Viscosity Model|        Conductivity Model|              Fluid Model|
+------------------------------------------------------------------------------+
|                        -|                         -|             STANDARD_AIR|
+------------------------------------------------------------------------------+
-- Fluid properties:
+------------------------------------------------------------------------------+
|                  Name|    Dim. value|    Ref. value|      Unit|Non-dim. value|
+------------------------------------------------------------------------------+
|          Gas Constant|       287.058|             1|  N.m/kg.K|       287.058|
|      Spec. Heat Ratio|             -|             -|         -|           1.4|
+------------------------------------------------------------------------------+
-- Initial and free-stream conditions:
+------------------------------------------------------------------------------+
|                  Name|    Dim. value|    Ref. value|      Unit|Non-dim. value|
+------------------------------------------------------------------------------+
|       Static Pressure|        101325|             1|        Pa|        101325|
|               Density|       1.29225|             1|    kg/m^3|       1.29225|
|           Temperature|        273.15|             1|         K|        273.15|
|          Total Energy|        200965|             1|   m^2/s^2|        200965|
|            Velocity-X|       99.3359|             1|       m/s|       99.3359|
|            Velocity-Y|       3.46888|             1|       m/s|       3.46888|
|    Velocity Magnitude|       99.3964|             1|       m/s|       99.3964|
+------------------------------------------------------------------------------+
|           Mach Number|             -|             -|         -|           0.3|
+------------------------------------------------------------------------------+
Initialize Jacobian structure (Euler). MG level: 0.
Initialize Jacobian structure (Euler). MG level: 1.
Initialize Jacobian structure (Euler). MG level: 2.

------------------- Numerics Preprocessing ( Zone 0 ) -------------------

----------------- Integration Preprocessing ( Zone 0 ) ------------------

------------------- Iteration Preprocessing ( Zone 0 ) ------------------
Euler/Navier-Stokes/RANS fluid iteration.

------------------------------ Begin Solver -----------------------------

Simulation Run using the Single-zone Driver
WARNING: SU2 was not compiled for an AVX-capable architecture. Performance could be better,
         see https://su2code.github.io/docs_v7/Build-SU2-Linux-MacOS/#compiler-optimizations
WARNING: SU2 was not compiled for an AVX-capable architecture. Performance could be better,
         see https://su2code.github.io/docs_v7/Build-SU2-Linux-MacOS/#compiler-optimizations
WARNING: SU2 was not compiled for an AVX-capable architecture. Performance could be better,
         see https://su2code.github.io/docs_v7/Build-SU2-Linux-MacOS/#compiler-optimizations
+----------------------------------------------------------------+
|  Inner_Iter|    rms[Rho]|   rms[RhoU]|   rms[RhoV]|   rms[RhoE]|
+----------------------------------------------------------------+
|           0|   -1.443072|    0.480352|   -0.002541|    4.003114|
|           1|   -1.832421|    0.562540|    0.749095|    3.628170|
|           2|   -1.805417|    0.660372|    0.699757|    3.652447|
|           3|   -1.817435|    0.718651|    0.744704|    3.633820|
|           4|   -1.790346|    0.722251|    0.735949|    3.655581|
|           5|   -1.762844|    0.694683|    0.714103|    3.685307|
|           6|   -1.740350|    0.704468|    0.721992|    3.716264|
|           7|   -1.742364|    0.730054|    0.765349|    3.713505|
|           8|   -1.732377|    0.712159|    0.767682|    3.709734|
|           9|   -1.710703|    0.680919|    0.732760|    3.728423|
|          10|   -1.697689|    0.719996|    0.749202|    3.752787|
+-----------------------------------------------------------------------+
|        File Writing Summary       |              Filename             |
+-----------------------------------------------------------------------+
|SU2 binary restart                 |restart_flow.dat                   |

Writing the forces breakdown file (forces_breakdown.dat).
+-----------------------------------------------------------------------+
+----------------------------------------------------------------+
|  Inner_Iter|    rms[Rho]|   rms[RhoU]|   rms[RhoV]|   rms[RhoE]|
+----------------------------------------------------------------+
|          11|   -1.689256|    0.776122|    0.809072|    3.765322|
|          12|   -1.685530|    0.783294|    0.828426|    3.758550|
|          13|   -1.696747|    0.739744|    0.782443|    3.735738|
|          14|   -1.719586|    0.671994|    0.691437|    3.714837|
|          15|   -1.742069|    0.635031|    0.639034|    3.705864|
|          16|   -1.758516|    0.658243|    0.677043|    3.697391|
|          17|   -1.771635|    0.692151|    0.720451|    3.677505|
|          18|   -1.789019|    0.694565|    0.719011|    3.645413|
|          19|   -1.819122|    0.656759|    0.670914|    3.605777|
|          20|   -1.865029|    0.585313|    0.588428|    3.563750|
+-----------------------------------------------------------------------+
|        File Writing Summary       |              Filename             |
+-----------------------------------------------------------------------+
|SU2 binary restart                 |restart_flow.dat                   |

Writing the forces breakdown file (forces_breakdown.dat).
+-----------------------------------------------------------------------+
+----------------------------------------------------------------+
|  Inner_Iter|    rms[Rho]|   rms[RhoU]|   rms[RhoV]|   rms[RhoE]|
+----------------------------------------------------------------+
|          21|   -1.923766|    0.503780|    0.501456|    3.516112|
|          22|   -1.981349|    0.444281|    0.443291|    3.467179|
|          23|   -2.027521|    0.429377|    0.428714|    3.424245|
|          24|   -2.057976|    0.445855|    0.442867|    3.389843|
|          25|   -2.076497|    0.470243|    0.464933|    3.362750|
|          26|   -2.092067|    0.484496|    0.477366|    3.337739|
|          27|   -2.110547|    0.481306|    0.471498|    3.312228|
|          28|   -2.134904|    0.458135|    0.443410|    3.285267|
|          29|   -2.165792|    0.415708|    0.392524|    3.257289|
|          30|   -2.201328|    0.359121|    0.322376|    3.230956|
+-----------------------------------------------------------------------+
|        File Writing Summary       |              Filename             |
+-----------------------------------------------------------------------+
|SU2 binary restart                 |restart_flow.dat                   |

Writing the forces breakdown file (forces_breakdown.dat).
+-----------------------------------------------------------------------+
+----------------------------------------------------------------+
|  Inner_Iter|    rms[Rho]|   rms[RhoU]|   rms[RhoV]|   rms[RhoE]|
+----------------------------------------------------------------+
|          31|   -2.237109|    0.304723|    0.256923|    3.204956|
|          32|   -2.268344|    0.263604|    0.211451|    3.180141|
|          33|   -2.292322|    0.245358|    0.195486|    3.160325|
|          34|   -2.308779|    0.250445|    0.208573|    3.144318|
|          35|   -2.318453|    0.269454|    0.237109|    3.131334|
|          36|   -2.325430|    0.288745|    0.264038|    3.117789|
|          37|   -2.333480|    0.300801|    0.281095|    3.101576|
|          38|   -2.345425|    0.302663|    0.285489|    3.081560|
|          39|   -2.362757|    0.293769|    0.276919|    3.057648|
|          40|   -2.385250|    0.274588|    0.255623|    3.031395|
+-----------------------------------------------------------------------+
|        File Writing Summary       |              Filename             |
+-----------------------------------------------------------------------+
|SU2 binary restart                 |restart_flow.dat                   |

Writing the forces breakdown file (forces_breakdown.dat).
+-----------------------------------------------------------------------+
+----------------------------------------------------------------+
|  Inner_Iter|    rms[Rho]|   rms[RhoU]|   rms[RhoV]|   rms[RhoE]|
+----------------------------------------------------------------+
|          41|   -2.411470|    0.245974|    0.222562|    3.005122|
|          42|   -2.437699|    0.209865|    0.179457|    2.983089|
|          43|   -2.459729|    0.169577|    0.129617|    2.968938|
|          44|   -2.475303|    0.130580|    0.079772|    2.962930|
|          45|   -2.484657|    0.100793|    0.041594|    2.962894|
|          46|   -2.492699|    0.087539|    0.028389|    2.961301|
|          47|   -2.503107|    0.091078|    0.041106|    2.953499|
|          48|   -2.517430|    0.104422|    0.067378|    2.937373|
|          49|   -2.534615|    0.118335|    0.092733|    2.913600|
|          50|   -2.550621|    0.126549|    0.108663|    2.886699|
+-----------------------------------------------------------------------+
|        File Writing Summary       |              Filename             |
+-----------------------------------------------------------------------+
|SU2 binary restart                 |restart_flow.dat                   |

Writing the forces breakdown file (forces_breakdown.dat).
+-----------------------------------------------------------------------+
+----------------------------------------------------------------+
|  Inner_Iter|    rms[Rho]|   rms[RhoU]|   rms[RhoV]|   rms[RhoE]|
+----------------------------------------------------------------+
|          51|   -2.563007|    0.123612|    0.109126|    2.861685|
|          52|   -2.569999|    0.108402|    0.092921|    2.845397|
|          53|   -2.572398|    0.082530|    0.061575|    2.841378|
|          54|   -2.573113|    0.050275|    0.019948|    2.846901|
|          55|   -2.574463|    0.018245|   -0.022878|    2.856774|
|          56|   -2.580473|   -0.005768|   -0.053516|    2.861755|
|          57|   -2.592011|   -0.018531|   -0.065439|    2.857521|
|          58|   -2.608681|   -0.022775|   -0.064437|    2.842621|
|          59|   -2.629127|   -0.024126|   -0.061916|    2.818179|
|          60|   -2.650419|   -0.026305|   -0.065180|    2.788812|
+-----------------------------------------------------------------------+
|        File Writing Summary       |              Filename             |
+-----------------------------------------------------------------------+
|SU2 binary restart                 |restart_flow.dat                   |

Writing the forces breakdown file (forces_breakdown.dat).
+-----------------------------------------------------------------------+
+----------------------------------------------------------------+
|  Inner_Iter|    rms[Rho]|   rms[RhoU]|   rms[RhoV]|   rms[RhoE]|
+----------------------------------------------------------------+
|          61|   -2.669980|   -0.031973|   -0.075997|    2.760525|
|          62|   -2.684186|   -0.040363|   -0.089735|    2.741405|
|          63|   -2.690267|   -0.049449|   -0.099471|    2.736270|
|          64|   -2.688427|   -0.057827|   -0.101468|    2.742740|
|          65|   -2.680623|   -0.065441|   -0.097764|    2.755447|
|          66|   -2.673804|   -0.075211|   -0.097295|    2.764658|
|          67|   -2.671620|   -0.089772|   -0.107530|    2.766973|
|          68|   -2.675055|   -0.109340|   -0.131113|    2.762814|
|          69|   -2.682185|   -0.129713|   -0.163584|    2.755454|
|          70|   -2.688848|   -0.142074|   -0.190987|    2.749483|
+-----------------------------------------------------------------------+
|        File Writing Summary       |              Filename             |
+-----------------------------------------------------------------------+
|SU2 binary restart                 |restart_flow.dat                   |

Writing the forces breakdown file (forces_breakdown.dat).
+-----------------------------------------------------------------------+
+----------------------------------------------------------------+
|  Inner_Iter|    rms[Rho]|   rms[RhoU]|   rms[RhoV]|   rms[RhoE]|
+----------------------------------------------------------------+
|          71|   -2.690585|   -0.137725|   -0.194278|    2.748512|
|          72|   -2.683692|   -0.114686|   -0.165637|    2.755191|
|          73|   -2.671726|   -0.084855|   -0.123432|    2.764744|
|          74|   -2.658616|   -0.060766|   -0.088181|    2.774121|
|          75|   -2.651206|   -0.052153|   -0.073181|    2.777959|
|          76|   -2.650811|   -0.062510|   -0.082206|    2.776816|
|          77|   -2.658734|   -0.090995|   -0.113739|    2.769872|
|          78|   -2.671693|   -0.132105|   -0.161808|    2.760204|
|          79|   -2.686641|   -0.177022|   -0.216763|    2.749573|
|          80|   -2.701360|   -0.213875|   -0.263477|    2.738490|
+-----------------------------------------------------------------------+
|        File Writing Summary       |              Filename             |
+-----------------------------------------------------------------------+
|SU2 binary restart                 |restart_flow.dat                   |

Writing the forces breakdown file (forces_breakdown.dat).
+-----------------------------------------------------------------------+
+----------------------------------------------------------------+
|  Inner_Iter|    rms[Rho]|   rms[RhoU]|   rms[RhoV]|   rms[RhoE]|
+----------------------------------------------------------------+
|          81|   -2.713064|   -0.229623|   -0.282624|    2.729032|
|          82|   -2.720210|   -0.218296|   -0.263432|    2.721594|
|          83|   -2.722209|   -0.187929|   -0.218849|    2.716398|
|          84|   -2.719535|   -0.152343|   -0.169664|    2.713592|
|          85|   -2.712719|   -0.120693|   -0.127456|    2.714155|
|          86|   -2.704791|   -0.100369|   -0.099882|    2.716450|
|          87|   -2.699275|   -0.094741|   -0.089668|    2.718162|
|          88|   -2.698254|   -0.104744|   -0.097159|    2.718025|
|          89|   -2.702804|   -0.130301|   -0.122130|    2.715296|
|          90|   -2.712991|   -0.170271|   -0.163800|    2.709796|
+-----------------------------------------------------------------------+
|        File Writing Summary       |              Filename             |
+-----------------------------------------------------------------------+
|SU2 binary restart                 |restart_flow.dat                   |

Writing the forces breakdown file (forces_breakdown.dat).
+-----------------------------------------------------------------------+
+----------------------------------------------------------------+
|  Inner_Iter|    rms[Rho]|   rms[RhoU]|   rms[RhoV]|   rms[RhoE]|
+----------------------------------------------------------------+
|          91|   -2.727872|   -0.221260|   -0.219754|    2.701890|
|          92|   -2.745531|   -0.274912|   -0.282879|    2.692372|
|          93|   -2.762842|   -0.314909|   -0.336300|    2.683207|
|          94|   -2.777169|   -0.321886|   -0.352843|    2.674372|
|          95|   -2.786250|   -0.295288|   -0.325555|    2.666412|
|          96|   -2.789552|   -0.252946|   -0.276269|    2.659433|
|          97|   -2.788545|   -0.212216|   -0.228093|    2.653032|
|          98|   -2.784958|   -0.180908|   -0.191011|    2.647561|
|          99|   -2.783107|   -0.165002|   -0.171368|    2.640632|
|         100|   -2.785306|   -0.165705|   -0.170203|    2.631785|
+-----------------------------------------------------------------------+
|        File Writing Summary       |              Filename             |
+-----------------------------------------------------------------------+
|SU2 binary restart                 |restart_flow.dat                   |

Writing the forces breakdown file (forces_breakdown.dat).
+-----------------------------------------------------------------------+
+----------------------------------------------------------------+
|  Inner_Iter|    rms[Rho]|   rms[RhoU]|   rms[RhoV]|   rms[RhoE]|
+----------------------------------------------------------------+
|         101|   -2.792621|   -0.183165|   -0.187589|    2.621345|
|         102|   -2.805086|   -0.216941|   -0.223159|    2.610112|
|         103|   -2.821736|   -0.266309|   -0.276751|    2.599580|
|         104|   -2.841529|   -0.325520|   -0.341867|    2.589557|
|         105|   -2.862150|   -0.381487|   -0.402655|    2.580125|
|         106|   -2.880954|   -0.413374|   -0.432529|    2.570863|
|         107|   -2.895841|   -0.408569|   -0.417620|    2.560928|
|         108|   -2.905036|   -0.376415|   -0.373841|    2.550715|
|         109|   -2.910672|   -0.340667|   -0.330210|    2.537772|
|         110|   -2.915256|   -0.315793|   -0.301112|    2.521849|
+-----------------------------------------------------------------------+
|        File Writing Summary       |              Filename             |
+-----------------------------------------------------------------------+
|SU2 binary restart                 |restart_flow.dat                   |

Writing the forces breakdown file (forces_breakdown.dat).
+-----------------------------------------------------------------------+
+----------------------------------------------------------------+
|  Inner_Iter|    rms[Rho]|   rms[RhoU]|   rms[RhoV]|   rms[RhoE]|
+----------------------------------------------------------------+
|         111|   -2.921402|   -0.307387|   -0.291053|    2.503634|
|         112|   -2.931171|   -0.316835|   -0.300698|    2.484443|
|         113|   -2.945420|   -0.344243|   -0.330098|    2.466349|
|         114|   -2.965118|   -0.387761|   -0.377335|    2.449691|
|         115|   -2.989101|   -0.442136|   -0.437216|    2.434982|
|         116|   -3.015137|   -0.496405|   -0.498200|    2.421701|
|         117|   -3.040737|   -0.534207|   -0.541573|    2.408235|
|         118|   -3.063269|   -0.542783|   -0.551777|    2.393783|
|         119|   -3.083132|   -0.528883|   -0.535849|    2.374673|
|         120|   -3.101775|   -0.510017|   -0.514366|    2.349564|
+-----------------------------------------------------------------------+
|        File Writing Summary       |              Filename             |
+-----------------------------------------------------------------------+
|SU2 binary restart                 |restart_flow.dat                   |

Writing the forces breakdown file (forces_breakdown.dat).
+-----------------------------------------------------------------------+
+----------------------------------------------------------------+
|  Inner_Iter|    rms[Rho]|   rms[RhoU]|   rms[RhoV]|   rms[RhoE]|
+----------------------------------------------------------------+
|         121|   -3.121204|   -0.499066|   -0.501782|    2.318688|
|         122|   -3.142990|   -0.501718|   -0.503884|    2.284033|
|         123|   -3.166899|   -0.519057|   -0.521693|    2.250166|
|         124|   -3.193532|   -0.550288|   -0.553424|    2.220138|
|         125|   -3.220941|   -0.591213|   -0.594513|    2.197311|
|         126|   -3.246780|   -0.634717|   -0.637664|    2.181847|
|         127|   -3.269896|   -0.671894|   -0.674053|    2.170117|
|         128|   -3.290067|   -0.695502|   -0.696701|    2.158355|
|         129|   -3.310060|   -0.705645|   -0.705820|    2.140660|
|         130|   -3.331555|   -0.708609|   -0.707527|    2.115565|
+-----------------------------------------------------------------------+
|        File Writing Summary       |              Filename             |
+-----------------------------------------------------------------------+
|SU2 binary restart                 |restart_flow.dat                   |

Writing the forces breakdown file (forces_breakdown.dat).
+-----------------------------------------------------------------------+
+----------------------------------------------------------------+
|  Inner_Iter|    rms[Rho]|   rms[RhoU]|   rms[RhoV]|   rms[RhoE]|
+----------------------------------------------------------------+
|         131|   -3.354622|   -0.710832|   -0.707788|    2.085020|
|         132|   -3.377343|   -0.715908|   -0.709941|    2.054158|
|         133|   -3.394886|   -0.724438|   -0.714869|    2.031685|
|         134|   -3.406818|   -0.737070|   -0.724441|    2.019800|
|         135|   -3.413067|   -0.753714|   -0.740515|    2.017398|
|         136|   -3.415776|   -0.773824|   -0.764473|    2.019497|
|         137|   -3.417875|   -0.795411|   -0.795397|    2.020944|
|         138|   -3.419992|   -0.813446|   -0.827544|    2.020528|
|         139|   -3.423120|   -0.821798|   -0.849189|    2.016764|
|         140|   -3.425559|   -0.817103|   -0.850105|    2.011766|
+-----------------------------------------------------------------------+
|        File Writing Summary       |              Filename             |
+-----------------------------------------------------------------------+
|SU2 binary restart                 |restart_flow.dat                   |

Writing the forces breakdown file (forces_breakdown.dat).
+-----------------------------------------------------------------------+
+----------------------------------------------------------------+
|  Inner_Iter|    rms[Rho]|   rms[RhoU]|   rms[RhoV]|   rms[RhoE]|
+----------------------------------------------------------------+
|         141|   -3.425683|   -0.803052|   -0.832640|    2.007986|
|         142|   -3.423561|   -0.788610|   -0.810660|    2.006579|
|         143|   -3.419473|   -0.781945|   -0.797248|    2.008957|
|         144|   -3.418767|   -0.789781|   -0.802067|    2.010627|
|         145|   -3.422829|   -0.812861|   -0.826955|    2.010708|
|         146|   -3.430230|   -0.845247|   -0.866139|    2.009947|
|         147|   -3.438023|   -0.873055|   -0.903270|    2.008752|
|         148|   -3.444467|   -0.882732|   -0.918561|    2.005013|
|         149|   -3.448733|   -0.872723|   -0.907877|    1.998339|
|         150|   -3.447809|   -0.848830|   -0.879425|    1.993013|
+-----------------------------------------------------------------------+
|        File Writing Summary       |              Filename             |
+-----------------------------------------------------------------------+
|SU2 binary restart                 |restart_flow.dat                   |

Writing the forces breakdown file (forces_breakdown.dat).
+-----------------------------------------------------------------------+
+----------------------------------------------------------------+
|  Inner_Iter|    rms[Rho]|   rms[RhoU]|   rms[RhoV]|   rms[RhoE]|
+----------------------------------------------------------------+
|         151|   -3.443400|   -0.823999|   -0.849691|    1.989064|
|         152|   -3.438667|   -0.808515|   -0.830936|    1.985838|
|         153|   -3.436464|   -0.808133|   -0.829523|    1.982833|
|         154|   -3.438592|   -0.825360|   -0.848136|    1.979800|
|         155|   -3.445704|   -0.860144|   -0.886872|    1.976502|
|         156|   -3.457215|   -0.908692|   -0.941653|    1.972650|
|         157|   -3.471214|   -0.959874|   -0.998901|    1.968034|
|         158|   -3.484686|   -0.992938|   -1.031574|    1.962643|
|         159|   -3.494456|   -0.990086|   -1.018745|    1.956634|
|         160|   -3.497286|   -0.955567|   -0.971643|    1.951893|
+-----------------------------------------------------------------------+
|        File Writing Summary       |              Filename             |
+-----------------------------------------------------------------------+
|SU2 binary restart                 |restart_flow.dat                   |

Writing the forces breakdown file (forces_breakdown.dat).
+-----------------------------------------------------------------------+
+----------------------------------------------------------------+
|  Inner_Iter|    rms[Rho]|   rms[RhoU]|   rms[RhoV]|   rms[RhoE]|
+----------------------------------------------------------------+
|         161|   -3.495438|   -0.914529|   -0.922768|    1.946296|
|         162|   -3.492376|   -0.884499|   -0.889771|    1.939317|
|         163|   -3.491171|   -0.872480|   -0.878227|    1.931563|
|         164|   -3.496035|   -0.881187|   -0.890161|    1.921746|
|         165|   -3.508063|   -0.910699|   -0.925792|    1.910816|
|         166|   -3.526583|   -0.957908|   -0.981649|    1.899624|
|         167|   -3.548966|   -1.013468|   -1.046850|    1.888980|
|         168|   -3.570708|   -1.057711|   -1.096291|    1.879741|
|         169|   -3.588130|   -1.068660|   -1.101837|    1.870369|
|         170|   -3.598562|   -1.045790|   -1.068338|    1.860250|
+-----------------------------------------------------------------------+
|        File Writing Summary       |              Filename             |
+-----------------------------------------------------------------------+
|SU2 binary restart                 |restart_flow.dat                   |

Writing the forces breakdown file (forces_breakdown.dat).
+-----------------------------------------------------------------------+
+----------------------------------------------------------------+
|  Inner_Iter|    rms[Rho]|   rms[RhoU]|   rms[RhoV]|   rms[RhoE]|
+----------------------------------------------------------------+
|         171|   -3.603669|   -1.013066|   -1.028561|    1.847204|
|         172|   -3.607431|   -0.990452|   -1.004076|    1.830634|
|         173|   -3.613301|   -0.986518|   -1.002295|    1.811989|
|         174|   -3.625864|   -1.004378|   -1.025175|    1.791157|
|         175|   -3.646071|   -1.043419|   -1.071810|    1.770493|
|         176|   -3.672933|   -1.098143|   -1.134532|    1.751477|
|         177|   -3.703373|   -1.155232|   -1.195412|    1.734356|
|         178|   -3.732579|   -1.193214|   -1.227276|    1.718614|
|         179|   -3.757247|   -1.198478|   -1.220163|    1.701215|
|         180|   -3.776258|   -1.181837|   -1.195183|    1.680359|
+-----------------------------------------------------------------------+
|        File Writing Summary       |              Filename             |
+-----------------------------------------------------------------------+
|SU2 binary restart                 |restart_flow.dat                   |

Writing the forces breakdown file (forces_breakdown.dat).
+-----------------------------------------------------------------------+
+----------------------------------------------------------------+
|  Inner_Iter|    rms[Rho]|   rms[RhoU]|   rms[RhoV]|   rms[RhoE]|
+----------------------------------------------------------------+
|         181|   -3.792139|   -1.164406|   -1.176685|    1.654958|
|         182|   -3.809063|   -1.158960|   -1.175668|    1.625665|
|         183|   -3.829898|   -1.169049|   -1.193977|    1.595161|
|         184|   -3.857819|   -1.192984|   -1.229115|    1.564307|
|         185|   -3.892018|   -1.224883|   -1.274608|    1.535145|
|         186|   -3.929495|   -1.256156|   -1.320547|    1.508453|
|         187|   -3.966042|   -1.278912|   -1.356700|    1.483483|
|         188|   -3.996915|   -1.290421|   -1.378466|    1.459940|
|         189|   -4.021195|   -1.295132|   -1.390088|    1.435819|
|         190|   -4.040546|   -1.299582|   -1.399210|    1.410876|
+-----------------------------------------------------------------------+
|        File Writing Summary       |              Filename             |
+-----------------------------------------------------------------------+
|SU2 binary restart                 |restart_flow.dat                   |

Writing the forces breakdown file (forces_breakdown.dat).
+-----------------------------------------------------------------------+
+----------------------------------------------------------------+
|  Inner_Iter|    rms[Rho]|   rms[RhoU]|   rms[RhoV]|   rms[RhoE]|
+----------------------------------------------------------------+
|         191|   -4.058438|   -1.307995|   -1.410613|    1.385533|
|         192|   -4.078267|   -1.321229|   -1.425061|    1.360048|
|         193|   -4.100959|   -1.337403|   -1.440782|    1.335365|
|         194|   -4.127457|   -1.353859|   -1.456445|    1.310081|
|         195|   -4.154918|   -1.368085|   -1.471785|    1.285451|
|         196|   -4.179090|   -1.378875|   -1.486994|    1.264008|
|         197|   -4.196549|   -1.386586|   -1.501763|    1.248236|
|         198|   -4.205704|   -1.392372|   -1.514727|    1.239950|
|         199|   -4.211208|   -1.398237|   -1.525298|    1.235103|
|         200|   -4.217171|   -1.405634|   -1.534177|    1.230128|
+-----------------------------------------------------------------------+
|        File Writing Summary       |              Filename             |
+-----------------------------------------------------------------------+
|SU2 binary restart                 |restart_flow.dat                   |

Writing the forces breakdown file (forces_breakdown.dat).
+-----------------------------------------------------------------------+
+----------------------------------------------------------------+
|  Inner_Iter|    rms[Rho]|   rms[RhoU]|   rms[RhoV]|   rms[RhoE]|
+----------------------------------------------------------------+
|         201|   -4.225599|   -1.415181|   -1.543347|    1.223070|
|         202|   -4.235264|   -1.426400|   -1.554703|    1.214720|
|         203|   -4.241035|   -1.437419|   -1.567888|    1.209470|
|         204|   -4.240077|   -1.445935|   -1.580560|    1.209147|
|         205|   -4.231518|   -1.450220|   -1.588955|    1.214378|
|         206|   -4.219265|   -1.450606|   -1.591249|    1.222077|
|         207|   -4.209509|   -1.449841|   -1.590085|    1.227410|
|         208|   -4.205997|   -1.451544|   -1.591011|    1.228118|
|         209|   -4.215151|   -1.459421|   -1.600575|    1.218624|
|         210|   -4.231575|   -1.473819|   -1.620290|    1.205648|
+-----------------------------------------------------------------------+
|        File Writing Summary       |              Filename             |
+-----------------------------------------------------------------------+
|SU2 binary restart                 |restart_flow.dat                   |

Writing the forces breakdown file (forces_breakdown.dat).
+-----------------------------------------------------------------------+
+----------------------------------------------------------------+
|  Inner_Iter|    rms[Rho]|   rms[RhoU]|   rms[RhoV]|   rms[RhoE]|
+----------------------------------------------------------------+
|         211|   -4.250980|   -1.492519|   -1.647303|    1.193416|
|         212|   -4.267612|   -1.510626|   -1.672928|    1.185377|
|         213|   -4.276761|   -1.522376|   -1.685433|    1.182128|
|         214|   -4.276504|   -1.524435|   -1.678751|    1.182487|
|         215|   -4.272533|   -1.519987|   -1.661525|    1.180534|
|         216|   -4.271161|   -1.515770|   -1.647929|    1.172688|
|         217|   -4.276729|   -1.518099|   -1.648413|    1.158235|
|         218|   -4.290276|   -1.530492|   -1.667849|    1.139655|
|         219|   -4.308802|   -1.552968|   -1.706281|    1.122727|
|         220|   -4.328784|   -1.581687|   -1.756325|    1.110805|
+-----------------------------------------------------------------------+
|        File Writing Summary       |              Filename             |
+-----------------------------------------------------------------------+
|SU2 binary restart                 |restart_flow.dat                   |

Writing the forces breakdown file (forces_breakdown.dat).
+-----------------------------------------------------------------------+
+----------------------------------------------------------------+
|  Inner_Iter|    rms[Rho]|   rms[RhoU]|   rms[RhoV]|   rms[RhoE]|
+----------------------------------------------------------------+
|         221|   -4.344048|   -1.608990|   -1.800016|    1.105884|
|         222|   -4.351393|   -1.626434|   -1.815080|    1.105042|
|         223|   -4.353113|   -1.630855|   -1.799043|    1.102571|
|         224|   -4.353449|   -1.626775|   -1.771869|    1.095196|
|         225|   -4.360018|   -1.623357|   -1.755403|    1.078677|
|         226|   -4.376153|   -1.627345|   -1.759451|    1.054037|
|         227|   -4.401558|   -1.641076|   -1.785812|    1.025834|
|         228|   -4.432904|   -1.662647|   -1.830461|    1.000161|
|         229|   -4.464201|   -1.686573|   -1.881923|    0.981976|
|         230|   -4.490573|   -1.706009|   -1.919933|    0.969438|
+-----------------------------------------------------------------------+
|        File Writing Summary       |              Filename             |
+-----------------------------------------------------------------------+
|SU2 binary restart                 |restart_flow.dat                   |

Writing the forces breakdown file (forces_breakdown.dat).
+-----------------------------------------------------------------------+
+----------------------------------------------------------------+
|  Inner_Iter|    rms[Rho]|   rms[RhoU]|   rms[RhoV]|   rms[RhoE]|
+----------------------------------------------------------------+
|         231|   -4.509201|   -1.716809|   -1.930006|    0.957905|
|         232|   -4.522095|   -1.720431|   -1.920013|    0.942353|
|         233|   -4.534058|   -1.722443|   -1.909872|    0.920234|
|         234|   -4.547876|   -1.728174|   -1.913291|    0.893826|
|         235|   -4.568161|   -1.740965|   -1.936207|    0.864109|
|         236|   -4.594071|   -1.760507|   -1.977315|    0.836112|
|         237|   -4.622682|   -1.783596|   -2.028308|    0.813546|
|         238|   -4.650885|   -1.805531|   -2.073195|    0.795878|
|         239|   -4.675546|   -1.822198|   -2.094907|    0.780692|
|         240|   -4.697359|   -1.832775|   -2.092573|    0.762701|
+-----------------------------------------------------------------------+
|        File Writing Summary       |              Filename             |
+-----------------------------------------------------------------------+
|SU2 binary restart                 |restart_flow.dat                   |

Writing the forces breakdown file (forces_breakdown.dat).
+-----------------------------------------------------------------------+
+----------------------------------------------------------------+
|  Inner_Iter|    rms[Rho]|   rms[RhoU]|   rms[RhoV]|   rms[RhoE]|
+----------------------------------------------------------------+
|         241|   -4.717991|   -1.839460|   -2.081298|    0.739780|
|         242|   -4.739396|   -1.845418|   -2.075295|    0.712634|
|         243|   -4.763036|   -1.852790|   -2.080672|    0.683634|
|         244|   -4.788339|   -1.861839|   -2.096887|    0.656455|
|         245|   -4.816895|   -1.872045|   -2.120994|    0.630266|
|         246|   -4.846723|   -1.882412|   -2.148336|    0.605611|
|         247|   -4.874609|   -1.892273|   -2.174833|    0.583201|
|         248|   -4.897187|   -1.901610|   -2.198515|    0.564226|
|         249|   -4.910895|   -1.910564|   -2.218945|    0.551457|
|         250|   -4.918949|   -1.919745|   -2.236832|    0.542135|
+-----------------------------------------------------------------------+
|        File Writing Summary       |              Filename             |
+-----------------------------------------------------------------------+
|SU2 binary restart                 |restart_flow.dat                   |

Writing the forces breakdown file (forces_breakdown.dat).
|Paraview                           |flow.vtu                           |

Writing the forces breakdown file (forces_breakdown.dat).
|Paraview surface                   |surface_flow.vtu                   |

Writing the forces breakdown file (forces_breakdown.dat).
|CSV file                           |surface_flow.csv                   |

Writing the forces breakdown file (forces_breakdown.dat).
+-----------------------------------------------------------------------+
+----------------------------------------------------------------+
|  Inner_Iter|    rms[Rho]|   rms[RhoU]|   rms[RhoV]|   rms[RhoE]|
+----------------------------------------------------------------+
|         251|   -4.924453|   -1.929153|   -2.251987|    0.534342|
|         252|   -4.930796|   -1.938361|   -2.263403|    0.525630|
|         253|   -4.940618|   -1.946964|   -2.270791|    0.513864|
|         254|   -4.953478|   -1.954711|   -2.275177|    0.499953|
|         255|   -4.971703|   -1.962338|   -2.280382|    0.482201|
|         256|   -4.994143|   -1.970490|   -2.289275|    0.462599|
|         257|   -5.017729|   -1.979372|   -2.302379|    0.444487|
|         258|   -5.038148|   -1.988582|   -2.317431|    0.430820|
|         259|   -5.050111|   -1.997142|   -2.329988|    0.423869|
|         260|   -5.053631|   -2.004504|   -2.337262|    0.420686|
+-----------------------------------------------------------------------+
|        File Writing Summary       |              Filename             |
+-----------------------------------------------------------------------+
|SU2 binary restart                 |restart_flow.dat                   |

Writing the forces breakdown file (forces_breakdown.dat).
+-----------------------------------------------------------------------+
+----------------------------------------------------------------+
|  Inner_Iter|    rms[Rho]|   rms[RhoU]|   rms[RhoV]|   rms[RhoE]|
+----------------------------------------------------------------+
|         261|   -5.051276|   -2.010556|   -2.339974|    0.418382|
|         262|   -5.048222|   -2.015826|   -2.342331|    0.414182|
|         263|   -5.049506|   -2.021225|   -2.349350|    0.406405|
|         264|   -5.057855|   -2.027546|   -2.364206|    0.395134|
|         265|   -5.072915|   -2.035010|   -2.386732|    0.382259|
|         266|   -5.091483|   -2.043124|   -2.412845|    0.370554|
|         267|   -5.108895|   -2.050966|   -2.435432|    0.361865|
|         268|   -5.121810|   -2.057747|   -2.448159|    0.355525|
|         269|   -5.130740|   -2.063318|   -2.450582|    0.348556|
|         270|   -5.139685|   -2.068275|   -2.448627|    0.337518|
+-----------------------------------------------------------------------+
|        File Writing Summary       |              Filename             |
+-----------------------------------------------------------------------+
|SU2 binary restart                 |restart_flow.dat                   |

Writing the forces breakdown file (forces_breakdown.dat).
+-----------------------------------------------------------------------+
+----------------------------------------------------------------+
|  Inner_Iter|    rms[Rho]|   rms[RhoU]|   rms[RhoV]|   rms[RhoE]|
+----------------------------------------------------------------+
|         271|   -5.153193|   -2.073585|   -2.449770|    0.320512|
|         272|   -5.173522|   -2.080027|   -2.458738|    0.298373|
|         273|   -5.199154|   -2.087792|   -2.476157|    0.274892|
|         274|   -5.224919|   -2.096424|   -2.498709|    0.255334|
|         275|   -5.244224|   -2.105088|   -2.520349|    0.243282|
|         276|   -5.253480|   -2.113017|   -2.535341|    0.238026|
|         277|   -5.255101|   -2.119896|   -2.542139|    0.235316|
|         278|   -5.255407|   -2.125967|   -2.544293|    0.230531|
|         279|   -5.260223|   -2.131790|   -2.547277|    0.221096|
|         280|   -5.272413|   -2.137884|   -2.554943|    0.207095|
+-----------------------------------------------------------------------+
|        File Writing Summary       |              Filename             |
+-----------------------------------------------------------------------+
|SU2 binary restart                 |restart_flow.dat                   |

Writing the forces breakdown file (forces_breakdown.dat).
+-----------------------------------------------------------------------+
+----------------------------------------------------------------+
|  Inner_Iter|    rms[Rho]|   rms[RhoU]|   rms[RhoV]|   rms[RhoE]|
+----------------------------------------------------------------+
|         281|   -5.291642|   -2.144454|   -2.568091|    0.190641|
|         282|   -5.315141|   -2.151353|   -2.584720|    0.174483|
|         283|   -5.339002|   -2.158251|   -2.601272|    0.160383|
|         284|   -5.359956|   -2.164870|   -2.614626|    0.148243|
|         285|   -5.376956|   -2.171164|   -2.623953|    0.136552|
|         286|   -5.391318|   -2.177330|   -2.630992|    0.123678|
|         287|   -5.405321|   -2.183682|   -2.638554|    0.108964|
|         288|   -5.420552|   -2.190472|   -2.648724|    0.093061|
|         289|   -5.437098|   -2.197772|   -2.661907|    0.077532|
|         290|   -5.453719|   -2.205463|   -2.676834|    0.063977|
+-----------------------------------------------------------------------+
|        File Writing Summary       |              Filename             |
+-----------------------------------------------------------------------+
|SU2 binary restart                 |restart_flow.dat                   |

Writing the forces breakdown file (forces_breakdown.dat).
+-----------------------------------------------------------------------+
+----------------------------------------------------------------+
|  Inner_Iter|    rms[Rho]|   rms[RhoU]|   rms[RhoV]|   rms[RhoE]|
+----------------------------------------------------------------+
|         291|   -5.468695|   -2.213313|   -2.691254|    0.053168|
|         292|   -5.480847|   -2.221084|   -2.703070|    0.044753|
|         293|   -5.490207|   -2.228625|   -2.711402|    0.037608|
|         294|   -5.497974|   -2.235909|   -2.716912|    0.030474|
|         295|   -5.505872|   -2.243010|   -2.721227|    0.022433|
|         296|   -5.515394|   -2.250048|   -2.726006|    0.013097|
|         297|   -5.527324|   -2.257131|   -2.732298|    0.002550|
|         298|   -5.541575|   -2.264324|   -2.740383|   -0.008795|
|         299|   -5.557277|   -2.271650|   -2.749935|   -0.020373|
|         300|   -5.573059|   -2.279097|   -2.760328|   -0.031628|
+-----------------------------------------------------------------------+
|        File Writing Summary       |              Filename             |
+-----------------------------------------------------------------------+
|SU2 binary restart                 |restart_flow.dat                   |

Writing the forces breakdown file (forces_breakdown.dat).
+-----------------------------------------------------------------------+
+----------------------------------------------------------------+
|  Inner_Iter|    rms[Rho]|   rms[RhoU]|   rms[RhoV]|   rms[RhoE]|
+----------------------------------------------------------------+
|         301|   -5.587494|   -2.286644|   -2.770930|   -0.042155|
|         302|   -5.599625|   -2.294270|   -2.781299|   -0.051803|
|         303|   -5.609348|   -2.301969|   -2.791260|   -0.060710|
|         304|   -5.617413|   -2.309750|   -2.800857|   -0.069228|
|         305|   -5.625043|   -2.317631|   -2.810252|   -0.077769|
|         306|   -5.633400|   -2.325634|   -2.819595|   -0.086637|
|         307|   -5.643143|   -2.333766|   -2.828926|   -0.095904|
|         308|   -5.654226|   -2.342019|   -2.838116|   -0.105396|
|         309|   -5.665966|   -2.350354|   -2.846892|   -0.114793|
|         310|   -5.677377|   -2.358718|   -2.854944|   -0.123815|
+-----------------------------------------------------------------------+
|        File Writing Summary       |              Filename             |
+-----------------------------------------------------------------------+
|SU2 binary restart                 |restart_flow.dat                   |

Writing the forces breakdown file (forces_breakdown.dat).
+-----------------------------------------------------------------------+
+----------------------------------------------------------------+
|  Inner_Iter|    rms[Rho]|   rms[RhoU]|   rms[RhoV]|   rms[RhoE]|
+----------------------------------------------------------------+
|         311|   -5.687654|   -2.367060|   -2.862103|   -0.132395|
|         312|   -5.696589|   -2.375352|   -2.868498|   -0.140734|
|         313|   -5.704666|   -2.383604|   -2.874584|   -0.149199|
|         314|   -5.712760|   -2.391860|   -2.881002|   -0.158119|
|         315|   -5.721634|   -2.400177|   -2.888338|   -0.167587|
|         316|   -5.731546|   -2.408598|   -2.896884|   -0.177393|
|         317|   -5.742146|   -2.417131|   -2.906518|   -0.187126|
|         318|   -5.752699|   -2.425750|   -2.916761|   -0.196406|
|         319|   -5.762531|   -2.434410|   -2.926982|   -0.205105|
|         320|   -5.771445|   -2.443075|   -2.936683|   -0.213440|
+-----------------------------------------------------------------------+
|        File Writing Summary       |              Filename             |
+-----------------------------------------------------------------------+
|SU2 binary restart                 |restart_flow.dat                   |

Writing the forces breakdown file (forces_breakdown.dat).
+-----------------------------------------------------------------------+
+----------------------------------------------------------------+
|  Inner_Iter|    rms[Rho]|   rms[RhoU]|   rms[RhoV]|   rms[RhoE]|
+----------------------------------------------------------------+
|         321|   -5.779859|   -2.451735|   -2.945710|   -0.221862|
|         322|   -5.788565|   -2.460412|   -2.954265|   -0.230817|
|         323|   -5.798277|   -2.469145|   -2.962723|   -0.240516|
|         324|   -5.809243|   -2.477967|   -2.971377|   -0.250832|
|         325|   -5.821099|   -2.486885|   -2.980267|   -0.261372|
|         326|   -5.833020|   -2.495876|   -2.989168|   -0.271670|
|         327|   -5.844102|   -2.504897|   -2.997745|   -0.281411|
|         328|   -5.853783|   -2.513907|   -3.005772|   -0.290553|
|         329|   -5.862093|   -2.522881|   -3.013281|   -0.299299|
|         330|   -5.869574|   -2.531822|   -3.020566|   -0.307953|
+-----------------------------------------------------------------------+
|        File Writing Summary       |              Filename             |
+-----------------------------------------------------------------------+
|SU2 binary restart                 |restart_flow.dat                   |

Writing the forces breakdown file (forces_breakdown.dat).
+-----------------------------------------------------------------------+
+----------------------------------------------------------------+
|  Inner_Iter|    rms[Rho]|   rms[RhoU]|   rms[RhoV]|   rms[RhoE]|
+----------------------------------------------------------------+
|         331|   -5.876968|   -2.540746|   -3.028030|   -0.316749|
|         332|   -5.884863|   -2.549676|   -3.035995|   -0.325758|
|         333|   -5.893505|   -2.558623|   -3.044568|   -0.334907|
|         334|   -5.902799|   -2.567583|   -3.053619|   -0.344070|
|         335|   -5.912464|   -2.576540|   -3.062871|   -0.353169|
|         336|   -5.922228|   -2.585480|   -3.072039|   -0.362234|
|         337|   -5.931960|   -2.594397|   -3.080957|   -0.371380|
|         338|   -5.941696|   -2.603298|   -3.089619|   -0.380733|
|         339|   -5.951550|   -2.612202|   -3.098139|   -0.390353|
|         340|   -5.961590|   -2.621125|   -3.106657|   -0.400187|
+-----------------------------------------------------------------------+
|        File Writing Summary       |              Filename             |
+-----------------------------------------------------------------------+
|SU2 binary restart                 |restart_flow.dat                   |

Writing the forces breakdown file (forces_breakdown.dat).
+-----------------------------------------------------------------------+
+----------------------------------------------------------------+
|  Inner_Iter|    rms[Rho]|   rms[RhoU]|   rms[RhoV]|   rms[RhoE]|
+----------------------------------------------------------------+
|         341|   -5.971740|   -2.630079|   -3.115253|   -0.410082|
|         342|   -5.981777|   -2.639062|   -3.123903|   -0.419835|
|         343|   -5.991401|   -2.648061|   -3.132504|   -0.429275|
|         344|   -6.000362|   -2.657056|   -3.140933|   -0.438311|
|         345|   -6.008574|   -2.666029|   -3.149112|   -0.446960|
|         346|   -6.016159|   -2.674964|   -3.157045|   -0.455331|
|         347|   -6.023415|   -2.683855|   -3.164815|   -0.463580|
|         348|   -6.030711|   -2.692701|   -3.172550|   -0.471862|
|         349|   -6.038368|   -2.701508|   -3.180369|   -0.480288|
|         350|   -6.046569|   -2.710280|   -3.188345|   -0.488909|
+-----------------------------------------------------------------------+
|        File Writing Summary       |              Filename             |
+-----------------------------------------------------------------------+
|SU2 binary restart                 |restart_flow.dat                   |

Writing the forces breakdown file (forces_breakdown.dat).
+-----------------------------------------------------------------------+
+----------------------------------------------------------------+
|  Inner_Iter|    rms[Rho]|   rms[RhoU]|   rms[RhoV]|   rms[RhoE]|
+----------------------------------------------------------------+
|         351|   -6.055333|   -2.719022|   -3.196492|   -0.497721|
|         352|   -6.064530|   -2.727735|   -3.204773|   -0.506676|
|         353|   -6.073950|   -2.736423|   -3.213129|   -0.515715|
|         354|   -6.083374|   -2.745089|   -3.221505|   -0.524781|
|         355|   -6.092642|   -2.753736|   -3.229871|   -0.533832|
|         356|   -6.101674|   -2.762370|   -3.238223|   -0.542839|
|         357|   -6.110458|   -2.770997|   -3.246572|   -0.551774|
|         358|   -6.119020|   -2.779620|   -3.254922|   -0.560607|
|         359|   -6.127380|   -2.788240|   -3.263257|   -0.569300|
|         360|   -6.135544|   -2.796851|   -3.271533|   -0.577823|
+-----------------------------------------------------------------------+
|        File Writing Summary       |              Filename             |
+-----------------------------------------------------------------------+
|SU2 binary restart                 |restart_flow.dat                   |

Writing the forces breakdown file (forces_breakdown.dat).
+-----------------------------------------------------------------------+
+----------------------------------------------------------------+
|  Inner_Iter|    rms[Rho]|   rms[RhoU]|   rms[RhoV]|   rms[RhoE]|
+----------------------------------------------------------------+
|         361|   -6.143509|   -2.805446|   -3.279693|   -0.586166|
|         362|   -6.151286|   -2.814015|   -3.287685|   -0.594353|
|         363|   -6.158932|   -2.822547|   -3.295489|   -0.602442|
|         364|   -6.166547|   -2.831037|   -3.303128|   -0.610513|
|         365|   -6.174258|   -2.839483|   -3.310666|   -0.618646|
|         366|   -6.182176|   -2.847889|   -3.318190|   -0.626897|
|         367|   -6.190358|   -2.856260|   -3.325783|   -0.635279|
|         368|   -6.198782|   -2.864603|   -3.333500|   -0.643763|
|         369|   -6.207356|   -2.872923|   -3.341360|   -0.652291|
|         370|   -6.215951|   -2.881223|   -3.349343|   -0.660803|
+-----------------------------------------------------------------------+
|        File Writing Summary       |              Filename             |
+-----------------------------------------------------------------------+
|SU2 binary restart                 |restart_flow.dat                   |

Writing the forces breakdown file (forces_breakdown.dat).
+-----------------------------------------------------------------------+
+----------------------------------------------------------------+
|  Inner_Iter|    rms[Rho]|   rms[RhoU]|   rms[RhoV]|   rms[RhoE]|
+----------------------------------------------------------------+
|         371|   -6.224445|   -2.889505|   -3.357409|   -0.669253|
|         372|   -6.232765|   -2.897770|   -3.365512|   -0.677621|
|         373|   -6.240903|   -2.906021|   -3.373617|   -0.685913|
|         374|   -6.248904|   -2.914259|   -3.381700|   -0.694148|
|         375|   -6.256834|   -2.922487|   -3.389743|   -0.702346|
|         376|   -6.264752|   -2.930706|   -3.397729|   -0.710513|
|         377|   -6.272684|   -2.938913|   -3.405637|   -0.718649|
|         378|   -6.280623|   -2.947105|   -3.413446|   -0.726748|
|         379|   -6.288546|   -2.955277|   -3.421139|   -0.734806|
|         380|   -6.296431|   -2.963426|   -3.428721|   -0.742832|
+-----------------------------------------------------------------------+
|        File Writing Summary       |              Filename             |
+-----------------------------------------------------------------------+
|SU2 binary restart                 |restart_flow.dat                   |

Writing the forces breakdown file (forces_breakdown.dat).
+-----------------------------------------------------------------------+
+----------------------------------------------------------------+
|  Inner_Iter|    rms[Rho]|   rms[RhoU]|   rms[RhoV]|   rms[RhoE]|
+----------------------------------------------------------------+
|         381|   -6.304272|   -2.971550|   -3.436216|   -0.750841|
|         382|   -6.312085|   -2.979647|   -3.443668|   -0.758848|
|         383|   -6.319893|   -2.987721|   -3.451129|   -0.766863|
|         384|   -6.327719|   -2.995773|   -3.458645|   -0.774887|
|         385|   -6.335568|   -3.003808|   -3.466245|   -0.782910|
|         386|   -6.343434|   -3.011828|   -3.473932|   -0.790920|
|         387|   -6.351301|   -3.019835|   -3.481692|   -0.798908|
|         388|   -6.359157|   -3.027828|   -3.489496|   -0.806874|
|         389|   -6.367002|   -3.035810|   -3.497314|   -0.814827|
|         390|   -6.374845|   -3.043782|   -3.505120|   -0.822781|
+-----------------------------------------------------------------------+
|        File Writing Summary       |              Filename             |
+-----------------------------------------------------------------------+
|SU2 binary restart                 |restart_flow.dat                   |

Writing the forces breakdown file (forces_breakdown.dat).
+-----------------------------------------------------------------------+
+----------------------------------------------------------------+
|  Inner_Iter|    rms[Rho]|   rms[RhoU]|   rms[RhoV]|   rms[RhoE]|
+----------------------------------------------------------------+
|         391|   -6.382705|   -3.051745|   -3.512897|   -0.830747|
|         392|   -6.390592|   -3.059700|   -3.520634|   -0.838729|
|         393|   -6.398504|   -3.067649|   -3.528327|   -0.846720|
|         394|   -6.406421|   -3.075592|   -3.535972|   -0.854706|
|         395|   -6.414309|   -3.083528|   -3.543568|   -0.862668|
|         396|   -6.422134|   -3.091456|   -3.551114|   -0.870588|
|         397|   -6.429868|   -3.099373|   -3.558617|   -0.878457|
|         398|   -6.437505|   -3.107278|   -3.566087|   -0.886275|
|         399|   -6.445060|   -3.115172|   -3.573541|   -0.894051|
|         400|   -6.452563|   -3.123052|   -3.580995|   -0.901798|
+-----------------------------------------------------------------------+
|        File Writing Summary       |              Filename             |
+-----------------------------------------------------------------------+
|SU2 binary restart                 |restart_flow.dat                   |

Writing the forces breakdown file (forces_breakdown.dat).
+-----------------------------------------------------------------------+
+----------------------------------------------------------------+
|  Inner_Iter|    rms[Rho]|   rms[RhoU]|   rms[RhoV]|   rms[RhoE]|
+----------------------------------------------------------------+
|         401|   -6.460056|   -3.130921|   -3.588466|   -0.909533|
|         402|   -6.467574|   -3.138778|   -3.595964|   -0.917271|
|         403|   -6.475146|   -3.146624|   -3.603492|   -0.925023|
|         404|   -6.482785|   -3.154461|   -3.611047|   -0.932798|
|         405|   -6.490489|   -3.162290|   -3.618619|   -0.940599|
|         406|   -6.498247|   -3.170111|   -3.626200|   -0.948425|
|         407|   -6.506041|   -3.177927|   -3.633782|   -0.956272|
|         408|   -6.513849|   -3.185737|   -3.641357|   -0.964133|
|         409|   -6.521649|   -3.193545|   -3.648923|   -0.971996|
|         410|   -6.529417|   -3.201349|   -3.656476|   -0.979847|
+-----------------------------------------------------------------------+
|        File Writing Summary       |              Filename             |
+-----------------------------------------------------------------------+
|SU2 binary restart                 |restart_flow.dat                   |

Writing the forces breakdown file (forces_breakdown.dat).
+-----------------------------------------------------------------------+
+----------------------------------------------------------------+
|  Inner_Iter|    rms[Rho]|   rms[RhoU]|   rms[RhoV]|   rms[RhoE]|
+----------------------------------------------------------------+
|         411|   -6.537135|   -3.209152|   -3.664013|   -0.987673|
|         412|   -6.544786|   -3.216952|   -3.671531|   -0.995460|
|         413|   -6.552364|   -3.224749|   -3.679026|   -1.003203|
|         414|   -6.559872|   -3.232540|   -3.686495|   -1.010903|
|         415|   -6.567324|   -3.240325|   -3.693938|   -1.018566|
|         416|   -6.574744|   -3.248101|   -3.701360|   -1.026206|
|         417|   -6.582161|   -3.255869|   -3.708765|   -1.033839|
|         418|   -6.589603|   -3.263628|   -3.716165|   -1.041479|
|         419|   -6.597090|   -3.271378|   -3.723569|   -1.049138|
|         420|   -6.604632|   -3.279119|   -3.730983|   -1.056819|
+-----------------------------------------------------------------------+
|        File Writing Summary       |              Filename             |
+-----------------------------------------------------------------------+
|SU2 binary restart                 |restart_flow.dat                   |

Writing the forces breakdown file (forces_breakdown.dat).
+-----------------------------------------------------------------------+
+----------------------------------------------------------------+
|  Inner_Iter|    rms[Rho]|   rms[RhoU]|   rms[RhoV]|   rms[RhoE]|
+----------------------------------------------------------------+
|         421|   -6.612225|   -3.286853|   -3.738414|   -1.064524|
|         422|   -6.619856|   -3.294580|   -3.745862|   -1.072246|
|         423|   -6.627507|   -3.302302|   -3.753328|   -1.079979|
|         424|   -6.635156|   -3.310019|   -3.760806|   -1.087713|
|         425|   -6.642787|   -3.317732|   -3.768293|   -1.095440|
|         426|   -6.650387|   -3.325442|   -3.775782|   -1.103153|
|         427|   -6.657948|   -3.333149|   -3.783268|   -1.110845|
|         428|   -6.665471|   -3.340853|   -3.790744|   -1.118514|
|         429|   -6.672957|   -3.348553|   -3.798204|   -1.126159|
|         430|   -6.680413|   -3.356248|   -3.805644|   -1.133781|
+-----------------------------------------------------------------------+
|        File Writing Summary       |              Filename             |
+-----------------------------------------------------------------------+
|SU2 binary restart                 |restart_flow.dat                   |

Writing the forces breakdown file (forces_breakdown.dat).
+-----------------------------------------------------------------------+
+----------------------------------------------------------------+
|  Inner_Iter|    rms[Rho]|   rms[RhoU]|   rms[RhoV]|   rms[RhoE]|
+----------------------------------------------------------------+
|         431|   -6.687847|   -3.363938|   -3.813060|   -1.141383|
|         432|   -6.695270|   -3.371621|   -3.820453|   -1.148973|
|         433|   -6.702691|   -3.379297|   -3.827827|   -1.156556|
|         434|   -6.710119|   -3.386964|   -3.835188|   -1.164139|
|         435|   -6.717562|   -3.394623|   -3.842544|   -1.171725|
|         436|   -6.725021|   -3.402273|   -3.849903|   -1.179317|
|         437|   -6.732497|   -3.409916|   -3.857271|   -1.186915|
|         438|   -6.739984|   -3.417551|   -3.864654|   -1.194516|
|         439|   -6.747477|   -3.425180|   -3.872051|   -1.202117|
|         440|   -6.754969|   -3.432802|   -3.879463|   -1.209714|
+-----------------------------------------------------------------------+
|        File Writing Summary       |              Filename             |
+-----------------------------------------------------------------------+
|SU2 binary restart                 |restart_flow.dat                   |

Writing the forces breakdown file (forces_breakdown.dat).
+-----------------------------------------------------------------------+
+----------------------------------------------------------------+
|  Inner_Iter|    rms[Rho]|   rms[RhoU]|   rms[RhoV]|   rms[RhoE]|
+----------------------------------------------------------------+
|         441|   -6.762453|   -3.440418|   -3.886885|   -1.217306|
|         442|   -6.769928|   -3.448029|   -3.894312|   -1.224889|
|         443|   -6.777390|   -3.455635|   -3.901740|   -1.232464|
|         444|   -6.784842|   -3.463235|   -3.909163|   -1.240028|
|         445|   -6.792282|   -3.470830|   -3.916577|   -1.247583|
|         446|   -6.799714|   -3.478420|   -3.923977|   -1.255128|
|         447|   -6.807136|   -3.486003|   -3.931364|   -1.262662|
|         448|   -6.814550|   -3.493580|   -3.938735|   -1.270186|
|         449|   -6.821955|   -3.501150|   -3.946093|   -1.277701|
|         450|   -6.829352|   -3.508713|   -3.953441|   -1.285207|
+-----------------------------------------------------------------------+
|        File Writing Summary       |              Filename             |
+-----------------------------------------------------------------------+
|SU2 binary restart                 |restart_flow.dat                   |

Writing the forces breakdown file (forces_breakdown.dat).
+-----------------------------------------------------------------------+
+----------------------------------------------------------------+
|  Inner_Iter|    rms[Rho]|   rms[RhoU]|   rms[RhoV]|   rms[RhoE]|
+----------------------------------------------------------------+
|         451|   -6.836742|   -3.516268|   -3.960783|   -1.292705|
|         452|   -6.844127|   -3.523815|   -3.968123|   -1.300196|
|         453|   -6.851510|   -3.531355|   -3.975466|   -1.307682|
|         454|   -6.858893|   -3.538887|   -3.982814|   -1.315165|
|         455|   -6.866279|   -3.546411|   -3.990169|   -1.322644|
|         456|   -6.873669|   -3.553929|   -3.997532|   -1.330120|
|         457|   -6.881064|   -3.561440|   -4.004902|   -1.337595|
|         458|   -6.888464|   -3.568945|   -4.012277|   -1.345069|
|         459|   -6.895868|   -3.576443|   -4.019654|   -1.352540|
|         460|   -6.903273|   -3.583936|   -4.027031|   -1.360009|
+-----------------------------------------------------------------------+
|        File Writing Summary       |              Filename             |
+-----------------------------------------------------------------------+
|SU2 binary restart                 |restart_flow.dat                   |

Writing the forces breakdown file (forces_breakdown.dat).
+-----------------------------------------------------------------------+
+----------------------------------------------------------------+
|  Inner_Iter|    rms[Rho]|   rms[RhoU]|   rms[RhoV]|   rms[RhoE]|
+----------------------------------------------------------------+
|         461|   -6.910678|   -3.591422|   -4.034406|   -1.367474|
|         462|   -6.918079|   -3.598904|   -4.041776|   -1.374934|
|         463|   -6.925474|   -3.606379|   -4.049139|   -1.382386|
|         464|   -6.932858|   -3.613850|   -4.056496|   -1.389830|
|         465|   -6.940232|   -3.621314|   -4.063846|   -1.397263|
|         466|   -6.947593|   -3.628773|   -4.071190|   -1.404686|
|         467|   -6.954943|   -3.636226|   -4.078528|   -1.412099|
|         468|   -6.962284|   -3.643672|   -4.085862|   -1.419502|
|         469|   -6.969620|   -3.651112|   -4.093195|   -1.426899|
|         470|   -6.976955|   -3.658546|   -4.100528|   -1.434290|
+-----------------------------------------------------------------------+
|        File Writing Summary       |              Filename             |
+-----------------------------------------------------------------------+
|SU2 binary restart                 |restart_flow.dat                   |

Writing the forces breakdown file (forces_breakdown.dat).
+-----------------------------------------------------------------------+
+----------------------------------------------------------------+
|  Inner_Iter|    rms[Rho]|   rms[RhoU]|   rms[RhoV]|   rms[RhoE]|
+----------------------------------------------------------------+
|         471|   -6.984292|   -3.665974|   -4.107862|   -1.441679|
|         472|   -6.991636|   -3.673396|   -4.115200|   -1.449067|
|         473|   -6.998988|   -3.680812|   -4.122541|   -1.456455|
|         474|   -7.006347|   -3.688222|   -4.129886|   -1.463844|
|         475|   -7.013713|   -3.695627|   -4.137235|   -1.471234|
|         476|   -7.021084|   -3.703028|   -4.144587|   -1.478623|
|         477|   -7.028456|   -3.710423|   -4.151941|   -1.486010|
|         478|   -7.035827|   -3.717815|   -4.159295|   -1.493394|
|         479|   -7.043192|   -3.725203|   -4.166649|   -1.500774|
|         480|   -7.050551|   -3.732586|   -4.174001|   -1.508147|
+-----------------------------------------------------------------------+
|        File Writing Summary       |              Filename             |
+-----------------------------------------------------------------------+
|SU2 binary restart                 |restart_flow.dat                   |

Writing the forces breakdown file (forces_breakdown.dat).
+-----------------------------------------------------------------------+
+----------------------------------------------------------------+
|  Inner_Iter|    rms[Rho]|   rms[RhoU]|   rms[RhoV]|   rms[RhoE]|
+----------------------------------------------------------------+
|         481|   -7.057902|   -3.739966|   -4.181350|   -1.515512|
|         482|   -7.065244|   -3.747341|   -4.188697|   -1.522871|
|         483|   -7.072579|   -3.754713|   -4.196039|   -1.530222|
|         484|   -7.079908|   -3.762081|   -4.203379|   -1.537566|
|         485|   -7.087234|   -3.769445|   -4.210715|   -1.544906|
|         486|   -7.094560|   -3.776804|   -4.218050|   -1.552242|
|         487|   -7.101887|   -3.784160|   -4.225385|   -1.559576|
|         488|   -7.109219|   -3.791511|   -4.232721|   -1.566909|
|         489|   -7.116555|   -3.798859|   -4.240059|   -1.574243|
|         490|   -7.123898|   -3.806203|   -4.247401|   -1.581577|
+-----------------------------------------------------------------------+
|        File Writing Summary       |              Filename             |
+-----------------------------------------------------------------------+
|SU2 binary restart                 |restart_flow.dat                   |

Writing the forces breakdown file (forces_breakdown.dat).
+-----------------------------------------------------------------------+
+----------------------------------------------------------------+
|  Inner_Iter|    rms[Rho]|   rms[RhoU]|   rms[RhoV]|   rms[RhoE]|
+----------------------------------------------------------------+
|         491|   -7.131245|   -3.813543|   -4.254746|   -1.588912|
|         492|   -7.138595|   -3.820881|   -4.262095|   -1.596247|
|         493|   -7.145948|   -3.828215|   -4.269447|   -1.603582|
|         494|   -7.153301|   -3.835548|   -4.276803|   -1.610915|
|         495|   -7.160654|   -3.842877|   -4.284160|   -1.618246|
|         496|   -7.168003|   -3.850205|   -4.291519|   -1.625575|
|         497|   -7.175350|   -3.857531|   -4.298878|   -1.632900|
|         498|   -7.182693|   -3.864854|   -4.306235|   -1.640221|
|         499|   -7.190034|   -3.872176|   -4.313592|   -1.647539|
|         500|   -7.197372|   -3.879495|   -4.320947|   -1.654854|
+-----------------------------------------------------------------------+
|        File Writing Summary       |              Filename             |
+-----------------------------------------------------------------------+
|SU2 binary restart                 |restart_flow.dat                   |

Writing the forces breakdown file (forces_breakdown.dat).
|Paraview                           |flow.vtu                           |

Writing the forces breakdown file (forces_breakdown.dat).
|Paraview surface                   |surface_flow.vtu                   |

Writing the forces breakdown file (forces_breakdown.dat).
|CSV file                           |surface_flow.csv                   |

Writing the forces breakdown file (forces_breakdown.dat).
+-----------------------------------------------------------------------+
+----------------------------------------------------------------+
|  Inner_Iter|    rms[Rho]|   rms[RhoU]|   rms[RhoV]|   rms[RhoE]|
+----------------------------------------------------------------+
|         501|   -7.204708|   -3.886813|   -4.328300|   -1.662167|
|         502|   -7.212044|   -3.894128|   -4.335652|   -1.669477|
|         503|   -7.219381|   -3.901442|   -4.343005|   -1.676786|
|         504|   -7.226719|   -3.908754|   -4.350357|   -1.684094|
|         505|   -7.234060|   -3.916064|   -4.357712|   -1.691403|
|         506|   -7.241403|   -3.923372|   -4.365068|   -1.698712|
|         507|   -7.248750|   -3.930679|   -4.372428|   -1.706021|
|         508|   -7.256099|   -3.937984|   -4.379791|   -1.713331|
|         509|   -7.263451|   -3.945288|   -4.387158|   -1.720641|
|         510|   -7.270806|   -3.952592|   -4.394528|   -1.727952|
+-----------------------------------------------------------------------+
|        File Writing Summary       |              Filename             |
+-----------------------------------------------------------------------+
|SU2 binary restart                 |restart_flow.dat                   |

Writing the forces breakdown file (forces_breakdown.dat).
+-----------------------------------------------------------------------+
+----------------------------------------------------------------+
|  Inner_Iter|    rms[Rho]|   rms[RhoU]|   rms[RhoV]|   rms[RhoE]|
+----------------------------------------------------------------+
|         511|   -7.278161|   -3.959894|   -4.401901|   -1.735263|
|         512|   -7.285518|   -3.967196|   -4.409276|   -1.742574|
|         513|   -7.292876|   -3.974497|   -4.416653|   -1.749885|
|         514|   -7.300233|   -3.981798|   -4.424031|   -1.757195|
|         515|   -7.307591|   -3.989098|   -4.431410|   -1.764504|
|         516|   -7.314948|   -3.996398|   -4.438788|   -1.771813|
|         517|   -7.322305|   -4.003698|   -4.446167|   -1.779121|
|         518|   -7.329661|   -4.010998|   -4.453546|   -1.786428|
|         519|   -7.337018|   -4.018297|   -4.460925|   -1.793735|
|         520|   -7.344375|   -4.025596|   -4.468305|   -1.801042|
+-----------------------------------------------------------------------+
|        File Writing Summary       |              Filename             |
+-----------------------------------------------------------------------+
|SU2 binary restart                 |restart_flow.dat                   |

Writing the forces breakdown file (forces_breakdown.dat).
+-----------------------------------------------------------------------+
+----------------------------------------------------------------+
|  Inner_Iter|    rms[Rho]|   rms[RhoU]|   rms[RhoV]|   rms[RhoE]|
+----------------------------------------------------------------+
|         521|   -7.351733|   -4.032895|   -4.475686|   -1.808348|
|         522|   -7.359092|   -4.040194|   -4.483069|   -1.815656|
|         523|   -7.366454|   -4.047493|   -4.490454|   -1.822964|
|         524|   -7.373818|   -4.054791|   -4.497842|   -1.830273|
|         525|   -7.381185|   -4.062090|   -4.505233|   -1.837584|
|         526|   -7.388554|   -4.069390|   -4.512626|   -1.844896|
|         527|   -7.395927|   -4.076690|   -4.520023|   -1.852210|
|         528|   -7.403302|   -4.083990|   -4.527422|   -1.859525|
|         529|   -7.410680|   -4.091291|   -4.534824|   -1.866842|
|         530|   -7.418059|   -4.098593|   -4.542227|   -1.874160|
+-----------------------------------------------------------------------+
|        File Writing Summary       |              Filename             |
+-----------------------------------------------------------------------+
|SU2 binary restart                 |restart_flow.dat                   |

Writing the forces breakdown file (forces_breakdown.dat).
+-----------------------------------------------------------------------+
+----------------------------------------------------------------+
|  Inner_Iter|    rms[Rho]|   rms[RhoU]|   rms[RhoV]|   rms[RhoE]|
+----------------------------------------------------------------+
|         531|   -7.425439|   -4.105895|   -4.549632|   -1.881478|
|         532|   -7.432820|   -4.113198|   -4.557039|   -1.888798|
|         533|   -7.440202|   -4.120503|   -4.564446|   -1.896118|
|         534|   -7.447584|   -4.127808|   -4.571855|   -1.903439|
|         535|   -7.454966|   -4.135114|   -4.579265|   -1.910760|
|         536|   -7.462349|   -4.142422|   -4.586675|   -1.918082|
|         537|   -7.469733|   -4.149730|   -4.594087|   -1.925405|
|         538|   -7.477118|   -4.157039|   -4.601500|   -1.932728|
|         539|   -7.484504|   -4.164350|   -4.608915|   -1.940053|
|         540|   -7.491893|   -4.171662|   -4.616332|   -1.947380|
+-----------------------------------------------------------------------+
|        File Writing Summary       |              Filename             |
+-----------------------------------------------------------------------+
|SU2 binary restart                 |restart_flow.dat                   |

Writing the forces breakdown file (forces_breakdown.dat).
+-----------------------------------------------------------------------+
+----------------------------------------------------------------+
|  Inner_Iter|    rms[Rho]|   rms[RhoU]|   rms[RhoV]|   rms[RhoE]|
+----------------------------------------------------------------+
|         541|   -7.499284|   -4.178974|   -4.623751|   -1.954708|
|         542|   -7.506678|   -4.186289|   -4.631172|   -1.962039|
|         543|   -7.514075|   -4.193604|   -4.638596|   -1.969372|
|         544|   -7.521475|   -4.200921|   -4.646022|   -1.976707|
|         545|   -7.528877|   -4.208239|   -4.653451|   -1.984044|
|         546|   -7.536282|   -4.215560|   -4.660882|   -1.991384|
|         547|   -7.543688|   -4.222881|   -4.668315|   -1.998725|
|         548|   -7.551096|   -4.230205|   -4.675750|   -2.006068|
|         549|   -7.558505|   -4.237530|   -4.683186|   -2.013412|
|         550|   -7.565915|   -4.244857|   -4.690624|   -2.020758|
+-----------------------------------------------------------------------+
|        File Writing Summary       |              Filename             |
+-----------------------------------------------------------------------+
|SU2 binary restart                 |restart_flow.dat                   |

Writing the forces breakdown file (forces_breakdown.dat).
+-----------------------------------------------------------------------+
+----------------------------------------------------------------+
|  Inner_Iter|    rms[Rho]|   rms[RhoU]|   rms[RhoV]|   rms[RhoE]|
+----------------------------------------------------------------+
|         551|   -7.573326|   -4.252186|   -4.698063|   -2.028105|
|         552|   -7.580738|   -4.259516|   -4.705504|   -2.035454|
|         553|   -7.588151|   -4.266849|   -4.712945|   -2.042804|
|         554|   -7.595565|   -4.274183|   -4.720388|   -2.050156|
|         555|   -7.602981|   -4.281519|   -4.727832|   -2.057510|
|         556|   -7.610399|   -4.288858|   -4.735277|   -2.064866|
|         557|   -7.617819|   -4.296198|   -4.742725|   -2.072224|
|         558|   -7.625241|   -4.303540|   -4.750174|   -2.079584|
|         559|   -7.632665|   -4.310884|   -4.757625|   -2.086947|
|         560|   -7.640092|   -4.318230|   -4.765078|   -2.094312|
+-----------------------------------------------------------------------+
|        File Writing Summary       |              Filename             |
+-----------------------------------------------------------------------+
|SU2 binary restart                 |restart_flow.dat                   |

Writing the forces breakdown file (forces_breakdown.dat).
+-----------------------------------------------------------------------+
+----------------------------------------------------------------+
|  Inner_Iter|    rms[Rho]|   rms[RhoU]|   rms[RhoV]|   rms[RhoE]|
+----------------------------------------------------------------+
|         561|   -7.647521|   -4.325578|   -4.772533|   -2.101679|
|         562|   -7.654953|   -4.332929|   -4.779990|   -2.109049|
|         563|   -7.662386|   -4.340281|   -4.787449|   -2.116421|
|         564|   -7.669821|   -4.347636|   -4.794910|   -2.123796|
|         565|   -7.677258|   -4.354993|   -4.802373|   -2.131173|
|         566|   -7.684697|   -4.362353|   -4.809837|   -2.138552|
|         567|   -7.692136|   -4.369714|   -4.817303|   -2.145933|
|         568|   -7.699577|   -4.377078|   -4.824769|   -2.153315|
|         569|   -7.707019|   -4.384445|   -4.832237|   -2.160700|
|         570|   -7.714463|   -4.391813|   -4.839706|   -2.168087|
+-----------------------------------------------------------------------+
|        File Writing Summary       |              Filename             |
+-----------------------------------------------------------------------+
|SU2 binary restart                 |restart_flow.dat                   |

Writing the forces breakdown file (forces_breakdown.dat).
+-----------------------------------------------------------------------+
+----------------------------------------------------------------+
|  Inner_Iter|    rms[Rho]|   rms[RhoU]|   rms[RhoV]|   rms[RhoE]|
+----------------------------------------------------------------+
|         571|   -7.721908|   -4.399184|   -4.847176|   -2.175476|
|         572|   -7.729354|   -4.406558|   -4.854647|   -2.182867|
|         573|   -7.736802|   -4.413933|   -4.862119|   -2.190261|
|         574|   -7.744252|   -4.421312|   -4.869593|   -2.197656|
|         575|   -7.751704|   -4.428692|   -4.877069|   -2.205055|
|         576|   -7.759158|   -4.436075|   -4.884545|   -2.212455|
|         577|   -7.766613|   -4.443460|   -4.892024|   -2.219858|
|         578|   -7.774071|   -4.450848|   -4.899504|   -2.227264|
|         579|   -7.781530|   -4.458238|   -4.906985|   -2.234672|
|         580|   -7.788992|   -4.465630|   -4.914468|   -2.242082|
+-----------------------------------------------------------------------+
|        File Writing Summary       |              Filename             |
+-----------------------------------------------------------------------+
|SU2 binary restart                 |restart_flow.dat                   |

Writing the forces breakdown file (forces_breakdown.dat).
+-----------------------------------------------------------------------+
+----------------------------------------------------------------+
|  Inner_Iter|    rms[Rho]|   rms[RhoU]|   rms[RhoV]|   rms[RhoE]|
+----------------------------------------------------------------+
|         581|   -7.796454|   -4.473025|   -4.921953|   -2.249495|
|         582|   -7.803919|   -4.480423|   -4.929439|   -2.256910|
|         583|   -7.811385|   -4.487822|   -4.936926|   -2.264327|
|         584|   -7.818852|   -4.495225|   -4.944414|   -2.271747|
|         585|   -7.826321|   -4.502630|   -4.951903|   -2.279169|
|         586|   -7.833791|   -4.510037|   -4.959393|   -2.286592|
|         587|   -7.841262|   -4.517447|   -4.966884|   -2.294018|
|         588|   -7.848734|   -4.524859|   -4.974376|   -2.301447|
|         589|   -7.856207|   -4.532273|   -4.981869|   -2.308877|
|         590|   -7.863682|   -4.539691|   -4.989362|   -2.316309|
+-----------------------------------------------------------------------+
|        File Writing Summary       |              Filename             |
+-----------------------------------------------------------------------+
|SU2 binary restart                 |restart_flow.dat                   |

Writing the forces breakdown file (forces_breakdown.dat).
+-----------------------------------------------------------------------+
+----------------------------------------------------------------+
|  Inner_Iter|    rms[Rho]|   rms[RhoU]|   rms[RhoV]|   rms[RhoE]|
+----------------------------------------------------------------+
|         591|   -7.871158|   -4.547110|   -4.996857|   -2.323744|
|         592|   -7.878636|   -4.554532|   -5.004353|   -2.331181|
|         593|   -7.886115|   -4.561956|   -5.011850|   -2.338620|
|         594|   -7.893596|   -4.569383|   -5.019348|   -2.346061|
|         595|   -7.901078|   -4.576811|   -5.026847|   -2.353505|
|         596|   -7.908562|   -4.584243|   -5.034347|   -2.360951|
|         597|   -7.916047|   -4.591676|   -5.041848|   -2.368399|
|         598|   -7.923533|   -4.599112|   -5.049350|   -2.375849|
|         599|   -7.931021|   -4.606551|   -5.056853|   -2.383302|
|         600|   -7.938510|   -4.613991|   -5.064357|   -2.390757|
+-----------------------------------------------------------------------+
|        File Writing Summary       |              Filename             |
+-----------------------------------------------------------------------+
|SU2 binary restart                 |restart_flow.dat                   |

Writing the forces breakdown file (forces_breakdown.dat).
+-----------------------------------------------------------------------+
+----------------------------------------------------------------+
|  Inner_Iter|    rms[Rho]|   rms[RhoU]|   rms[RhoV]|   rms[RhoE]|
+----------------------------------------------------------------+
|         601|   -7.946000|   -4.621434|   -5.071862|   -2.398213|
|         602|   -7.953491|   -4.628880|   -5.079368|   -2.405672|
|         603|   -7.960984|   -4.636327|   -5.086874|   -2.413132|
|         604|   -7.968476|   -4.643777|   -5.094381|   -2.420595|
|         605|   -7.975970|   -4.651229|   -5.101888|   -2.428059|
|         606|   -7.983465|   -4.658683|   -5.109396|   -2.435525|
|         607|   -7.990961|   -4.666139|   -5.116904|   -2.442993|
|         608|   -7.998458|   -4.673597|   -5.124413|   -2.450463|
|         609|   -8.005956|   -4.681058|   -5.131923|   -2.457934|
|         610|   -8.013455|   -4.688521|   -5.139433|   -2.465408|
+-----------------------------------------------------------------------+
|        File Writing Summary       |              Filename             |
+-----------------------------------------------------------------------+
|SU2 binary restart                 |restart_flow.dat                   |

Writing the forces breakdown file (forces_breakdown.dat).
+-----------------------------------------------------------------------+
+----------------------------------------------------------------+
|  Inner_Iter|    rms[Rho]|   rms[RhoU]|   rms[RhoV]|   rms[RhoE]|
+----------------------------------------------------------------+
|         611|   -8.020954|   -4.695985|   -5.146944|   -2.472883|
|         612|   -8.028455|   -4.703452|   -5.154456|   -2.480361|
|         613|   -8.035957|   -4.710921|   -5.161968|   -2.487840|
|         614|   -8.043460|   -4.718391|   -5.169481|   -2.495321|
|         615|   -8.050965|   -4.725864|   -5.176994|   -2.502804|
|         616|   -8.058469|   -4.733338|   -5.184508|   -2.510288|
|         617|   -8.065975|   -4.740815|   -5.192023|   -2.517774|
|         618|   -8.073481|   -4.748293|   -5.199537|   -2.525262|
|         619|   -8.080989|   -4.755773|   -5.207053|   -2.532751|
|         620|   -8.088496|   -4.763255|   -5.214568|   -2.540242|
+-----------------------------------------------------------------------+
|        File Writing Summary       |              Filename             |
+-----------------------------------------------------------------------+
|SU2 binary restart                 |restart_flow.dat                   |

Writing the forces breakdown file (forces_breakdown.dat).
+-----------------------------------------------------------------------+
+----------------------------------------------------------------+
|  Inner_Iter|    rms[Rho]|   rms[RhoU]|   rms[RhoV]|   rms[RhoE]|
+----------------------------------------------------------------+
|         621|   -8.096004|   -4.770739|   -5.222084|   -2.547734|
|         622|   -8.103513|   -4.778224|   -5.229600|   -2.555227|
|         623|   -8.111023|   -4.785712|   -5.237116|   -2.562722|
|         624|   -8.118532|   -4.793201|   -5.244633|   -2.570219|
|         625|   -8.126043|   -4.800691|   -5.252150|   -2.577717|
|         626|   -8.133554|   -4.808183|   -5.259666|   -2.585216|
|         627|   -8.141066|   -4.815677|   -5.267184|   -2.592716|
|         628|   -8.148578|   -4.823172|   -5.274701|   -2.600218|
|         629|   -8.156091|   -4.830669|   -5.282219|   -2.607721|
|         630|   -8.163604|   -4.838167|   -5.289737|   -2.615225|
+-----------------------------------------------------------------------+
|        File Writing Summary       |              Filename             |
+-----------------------------------------------------------------------+
|SU2 binary restart                 |restart_flow.dat                   |

Writing the forces breakdown file (forces_breakdown.dat).
+-----------------------------------------------------------------------+
+----------------------------------------------------------------+
|  Inner_Iter|    rms[Rho]|   rms[RhoU]|   rms[RhoV]|   rms[RhoE]|
+----------------------------------------------------------------+
|         631|   -8.171118|   -4.845667|   -5.297255|   -2.622731|
|         632|   -8.178633|   -4.853168|   -5.304773|   -2.630238|
|         633|   -8.186148|   -4.860670|   -5.312291|   -2.637746|
|         634|   -8.193663|   -4.868174|   -5.319810|   -2.645255|
|         635|   -8.201179|   -4.875679|   -5.327328|   -2.652765|
|         636|   -8.208695|   -4.883186|   -5.334847|   -2.660276|
|         637|   -8.216211|   -4.890694|   -5.342366|   -2.667789|
|         638|   -8.223728|   -4.898202|   -5.349884|   -2.675302|
|         639|   -8.231244|   -4.905712|   -5.357403|   -2.682816|
|         640|   -8.238761|   -4.913224|   -5.364921|   -2.690331|
+-----------------------------------------------------------------------+
|        File Writing Summary       |              Filename             |
+-----------------------------------------------------------------------+
|SU2 binary restart                 |restart_flow.dat                   |

Writing the forces breakdown file (forces_breakdown.dat).
+-----------------------------------------------------------------------+
+----------------------------------------------------------------+
|  Inner_Iter|    rms[Rho]|   rms[RhoU]|   rms[RhoV]|   rms[RhoE]|
+----------------------------------------------------------------+
|         641|   -8.246278|   -4.920736|   -5.372440|   -2.697847|
|         642|   -8.253796|   -4.928249|   -5.379958|   -2.705363|
|         643|   -8.261313|   -4.935764|   -5.387476|   -2.712881|
|         644|   -8.268831|   -4.943279|   -5.394994|   -2.720399|
|         645|   -8.276348|   -4.950796|   -5.402512|   -2.727918|
|         646|   -8.283866|   -4.958313|   -5.410030|   -2.735437|
|         647|   -8.291385|   -4.965831|   -5.417548|   -2.742958|
|         648|   -8.298903|   -4.973350|   -5.425066|   -2.750479|
|         649|   -8.306421|   -4.980870|   -5.432583|   -2.758001|
|         650|   -8.313940|   -4.988391|   -5.440101|   -2.765523|
+-----------------------------------------------------------------------+
|        File Writing Summary       |              Filename             |
+-----------------------------------------------------------------------+
|SU2 binary restart                 |restart_flow.dat                   |

Writing the forces breakdown file (forces_breakdown.dat).
+-----------------------------------------------------------------------+
+----------------------------------------------------------------+
|  Inner_Iter|    rms[Rho]|   rms[RhoU]|   rms[RhoV]|   rms[RhoE]|
+----------------------------------------------------------------+
|         651|   -8.321459|   -4.995912|   -5.447618|   -2.773046|
|         652|   -8.328977|   -5.003435|   -5.455135|   -2.780570|
|         653|   -8.336496|   -5.010958|   -5.462652|   -2.788094|
|         654|   -8.344014|   -5.018481|   -5.470168|   -2.795618|
|         655|   -8.351533|   -5.026006|   -5.477684|   -2.803144|
|         656|   -8.359051|   -5.033530|   -5.485200|   -2.810669|
|         657|   -8.366569|   -5.041056|   -5.492716|   -2.818194|
|         658|   -8.374087|   -5.048582|   -5.500231|   -2.825720|
|         659|   -8.381605|   -5.056109|   -5.507746|   -2.833247|
|         660|   -8.389123|   -5.063636|   -5.515261|   -2.840774|
+-----------------------------------------------------------------------+
|        File Writing Summary       |              Filename             |
+-----------------------------------------------------------------------+
|SU2 binary restart                 |restart_flow.dat                   |

Writing the forces breakdown file (forces_breakdown.dat).
+-----------------------------------------------------------------------+
+----------------------------------------------------------------+
|  Inner_Iter|    rms[Rho]|   rms[RhoU]|   rms[RhoV]|   rms[RhoE]|
+----------------------------------------------------------------+
|         661|   -8.396641|   -5.071163|   -5.522775|   -2.848301|
|         662|   -8.404158|   -5.078691|   -5.530290|   -2.855828|
|         663|   -8.411676|   -5.086219|   -5.537803|   -2.863355|
|         664|   -8.419193|   -5.093748|   -5.545317|   -2.870883|
|         665|   -8.426710|   -5.101277|   -5.552830|   -2.878411|
|         666|   -8.434227|   -5.108806|   -5.560342|   -2.885939|
|         667|   -8.441743|   -5.116336|   -5.567855|   -2.893467|
|         668|   -8.449260|   -5.123866|   -5.575366|   -2.900996|
|         669|   -8.456776|   -5.131396|   -5.582878|   -2.908524|
|         670|   -8.464292|   -5.138926|   -5.590389|   -2.916053|
+-----------------------------------------------------------------------+
|        File Writing Summary       |              Filename             |
+-----------------------------------------------------------------------+
|SU2 binary restart                 |restart_flow.dat                   |

Writing the forces breakdown file (forces_breakdown.dat).
+-----------------------------------------------------------------------+
+----------------------------------------------------------------+
|  Inner_Iter|    rms[Rho]|   rms[RhoU]|   rms[RhoV]|   rms[RhoE]|
+----------------------------------------------------------------+
|         671|   -8.471808|   -5.146457|   -5.597900|   -2.923581|
|         672|   -8.479324|   -5.153987|   -5.605410|   -2.931110|
|         673|   -8.486839|   -5.161518|   -5.612920|   -2.938638|
|         674|   -8.494353|   -5.169049|   -5.620429|   -2.946167|
|         675|   -8.501868|   -5.176580|   -5.627938|   -2.953695|
|         676|   -8.509382|   -5.184111|   -5.635447|   -2.961224|
|         677|   -8.516895|   -5.191642|   -5.642955|   -2.968752|
|         678|   -8.524409|   -5.199173|   -5.650462|   -2.976280|
|         679|   -8.531922|   -5.206704|   -5.657969|   -2.983808|
|         680|   -8.539434|   -5.214235|   -5.665476|   -2.991336|
+-----------------------------------------------------------------------+
|        File Writing Summary       |              Filename             |
+-----------------------------------------------------------------------+
|SU2 binary restart                 |restart_flow.dat                   |

Writing the forces breakdown file (forces_breakdown.dat).
+-----------------------------------------------------------------------+
+----------------------------------------------------------------+
|  Inner_Iter|    rms[Rho]|   rms[RhoU]|   rms[RhoV]|   rms[RhoE]|
+----------------------------------------------------------------+
|         681|   -8.546947|   -5.221766|   -5.672982|   -2.998864|
|         682|   -8.554458|   -5.229297|   -5.680488|   -3.006391|
|         683|   -8.561970|   -5.236828|   -5.687993|   -3.013918|
|         684|   -8.569481|   -5.244358|   -5.695498|   -3.021446|
|         685|   -8.576992|   -5.251889|   -5.703002|   -3.028973|
|         686|   -8.584502|   -5.259419|   -5.710505|   -3.036499|
|         687|   -8.592012|   -5.266949|   -5.718009|   -3.044026|
|         688|   -8.599521|   -5.274479|   -5.725512|   -3.051551|
|         689|   -8.607030|   -5.282009|   -5.733014|   -3.059077|
|         690|   -8.614539|   -5.289538|   -5.740516|   -3.066603|
+-----------------------------------------------------------------------+
|        File Writing Summary       |              Filename             |
+-----------------------------------------------------------------------+
|SU2 binary restart                 |restart_flow.dat                   |

Writing the forces breakdown file (forces_breakdown.dat).
+-----------------------------------------------------------------------+
+----------------------------------------------------------------+
|  Inner_Iter|    rms[Rho]|   rms[RhoU]|   rms[RhoV]|   rms[RhoE]|
+----------------------------------------------------------------+
|         691|   -8.622047|   -5.297067|   -5.748017|   -3.074128|
|         692|   -8.629555|   -5.304596|   -5.755517|   -3.081652|
|         693|   -8.637062|   -5.312125|   -5.763018|   -3.089177|
|         694|   -8.644568|   -5.319653|   -5.770517|   -3.096701|
|         695|   -8.652075|   -5.327181|   -5.778016|   -3.104224|
|         696|   -8.659580|   -5.334709|   -5.785515|   -3.111747|
|         697|   -8.667086|   -5.342236|   -5.793013|   -3.119270|
|         698|   -8.674590|   -5.349763|   -5.800511|   -3.126792|
|         699|   -8.682094|   -5.357289|   -5.808008|   -3.134314|
|         700|   -8.689598|   -5.364815|   -5.815504|   -3.141836|
+-----------------------------------------------------------------------+
|        File Writing Summary       |              Filename             |
+-----------------------------------------------------------------------+
|SU2 binary restart                 |restart_flow.dat                   |

Writing the forces breakdown file (forces_breakdown.dat).
+-----------------------------------------------------------------------+
+----------------------------------------------------------------+
|  Inner_Iter|    rms[Rho]|   rms[RhoU]|   rms[RhoV]|   rms[RhoE]|
+----------------------------------------------------------------+
|         701|   -8.697101|   -5.372341|   -5.823001|   -3.149356|
|         702|   -8.704604|   -5.379866|   -5.830496|   -3.156877|
|         703|   -8.712107|   -5.387391|   -5.837991|   -3.164397|
|         704|   -8.719609|   -5.394915|   -5.845486|   -3.171916|
|         705|   -8.727110|   -5.402439|   -5.852980|   -3.179435|
|         706|   -8.734611|   -5.409963|   -5.860473|   -3.186954|
|         707|   -8.742112|   -5.417485|   -5.867967|   -3.194472|
|         708|   -8.749611|   -5.425008|   -5.875459|   -3.201989|
|         709|   -8.757110|   -5.432530|   -5.882951|   -3.209506|
|         710|   -8.764609|   -5.440051|   -5.890443|   -3.217022|
+-----------------------------------------------------------------------+
|        File Writing Summary       |              Filename             |
+-----------------------------------------------------------------------+
|SU2 binary restart                 |restart_flow.dat                   |

Writing the forces breakdown file (forces_breakdown.dat).
+-----------------------------------------------------------------------+
+----------------------------------------------------------------+
|  Inner_Iter|    rms[Rho]|   rms[RhoU]|   rms[RhoV]|   rms[RhoE]|
+----------------------------------------------------------------+
|         711|   -8.772107|   -5.447572|   -5.897934|   -3.224538|
|         712|   -8.779605|   -5.455092|   -5.905425|   -3.232053|
|         713|   -8.787102|   -5.462612|   -5.912915|   -3.239568|
|         714|   -8.794599|   -5.470131|   -5.920404|   -3.247081|
|         715|   -8.802095|   -5.477649|   -5.927894|   -3.254595|
|         716|   -8.809591|   -5.485167|   -5.935382|   -3.262108|
|         717|   -8.817086|   -5.492685|   -5.942871|   -3.269620|
|         718|   -8.824581|   -5.500202|   -5.950358|   -3.277132|
|         719|   -8.832075|   -5.507718|   -5.957845|   -3.284643|
|         720|   -8.839568|   -5.515233|   -5.965332|   -3.292153|
+-----------------------------------------------------------------------+
|        File Writing Summary       |              Filename             |
+-----------------------------------------------------------------------+
|SU2 binary restart                 |restart_flow.dat                   |

Writing the forces breakdown file (forces_breakdown.dat).
+-----------------------------------------------------------------------+
+----------------------------------------------------------------+
|  Inner_Iter|    rms[Rho]|   rms[RhoU]|   rms[RhoV]|   rms[RhoE]|
+----------------------------------------------------------------+
|         721|   -8.847062|   -5.522748|   -5.972819|   -3.299663|
|         722|   -8.854555|   -5.530263|   -5.980305|   -3.307172|
|         723|   -8.862047|   -5.537776|   -5.987790|   -3.314680|
|         724|   -8.869539|   -5.545289|   -5.995275|   -3.322189|
|         725|   -8.877030|   -5.552802|   -6.002760|   -3.329696|
|         726|   -8.884521|   -5.560314|   -6.010244|   -3.337203|
|         727|   -8.892011|   -5.567825|   -6.017728|   -3.344709|
|         728|   -8.899501|   -5.575335|   -6.025211|   -3.352215|
|         729|   -8.906990|   -5.582845|   -6.032694|   -3.359719|
|         730|   -8.914479|   -5.590355|   -6.040177|   -3.367223|
+-----------------------------------------------------------------------+
|        File Writing Summary       |              Filename             |
+-----------------------------------------------------------------------+
|SU2 binary restart                 |restart_flow.dat                   |

Writing the forces breakdown file (forces_breakdown.dat).
+-----------------------------------------------------------------------+
+----------------------------------------------------------------+
|  Inner_Iter|    rms[Rho]|   rms[RhoU]|   rms[RhoV]|   rms[RhoE]|
+----------------------------------------------------------------+
|         731|   -8.921967|   -5.597863|   -6.047659|   -3.374727|
|         732|   -8.929455|   -5.605371|   -6.055140|   -3.382230|
|         733|   -8.936943|   -5.612878|   -6.062621|   -3.389733|
|         734|   -8.944430|   -5.620385|   -6.070102|   -3.397234|
|         735|   -8.951916|   -5.627891|   -6.077583|   -3.404735|
|         736|   -8.959402|   -5.635396|   -6.085063|   -3.412235|
|         737|   -8.966888|   -5.642901|   -6.092543|   -3.419735|
|         738|   -8.974374|   -5.650405|   -6.100023|   -3.427234|
|         739|   -8.981858|   -5.657908|   -6.107502|   -3.434733|
|         740|   -8.989343|   -5.665411|   -6.114980|   -3.442231|
+-----------------------------------------------------------------------+
|        File Writing Summary       |              Filename             |
+-----------------------------------------------------------------------+
|SU2 binary restart                 |restart_flow.dat                   |

Writing the forces breakdown file (forces_breakdown.dat).
+-----------------------------------------------------------------------+
+----------------------------------------------------------------+
|  Inner_Iter|    rms[Rho]|   rms[RhoU]|   rms[RhoV]|   rms[RhoE]|
+----------------------------------------------------------------+
|         741|   -8.996826|   -5.672913|   -6.122459|   -3.449728|
|         742|   -9.004311|   -5.680414|   -6.129937|   -3.457225|
|         743|   -9.011794|   -5.687915|   -6.137415|   -3.464721|
|         744|   -9.019276|   -5.695415|   -6.144892|   -3.472216|
|         745|   -9.026758|   -5.702914|   -6.152369|   -3.479711|
|         746|   -9.034240|   -5.710413|   -6.159846|   -3.487205|
|         747|   -9.041722|   -5.717910|   -6.167322|   -3.494699|
|         748|   -9.049202|   -5.725408|   -6.174798|   -3.502191|
|         749|   -9.056684|   -5.732905|   -6.182274|   -3.509684|
|         750|   -9.064164|   -5.740401|   -6.189750|   -3.517176|
+-----------------------------------------------------------------------+
|        File Writing Summary       |              Filename             |
+-----------------------------------------------------------------------+
|SU2 binary restart                 |restart_flow.dat                   |

Writing the forces breakdown file (forces_breakdown.dat).
|Paraview                           |flow.vtu                           |

Writing the forces breakdown file (forces_breakdown.dat).
|Paraview surface                   |surface_flow.vtu                   |

Writing the forces breakdown file (forces_breakdown.dat).
|CSV file                           |surface_flow.csv                   |

Writing the forces breakdown file (forces_breakdown.dat).
+-----------------------------------------------------------------------+
+----------------------------------------------------------------+
|  Inner_Iter|    rms[Rho]|   rms[RhoU]|   rms[RhoV]|   rms[RhoE]|
+----------------------------------------------------------------+
|         751|   -9.071645|   -5.747896|   -6.197225|   -3.524668|
|         752|   -9.079124|   -5.755391|   -6.204700|   -3.532158|
|         753|   -9.086604|   -5.762885|   -6.212175|   -3.539648|
|         754|   -9.094081|   -5.770378|   -6.219650|   -3.547137|
|         755|   -9.101559|   -5.777871|   -6.227124|   -3.554626|
|         756|   -9.109037|   -5.785363|   -6.234598|   -3.562113|
|         757|   -9.116516|   -5.792855|   -6.242071|   -3.569602|
|         758|   -9.123994|   -5.800346|   -6.249545|   -3.577090|
|         759|   -9.131471|   -5.807837|   -6.257018|   -3.584576|
|         760|   -9.138948|   -5.815326|   -6.264491|   -3.592062|
+-----------------------------------------------------------------------+
|        File Writing Summary       |              Filename             |
+-----------------------------------------------------------------------+
|SU2 binary restart                 |restart_flow.dat                   |

Writing the forces breakdown file (forces_breakdown.dat).
+-----------------------------------------------------------------------+
+----------------------------------------------------------------+
|  Inner_Iter|    rms[Rho]|   rms[RhoU]|   rms[RhoV]|   rms[RhoE]|
+----------------------------------------------------------------+
|         761|   -9.146425|   -5.822815|   -6.271964|   -3.599548|
|         762|   -9.153901|   -5.830304|   -6.279436|   -3.607032|
|         763|   -9.161376|   -5.837792|   -6.286908|   -3.614516|
|         764|   -9.168854|   -5.845279|   -6.294381|   -3.622002|
|         765|   -9.176329|   -5.852766|   -6.301853|   -3.629485|
|         766|   -9.183804|   -5.860252|   -6.309325|   -3.636968|
|         767|   -9.191279|   -5.867738|   -6.316796|   -3.644451|
|         768|   -9.198752|   -5.875223|   -6.324269|   -3.651932|
|         769|   -9.206226|   -5.882708|   -6.331740|   -3.659413|
|         770|   -9.213702|   -5.890192|   -6.339211|   -3.666895|
+-----------------------------------------------------------------------+
|        File Writing Summary       |              Filename             |
+-----------------------------------------------------------------------+
|SU2 binary restart                 |restart_flow.dat                   |

Writing the forces breakdown file (forces_breakdown.dat).
+-----------------------------------------------------------------------+
+----------------------------------------------------------------+
|  Inner_Iter|    rms[Rho]|   rms[RhoU]|   rms[RhoV]|   rms[RhoE]|
+----------------------------------------------------------------+
|         771|   -9.221174|   -5.897675|   -6.346682|   -3.674374|
|         772|   -9.228649|   -5.905158|   -6.354153|   -3.681855|
|         773|   -9.236121|   -5.912641|   -6.361624|   -3.689334|
|         774|   -9.243596|   -5.920123|   -6.369095|   -3.696815|
|         775|   -9.251069|   -5.927604|   -6.376565|   -3.704293|
|         776|   -9.258541|   -5.935085|   -6.384035|   -3.711771|
|         777|   -9.266013|   -5.942565|   -6.391506|   -3.719248|
|         778|   -9.273486|   -5.950045|   -6.398976|   -3.726725|
|         779|   -9.280959|   -5.957524|   -6.406446|   -3.734203|
|         780|   -9.288430|   -5.965003|   -6.413916|   -3.741679|
+-----------------------------------------------------------------------+
|        File Writing Summary       |              Filename             |
+-----------------------------------------------------------------------+
|SU2 binary restart                 |restart_flow.dat                   |

Writing the forces breakdown file (forces_breakdown.dat).
+-----------------------------------------------------------------------+
+----------------------------------------------------------------+
|  Inner_Iter|    rms[Rho]|   rms[RhoU]|   rms[RhoV]|   rms[RhoE]|
+----------------------------------------------------------------+
|         781|   -9.295904|   -5.972482|   -6.421386|   -3.749157|
|         782|   -9.303372|   -5.979960|   -6.428856|   -3.756630|
|         783|   -9.310845|   -5.987438|   -6.436326|   -3.764106|
|         784|   -9.318318|   -5.994915|   -6.443796|   -3.771582|
|         785|   -9.325786|   -6.002391|   -6.451266|   -3.779055|
|         786|   -9.333260|   -6.009868|   -6.458735|   -3.786530|
|         787|   -9.340731|   -6.017343|   -6.466204|   -3.794005|
|         788|   -9.348200|   -6.024819|   -6.473674|   -3.801477|
|         789|   -9.355673|   -6.032294|   -6.481143|   -3.808952|
|         790|   -9.363142|   -6.039769|   -6.488612|   -3.816424|
+-----------------------------------------------------------------------+
|        File Writing Summary       |              Filename             |
+-----------------------------------------------------------------------+
|SU2 binary restart                 |restart_flow.dat                   |

Writing the forces breakdown file (forces_breakdown.dat).
+-----------------------------------------------------------------------+
+----------------------------------------------------------------+
|  Inner_Iter|    rms[Rho]|   rms[RhoU]|   rms[RhoV]|   rms[RhoE]|
+----------------------------------------------------------------+
|         791|   -9.370613|   -6.047243|   -6.496082|   -3.823898|
|         792|   -9.378081|   -6.054717|   -6.503551|   -3.831369|
|         793|   -9.385553|   -6.062190|   -6.511020|   -3.838842|
|         794|   -9.393022|   -6.069664|   -6.518490|   -3.846314|
|         795|   -9.400493|   -6.077136|   -6.525959|   -3.853786|
|         796|   -9.407964|   -6.084609|   -6.533429|   -3.861257|
|         797|   -9.415433|   -6.092081|   -6.540898|   -3.868727|
|         798|   -9.422902|   -6.099553|   -6.548367|   -3.876198|
|         799|   -9.430371|   -6.107025|   -6.555836|   -3.883668|
|         800|   -9.437841|   -6.114496|   -6.563305|   -3.891138|
+-----------------------------------------------------------------------+
|        File Writing Summary       |              Filename             |
+-----------------------------------------------------------------------+
|SU2 binary restart                 |restart_flow.dat                   |

Writing the forces breakdown file (forces_breakdown.dat).
+-----------------------------------------------------------------------+
+----------------------------------------------------------------+
|  Inner_Iter|    rms[Rho]|   rms[RhoU]|   rms[RhoV]|   rms[RhoE]|
+----------------------------------------------------------------+
|         801|   -9.445310|   -6.121967|   -6.570775|   -3.898608|
|         802|   -9.452779|   -6.129437|   -6.578245|   -3.906078|
|         803|   -9.460251|   -6.136908|   -6.585714|   -3.913547|
|         804|   -9.467719|   -6.144378|   -6.593183|   -3.921017|
|         805|   -9.475189|   -6.151848|   -6.600652|   -3.928486|
|         806|   -9.482660|   -6.159317|   -6.608122|   -3.935955|
|         807|   -9.490128|   -6.166787|   -6.615591|   -3.943424|
|         808|   -9.497596|   -6.174256|   -6.623061|   -3.950892|
|         809|   -9.505069|   -6.181725|   -6.630531|   -3.958363|
|         810|   -9.512539|   -6.189194|   -6.638000|   -3.965832|
+-----------------------------------------------------------------------+
|        File Writing Summary       |              Filename             |
+-----------------------------------------------------------------------+
|SU2 binary restart                 |restart_flow.dat                   |

Writing the forces breakdown file (forces_breakdown.dat).
+-----------------------------------------------------------------------+
+----------------------------------------------------------------+
|  Inner_Iter|    rms[Rho]|   rms[RhoU]|   rms[RhoV]|   rms[RhoE]|
+----------------------------------------------------------------+
|         811|   -9.520005|   -6.196662|   -6.645471|   -3.973298|
|         812|   -9.527473|   -6.204130|   -6.652941|   -3.980763|
|         813|   -9.534944|   -6.211598|   -6.660411|   -3.988232|
|         814|   -9.542413|   -6.219066|   -6.667879|   -3.995700|
|         815|   -9.549882|   -6.226534|   -6.675350|   -4.003167|
|         816|   -9.557357|   -6.234001|   -6.682819|   -4.010638|
|         817|   -9.564827|   -6.241469|   -6.690290|   -4.018107|
|         818|   -9.572294|   -6.248936|   -6.697762|   -4.025573|
|         819|   -9.579761|   -6.256403|   -6.705231|   -4.033038|
|         820|   -9.587226|   -6.263870|   -6.712702|   -4.040501|
+-----------------------------------------------------------------------+
|        File Writing Summary       |              Filename             |
+-----------------------------------------------------------------------+
|SU2 binary restart                 |restart_flow.dat                   |

Writing the forces breakdown file (forces_breakdown.dat).
+-----------------------------------------------------------------------+
+----------------------------------------------------------------+
|  Inner_Iter|    rms[Rho]|   rms[RhoU]|   rms[RhoV]|   rms[RhoE]|
+----------------------------------------------------------------+
|         821|   -9.594698|   -6.271337|   -6.720173|   -4.047971|
|         822|   -9.602169|   -6.278804|   -6.727643|   -4.055440|
|         823|   -9.609637|   -6.286270|   -6.735115|   -4.062904|
|         824|   -9.617108|   -6.293737|   -6.742585|   -4.070371|
|         825|   -9.624579|   -6.301204|   -6.750054|   -4.077838|
|         826|   -9.632049|   -6.308670|   -6.757525|   -4.085306|
|         827|   -9.639520|   -6.316136|   -6.764996|   -4.092774|
|         828|   -9.646991|   -6.323602|   -6.772468|   -4.100241|
|         829|   -9.654461|   -6.331069|   -6.779940|   -4.107707|
|         830|   -9.661930|   -6.338535|   -6.787412|   -4.115174|
+-----------------------------------------------------------------------+
|        File Writing Summary       |              Filename             |
+-----------------------------------------------------------------------+
|SU2 binary restart                 |restart_flow.dat                   |

Writing the forces breakdown file (forces_breakdown.dat).
+-----------------------------------------------------------------------+
+----------------------------------------------------------------+
|  Inner_Iter|    rms[Rho]|   rms[RhoU]|   rms[RhoV]|   rms[RhoE]|
+----------------------------------------------------------------+
|         831|   -9.669397|   -6.346001|   -6.794884|   -4.122637|
|         832|   -9.676868|   -6.353467|   -6.802354|   -4.130103|
|         833|   -9.684339|   -6.360933|   -6.809825|   -4.137569|
|         834|   -9.691812|   -6.368399|   -6.817297|   -4.145039|
|         835|   -9.699288|   -6.375865|   -6.824771|   -4.152510|
|         836|   -9.706752|   -6.383331|   -6.832243|   -4.159973|
|         837|   -9.714221|   -6.390796|   -6.839716|   -4.167438|
|         838|   -9.721690|   -6.398262|   -6.847190|   -4.174902|
|         839|   -9.729162|   -6.405728|   -6.854660|   -4.182370|
|         840|   -9.736629|   -6.413194|   -6.862132|   -4.189834|
+-----------------------------------------------------------------------+
|        File Writing Summary       |              Filename             |
+-----------------------------------------------------------------------+
|SU2 binary restart                 |restart_flow.dat                   |

Writing the forces breakdown file (forces_breakdown.dat).
+-----------------------------------------------------------------------+
+----------------------------------------------------------------+
|  Inner_Iter|    rms[Rho]|   rms[RhoU]|   rms[RhoV]|   rms[RhoE]|
+----------------------------------------------------------------+
|         841|   -9.744106|   -6.420660|   -6.869605|   -4.197306|
|         842|   -9.751573|   -6.428126|   -6.877079|   -4.204771|
|         843|   -9.759040|   -6.435591|   -6.884552|   -4.212234|
|         844|   -9.766517|   -6.443058|   -6.892024|   -4.219704|
|         845|   -9.773993|   -6.450524|   -6.899497|   -4.227173|
|         846|   -9.781469|   -6.457990|   -6.906971|   -4.234645|
|         847|   -9.788942|   -6.465457|   -6.914444|   -4.242113|
|         848|   -9.796407|   -6.472923|   -6.921919|   -4.249573|
|         849|   -9.803881|   -6.480388|   -6.929392|   -4.257043|
|         850|   -9.811351|   -6.487855|   -6.936866|   -4.264511|
+-----------------------------------------------------------------------+
|        File Writing Summary       |              Filename             |
+-----------------------------------------------------------------------+
|SU2 binary restart                 |restart_flow.dat                   |

Writing the forces breakdown file (forces_breakdown.dat).
+-----------------------------------------------------------------------+
+----------------------------------------------------------------+
|  Inner_Iter|    rms[Rho]|   rms[RhoU]|   rms[RhoV]|   rms[RhoE]|
+----------------------------------------------------------------+
|         851|   -9.818826|   -6.495321|   -6.944343|   -4.271978|
|         852|   -9.826299|   -6.502788|   -6.951818|   -4.279448|
|         853|   -9.833773|   -6.510254|   -6.959292|   -4.286915|
|         854|   -9.841244|   -6.517721|   -6.966765|   -4.294384|
|         855|   -9.848712|   -6.525188|   -6.974240|   -4.301850|
|         856|   -9.856182|   -6.532654|   -6.981716|   -4.309314|
|         857|   -9.863656|   -6.540122|   -6.989190|   -4.316784|
|         858|   -9.871130|   -6.547589|   -6.996665|   -4.324252|
|         859|   -9.878596|   -6.555056|   -7.004141|   -4.331718|
|         860|   -9.886071|   -6.562523|   -7.011615|   -4.339185|
+-----------------------------------------------------------------------+
|        File Writing Summary       |              Filename             |
+-----------------------------------------------------------------------+
|SU2 binary restart                 |restart_flow.dat                   |

Writing the forces breakdown file (forces_breakdown.dat).
+-----------------------------------------------------------------------+
+----------------------------------------------------------------+
|  Inner_Iter|    rms[Rho]|   rms[RhoU]|   rms[RhoV]|   rms[RhoE]|
+----------------------------------------------------------------+
|         861|   -9.893541|   -6.569990|   -7.019092|   -4.346649|
|         862|   -9.901019|   -6.577457|   -7.026566|   -4.354119|
|         863|   -9.908498|   -6.584925|   -7.034042|   -4.361598|
|         864|   -9.915972|   -6.592394|   -7.041518|   -4.369068|
|         865|   -9.923453|   -6.599862|   -7.048994|   -4.376541|
|         866|   -9.930920|   -6.607329|   -7.056471|   -4.384004|
|         867|   -9.938395|   -6.614797|   -7.063946|   -4.391473|
|         868|   -9.945876|   -6.622266|   -7.071422|   -4.398947|
|         869|   -9.953348|   -6.629734|   -7.078898|   -4.406415|
|         870|   -9.960823|   -6.637202|   -7.086376|   -4.413888|
+-----------------------------------------------------------------------+
|        File Writing Summary       |              Filename             |
+-----------------------------------------------------------------------+
|SU2 binary restart                 |restart_flow.dat                   |

Writing the forces breakdown file (forces_breakdown.dat).
+-----------------------------------------------------------------------+
+----------------------------------------------------------------+
|  Inner_Iter|    rms[Rho]|   rms[RhoU]|   rms[RhoV]|   rms[RhoE]|
+----------------------------------------------------------------+
|         871|   -9.968299|   -6.644672|   -7.093853|   -4.421358|
|         872|   -9.975767|   -6.652141|   -7.101333|   -4.428823|
|         873|   -9.983248|   -6.659609|   -7.108808|   -4.436295|
|         874|   -9.990721|   -6.667079|   -7.116288|   -4.443766|
|         875|   -9.998198|   -6.674548|   -7.123766|   -4.451236|
|         876|  -10.005669|   -6.682017|   -7.131245|   -4.458704|
|         877|  -10.013150|   -6.689487|   -7.138721|   -4.466177|
|         878|  -10.020625|   -6.696958|   -7.146199|   -4.473652|
|         879|  -10.028090|   -6.704428|   -7.153678|   -4.481114|
|         880|  -10.035569|   -6.711897|   -7.161153|   -4.488589|
+-----------------------------------------------------------------------+
|        File Writing Summary       |              Filename             |
+-----------------------------------------------------------------------+
|SU2 binary restart                 |restart_flow.dat                   |

Writing the forces breakdown file (forces_breakdown.dat).
+-----------------------------------------------------------------------+
+----------------------------------------------------------------+
|  Inner_Iter|    rms[Rho]|   rms[RhoU]|   rms[RhoV]|   rms[RhoE]|
+----------------------------------------------------------------+
|         881|  -10.043049|   -6.719367|   -7.168629|   -4.496063|
|         882|  -10.050523|   -6.726838|   -7.176106|   -4.503531|
|         883|  -10.058000|   -6.734309|   -7.183585|   -4.511004|
|         884|  -10.065477|   -6.741781|   -7.191067|   -4.518480|
|         885|  -10.072954|   -6.749252|   -7.198546|   -4.525953|
|         886|  -10.080429|   -6.756722|   -7.206024|   -4.533421|
|         887|  -10.087909|   -6.764194|   -7.213504|   -4.540895|
|         888|  -10.095388|   -6.771666|   -7.220983|   -4.548373|
|         889|  -10.102870|   -6.779137|   -7.228462|   -4.555846|
|         890|  -10.110344|   -6.786608|   -7.235943|   -4.563316|
+-----------------------------------------------------------------------+
|        File Writing Summary       |              Filename             |
+-----------------------------------------------------------------------+
|SU2 binary restart                 |restart_flow.dat                   |

Writing the forces breakdown file (forces_breakdown.dat).
+-----------------------------------------------------------------------+
+----------------------------------------------------------------+
|  Inner_Iter|    rms[Rho]|   rms[RhoU]|   rms[RhoV]|   rms[RhoE]|
+----------------------------------------------------------------+
|         891|  -10.117824|   -6.794081|   -7.243420|   -4.570791|
|         892|  -10.125304|   -6.801553|   -7.250899|   -4.578266|
|         893|  -10.132771|   -6.809025|   -7.258378|   -4.585736|
|         894|  -10.140248|   -6.816499|   -7.265859|   -4.593214|
|         895|  -10.147728|   -6.823971|   -7.273337|   -4.600684|
|         896|  -10.155211|   -6.831444|   -7.280818|   -4.608161|
|         897|  -10.162697|   -6.838917|   -7.288296|   -4.615639|
|         898|  -10.170178|   -6.846391|   -7.295774|   -4.623114|
|         899|  -10.177650|   -6.853865|   -7.303256|   -4.630588|
|         900|  -10.185129|   -6.861338|   -7.310738|   -4.638066|
+-----------------------------------------------------------------------+
|        File Writing Summary       |              Filename             |
+-----------------------------------------------------------------------+
|SU2 binary restart                 |restart_flow.dat                   |

Writing the forces breakdown file (forces_breakdown.dat).
+-----------------------------------------------------------------------+
+----------------------------------------------------------------+
|  Inner_Iter|    rms[Rho]|   rms[RhoU]|   rms[RhoV]|   rms[RhoE]|
+----------------------------------------------------------------+
|         901|  -10.192596|   -6.868813|   -7.318218|   -4.645535|
|         902|  -10.200072|   -6.876286|   -7.325699|   -4.653005|
|         903|  -10.207559|   -6.883761|   -7.333183|   -4.660482|
|         904|  -10.215045|   -6.891235|   -7.340662|   -4.667963|
|         905|  -10.222529|   -6.898709|   -7.348141|   -4.675439|
|         906|  -10.230011|   -6.906185|   -7.355622|   -4.682923|
|         907|  -10.237481|   -6.913660|   -7.363103|   -4.690386|
|         908|  -10.244971|   -6.921135|   -7.370582|   -4.697869|
|         909|  -10.252447|   -6.928611|   -7.378061|   -4.705345|
|         910|  -10.259922|   -6.936086|   -7.385545|   -4.712818|
+-----------------------------------------------------------------------+
|        File Writing Summary       |              Filename             |
+-----------------------------------------------------------------------+
|SU2 binary restart                 |restart_flow.dat                   |

Writing the forces breakdown file (forces_breakdown.dat).
+-----------------------------------------------------------------------+
+----------------------------------------------------------------+
|  Inner_Iter|    rms[Rho]|   rms[RhoU]|   rms[RhoV]|   rms[RhoE]|
+----------------------------------------------------------------+
|         911|  -10.267402|   -6.943563|   -7.393026|   -4.720293|
|         912|  -10.274898|   -6.951038|   -7.400512|   -4.727783|
|         913|  -10.282367|   -6.958514|   -7.407995|   -4.735251|
|         914|  -10.289841|   -6.965990|   -7.415474|   -4.742724|
|         915|  -10.297310|   -6.973465|   -7.422953|   -4.750200|
|         916|  -10.304781|   -6.980944|   -7.430437|   -4.757670|
|         917|  -10.312293|   -6.988422|   -7.437917|   -4.765177|
|         918|  -10.319761|   -6.995897|   -7.445400|   -4.772637|
|         919|  -10.327251|   -7.003374|   -7.452874|   -4.780123|
|         920|  -10.334728|   -7.010853|   -7.460356|   -4.787599|
+-----------------------------------------------------------------------+
|        File Writing Summary       |              Filename             |
+-----------------------------------------------------------------------+
|SU2 binary restart                 |restart_flow.dat                   |

Writing the forces breakdown file (forces_breakdown.dat).
+-----------------------------------------------------------------------+
+----------------------------------------------------------------+
|  Inner_Iter|    rms[Rho]|   rms[RhoU]|   rms[RhoV]|   rms[RhoE]|
+----------------------------------------------------------------+
|         921|  -10.342221|   -7.018329|   -7.467839|   -4.795092|
|         922|  -10.349692|   -7.025807|   -7.475317|   -4.802559|
|         923|  -10.357160|   -7.033287|   -7.482803|   -4.810032|
|         924|  -10.364672|   -7.040763|   -7.490294|   -4.817528|
|         925|  -10.372136|   -7.048240|   -7.497771|   -4.824999|
|         926|  -10.379606|   -7.055720|   -7.505251|   -4.832471|
|         927|  -10.387099|   -7.063198|   -7.512736|   -4.839954|
|         928|  -10.394567|   -7.070676|   -7.520220|   -4.847427|
|         929|  -10.402041|   -7.078156|   -7.527705|   -4.854906|
|         930|  -10.409535|   -7.085634|   -7.535188|   -4.862385|
+-----------------------------------------------------------------------+
|        File Writing Summary       |              Filename             |
+-----------------------------------------------------------------------+
|SU2 binary restart                 |restart_flow.dat                   |

Writing the forces breakdown file (forces_breakdown.dat).
+-----------------------------------------------------------------------+
+----------------------------------------------------------------+
|  Inner_Iter|    rms[Rho]|   rms[RhoU]|   rms[RhoV]|   rms[RhoE]|
+----------------------------------------------------------------+
|         931|  -10.417012|   -7.093114|   -7.542660|   -4.869864|
|         932|  -10.424510|   -7.100593|   -7.550146|   -4.877360|
|         933|  -10.431975|   -7.108076|   -7.557623|   -4.884826|
|         934|  -10.439451|   -7.115552|   -7.565111|   -4.892303|
|         935|  -10.446972|   -7.123031|   -7.572600|   -4.899808|
|         936|  -10.454415|   -7.130512|   -7.580074|   -4.907259|
|         937|  -10.461908|   -7.137990|   -7.587556|   -4.914746|
|         938|  -10.469389|   -7.145470|   -7.595038|   -4.922222|
|         939|  -10.476850|   -7.152949|   -7.602526|   -4.929691|
|         940|  -10.484372|   -7.160429|   -7.610001|   -4.937206|
+-----------------------------------------------------------------------+
|        File Writing Summary       |              Filename             |
+-----------------------------------------------------------------------+
|SU2 binary restart                 |restart_flow.dat                   |

Writing the forces breakdown file (forces_breakdown.dat).
+-----------------------------------------------------------------------+
+----------------------------------------------------------------+
|  Inner_Iter|    rms[Rho]|   rms[RhoU]|   rms[RhoV]|   rms[RhoE]|
+----------------------------------------------------------------+
|         941|  -10.491838|   -7.167910|   -7.617494|   -4.944674|
|         942|  -10.499326|   -7.175390|   -7.624977|   -4.952150|
|         943|  -10.506822|   -7.182870|   -7.632456|   -4.959645|
|         944|  -10.514275|   -7.190352|   -7.639945|   -4.967107|
|         945|  -10.521758|   -7.197833|   -7.647425|   -4.974586|
|         946|  -10.529232|   -7.205315|   -7.654907|   -4.982076|
|         947|  -10.536746|   -7.212795|   -7.662392|   -4.989566|
|         948|  -10.544216|   -7.220276|   -7.669864|   -4.997047|
|         949|  -10.551686|   -7.227760|   -7.677351|   -5.004520|
|         950|  -10.559181|   -7.235240|   -7.684836|   -5.011996|
+-----------------------------------------------------------------------+
|        File Writing Summary       |              Filename             |
+-----------------------------------------------------------------------+
|SU2 binary restart                 |restart_flow.dat                   |

Writing the forces breakdown file (forces_breakdown.dat).
+-----------------------------------------------------------------------+
+----------------------------------------------------------------+
|  Inner_Iter|    rms[Rho]|   rms[RhoU]|   rms[RhoV]|   rms[RhoE]|
+----------------------------------------------------------------+
|         951|  -10.566659|   -7.242724|   -7.692309|   -5.019489|
|         952|  -10.574138|   -7.250203|   -7.699784|   -5.026976|
|         953|  -10.581612|   -7.257685|   -7.707281|   -5.034453|
|         954|  -10.589105|   -7.265169|   -7.714761|   -5.041953|
|         955|  -10.596598|   -7.272652|   -7.722231|   -5.049427|
|         956|  -10.604066|   -7.280132|   -7.729729|   -5.056902|
|         957|  -10.611537|   -7.287613|   -7.737225|   -5.064370|
|         958|  -10.619027|   -7.295095|   -7.744695|   -5.071859|
|         959|  -10.626528|   -7.302579|   -7.752187|   -5.079373|
|         960|  -10.634014|   -7.310059|   -7.759673|   -5.086848|
+-----------------------------------------------------------------------+
|        File Writing Summary       |              Filename             |
+-----------------------------------------------------------------------+
|SU2 binary restart                 |restart_flow.dat                   |

Writing the forces breakdown file (forces_breakdown.dat).
+-----------------------------------------------------------------------+
+----------------------------------------------------------------+
|  Inner_Iter|    rms[Rho]|   rms[RhoU]|   rms[RhoV]|   rms[RhoE]|
+----------------------------------------------------------------+
|         961|  -10.641478|   -7.317540|   -7.767136|   -5.094299|
|         962|  -10.648953|   -7.325026|   -7.774630|   -5.101788|
|         963|  -10.656440|   -7.332506|   -7.782113|   -5.109255|
|         964|  -10.663948|   -7.339988|   -7.789600|   -5.116759|
|         965|  -10.671450|   -7.347469|   -7.797077|   -5.124254|
|         966|  -10.678918|   -7.354950|   -7.804561|   -5.131731|
|         967|  -10.686345|   -7.362437|   -7.812042|   -5.139181|
|         968|  -10.693873|   -7.369920|   -7.819519|   -5.146698|
|         969|  -10.701355|   -7.377405|   -7.827013|   -5.154175|
|         970|  -10.708794|   -7.384888|   -7.834490|   -5.161637|
+-----------------------------------------------------------------------+
|        File Writing Summary       |              Filename             |
+-----------------------------------------------------------------------+
|SU2 binary restart                 |restart_flow.dat                   |

Writing the forces breakdown file (forces_breakdown.dat).
+-----------------------------------------------------------------------+
+----------------------------------------------------------------+
|  Inner_Iter|    rms[Rho]|   rms[RhoU]|   rms[RhoV]|   rms[RhoE]|
+----------------------------------------------------------------+
|         971|  -10.716309|   -7.392371|   -7.841969|   -5.169145|
|         972|  -10.723768|   -7.399854|   -7.849439|   -5.176594|
|         973|  -10.731284|   -7.407337|   -7.856921|   -5.184107|
|         974|  -10.738765|   -7.414820|   -7.864420|   -5.191591|
|         975|  -10.746235|   -7.422302|   -7.871908|   -5.199067|
|         976|  -10.753712|   -7.429784|   -7.879387|   -5.206535|
|         977|  -10.761182|   -7.437269|   -7.886863|   -5.214004|
|         978|  -10.768728|   -7.444757|   -7.894344|   -5.221544|
|         979|  -10.776182|   -7.452235|   -7.901842|   -5.229010|

----------------------------- Solver Exit -------------------------------
All convergence criteria satisfied.
+-----------------------------------------------------------------------+
|      Convergence Field     |     Value    |   Criterion  |  Converged |
+-----------------------------------------------------------------------+
|                  Cauchy[CD]|   9.84054e-11|       < 1e-10|         Yes|
+-----------------------------------------------------------------------+
-------------------------------------------------------------------------
+-----------------------------------------------------------------------+
|        File Writing Summary       |              Filename             |
+-----------------------------------------------------------------------+
|SU2 binary restart                 |restart_flow.dat                   |

Writing the forces breakdown file (forces_breakdown.dat).
|Paraview                           |flow.vtu                           |

Writing the forces breakdown file (forces_breakdown.dat).
|Paraview surface                   |surface_flow.vtu                   |

Writing the forces breakdown file (forces_breakdown.dat).
|CSV file                           |surface_flow.csv                   |

Writing the forces breakdown file (forces_breakdown.dat).
+-----------------------------------------------------------------------+

--------------------------- Finalizing Solver ---------------------------
Deleted CNumerics container.
Deleted CIntegration container.
Deleted CSolver container.
Deleted CIteration container.
Deleted CInterface container.
Deleted CGeometry container.
Deleted CFreeFormDefBox class.
Deleted CSurfaceMovement class.
Deleted CVolumetricMovement class.
Deleted CConfig container.
Deleted nInst container.
Deleted COutput class.
-------------------------------------------------------------------------

------------------------- Exit Success (SU2_CFD) ------------------------

