"Time_Iter","Outer_Iter","Inner_Iter",    "rms[Rho]"    ,    "rms[RhoU]"   ,    "rms[RhoV]"   ,    "rms[RhoE]"   
          0,           0,           0,      -1.121700007,      0.8368493401,     0.04075681115,       4.324486675
          0,           0,           1,      -1.492961489,      0.8152735903,       1.079947123,       3.964091719
          0,           0,           2,      -1.454002165,      0.9949731306,        1.08165945,       4.005228848
          0,           0,           3,      -1.455112641,       1.110375881,       1.163985034,        3.99972445
          0,           0,           4,      -1.422317077,       1.151373736,       1.169418423,       4.022340199
          0,           0,           5,       -1.40010031,        1.14013565,       1.140502641,         4.0429109
          0,           0,           6,      -1.392153784,       1.110300473,         1.1242303,       4.058084769
          0,           0,           7,      -1.397810973,       1.079574214,       1.143703982,       4.055355872
          0,           0,           8,      -1.410553645,       1.063857405,       1.155284061,       4.036125875
          0,           0,           9,      -1.424800847,       1.072696183,       1.143780415,       4.015373112
          0,           0,          10,      -1.419975956,       1.099408944,         1.1354214,       4.022676268
          0,           0,          11,      -1.422573952,       1.111176707,        1.13012824,       4.023924899
          0,           0,          12,       -1.44164086,       1.106388181,       1.110524903,       4.002487559
          0,           0,          13,      -1.481618558,        1.08755262,       1.065809532,       3.955692044
          0,           0,          14,      -1.519238091,        1.06373813,       1.007011581,       3.914464355
          0,           0,          15,      -1.555484959,       1.038647657,      0.9489316396,       3.882707796
          0,           0,          16,      -1.594673053,       1.019377719,      0.9172698985,       3.853908373
          0,           0,          17,      -1.633883227,       1.013645542,      0.9226318016,       3.823735041
          0,           0,          18,      -1.668547932,       1.011843762,      0.9375350821,       3.788413844
          0,           0,          19,      -1.695164996,       1.007715358,      0.9455215702,       3.753366634
          0,           0,          20,      -1.709155175,        1.00497836,      0.9481419856,       3.728265557
          0,           0,          21,      -1.714262054,       1.000077031,       0.943113654,       3.713689972
          0,           0,          22,      -1.717068498,      0.9913229913,      0.9305608236,       3.705598999
          0,           0,          23,      -1.723074003,      0.9788005771,      0.9115075095,       3.698684756
          0,           0,          24,      -1.734003154,      0.9638896979,      0.8869589567,       3.690841191
          0,           0,          25,      -1.748278867,      0.9480474562,      0.8587995758,       3.682757951
          0,           0,          26,      -1.764068532,      0.9328841891,      0.8305936642,       3.674761195
          0,           0,          27,      -1.779925557,      0.9202707416,      0.8081120484,       3.666437413
          0,           0,          28,      -1.795820153,      0.9117669487,      0.7969437734,       3.655969088
          0,           0,          29,       -1.81161948,      0.9084309442,       0.798745911,       3.642385352
          0,           0,          30,      -1.825430742,      0.9091397852,      0.8090820936,       3.626719572
          0,           0,          31,      -1.834871661,      0.9114675549,      0.8208537476,       3.611789646
          0,           0,          32,      -1.837517346,      0.9133076257,      0.8298271334,       3.602067038
          0,           0,          33,      -1.833999412,      0.9133170633,      0.8350069154,       3.599501439
          0,           0,          34,       -1.82733756,      0.9112415494,      0.8373035311,       3.602658187
          0,           0,          35,      -1.822326117,      0.9059692609,      0.8366078551,       3.606351826
          0,           0,          36,      -1.822744596,      0.8962161591,       0.831271355,       3.605729768
          0,           0,          37,      -1.829371863,      0.8807730026,      0.8194418149,       3.599515782
          0,           0,          38,      -1.841630827,      0.8589271282,      0.8000780272,       3.588463634
          0,           0,          39,      -1.858406098,       0.831182225,      0.7738027191,       3.574473315
          0,           0,          40,      -1.877821581,      0.8000150108,      0.7444102728,       3.559827678
          0,           0,          41,      -1.898749442,      0.7705434548,      0.7180734413,        3.54519075
          0,           0,          42,       -1.91877908,      0.7488285053,      0.7010558084,        3.53162602
          0,           0,          43,      -1.935338347,      0.7388662255,      0.6961332512,       3.519770928
          0,           0,          44,      -1.946344923,      0.7408238641,      0.7016343257,       3.510335715
          0,           0,          45,      -1.952230965,      0.7499174405,      0.7119265672,       3.502099316
          0,           0,          46,      -1.956108363,      0.7599005683,      0.7206118388,       3.492609748
          0,           0,          47,      -1.960379742,      0.7663264643,      0.7233647616,       3.481056988
          0,           0,          48,      -1.966387448,      0.7666432223,      0.7174939436,       3.467895101
          0,           0,          49,      -1.973977514,       0.760095198,      0.7013521446,       3.455216368
          0,           0,          50,      -1.982203225,       0.746397047,      0.6742275385,       3.445612735
          0,           0,          51,      -1.990972026,      0.7271989447,      0.6375822207,       3.440080105
          0,           0,          52,      -1.999715807,      0.7065731736,      0.5969977757,       3.438734515
          0,           0,          53,      -2.008654655,      0.6904069328,      0.5634708148,       3.439335279
          0,           0,          54,      -2.018075678,      0.6845601194,      0.5500166943,       3.439087949
          0,           0,          55,      -2.028148711,      0.6896850171,      0.5599429815,       3.434416488
          0,           0,          56,      -2.038831177,      0.7000696274,      0.5805164712,       3.422771567
          0,           0,          57,       -2.04835412,      0.7084815491,       0.596189978,       3.405552577
          0,           0,          58,      -2.055404696,      0.7096855392,       0.597534612,       3.386648636
          0,           0,          59,      -2.060386008,      0.7018543458,      0.5810557527,       3.370906181
          0,           0,          60,      -2.066406439,      0.6853037335,      0.5479710972,       3.360254781
          0,           0,          61,      -2.078230232,      0.6634328002,      0.5050271925,       3.351509755
          0,           0,          62,      -2.097846316,      0.6415771681,       0.464310797,       3.340737263
          0,           0,          63,       -2.12483742,      0.6246922316,      0.4385469152,       3.324556416
          0,           0,          64,      -2.156514202,      0.6153706286,      0.4317756539,       3.301966601
          0,           0,          65,        -2.1882993,      0.6117361359,      0.4355132043,       3.273647221
          0,           0,          66,      -2.217262859,      0.6094899729,      0.4372064267,       3.241204803
          0,           0,          67,      -2.242386823,      0.6050278149,       0.429679077,       3.208186656
          0,           0,          68,      -2.265147941,      0.5965631755,      0.4111325979,       3.177973914
          0,           0,          69,       -2.28772795,      0.5843592803,      0.3830908143,       3.152886641
          0,           0,          70,      -2.311745505,      0.5693376517,      0.3498919029,       3.132442394
          0,           0,          71,      -2.337897894,      0.5533696416,      0.3171735547,       3.114030727
          0,           0,          72,      -2.365195226,      0.5384034324,      0.2903507004,       3.095422401
          0,           0,          73,       -2.39269769,      0.5256535024,      0.2721812475,       3.074707434
          0,           0,          74,      -2.419463041,      0.5156138918,       0.261866697,        3.05164932
          0,           0,          75,      -2.444950093,      0.5070245636,      0.2554089722,       3.026231193
          0,           0,          76,      -2.469001995,      0.4983212567,      0.2480919147,       2.999506346
          0,           0,          77,      -2.489926781,      0.4885169393,      0.2370305056,       2.974924402
          0,           0,          78,      -2.505938456,      0.4773461107,      0.2215482302,       2.956093665
          0,           0,          79,      -2.515871817,      0.4654613214,      0.2029917451,       2.945571429
          0,           0,          80,      -2.522203483,      0.4531760068,      0.1841370585,        2.94059054
          0,           0,          81,      -2.529546562,      0.4410197566,      0.1680402125,       2.935745411
          0,           0,          82,      -2.540871361,      0.4294825151,      0.1567650676,       2.927213002
          0,           0,          83,      -2.557637231,       0.418753435,      0.1501591565,       2.912847336
          0,           0,          84,      -2.579559615,      0.4087082892,      0.1458827482,       2.892441017
          0,           0,          85,      -2.603958968,       0.398874197,      0.1406558711,       2.868247431
          0,           0,          86,       -2.62853027,      0.3884577955,      0.1310510781,       2.842511885
          0,           0,          87,      -2.649590128,      0.3769809373,      0.1156755063,       2.819785273
          0,           0,          88,      -2.665040949,      0.3644893062,     0.09538622028,        2.80365706
          0,           0,          89,      -2.676019887,      0.3515163895,     0.07318083613,       2.794043073
          0,           0,          90,      -2.685561154,      0.3389790716,     0.05346959339,       2.787856314
          0,           0,          91,      -2.698062649,      0.3274483662,     0.03954632393,       2.779478238
          0,           0,          92,      -2.715329383,      0.3172133435,     0.03165232318,       2.765825433
          0,           0,          93,      -2.736096908,      0.3081174136,     0.02675923662,       2.747133652
          0,           0,          94,        -2.7564414,      0.2996561612,     0.02065358808,       2.726733216
          0,           0,          95,      -2.770713683,      0.2913672417,     0.01043516535,        2.71041542
          0,           0,          96,      -2.777561687,      0.2826321091,   -0.004769136506,       2.700654421
          0,           0,          97,      -2.778473946,      0.2732422434,    -0.02306349491,       2.697259014
          0,           0,          98,      -2.778023179,      0.2633809725,    -0.04048155576,       2.696394043
          0,           0,          99,      -2.781284035,      0.2534526221,    -0.05273673575,       2.692991169
          0,           0,         100,      -2.790709252,       0.243975859,    -0.05751961341,        2.68428977
          0,           0,         101,       -2.80823356,      0.2349833801,      -0.056845286,        2.66800577
          0,           0,         102,      -2.832280307,       0.226298265,    -0.05520494135,       2.645551862
          0,           0,         103,      -2.858953545,      0.2176248126,    -0.05699965639,       2.620880702
          0,           0,         104,      -2.883641491,      0.2087507584,    -0.06475099273,       2.598776568
          0,           0,         105,      -2.902507587,      0.1998693703,    -0.07831672888,        2.58316601
          0,           0,         106,      -2.917051604,      0.1912182625,     -0.0953244274,        2.57233981
          0,           0,         107,        -2.9298422,      0.1833217902,     -0.1116849851,       2.563230999
          0,           0,         108,      -2.943458271,      0.1766305894,     -0.1237657714,       2.552688605
          0,           0,         109,       -2.95854068,      0.1711917131,     -0.1307750322,       2.539513646
          0,           0,         110,      -2.972038406,      0.1667506384,     -0.1349347653,       2.526211356
          0,           0,         111,      -2.982876333,      0.1624523676,     -0.1404220502,       2.514177531
          0,           0,         112,      -2.989221944,      0.1576810571,     -0.1501887731,       2.506047907
          0,           0,         113,      -2.991486282,      0.1522624779,      -0.164737608,       2.502426016
          0,           0,         114,      -2.992601881,      0.1464457178,     -0.1820260093,       2.500989752
          0,           0,         115,      -2.995251715,      0.1408184943,     -0.1982439061,       2.498997336
          0,           0,         116,      -3.004748069,      0.1352702791,     -0.2104179178,       2.490855754
          0,           0,         117,      -3.018787812,      0.1301766099,     -0.2170882606,       2.478448016
          0,           0,         118,      -3.035186696,      0.1255055987,     -0.2195874303,       2.463679907
          0,           0,         119,      -3.051771152,      0.1209688858,     -0.2209325491,       2.448567072
          0,           0,         120,      -3.067296145,      0.1162030675,     -0.2240098158,       2.434547573
          0,           0,         121,      -3.080689456,      0.1111243118,     -0.2301876392,       2.423104257
          0,           0,         122,        -3.0944483,      0.1055548079,     -0.2396579581,       2.412506079
          0,           0,         123,      -3.108554229,     0.09964798216,     -0.2510151871,       2.402694225
          0,           0,         124,      -3.121506283,     0.09370068288,     -0.2620657597,       2.394140878
          0,           0,         125,      -3.130979484,       0.087968141,     -0.2709262024,       2.387379371
          0,           0,         126,       -3.13400178,      0.0826801565,     -0.2767238326,       2.383639407
          0,           0,         127,      -3.133075133,     0.07751713281,      -0.280786233,       2.380556017
          0,           0,         128,      -3.131178951,     0.07212238761,     -0.2852217956,       2.376759446
          0,           0,         129,      -3.131624165,     0.06617781204,     -0.2919498722,       2.371217645
          0,           0,         130,      -3.136819803,     0.05951849676,     -0.3018625807,       2.363394893
          0,           0,         131,       -3.14648235,     0.05232514584,     -0.3143162088,       2.354363405
          0,           0,         132,      -3.160898112,     0.04469326059,     -0.3277812277,       2.343553998
          0,           0,         133,      -3.177385187,     0.03692956218,     -0.3400296878,       2.332023283
          0,           0,         134,      -3.192955155,     0.02931761887,     -0.3494207819,        2.32056513
          0,           0,         135,      -3.206123995,     0.02194273215,     -0.3558744881,       2.309019497
          0,           0,         136,      -3.216186754,     0.01478109089,     -0.3606183415,       2.297644056
          0,           0,         137,      -3.227157969,    0.007325912156,     -0.3661915955,        2.28400588
          0,           0,         138,      -3.240511898,  -0.0007736916819,     -0.3743763766,       2.268490303
          0,           0,         139,      -3.255555237,   -0.009613417925,     -0.3856076762,       2.253135493
          0,           0,         140,      -3.270028391,    -0.01903796137,     -0.3989283992,       2.240274848
          0,           0,         141,      -3.280428159,    -0.02862232558,     -0.4123186875,       2.231959088
          0,           0,         142,      -3.287080264,    -0.03823509291,      -0.424184434,       2.226102924
          0,           0,         143,      -3.290918126,    -0.04777761706,      -0.433833622,       2.220666069
          0,           0,         144,      -3.294433991,    -0.05729303462,     -0.4419607346,        2.21358635
          0,           0,         145,      -3.300431174,    -0.06695236117,     -0.4501322749,       2.203527782
          0,           0,         146,      -3.309403114,    -0.07681623634,     -0.4595364763,       2.191472831
          0,           0,         147,      -3.323590146,    -0.08714983731,      -0.471109569,       2.176589896
          0,           0,         148,      -3.341436413,     -0.0979253524,     -0.4844287866,       2.160631909
          0,           0,         149,       -3.36026269,     -0.1089325005,     -0.4983075451,       2.145351962
          0,           0,         150,      -3.377806172,      -0.119932373,     -0.5115516508,       2.131281446
          0,           0,         151,      -3.392020797,     -0.1306619115,     -0.5233781968,       2.118700238
          0,           0,         152,       -3.40515775,     -0.1413059785,     -0.5344343163,       2.104923313
          0,           0,         153,      -3.418277086,     -0.1520392016,     -0.5457333337,       2.089518985
          0,           0,         154,      -3.431576974,     -0.1629710085,      -0.558134851,       2.073506869
          0,           0,         155,      -3.444612264,     -0.1741158081,     -0.5719086263,       2.058380042
          0,           0,         156,      -3.455680134,     -0.1852690572,     -0.5864538123,       2.046086084
          0,           0,         157,       -3.46604577,     -0.1964747182,     -0.6012448014,       2.035210218
          0,           0,         158,       -3.47530662,     -0.2076664217,      -0.615596017,       2.025430585
          0,           0,         159,      -3.483286164,     -0.2187558894,     -0.6291546527,       2.016435425
          0,           0,         160,      -3.490401235,     -0.2296953089,     -0.6419931271,       2.007762896
          0,           0,         161,      -3.496618906,     -0.2404121933,     -0.6542699262,       1.999671352
          0,           0,         162,      -3.503888757,     -0.2510524527,     -0.6665247461,       1.990725837
          0,           0,         163,      -3.512965788,     -0.2616681919,     -0.6790029689,       1.980650326
          0,           0,         164,      -3.523279914,     -0.2722230854,     -0.6917015542,       1.970080616
          0,           0,         165,      -3.534567297,      -0.282649643,      -0.704441684,       1.959245244
          0,           0,         166,      -3.546598343,     -0.2929027463,     -0.7170066696,       1.948104181
          0,           0,         167,      -3.559090424,     -0.3029728809,     -0.7292686941,       1.936595578
          0,           0,         168,      -3.571659428,     -0.3128670136,     -0.7412426913,       1.924844284
          0,           0,         169,      -3.583899111,     -0.3225928546,     -0.7530553828,       1.913136979
          0,           0,         170,      -3.595494125,     -0.3321605649,     -0.7648648161,       1.901768561
          0,           0,         171,      -3.606255562,     -0.3415861183,     -0.7767917182,       1.890948404
          0,           0,         172,      -3.616078278,     -0.3508880272,     -0.7888864287,       1.880818369
          0,           0,         173,      -3.624881596,     -0.3600802135,     -0.8011227154,       1.871515245
          0,           0,         174,      -3.632604069,     -0.3691662304,     -0.8134008315,       1.863178119
          0,           0,         175,      -3.639139804,     -0.3781365526,     -0.8255595786,       1.855959928
          0,           0,         176,      -3.644825251,     -0.3869800685,     -0.8374057276,       1.849675353
          0,           0,         177,      -3.650041625,     -0.3956818927,     -0.8487613708,       1.844030402
          0,           0,         178,      -3.655269488,     -0.4042286242,     -0.8595160766,       1.838605871
          0,           0,         179,      -3.661104146,     -0.4126125834,     -0.8696560417,       1.832895385
          0,           0,         180,      -3.668010497,     -0.4208364881,     -0.8792619131,       1.826506896
          0,           0,         181,       -3.67623129,     -0.4289136364,     -0.8884722151,        1.81923918
          0,           0,         182,      -3.685704724,     -0.4368649788,     -0.8974316395,       1.811125717
          0,           0,         183,      -3.696091943,     -0.4447140148,     -0.9062476039,        1.80239011
          0,           0,         184,      -3.706885557,     -0.4524836026,     -0.9149763547,       1.793345851
          0,           0,         185,      -3.717556919,     -0.4601959311,     -0.9236396549,       1.784291422
          0,           0,         186,      -3.727691831,     -0.4678737415,     -0.9322538404,       1.775441401
          0,           0,         187,      -3.737061548,     -0.4755409761,     -0.9408485015,       1.766916691
          0,           0,         188,       -3.74561731,     -0.4832209361,     -0.9494594656,       1.758775805
          0,           0,         189,      -3.753436245,     -0.4909322714,     -0.9581012645,       1.751048888
          0,           0,         190,      -3.760664912,     -0.4986847042,     -0.9667401028,       1.743743835
          0,           0,         191,      -3.767487136,     -0.5064768902,     -0.9752901909,        1.73682525
          0,           0,         192,      -3.774114401,     -0.5142981743,     -0.9836416824,       1.730189984
          0,           0,         193,      -3.780775857,     -0.5221333874,     -0.9917072546,       1.723668658
          0,           0,         194,      -3.787692358,     -0.5299687869,     -0.9994622156,       1.717061359
          0,           0,         195,      -3.795035194,     -0.5377959285,      -1.006956985,       1.710191451
          0,           0,         196,       -3.80289973,     -0.5456126412,      -1.014296239,       1.702943421
          0,           0,         197,        -3.8113527,     -0.5534269677,      -1.021600141,       1.695248064
          0,           0,         198,      -3.820245403,     -0.5612488015,      -1.028965532,        1.68718883
          0,           0,         199,      -3.829300599,     -0.5690882306,      -1.036453334,        1.67893574
          0,           0,         200,      -3.838405826,     -0.5769561167,      -1.044085398,       1.670554562
          0,           0,         201,      -3.847488625,     -0.5848627079,      -1.051854408,       1.662084163
          0,           0,         202,      -3.856376333,     -0.5928147991,      -1.059748126,       1.653627649
          0,           0,         203,      -3.864998358,     -0.6008176673,      -1.067756555,       1.645231712
          0,           0,         204,       -3.87372607,     -0.6088572092,      -1.075899673,        1.63672028
          0,           0,         205,      -3.882492321,      -0.616932719,      -1.084170249,       1.628155694
          0,           0,         206,      -3.891817747,     -0.6250466165,      -1.092539399,       1.619297387
          0,           0,         207,       -3.90150196,     -0.6332010819,      -1.100971594,       1.610314207
          0,           0,         208,      -3.910895988,     -0.6413957588,      -1.109436901,       1.601554965
          0,           0,         209,       -3.92003753,     -0.6496270662,      -1.117921728,       1.592912028
          0,           0,         210,      -3.928937479,     -0.6578870291,      -1.126427875,       1.584324866
          0,           0,         211,      -3.937610486,     -0.6661650866,       -1.13496927,       1.575768911
          0,           0,         212,      -3.946163349,     -0.6744506355,      -1.143565664,       1.567190823
          0,           0,         213,      -3.954686068,     -0.6827342496,      -1.152234358,       1.558551643
          0,           0,         214,      -3.963214298,      -0.691007745,      -1.160985435,       1.549837437
          0,           0,         215,      -3.971729845,     -0.6992642204,      -1.169823051,       1.541056946
          0,           0,         216,      -3.980206457,      -0.707496732,      -1.178739712,       1.532217182
          0,           0,         217,      -3.988571106,     -0.7157017312,      -1.187752186,        1.52335852
          0,           0,         218,       -3.99677523,     -0.7238762085,      -1.196869746,       1.514508387
          0,           0,         219,      -4.004821495,     -0.7320177478,       -1.20609543,       1.505664209
          0,           0,         220,      -4.012721256,     -0.7401234001,      -1.215430127,       1.496822228
          0,           0,         221,      -4.020456248,     -0.7481893228,      -1.224868525,       1.488000379
          0,           0,         222,      -4.028000819,      -0.756211131,      -1.234403891,       1.479222624
          0,           0,         223,      -4.035335581,     -0.7641827043,      -1.244025941,       1.470514344
          0,           0,         224,       -4.04244669,     -0.7720967044,      -1.253724081,       1.461902409
          0,           0,         225,      -4.049333038,     -0.7799450168,       -1.26348898,       1.453408618
          0,           0,         226,      -4.056011567,     -0.7877189962,      -1.273312331,       1.445042578
          0,           0,         227,      -4.062514675,     -0.7954094483,      -1.283186096,       1.436798875
          0,           0,         228,      -4.068882672,     -0.8030065446,      -1.293102397,       1.428658952
          0,           0,         229,      -4.075156424,     -0.8105008469,      -1.303055062,       1.420594824
          0,           0,         230,       -4.08137239,     -0.8178827755,      -1.313041119,       1.412574732
          0,           0,         231,       -4.08755927,     -0.8251433324,      -1.323062009,        1.40456847
          0,           0,         232,      -4.094789094,     -0.8322813422,      -1.333104482,       1.395797658
          0,           0,         233,      -4.102252754,     -0.8392996101,      -1.343190586,       1.386845477
          0,           0,         234,      -4.109815222,     -0.8461866946,      -1.353332868,       1.377824291
          0,           0,         235,      -4.117320265,     -0.8529300628,      -1.363535544,       1.368847628
          0,           0,         236,      -4.124614494,     -0.8595206517,      -1.373794725,       1.360015301
          0,           0,         237,      -4.131603396,     -0.8659528285,      -1.384098304,       1.351384764
          0,           0,         238,      -4.138242089,     -0.8722227648,      -1.394425699,       1.342986648
          0,           0,         239,      -4.144514161,     -0.8783274351,       -1.40475256,       1.334842248
          0,           0,         240,      -4.150428229,     -0.8842643525,       -1.41505714,       1.326961862
          0,           0,         241,      -4.156008808,     -0.8900307142,      -1.425321457,       1.319344915
          0,           0,         242,      -4.161291554,     -0.8956243751,      -1.435534217,       1.311979088
          0,           0,         243,      -4.166311179,     -0.9010431304,      -1.445687165,       1.304848643
          0,           0,         244,      -4.171095397,     -0.9062844999,      -1.455771554,       1.297940501
          0,           0,         245,      -4.175667276,     -0.9113463403,      -1.465776673,       1.291244072
          0,           0,         246,      -4.180050081,     -0.9162272667,      -1.475690089,        1.28474817
          0,           0,         247,      -4.184270623,     -0.9209267391,      -1.485497844,       1.278438079
          0,           0,         248,      -4.188351342,     -0.9254460274,      -1.495185845,       1.272300038
          0,           0,         249,      -4.192308848,     -0.9297869373,      -1.504739882,       1.266324032
          0,           0,         250,      -4.196151925,     -0.9339517477,      -1.514143124,       1.260504207
          0,           0,         251,      -4.199885719,     -0.9379433446,      -1.523377269,       1.254837818
          0,           0,         252,      -4.203514442,     -0.9417655179,      -1.532422841,       1.249324099
          0,           0,         253,       -4.20704228,     -0.9454227178,      -1.541259545,         1.2439634
          0,           0,         254,      -4.210472598,     -0.9489197945,      -1.549867209,       1.238757276
          0,           0,         255,      -4.213807487,     -0.9522620309,      -1.558226841,       1.233708139
          0,           0,         256,      -4.217047845,     -0.9554550751,      -1.566321637,       1.228819153
          0,           0,         257,      -4.220193458,     -0.9585047598,      -1.574136618,       1.224093849
          0,           0,         258,      -4.223243771,      -0.961417115,      -1.581659006,       1.219535843
          0,           0,         259,      -4.226199868,     -0.9641984543,      -1.588877892,       1.215147249
          0,           0,         260,      -4.229065299,     -0.9668552081,      -1.595783644,       1.210927723
          0,           0,         261,      -4.231844911,     -0.9693941253,      -1.602366819,       1.206875109
          0,           0,         262,      -4.234545378,     -0.9718220592,      -1.608618265,       1.202984748
          0,           0,         263,      -4.237174651,     -0.9741459542,      -1.614529275,       1.199249185
          0,           0,         264,        -4.2397409,      -0.976372774,      -1.620091989,       1.195658978
          0,           0,         265,      -4.242251932,     -0.9785095314,      -1.625300147,        1.19220364
          0,           0,         266,        -4.2447143,     -0.9805632039,      -1.630149585,       1.188872909
          0,           0,         267,       -4.24713302,     -0.9825407635,      -1.634638589,       1.185657502
          0,           0,         268,      -4.249511505,     -0.9844491197,      -1.638767967,       1.182549691
          0,           0,         269,      -4.251851271,     -0.9862950937,      -1.642541097,       1.179543691
          0,           0,         270,      -4.254152638,     -0.9880854168,      -1.645963402,       1.176635338
          0,           0,         271,      -4.256432374,     -0.9898268731,      -1.649042309,       1.173805605
          0,           0,         272,      -4.258676878,     -0.9915258176,      -1.651786036,       1.171063473
          0,           0,         273,      -4.260875317,     -0.9931883876,      -1.654204771,       1.168417664
          0,           0,         274,      -4.263029561,      -0.994820748,      -1.656310782,       1.165864703
          0,           0,         275,      -4.265142279,      -0.996428944,      -1.658117791,       1.163398582
          0,           0,         276,      -4.267216137,     -0.9980187659,      -1.659640982,       1.161012789
          0,           0,         277,      -4.269254092,     -0.9995958051,      -1.660896689,       1.158700756
          0,           0,         278,      -4.271259336,      -1.001165409,      -1.661901974,       1.156456004
          0,           0,         279,      -4.273235191,      -1.002732686,      -1.662674237,       1.154271975
          0,           0,         280,      -4.275184542,      -1.004302497,      -1.663230921,       1.152142293
          0,           0,         281,      -4.277109539,      -1.005879438,      -1.663589192,       1.150060881
          0,           0,         282,      -4.279011471,      -1.007467865,      -1.663765729,       1.148022215
          0,           0,         283,       -4.28089099,      -1.009071901,      -1.663776625,       1.146021329
          0,           0,         284,      -4.282748472,      -1.010695446,      -1.663637315,       1.144053666
          0,           0,         285,      -4.284584325,      -1.012342193,      -1.663362576,        1.14211491
          0,           0,         286,      -4.286399074,      -1.014015646,      -1.662966529,        1.14020098
          0,           0,         287,      -4.288193558,      -1.015719125,      -1.662462745,       1.138307843
          0,           0,         288,      -4.289968914,      -1.017455768,      -1.661864381,       1.136431517
          0,           0,         289,      -4.294783198,      -1.019699157,      -1.661789472,       1.131141739
          0,           0,         290,      -4.300380918,      -1.022407238,      -1.662326549,       1.124944835
          0,           0,         291,      -4.305354355,      -1.025435572,      -1.663219386,       1.119473931
          0,           0,         292,      -4.309772445,      -1.028694556,      -1.664348767,       1.114660764
          0,           0,         293,      -4.314205763,      -1.032175298,      -1.665769583,       1.109833913
          0,           0,         294,      -4.318917994,      -1.035892664,      -1.667522007,       1.104687211
          0,           0,         295,      -4.322908712,      -1.039674052,      -1.669379315,       1.100403875
          0,           0,         296,      -4.325421738,       -1.04329768,      -1.671034283,          1.097894
          0,           0,         297,       -4.32777183,      -1.046840635,      -1.672534527,       1.095605116
          0,           0,         298,      -4.330715274,      -1.050407915,      -1.674015623,        1.09258661
          0,           0,         299,      -4.334153995,      -1.054051016,      -1.675519785,       1.088934328
          0,           0,         300,       -4.33773422,       -1.05777202,      -1.677012553,       1.085091746
          0,           0,         301,      -4.341322175,       -1.06156385,      -1.678484374,       1.081238011
          0,           0,         302,      -4.344987972,      -1.065430847,      -1.679982056,       1.077281377
          0,           0,         303,      -4.348797831,      -1.069382078,      -1.681564642,       1.073128351
          0,           0,         304,      -4.352724881,      -1.073419875,      -1.683261325,       1.068820092
          0,           0,         305,      -4.356708753,        -1.0775381,      -1.685068945,       1.064463242
          0,           0,         306,      -4.360719956,      -1.081727496,      -1.686970847,       1.060125986
          0,           0,         307,      -4.364764179,      -1.085979996,      -1.688951551,       1.055808898
          0,           0,         308,      -4.368852924,      -1.090288412,      -1.691000857,       1.051480925
          0,           0,         309,      -4.372982874,      -1.094644326,      -1.693112039,       1.047122609
          0,           0,         310,      -4.377137816,      -1.099037309,      -1.695277442,       1.042739207
          0,           0,         311,       -4.38129777,      -1.103455955,      -1.697483463,       1.038350495
          0,           0,         312,       -4.38544062,      -1.107889167,      -1.699707821,       1.033980338
          0,           0,         313,      -4.389537922,      -1.112326604,      -1.701920938,       1.029656069
          0,           0,         314,      -4.393554149,      -1.116758353,      -1.704090202,       1.025411556
          0,           0,         315,      -4.397452468,      -1.121174667,      -1.706184034,       1.021285631
          0,           0,         316,      -4.401202486,      -1.125566068,       -1.70817388,       1.017314763
          0,           0,         317,      -4.404784315,      -1.129923667,        -1.7100343,       1.013525255
          0,           0,         318,      -4.408187603,      -1.134239253,      -1.711742502,       1.009929991
          0,           0,         319,      -4.411408518,      -1.138505508,      -1.713278269,       1.006530086
          0,           0,         320,       -4.41444667,      -1.142716005,       -1.71462405,       1.003319698
          0,           0,         321,      -4.417302724,      -1.146865249,      -1.715765001,       1.000291294
          0,           0,         322,      -4.419976962,      -1.150948734,      -1.716688894,      0.9974390573
          0,           0,         323,      -4.422468747,      -1.154962941,      -1.717386027,       0.994760019
          0,           0,         324,      -4.424777721,      -1.158905323,       -1.71784927,      0.9922524932
          0,           0,         325,      -4.426905824,      -1.162774283,      -1.718074352,      0.9899135288
          0,           0,         326,       -4.42885916,      -1.166569159,      -1.718060426,      0.9877365612
          0,           0,         327,      -4.430648423,      -1.170290269,      -1.717810906,      0.9857104594
          0,           0,         328,      -4.432287186,      -1.173938928,      -1.717334444,      0.9838205949
          0,           0,         329,      -4.433788668,      -1.177517339,      -1.716645463,      0.9820515659
          0,           0,         330,      -4.435162529,      -1.181028694,        -1.7157641,      0.9803903126
          0,           0,         331,      -4.436413112,      -1.184477007,      -1.714715141,      0.9788281967
          0,           0,         332,      -4.437539771,      -1.187866925,       -1.71352615,      0.9773614034
          0,           0,         333,      -4.438539272,      -1.191203529,      -1.712225169,      0.9759893849
          0,           0,         334,      -4.439409305,      -1.194492142,      -1.710838529,      0.9747119798
          0,           0,         335,      -4.440151865,      -1.197738211,      -1.709389286,      0.9735262821
          0,           0,         336,      -4.440775332,      -1.200947247,      -1.707896453,      0.9724243539
          0,           0,         337,      -4.441294516,      -1.204124809,      -1.706375263,      0.9713924265
          0,           0,         338,      -4.441727594,      -1.207276365,      -1.704838256,      0.9704117075
          0,           0,         339,      -4.450113808,      -1.212161696,      -1.706225394,      0.9599554043
          0,           0,         340,      -4.461406938,      -1.218519272,      -1.710351886,      0.9459676553
          0,           0,         341,      -4.465148511,       -1.22424127,      -1.713851002,       0.941332393
          0,           0,         342,      -4.465069658,      -1.229266775,      -1.716088804,      0.9416411043
          0,           0,         343,      -4.472609066,      -1.235611839,      -1.719855859,      0.9326088082
          0,           0,         344,      -4.484460695,      -1.243291504,      -1.725563335,      0.9179343981
          0,           0,         345,      -4.489991464,      -1.250357969,      -1.730707962,      0.9109999763
          0,           0,         346,      -4.491084833,      -1.256656083,      -1.734702093,      0.9098399277
          0,           0,         347,      -4.491691739,      -1.262457763,      -1.737674562,      0.9094477156
          0,           0,         348,      -4.494017428,      -1.268112567,      -1.740073228,      0.9068056339
          0,           0,         349,      -4.497558073,      -1.273771466,      -1.742246249,      0.9023631907
          0,           0,         350,      -4.500961359,      -1.279398948,      -1.744274291,      0.8978452888
          0,           0,         351,      -4.503659836,      -1.284934306,      -1.746108232,      0.8941399837
          0,           0,         352,      -4.506024742,      -1.290390398,      -1.747736737,       0.890921433
          0,           0,         353,      -4.508625961,      -1.295834704,      -1.749218845,      0.8874805751
          0,           0,         354,      -4.511642213,      -1.301323878,      -1.750636062,      0.8835107672
          0,           0,         355,      -4.514876025,      -1.306870591,      -1.752049923,      0.8791846426
          0,           0,         356,      -4.514982101,      -1.311731048,      -1.752526401,      0.8787553137
          0,           0,         357,      -4.516618508,       -1.31670678,      -1.753041798,      0.8762722562
          0,           0,         358,       -4.51955637,      -1.321881954,      -1.753846304,      0.8719971836
          0,           0,         359,      -4.522801482,      -1.327214463,      -1.754977156,      0.8672440319
          0,           0,         360,      -4.525674615,       -1.33261913,      -1.756321236,      0.8629653187
          0,           0,         361,      -4.525030933,      -1.337304683,      -1.756733628,      0.8632710883
          0,           0,         362,      -4.525939079,      -1.342109565,      -1.757197722,      0.8615788424
          0,           0,         363,      -4.528274917,      -1.347130507,      -1.757970839,      0.8579622581
          0,           0,         364,      -4.530985864,      -1.352304837,      -1.759097046,        0.85380276
          0,           0,         365,      -4.533361034,      -1.357517514,      -1.760453443,      0.8501152735
          0,           0,         366,      -4.535412568,      -1.362708259,      -1.761914076,      0.8469472951
          0,           0,         367,      -4.534330731,      -1.367100378,       -1.76229036,      0.8479591817
          0,           0,         368,      -4.534997199,      -1.371581828,      -1.762680022,      0.8466406361
          0,           0,         369,      -4.536980499,      -1.376233776,      -1.763326493,      0.8434631379
          0,           0,         370,      -4.539124306,      -1.380975424,      -1.764229726,       0.839971469
          0,           0,         371,      -4.539273353,      -1.385439839,      -1.764757332,       0.839063831
          0,           0,         372,      -4.539811233,      -1.389856333,      -1.765251212,      0.8376723103
          0,           0,         373,      -4.540878254,      -1.394285945,      -1.765799216,      0.8355937857
          0,           0,         374,      -4.542091451,      -1.398725969,      -1.766409787,      0.8333175158
          0,           0,         375,      -4.541415292,      -1.402556198,      -1.766250108,      0.8335689806
          0,           0,         376,      -4.541186404,      -1.406385358,      -1.766035474,      0.8331904203
          0,           0,         377,      -4.541385495,      -1.410247808,      -1.765879738,      0.8321867444
          0,           0,         378,      -4.541651828,      -1.414107404,      -1.765792495,      0.8310548105
          0,           0,         379,      -4.541720405,      -1.417910749,      -1.765703742,      0.8301766054
          0,           0,         380,      -4.541583359,       -1.42163674,      -1.765551089,      0.8295746211
          0,           0,         381,      -4.541342367,       -1.42529365,      -1.765318342,      0.8291038382
          0,           0,         382,      -4.541045294,      -1.428890916,      -1.765016114,      0.8286903478
          0,           0,         383,      -4.540676698,      -1.432425196,       -1.76465149,      0.8283627645
          0,           0,         384,      -4.540231554,      -1.435887124,      -1.764218498,      0.8281518138
          0,           0,         385,      -4.546032368,      -1.441151682,      -1.766505909,      0.8195209974
          0,           0,         386,       -4.55449627,      -1.447922498,      -1.771144826,      0.8073365225
          0,           0,         387,      -4.563105044,      -1.455719891,      -1.777312369,      0.7951235589
          0,           0,         388,      -4.566668204,      -1.462554494,      -1.782256476,      0.7902888427
          0,           0,         389,      -4.572509306,      -1.470135883,       -1.78786035,       0.782491911
          0,           0,         390,      -4.578331356,      -1.477675559,      -1.793171857,      0.7748901349
          0,           0,         391,      -4.582357802,      -1.484515626,      -1.797500987,      0.7699898071
          0,           0,         392,      -4.585187428,      -1.490716749,       -1.80093735,      0.7668487672
          0,           0,         393,      -4.587578866,      -1.496433812,      -1.803657502,      0.7642615362
          0,           0,         394,      -4.590012998,      -1.501834829,      -1.805859162,      0.7614554165
          0,           0,         395,      -4.592534705,      -1.507034449,       -1.80768847,      0.7583456512
          0,           0,         396,      -4.594985426,      -1.512088024,       -1.80921852,      0.7551925784
          0,           0,         397,      -4.597282449,      -1.517023392,      -1.810482773,      0.7521762625
          0,           0,         398,       -4.59949947,      -1.521868287,      -1.811519307,      0.7492534717
          0,           0,         399,      -4.601774563,      -1.526654185,      -1.812388751,      0.7462687442
          0,           0,         400,      -4.604195875,      -1.531405985,      -1.813165766,      0.7431104773
          0,           0,         401,      -4.606757548,      -1.536134757,      -1.813920797,       0.739777181
          0,           0,         402,      -4.607260054,      -1.540137703,      -1.813920219,      0.7394990177
          0,           0,         403,        -4.6086934,      -1.544195017,      -1.814018769,      0.7377802938
          0,           0,         404,      -4.610944612,      -1.548386079,      -1.814353869,      0.7347470886
          0,           0,         405,      -4.613462826,      -1.552691618,      -1.814959973,      0.7311969591
          0,           0,         406,      -4.615794454,      -1.557050826,      -1.815788244,      0.7278149229
          0,           0,         407,      -4.617820076,      -1.561424674,      -1.816777113,      0.7248161609
          0,           0,         408,      -4.617457085,      -1.565087507,       -1.81707369,      0.7253523034
          0,           0,         409,      -4.616766377,      -1.568601376,      -1.817164195,      0.7263566925
          0,           0,         410,      -4.617458214,      -1.572303657,      -1.817541727,      0.7252370954
          0,           0,         411,      -4.618924614,      -1.576190112,       -1.81830514,      0.7229201776
          0,           0,         412,      -4.620432068,      -1.580160237,       -1.81941149,      0.7205428993
          0,           0,         413,      -4.621707552,      -1.584126719,      -1.820761684,      0.7185705611
          0,           0,         414,      -4.622892533,       -1.58806214,      -1.822280063,      0.7168436682
          0,           0,         415,      -4.624217141,      -1.591977177,      -1.823928616,      0.7150440931
          0,           0,         416,      -4.624505275,       -1.59537405,      -1.825196821,      0.7149087311
          0,           0,         417,      -4.625018404,      -1.598792972,      -1.826611726,      0.7145213379
          0,           0,         418,      -4.624617022,      -1.601966227,      -1.827797018,       0.715541119
          0,           0,         419,      -4.624777276,      -1.605153771,      -1.829136993,      0.7155941861
          0,           0,         420,      -4.625330822,      -1.608370736,      -1.830671813,      0.7149185322
          0,           0,         421,      -4.626024709,      -1.611599359,       -1.83238453,      0.7139380015
          0,           0,         422,       -4.62671497,       -1.61481614,      -1.834226787,      0.7129352383
          0,           0,         423,      -4.626193977,      -1.617715673,      -1.835740721,      0.7138000624
          0,           0,         424,      -4.625197382,      -1.620065968,      -1.836771758,       0.715373649
          0,           0,         425,      -4.625032774,      -1.622510291,      -1.837951755,       0.715742417
          0,           0,         426,       -4.62543378,      -1.625060955,      -1.839330323,      0.7152965989
          0,           0,         427,      -4.626037568,      -1.627657838,      -1.840879591,      0.7145580131
          0,           0,         428,       -4.62547114,       -1.62993043,      -1.842105691,      0.7156012069
          0,           0,         429,      -4.625479208,      -1.632174206,      -1.843416831,      0.7157778918
          0,           0,         430,      -4.625078679,      -1.633889563,      -1.844299356,      0.7165793149
          0,           0,         431,      -4.625352156,      -1.635714644,      -1.845401948,      0.7164368354
          0,           0,         432,      -4.626015333,      -1.637648203,      -1.846754278,       0.715729981
          0,           0,         433,      -4.625542299,      -1.639319435,      -1.847876279,      0.7166948615
          0,           0,         434,      -4.625485048,      -1.641026169,      -1.849194196,      0.7169328876
          0,           0,         435,      -4.624745622,      -1.642229066,      -1.850130094,      0.7180913161
          0,           0,         436,      -4.624495623,      -1.643589666,       -1.85133601,      0.7185360076
          0,           0,         437,      -4.624599751,      -1.645101272,      -1.852807675,      0.7184978407
          0,           0,         438,      -4.623677161,      -1.646365301,      -1.854009426,        0.72005901
          0,           0,         439,      -4.623395755,      -1.647673525,      -1.855365993,      0.7207144817
          0,           0,         440,      -4.623778775,      -1.649047469,      -1.856905344,      0.7204956905
          0,           0,         441,      -4.624671146,      -1.650475338,      -1.858613705,       0.719682721
          0,           0,         442,      -4.624883845,      -1.651318114,      -1.859796737,      0.7200288821
          0,           0,         443,      -4.624453017,      -1.651890304,       -1.86063406,      0.7215121282
          0,           0,         444,      -4.625060444,      -1.652576201,      -1.861693589,      0.7215139402
          0,           0,         445,      -4.626443275,      -1.653405671,      -1.863081359,      0.7203734601
          0,           0,         446,       -4.62814243,      -1.654340706,      -1.864804651,      0.7187465582
          0,           0,         447,       -4.62881581,      -1.654701764,      -1.866132729,      0.7186143338
          0,           0,         448,      -4.628537811,       -1.65482203,      -1.867256341,      0.7199457298
          0,           0,         449,      -4.629102564,      -1.655103318,      -1.868749286,      0.7200350725
          0,           0,         450,      -4.630328668,      -1.655563546,      -1.870697575,      0.7191574059
          0,           0,         451,      -4.631832585,      -1.656141369,      -1.873080985,      0.7179052963
          0,           0,         452,       -4.63233222,      -1.656106609,      -1.875111143,      0.7182189305
          0,           0,         453,      -4.632009972,      -1.655792553,      -1.876965554,      0.7199102357
          0,           0,         454,      -4.632706679,      -1.655608312,      -1.879214247,       0.720205175
          0,           0,         455,      -4.634241819,      -1.655570155,      -1.881939981,      0.7193579525
          0,           0,         456,      -4.636199978,       -1.65561616,      -1.885126042,      0.7179914042
          0,           0,         457,      -4.637230663,      -1.654981601,      -1.887958405,      0.7181551313
          0,           0,         458,      -4.637476877,      -1.654021466,        -1.8906279,      0.7196567126
          0,           0,         459,      -4.638727262,      -1.653165652,      -1.893725244,      0.7197826803
          0,           0,         460,      -4.640796591,      -1.652436698,      -1.897346625,      0.7187954524
          0,           0,         461,      -4.643306628,       -1.65176005,       -1.90143886,      0.7172961693
          0,           0,         462,      -4.644891251,      -1.650321149,       -1.90514592,      0.7174282367
          0,           0,         463,      -4.645730614,      -1.648494322,      -1.908656503,      0.7188864532
          0,           0,         464,      -4.647592687,      -1.646719206,      -1.912554216,      0.7189762439
          0,           0,         465,      -4.650266244,       -1.64501251,      -1.916943295,      0.7179925768
          0,           0,         466,      -4.653308989,      -1.643305051,      -1.921806638,      0.7166402921
          0,           0,         467,      -4.655259466,      -1.640739989,      -1.926232947,      0.7172224263
          0,           0,         468,      -4.656346578,      -1.637741704,      -1.930404251,      0.7192215862
          0,           0,         469,      -4.658365487,       -1.63479034,      -1.934912081,      0.7198781859
          0,           0,         470,       -4.66113787,      -1.631917215,      -1.939886191,       0.719476658
          0,           0,         471,      -4.664232484,      -1.629049906,      -1.945299053,      0.7187857487
          0,           0,         472,      -4.666118203,      -1.625283511,      -1.950158783,       0.720279366
          0,           0,         473,      -4.667160852,      -1.621089827,       -1.95462584,       0.723121295
          0,           0,         474,      -4.669211847,      -1.616974565,      -1.959286015,      0.7244944737
          0,           0,         475,      -4.672107894,      -1.612974971,      -1.964299641,      0.7247087365
          0,           0,         476,      -4.675387976,      -1.609011096,      -1.969622552,       0.724628295
          0,           0,         477,      -4.677379915,      -1.604144151,      -1.974178245,      0.7269148701
          0,           0,         478,      -4.678579964,      -1.598901696,      -1.978131592,      0.7303683519
          0,           0,         479,      -4.680862802,      -1.593811699,      -1.982097999,       0.732172154
          0,           0,         480,      -4.684024346,      -1.588916446,       -1.98630745,      0.7327390922
          0,           0,         481,      -4.687530018,      -1.584126544,      -1.990712923,      0.7330758577
          0,           0,         482,      -4.690734693,       -1.57917602,      -1.994904013,      0.7342112132
          0,           0,         483,      -4.692718528,      -1.573841126,      -1.998391158,      0.7371436438
          0,           0,         484,      -4.695409157,      -1.568608977,      -2.001600483,      0.7390447052
          0,           0,         485,      -4.698810313,      -1.563575565,      -2.004773783,      0.7398746867
          0,           0,         486,      -4.702506404,      -1.558706205,      -2.007956575,      0.7403753103
          0,           0,         487,      -4.706167236,       -1.55392824,      -2.010997477,      0.7411206694
          0,           0,         488,       -4.70839046,      -1.548822777,      -2.013316646,      0.7438337274
          0,           0,         489,      -4.711204568,      -1.543839547,      -2.015216259,      0.7457187441
          0,           0,         490,       -4.71471364,      -1.539095931,      -2.016950578,       0.746534596
          0,           0,         491,      -4.718529879,      -1.534581216,      -2.018620256,      0.7469111243
          0,           0,         492,      -4.722304878,      -1.530229926,      -2.020132017,      0.7474322407
          0,           0,         493,      -4.724565919,      -1.525641483,      -2.021018714,      0.7498222315
          0,           0,         494,      -4.727462776,      -1.521234444,      -2.021542029,       0.751329427
          0,           0,         495,      -4.731101251,      -1.517123301,      -2.021976083,      0.7517069829
          0,           0,         496,      -4.735030325,      -1.513295143,      -2.022430117,      0.7516103814
          0,           0,         497,      -4.738856092,      -1.509681899,       -2.02282389,       0.751639497
          0,           0,         498,      -4.741050619,      -1.505905414,      -2.022777027,      0.7534604487
          0,           0,         499,      -4.743910033,        -1.5023516,      -2.022507262,      0.7543579075
          0,           0,         500,      -4.747535962,       -1.49912715,      -2.022273026,      0.7541025856
          0,           0,         501,      -4.751414566,      -1.496213272,      -2.022161226,      0.7533819806
          0,           0,         502,      -4.755122776,      -1.493538602,      -2.022087635,      0.7527970016
          0,           0,         503,      -4.757103607,      -1.490748087,      -2.021738852,      0.7539336988
          0,           0,         504,      -4.759800231,      -1.488196116,      -2.021297416,      0.7541170922
          0,           0,         505,      -4.763295899,      -1.485981426,      -2.020992322,       0.753142604
          0,           0,         506,      -4.767009556,      -1.484080904,      -2.020884124,      0.7517225621
          0,           0,         507,      -4.770492507,      -1.482422097,      -2.020886779,      0.7504514764
          0,           0,         508,      -4.772169443,      -1.480672718,      -2.020738319,      0.7508401943
          0,           0,         509,      -4.774610686,      -1.479158771,       -2.02059577,      0.7502623452
          0,           0,         510,      -4.777865628,      -1.477971616,      -2.020650489,      0.7485473475
          0,           0,         511,      -4.781288447,       -1.47708509,       -2.02093299,      0.7464268525
          0,           0,         512,      -4.784416022,      -1.476427103,      -2.021354143,      0.7444817043
          0,           0,         513,      -4.785671758,      -1.475686115,      -2.021685781,      0.7441559894
          0,           0,         514,      -4.787735416,       -1.47516358,      -2.022071394,      0.7428659399
          0,           0,         515,      -4.790617292,      -1.474944339,      -2.022668354,      0.7404781477
          0,           0,         516,       -4.79362013,      -1.475000587,      -2.023482518,      0.7377358857
          0,           0,         517,      -4.796281346,       -1.47526216,      -2.024425973,      0.7351981222
          0,           0,         518,      -4.797033428,      -1.475436072,      -2.025291744,      0.7342559838
          0,           0,         519,      -4.798642626,      -1.475804153,      -2.026225608,      0.7323537647
          0,           0,         520,       -4.80107367,      -1.476446317,      -2.027359765,      0.7293991289
          0,           0,         521,      -4.803589274,      -1.477334431,      -2.028681769,      0.7261436346
          0,           0,         522,      -4.805737775,      -1.478401432,      -2.030107697,        0.72311951
          0,           0,         523,       -4.80596362,      -1.479370569,      -2.031437757,      0.7216831163
          0,           0,         524,      -4.807099112,      -1.480508583,      -2.032832606,      0.7192855705
          0,           0,         525,       -4.80906137,      -1.481891615,      -2.034406378,      0.7158797414
          0,           0,         526,      -4.811085581,        -1.4834918,      -2.036132383,      0.7122251003
          0,           0,         527,      -4.812738764,      -1.485245539,      -2.037931608,      0.7088249784
          0,           0,         528,      -4.812475301,      -1.486889561,      -2.039597206,      0.7070215881
          0,           0,         529,      -4.813175827,      -1.488679428,      -2.041318756,      0.7042488345
          0,           0,         530,      -4.814710533,      -1.490688307,      -2.043200673,      0.7005077885
          0,           0,         531,      -4.816297516,       -1.49288879,      -2.045207022,      0.6965659723
          0,           0,         532,      -4.817525709,      -1.495220812,      -2.047265222,      0.6928965561
          0,           0,         533,      -4.818508394,      -1.497658063,      -2.049363759,      0.6894074222
          0,           0,         534,       -4.81783338,      -1.499984711,      -2.051310781,      0.6872685948
          0,           0,         535,      -4.818238783,      -1.502450331,      -2.053331577,      0.6840428616
          0,           0,         536,      -4.819406792,      -1.505110823,       -2.05549755,      0.6799722351
          0,           0,         537,      -4.820562907,      -1.507930649,      -2.057754591,      0.6758436836
          0,           0,         538,      -4.821402609,      -1.510856297,       -2.06004316,      0.6720047684
          0,           0,         539,      -4.822094275,      -1.513870664,      -2.062370323,      0.6682830063
          0,           0,         540,      -4.822848044,      -1.516985026,      -2.064770374,      0.6644327759
          0,           0,         541,      -4.823685737,      -1.520209215,      -2.067254703,      0.6604178333
          0,           0,         542,      -4.824518932,      -1.523539702,      -2.069809912,      0.6563482951
          0,           0,         543,       -4.82529726,      -1.526967195,      -2.072420712,       0.652306936
          0,           0,         544,      -4.826048589,      -1.530486218,      -2.075081844,      0.6482826608
          0,           0,         545,      -4.825192131,      -1.533883475,      -2.077472088,       0.645754154
          0,           0,         546,      -4.825402901,       -1.53738499,      -2.079901235,      0.6422018048
          0,           0,         547,      -4.826403707,      -1.541041855,      -2.082452379,      0.6378481723
          0,           0,         548,      -4.827502183,      -1.544826265,      -2.085083944,      0.6334001368
          0,           0,         549,      -4.828410614,      -1.548693339,      -2.087751301,      0.6291708787
          0,           0,         550,      -4.829245445,      -1.552627073,      -2.090466143,      0.6250411223
          0,           0,         551,      -4.830163085,      -1.556634628,      -2.093251922,      0.6208432335
          0,           0,         552,      -4.831175685,      -1.560722341,       -2.09610341,      0.6165699163
          0,           0,         553,      -4.832217632,      -1.564886533,      -2.098996659,      0.6123049655
          0,           0,         554,      -4.833257936,      -1.569119166,      -2.101914096,      0.6080934294
          0,           0,         555,       -4.83432352,      -1.573414928,      -2.104851707,      0.6039087397
          0,           0,         556,      -4.835455015,       -1.57777225,      -2.107810858,      0.5997024181
          0,           0,         557,      -4.836668389,      -1.582190358,      -2.110790937,      0.5954536305
          0,           0,         558,      -4.837953956,      -1.586667149,      -2.113788694,      0.5911754694
          0,           0,         559,      -4.838626944,      -1.591112304,       -2.11660146,      0.5876038085
          0,           0,         560,      -4.839748295,      -1.595615097,      -2.119417807,      0.5836144314
          0,           0,         561,      -4.841198931,       -1.60019292,      -2.122277701,      0.5793348378
          0,           0,         562,       -4.84272523,       -1.60483372,      -2.125159748,      0.5750494679
          0,           0,         563,      -4.844227928,       -1.60951967,      -2.128040806,      0.5708695019
          0,           0,         564,      -4.845751093,      -1.614243562,      -2.130921984,      0.5667461105
          0,           0,         565,      -4.847348651,      -1.619005951,       -2.13380965,      0.5626223547
          0,           0,         566,      -4.849023179,      -1.623806931,      -2.136700055,      0.5584987037
          0,           0,         567,      -4.850751441,      -1.628643425,      -2.139583831,       0.554401747
          0,           0,         568,      -4.852521661,      -1.633511286,      -2.142454338,      0.5503435785
          0,           0,         569,      -4.854339741,       -1.63840749,       -2.14530891,       0.546316644
          0,           0,         570,      -4.856214933,      -1.643330297,      -2.148146257,      0.5423099017
          0,           0,         571,      -4.858148951,      -1.648278302,      -2.150965376,      0.5383204955
          0,           0,         572,      -4.860136501,      -1.653249867,      -2.153766066,      0.5343533146
          0,           0,         573,      -4.862170751,      -1.658243244,      -2.156548897,      0.5304154288
          0,           0,         574,      -4.864246636,      -1.663256867,      -2.159314248,       0.526512544
          0,           0,         575,      -4.866361124,      -1.668289394,      -2.162061608,      0.5226483274
          0,           0,         576,      -4.868512749,      -1.673339547,      -2.164789839,      0.5188243334
          0,           0,         577,      -4.870701734,      -1.678405575,      -2.167497887,      0.5150394447
          0,           0,         578,      -4.872929414,      -1.683486647,      -2.170185183,      0.5112905972
          0,           0,         579,      -4.875197571,      -1.688581452,      -2.172851345,      0.5075738568
          0,           0,         580,      -4.877507708,      -1.693688817,      -2.175496016,      0.5038856684
          0,           0,         581,      -4.879860082,      -1.698807687,      -2.178118874,      0.5002241074
          0,           0,         582,      -4.882253407,      -1.703937207,      -2.180719867,      0.4965890517
          0,           0,         583,      -4.884685118,      -1.709076661,       -2.18329951,      0.4929815801
          0,           0,         584,       -4.88715203,      -1.714225433,      -2.185859029,      0.4894030785
          0,           0,         585,      -4.889650977,      -1.719382962,      -2.188400225,      0.4858546439
          0,           0,         586,      -4.892179221,      -1.724548756,      -2.190925252,      0.4823369236
          0,           0,         587,      -4.894734523,      -1.729722336,      -2.193436088,      0.4788502239
          0,           0,         588,      -4.897315194,       -1.73490326,      -2.195934358,      0.4753944694
          0,           0,         589,      -4.899919986,      -1.740091138,      -2.198421305,      0.4719692044
          0,           0,         590,      -4.902548011,      -1.745285627,      -2.200897915,      0.4685735743
          0,           0,         591,      -4.905198745,      -1.750486275,       -2.20336498,      0.4652063161
          0,           0,         592,      -4.907872067,      -1.755693061,      -2.205823568,      0.4618655771
          0,           0,         593,      -4.910567712,      -1.760905771,      -2.208274844,      0.4585496827
          0,           0,         594,      -4.913285712,      -1.766124278,       -2.21072032,      0.4552566061
          0,           0,         595,      -4.916026146,      -1.771348554,      -2.213161895,      0.4519841836
          0,           0,         596,      -4.918788812,      -1.776578651,      -2.215601848,      0.4487304791
          0,           0,         597,      -4.921573121,      -1.781814667,      -2.218042819,      0.4454939767
          0,           0,         598,      -4.924378254,      -1.787056751,      -2.220487726,      0.4422735432
          0,           0,         599,      -4.927203401,      -1.792305103,      -2.222939618,      0.4390682503
          0,           0,         600,       -4.93004798,      -1.797559924,      -2.225401491,      0.4358771588
          0,           0,         601,      -4.932911763,      -1.802821417,      -2.227876179,      0.4326991269
          0,           0,         602,      -4.935794899,      -1.808089781,      -2.230366316,      0.4295327108
          0,           0,         603,      -4.938697855,      -1.813365207,      -2.232874377,      0.4263761585
          0,           0,         604,      -4.941621309,      -1.818647878,      -2.235402754,      0.4232274865
          0,           0,         605,      -4.944566025,      -1.823937971,      -2.237953834,      0.4200846032
          0,           0,         606,      -4.947532734,      -1.829235665,      -2.240530059,      0.4169454602
          0,           0,         607,      -4.950522049,      -1.834541114,      -2.243133952,      0.4138081936
          0,           0,         608,      -4.953534444,      -1.839854408,      -2.245768095,      0.4106711776
          0,           0,         609,      -4.956570305,      -1.845175615,      -2.248435094,      0.4075330043
          0,           0,         610,       -4.95962995,      -1.850504744,      -2.251137504,      0.4043924811
          0,           0,         611,      -4.962713608,      -1.855841735,      -2.253877727,      0.4012486737
          0,           0,         612,      -4.965821587,      -1.861186433,      -2.256658007,      0.3981006806
          0,           0,         613,       -4.96895433,      -1.866538582,      -2.259480411,      0.3949475667
          0,           0,         614,      -4.972112416,      -1.871897816,      -2.262346806,      0.3917883522
          0,           0,         615,      -4.975296528,      -1.877263651,       -2.26525885,      0.3886220398
          0,           0,         616,      -4.978507403,      -1.882635477,      -2.268217989,      0.3854476423
          0,           0,         617,      -4.981745806,      -1.888012551,      -2.271225489,      0.3822641994
          0,           0,         618,      -4.985012498,      -1.893393999,      -2.274282484,      0.3790707994
          0,           0,         619,      -4.988308222,      -1.898778808,      -2.277390006,      0.3758665832
          0,           0,         620,      -4.991633643,      -1.904165815,      -2.280549032,      0.3726508301
          0,           0,         621,      -4.994989316,      -1.909553704,       -2.28376049,      0.3694229935
          0,           0,         622,      -4.998375698,      -1.914941003,      -2.287025253,         0.3661827
          0,           0,         623,       -5.00179316,      -1.920326076,      -2.290344129,      0.3629297326
          0,           0,         624,      -5.005242029,      -1.925707119,      -2.293717842,      0.3596639928
          0,           0,         625,      -5.008722619,       -1.93108215,      -2.297147021,      0.3563854642
          0,           0,         626,      -5.012235261,      -1.936449009,      -2.300632194,      0.3530941723
          0,           0,         627,      -5.015780325,      -1.941805355,       -2.30417378,      0.3497901502
          0,           0,         628,      -5.019358225,      -1.947148664,      -2.307772108,      0.3464734216
          0,           0,         629,       -5.02296941,      -1.952476247,      -2.311427432,      0.3431439988
          0,           0,         630,      -5.026614333,      -1.957785235,      -2.315139956,      0.3398019164
          0,           0,         631,      -5.030293431,       -1.96307259,      -2.318909858,      0.3364472415
          0,           0,         632,      -5.034007109,      -1.968335105,      -2.322737297,      0.3330800944
          0,           0,         633,      -5.037755731,       -1.97356941,       -2.32662243,      0.3297006581
          0,           0,         634,      -5.041539607,       -1.97877197,      -2.330565403,       0.326309197
          0,           0,         635,      -5.045358971,      -1.983938953,      -2.334566348,      0.3229060863
          0,           0,         636,       -5.04921413,      -1.989066657,       -2.33862539,      0.3194916239
          0,           0,         637,      -5.053105328,      -1.994151128,      -2.342742618,       0.316066205
          0,           0,         638,      -5.057032755,      -1.999188269,       -2.34691808,      0.3126303056
          0,           0,         639,      -5.060996595,      -2.004173863,      -2.351151786,      0.3091844128
          0,           0,         640,      -5.064997033,      -2.009103587,      -2.355443701,       0.305729015
          0,           0,         641,      -5.069034217,      -2.013973028,      -2.359793757,      0.3022646439
          0,           0,         642,       -5.07310826,        -2.0187777,      -2.364201845,      0.2987918643
          0,           0,         643,      -5.077219218,       -2.02351306,      -2.368667824,      0.2953112992
          0,           0,         644,      -5.081367088,      -2.028174534,      -2.373191522,      0.2918236322
          0,           0,         645,      -5.085551815,       -2.03275753,      -2.377772725,      0.2883295958
          0,           0,         646,      -5.089773282,      -2.037257465,      -2.382411166,      0.2848299777
          0,           0,         647,      -5.094031316,      -2.041669782,      -2.387106512,      0.2813256211
          0,           0,         648,      -5.098325693,      -2.045989981,      -2.391858349,       0.277817414
          0,           0,         649,      -5.102656133,      -2.050213639,      -2.396666172,      0.2743062896
          0,           0,         650,      -5.107022318,      -2.054336435,      -2.401529369,      0.2707932056
          0,           0,         651,      -5.111423892,      -2.058354179,      -2.406447212,      0.2672791309
          0,           0,         652,      -5.115860453,       -2.06226284,      -2.411418856,      0.2637650526
          0,           0,         653,      -5.120330459,      -2.066058597,      -2.416443102,      0.2602531458
          0,           0,         654,      -5.124834657,      -2.069737854,      -2.421519128,      0.2567428964
          0,           0,         655,      -5.129371959,      -2.073297217,      -2.426645754,      0.2532358257
          0,           0,         656,      -5.133941571,      -2.076733559,      -2.431821676,      0.2497331993
          0,           0,         657,      -5.138542799,      -2.080044055,      -2.437045484,      0.2462361655
          0,           0,         658,      -5.143174933,       -2.08322622,      -2.442315656,      0.2427457908
          0,           0,         659,       -5.14783717,      -2.086277939,      -2.447630554,      0.2392631227
          0,           0,         660,      -5.152528595,      -2.089197444,      -2.452988424,      0.2357892254
          0,           0,         661,      -5.157248179,      -2.091983355,      -2.458387387,      0.2323252151
          0,           0,         662,      -5.161994837,      -2.094634688,       -2.46382545,      0.2288722074
          0,           0,         663,       -5.16676746,      -2.097150863,      -2.469300518,      0.2254312729
          0,           0,         664,      -5.171564893,      -2.099531776,      -2.474810354,      0.2220033793
          0,           0,         665,      -5.176385893,      -2.101777735,      -2.480352615,      0.2185895021
          0,           0,         666,      -5.181229151,      -2.103889363,      -2.485924901,      0.2151906917
          0,           0,         667,      -5.186093269,      -2.105867684,      -2.491524723,      0.2118080044
          0,           0,         668,      -5.190976769,      -2.107714153,      -2.497149511,      0.2084424348
          0,           0,         669,      -5.195878155,       -2.10943065,      -2.502796592,      0.2050948315
          0,           0,         670,      -5.200795871,      -2.111019449,       -2.50846317,      0.2017659828
          0,           0,         671,      -5.205728241,      -2.112483175,      -2.514146311,      0.1984567162
          0,           0,         672,      -5.210673476,      -2.113824799,      -2.519842965,      0.1951678986
          0,           0,         673,       -5.21562976,      -2.115047618,      -2.525549988,      0.1919003275
          0,           0,         674,      -5.220595273,      -2.116155222,      -2.531264165,      0.1886546874
          0,           0,         675,      -5.225568145,      -2.117151482,      -2.536982194,      0.1854315925
          0,           0,         676,      -5.230546396,      -2.118040507,      -2.542700669,       0.182231644
          0,           0,         677,      -5.235527932,       -2.11882662,      -2.548416061,      0.1790554351
          0,           0,         678,      -5.240510553,      -2.119514331,      -2.554124724,      0.1759035511
          0,           0,         679,      -5.245491993,      -2.120108313,      -2.559822894,      0.1727765368
          0,           0,         680,      -5.250469956,      -2.120613379,      -2.565506722,      0.1696748654
          0,           0,         681,      -5.255442034,      -2.121034437,      -2.571172204,      0.1665989926
          0,           0,         682,      -5.260405743,       -2.12137648,      -2.576815227,      0.1635493231
          0,           0,         683,      -5.265358548,      -2.121644556,      -2.582431609,      0.1605262014
          0,           0,         684,      -5.270297827,      -2.121843742,      -2.588017067,      0.1575299616
          0,           0,         685,      -5.275220869,      -2.121979119,      -2.593567201,      0.1545609288
          0,           0,         686,      -5.280124882,      -2.122055753,      -2.599077481,      0.1516194009
          0,           0,         687,      -5.285007006,       -2.12207868,      -2.604543262,      0.1487056346
          0,           0,         688,      -5.289864351,      -2.122052878,      -2.609959812,      0.1458198167
          0,           0,         689,      -5.294693991,      -2.121983267,      -2.615322312,      0.1429620801
          0,           0,         690,      -5.299492951,      -2.121874686,      -2.620625881,      0.1401325204
          0,           0,         691,      -5.304258212,      -2.121731882,      -2.625865584,      0.1373311951
          0,           0,         692,      -5.308986714,      -2.121559498,      -2.631036447,      0.1345581202
          0,           0,         693,      -5.313675369,      -2.121362065,      -2.636133485,      0.1318132715
          0,           0,         694,      -5.318321061,      -2.121143994,      -2.641151723,      0.1290965879
          0,           0,         695,      -5.322920671,      -2.120909567,      -2.646086207,      0.1264079663
          0,           0,         696,      -5.327471087,      -2.120662938,      -2.650932046,      0.1237472558
          0,           0,         697,      -5.331969218,      -2.120408121,      -2.655684431,       0.121114257
          0,           0,         698,         -5.336412,      -2.120148988,       -2.66033866,      0.1185087228
          0,           0,         699,      -5.340796392,      -2.119889277,      -2.664890175,      0.1159303768
          0,           0,         700,       -5.34511942,      -2.119632579,      -2.669334582,        0.11337888
          0,           0,         701,      -5.349378181,      -2.119382346,      -2.673667683,      0.1108538413
          0,           0,         702,       -5.35356985,      -2.119141883,      -2.677885505,      0.1083548252
          0,           0,         703,      -5.357691671,      -2.118914358,      -2.681984331,       0.105881367
          0,           0,         704,      -5.361740972,      -2.118702793,       -2.68596072,      0.1034329754
          0,           0,         705,      -5.365715188,      -2.118510072,      -2.689811532,      0.1010091254
          0,           0,         706,      -5.369611879,       -2.11833894,      -2.693533949,     0.09860925465
          0,           0,         707,      -5.373428736,      -2.118192006,      -2.697125496,     0.09623277062
          0,           0,         708,      -5.377163553,       -2.11807174,      -2.700584053,     0.09387908322
          0,           0,         709,      -5.380814296,      -2.117980502,      -2.703907889,     0.09154755986
          0,           0,         710,      -5.384379107,      -2.117920493,       -2.70709565,     0.08923753788
          0,           0,         711,      -5.387856295,      -2.117893812,      -2.710146376,     0.08694833173
          0,           0,         712,       -5.39124431,      -2.117902428,      -2.713059496,     0.08467927135
          0,           0,         713,      -5.394541772,      -2.117948187,      -2.715834834,     0.08242968461
          0,           0,         714,      -5.397747486,      -2.118032819,      -2.718472609,     0.08019889611
          0,           0,         715,      -5.400860441,      -2.118157941,      -2.720973425,     0.07798623224
          0,           0,         716,      -5.403879819,      -2.118325058,      -2.723338266,     0.07579102211
          0,           0,         717,      -5.406805003,      -2.118535568,      -2.725568481,     0.07361259176
          0,           0,         718,      -5.409635584,      -2.118790767,      -2.727665772,     0.07145026306
          0,           0,         719,      -5.412371366,      -2.119091856,      -2.729632175,     0.06930335567
          0,           0,         720,      -5.415012361,      -2.119439941,      -2.731470038,     0.06717118942
          0,           0,         721,      -5.417558789,      -2.119836041,      -2.733182007,     0.06505308871
          0,           0,         722,      -5.420011092,      -2.120281089,         -2.734771,     0.06294836742
          0,           0,         723,      -5.422369952,      -2.120775961,      -2.736240193,     0.06085631719
          0,           0,         724,      -5.424636263,      -2.121321459,      -2.737592986,     0.05877622661
          0,           0,         725,      -5.426811126,      -2.121918321,      -2.738832984,     0.05670738113
          0,           0,         726,      -5.428895831,      -2.122567227,      -2.739963975,     0.05464907653
          0,           0,         727,      -5.430891883,      -2.123268822,      -2.740989901,     0.05260058907
          0,           0,         728,      -5.432800987,      -2.124023694,      -2.741914857,     0.05056118844
          0,           0,         729,      -5.434625007,      -2.124832388,       -2.74274306,      0.0485301546
          0,           0,         730,      -5.436365971,      -2.125695411,      -2.743478835,     0.04650677078
          0,           0,         731,      -5.438026055,      -2.126613232,      -2.744126591,     0.04449032518
          0,           0,         732,      -5.439607569,      -2.127586282,      -2.744690811,     0.04248011466
          0,           0,         733,      -5.441112944,      -2.128614961,      -2.745176033,     0.04047544464
          0,           0,         734,      -5.442544725,      -2.129699639,      -2.745586837,     0.03847562396
          0,           0,         735,       -5.44390556,      -2.130840656,       -2.74592783,      0.0364799619
          0,           0,         736,       -5.44519818,      -2.132038324,      -2.746203637,     0.03448777581
          0,           0,         737,      -5.446425388,      -2.133292927,      -2.746418884,     0.03249838926
          0,           0,         738,      -5.447590104,      -2.134604738,      -2.746578184,     0.03051109033
          0,           0,         739,       -5.44869531,      -2.135974007,      -2.746686127,     0.02852516557
          0,           0,         740,      -5.453338077,      -2.137900502,      -2.747304871,     0.02310946973
          0,           0,         741,      -5.458902596,      -2.140338542,      -2.748479895,     0.01673070877
          0,           0,         742,      -5.463751579,      -2.143131395,      -2.749973217,     0.01105043635
          0,           0,         743,      -5.467915985,      -2.146176174,      -2.751686861,    0.006053263712
          0,           0,         744,      -5.471995868,      -2.149456524,      -2.753681759,    0.001085747383
          0,           0,         745,      -5.476259879,      -2.152985783,      -2.755995057,     -0.0041740371
          0,           0,         746,      -5.479560403,      -2.156585681,      -2.758410916,   -0.008564301739
          0,           0,         747,      -5.481045983,      -2.160026523,      -2.760647261,    -0.01116567597
          0,           0,         748,      -5.482232721,      -2.163385475,      -2.762749717,    -0.01349980158
          0,           0,         749,      -5.484032352,      -2.166771098,       -2.76482872,    -0.01653859226
          0,           0,         750,       -5.48639193,      -2.170239441,      -2.766913429,    -0.02022775107
          0,           0,         751,      -5.488939979,      -2.173794028,      -2.768975064,    -0.02413905286
          0,           0,         752,       -5.49152423,       -2.17742611,      -2.771015984,    -0.02807937814
          0,           0,         753,      -5.494212304,       -2.18113732,       -2.77309047,    -0.03212338017
          0,           0,         754,      -5.497070358,      -2.184934968,      -2.775258354,    -0.03636189274
          0,           0,         755,      -5.500064581,      -2.188820744,      -2.777545832,    -0.04076287385
          0,           0,         756,      -5.503119897,      -2.192788043,      -2.779946399,    -0.04522361309
          0,           0,         757,      -5.506196661,      -2.196826652,      -2.782441713,    -0.04967214611
          0,           0,         758,      -5.509300109,      -2.200926995,      -2.785016409,    -0.05410140367
          0,           0,         759,      -5.512445305,      -2.205080351,       -2.78766052,    -0.05853649802
          0,           0,         760,      -5.515630851,      -2.209277062,      -2.790365584,    -0.06299298699
          0,           0,         761,      -5.518839518,      -2.213505743,       -2.79311994,    -0.06746331778
          0,           0,         762,      -5.522049462,      -2.217754135,      -2.795905374,    -0.07192642953
          0,           0,         763,      -5.525237913,      -2.222010277,      -2.798696255,     -0.0763581975
          0,           0,         764,       -5.52837699,      -2.226262914,      -2.801461494,    -0.08073204557
          0,           0,         765,      -5.531431511,      -2.230501254,      -2.804168004,      -0.085015282
          0,           0,         766,      -5.534363768,      -2.234714743,      -2.806783627,    -0.08916978763
          0,           0,         767,      -5.537141477,      -2.238893189,      -2.809278467,    -0.09315862099
          0,           0,         768,      -5.539743138,      -2.243027052,      -2.811625065,    -0.09695392073
          0,           0,         769,      -5.542158523,       -2.24710767,      -2.813798327,     -0.1005410568
          0,           0,         770,      -5.544385908,      -2.251127336,      -2.815775662,     -0.1039175881
          0,           0,         771,       -5.54642834,       -2.25507935,       -2.81753725,     -0.1070887488
          0,           0,         772,      -5.548290323,      -2.258958053,      -2.819066241,      -0.110062211
          0,           0,         773,      -5.549975567,      -2.262758867,      -2.820348858,     -0.1128443461
          0,           0,         774,      -5.551486262,      -2.266478304,      -2.821374491,     -0.1154389183
          0,           0,         775,      -5.552824043,      -2.270113935,       -2.82213581,     -0.1178480342
          0,           0,         776,      -5.553992102,      -2.273664373,      -2.822628949,      -0.120074404
          0,           0,         777,      -5.554997233,      -2.277129244,      -2.822853869,     -0.1221236481
          0,           0,         778,      -5.555850447,      -2.280509212,      -2.822814923,     -0.1240054567
          0,           0,         779,      -5.556565579,      -2.283805997,      -2.822521559,     -0.1257330113
          0,           0,         780,      -5.557156427,      -2.287022356,      -2.821988821,     -0.1273208838
          0,           0,         781,      -5.557633652,      -2.290162033,      -2.821237235,     -0.1287822726
          0,           0,         782,      -5.558002929,      -2.293229622,      -2.820291848,     -0.1301268586
          0,           0,         783,       -5.55826515,      -2.296230395,      -2.819180489,     -0.1313602046
          0,           0,         784,      -5.558418609,       -2.29917009,      -2.817931627,     -0.1324849599
          0,           0,         785,      -5.566823444,      -2.303802613,      -2.819387565,     -0.1430072449
          0,           0,         786,      -5.570323277,      -2.308171552,      -2.820888119,      -0.147886801
          0,           0,         787,      -5.570239123,      -2.312086345,      -2.821625315,     -0.1484020694
          0,           0,         788,      -5.577579811,      -2.317419832,      -2.824259314,     -0.1574625822
          0,           0,         789,       -5.58877705,      -2.324111122,      -2.829077463,     -0.1712274768
          0,           0,         790,      -5.592890934,      -2.330172231,      -2.833297392,     -0.1766123084
          0,           0,         791,      -5.592738223,       -2.33550358,      -2.836281698,     -0.1766699399
          0,           0,         792,      -5.592544292,      -2.340396572,      -2.838282362,     -0.1766105666
          0,           0,         793,      -5.601228845,      -2.346771474,      -2.841999512,     -0.1873944333
          0,           0,         794,      -5.613476598,      -2.354457801,      -2.847590793,     -0.2028836101
          0,           0,         795,      -5.618463335,      -2.361492261,      -2.852546112,     -0.2095225294
          0,           0,         796,      -5.618735411,      -2.367752386,      -2.856260914,     -0.2099601003
          0,           0,         797,      -5.618864499,      -2.373539543,      -2.858954812,     -0.2099538211
          0,           0,         798,       -5.62122218,      -2.379208747,      -2.861166027,      -0.212785211
          0,           0,         799,      -5.625081675,      -2.384899877,      -2.863283395,     -0.2178131715
          0,           0,         800,      -5.628764492,      -2.390560161,       -2.86536371,     -0.2229424918
          0,           0,         801,      -5.631523314,       -2.39611268,      -2.867300763,     -0.2270217795
          0,           0,         802,      -5.633770278,       -2.40156327,      -2.869038058,     -0.2303646326
          0,           0,         803,      -5.636227852,      -2.406983348,      -2.870618597,     -0.2338398994
          0,           0,         804,      -5.639175028,      -2.412437859,      -2.872126642,     -0.2378925559
          0,           0,         805,      -5.639295502,      -2.417235796,      -2.872755568,     -0.2384614526
          0,           0,         806,      -5.641026477,      -2.422152714,      -2.873372863,     -0.2411705952
          0,           0,         807,      -5.643987486,      -2.427242679,       -2.87423249,     -0.2455828266
          0,           0,         808,      -5.647208055,       -2.43245426,      -2.875395302,     -0.2504010223
          0,           0,         809,      -5.650084209,      -2.437709059,       -2.87677052,      -0.254745653
          0,           0,         810,      -5.649495373,      -2.442243223,      -2.877319419,     -0.2545902582
          0,           0,         811,       -5.65052587,       -2.44687899,      -2.877885201,     -0.2564639596
          0,           0,         812,      -5.653051756,      -2.451709576,      -2.878710157,     -0.2603470138
          0,           0,         813,      -5.655967029,      -2.456680224,       -2.87984317,     -0.2648411671
          0,           0,         814,      -5.658462982,      -2.461680329,      -2.881170786,     -0.2688125503
          0,           0,         815,       -5.66049174,      -2.466645035,      -2.882574744,     -0.2721024026
          0,           0,         816,      -5.659246212,       -2.47081121,      -2.882989399,     -0.2710688848
          0,           0,         817,       -5.65973153,      -2.475045317,      -2.883392132,     -0.2722845527
          0,           0,         818,      -5.661579388,        -2.4794267,      -2.884038403,      -0.275388153
          0,           0,         819,      -5.663605219,      -2.483882393,      -2.884933612,     -0.2788278503
          0,           0,         820,      -5.665100927,      -2.488303134,      -2.885914759,      -0.281582457
          0,           0,         821,      -5.666134863,      -2.492641007,      -2.886840559,     -0.2836675312
          0,           0,         822,      -5.667071418,      -2.496907887,      -2.887665507,      -0.285565862
          0,           0,         823,      -5.668071254,      -2.501121402,      -2.888399281,     -0.2875408256
          0,           0,         824,      -5.665830682,      -2.504454305,      -2.887899282,     -0.2852915191
          0,           0,         825,      -5.664956942,      -2.507788159,      -2.887259678,     -0.2849509542
          0,           0,         826,      -5.665110849,      -2.511192822,      -2.886737158,     -0.2860902499
          0,           0,         827,      -5.665369151,      -2.514613671,      -2.886344973,     -0.2874300953
          0,           0,         828,      -5.665197705,      -2.517970073,       -2.88594121,     -0.2881902039
          0,           0,         829,      -5.664646738,      -2.521232691,      -2.885410352,     -0.2884102288
          0,           0,         830,       -5.66397098,      -2.524415886,      -2.884730477,     -0.2884489545
          0,           0,         831,      -5.663279023,      -2.527532633,       -2.88393108,     -0.2884796809
          0,           0,         832,      -5.665936491,        -2.5318222,      -2.884592522,     -0.2930461504
          0,           0,         833,       -5.66998965,      -2.537043046,      -2.886541479,      -0.299494452
          0,           0,         834,      -5.677197535,      -2.543470253,      -2.890317536,     -0.3101177378
          0,           0,         835,      -5.683832117,      -2.550218822,      -2.894781789,       -0.31968569
          0,           0,         836,      -5.688307476,      -2.556679595,      -2.898985361,     -0.3258667966
          0,           0,         837,      -5.690524514,       -2.56260684,      -2.902313064,     -0.3286156993
          0,           0,         838,      -5.691406456,      -2.567936181,      -2.904589648,     -0.3294563138
          0,           0,         839,      -5.692177852,      -2.572841801,      -2.906128944,     -0.3302955016
          0,           0,         840,      -5.693157674,       -2.57744704,      -2.907219796,     -0.3316469669
          0,           0,         841,      -5.694152242,      -2.581802263,      -2.907990517,     -0.3331910755
          0,           0,         842,      -5.694947243,      -2.585933709,      -2.908447783,     -0.3345421998
          0,           0,         843,      -5.695557776,      -2.589885973,        -2.9085822,     -0.3356707475
          0,           0,         844,      -5.696160413,      -2.593721868,       -2.90842934,     -0.3368155076
          0,           0,         845,      -5.696912052,      -2.597496961,      -2.908061358,     -0.3381916582
          0,           0,         846,      -5.697856848,      -2.601240789,      -2.907551075,     -0.3398324959
          0,           0,         847,      -5.698956102,      -2.604958941,      -2.906951979,     -0.3416413791
          0,           0,         848,      -5.700158376,      -2.608647565,       -2.90630379,      -0.343522055
          0,           0,         849,      -5.701434229,      -2.612305826,      -2.905646331,     -0.3454486873
          0,           0,         850,      -5.702764455,       -2.61593918,      -2.905024207,     -0.3474425093
          0,           0,         851,      -5.704114772,      -2.619555974,      -2.904480002,     -0.3495101506
          0,           0,         852,      -5.705429508,      -2.623163352,      -2.904044439,      -0.351610653
          0,           0,         853,      -5.706648169,      -2.626766025,        -2.9037318,     -0.3536702804
          0,           0,         854,      -5.707726359,       -2.63036738,      -2.903542751,     -0.3556176922
          0,           0,         855,       -5.70864486,      -2.633970519,      -2.903471169,     -0.3574070421
          0,           0,         856,      -5.709405819,      -2.637577751,       -2.90351027,     -0.3590197405
          0,           0,         857,      -5.710024571,      -2.641189007,      -2.903655584,     -0.3604554637
          0,           0,         858,      -5.710525032,      -2.644800735,      -2.903905047,     -0.3617261535
          0,           0,         859,      -5.710940503,      -2.648406356,      -2.904257607,     -0.3628580515
          0,           0,         860,      -5.711316111,      -2.651998146,       -2.90471149,     -0.3638967473
          0,           0,         861,      -5.711707616,      -2.655569527,      -2.905262698,     -0.3649068423
          0,           0,         862,      -5.712174171,      -2.659116691,      -2.905904124,     -0.3659623148
          0,           0,         863,      -5.712767045,      -2.662638988,      -2.906625766,     -0.3671308845
          0,           0,         864,      -5.713519008,      -2.666138174,      -2.907416308,     -0.3684596562
          0,           0,         865,      -5.714438552,      -2.669617013,      -2.908265695,     -0.3699678803
          0,           0,         866,      -5.715510336,      -2.673077859,      -2.909167722,      -0.371647866
          0,           0,         867,      -5.716700248,      -2.676521707,      -2.910121488,     -0.3734708294
          0,           0,         868,      -5.717962422,      -2.679947967,      -2.911131039,     -0.3753935557
          0,           0,         869,       -5.71924636,      -2.683354872,      -2.912203243,     -0.3773639735
          0,           0,         870,      -5.720503811,      -2.686740194,        -2.9133446,     -0.3793265748
          0,           0,         871,      -5.721695644,      -2.690101902,      -2.914558048,     -0.3812294356
          0,           0,         872,      -5.720730508,      -2.692696529,      -2.915054431,     -0.3799140492
          0,           0,         873,      -5.720529747,      -2.695346768,      -2.915641559,      -0.379818476
          0,           0,         874,      -5.721055449,      -2.698129299,      -2.916417095,     -0.3808687726
          0,           0,         875,       -5.72076808,      -2.700755496,      -2.917037484,     -0.3807062593
          0,           0,         876,      -5.720977134,      -2.703434583,        -2.9178023,      -0.381323612
          0,           0,         877,      -5.721563881,      -2.706168456,      -2.918713454,     -0.3824924232
          0,           0,         878,      -5.722385114,       -2.70894606,      -2.919755458,     -0.3839496023
          0,           0,         879,      -5.723343898,      -2.711749339,      -2.920906392,     -0.3855287355
          0,           0,         880,      -5.723398465,      -2.714058223,      -2.921671973,      -0.385681418
          0,           0,         881,      -5.722712385,      -2.716155213,       -2.92219007,     -0.3846547546
          0,           0,         882,      -5.722849276,      -2.718352464,       -2.92289779,     -0.3849252459
          0,           0,         883,      -5.723521588,       -2.72067684,      -2.923879666,     -0.3860954113
          0,           0,         884,      -5.724256811,      -2.723088438,      -2.925126643,     -0.3874616427
          0,           0,         885,       -5.72477692,      -2.725540229,      -2.926576563,     -0.3885818321
          0,           0,         886,      -5.722923664,      -2.727206363,       -2.92726772,     -0.3861604636
          0,           0,         887,      -5.721813576,      -2.728983761,      -2.928108418,     -0.3848817459
          0,           0,         888,      -5.721487266,       -2.73095012,      -2.929187871,     -0.3847559793
          0,           0,         889,      -5.721565266,       -2.73306576,      -2.930503541,     -0.3851882411
          0,           0,         890,      -5.721733217,       -2.73524344,      -2.931981527,     -0.3856872981
          0,           0,         891,      -5.721954687,      -2.737422679,      -2.933547797,     -0.3861640975
          0,           0,         892,      -5.722370035,      -2.739587511,      -2.935165436,     -0.3867884456
          0,           0,         893,      -5.721983302,      -2.741442274,      -2.936409885,     -0.3860077204
          0,           0,         894,      -5.722408651,      -2.743306886,      -2.937714922,     -0.3863461634
          0,           0,         895,      -5.723526796,      -2.745226134,      -2.939153965,     -0.3876465986
          0,           0,         896,      -5.724049113,      -2.746652045,       -2.94020125,     -0.3880272134
          0,           0,         897,       -5.72494682,      -2.748171658,      -2.941432906,     -0.3889336925
          0,           0,         898,      -5.724974599,      -2.749481381,      -2.942437808,     -0.3884960127
          0,           0,         899,      -5.725599535,      -2.750891825,      -2.943676353,     -0.3890388301
          0,           0,         900,      -5.726638105,      -2.752424869,      -2.945206084,     -0.3902721789
          0,           0,         901,      -5.726824508,      -2.753500663,      -2.946449186,     -0.3902836599
          0,           0,         902,      -5.727277514,      -2.754718889,      -2.947992316,     -0.3906531676
          0,           0,         903,      -5.726849065,      -2.755747595,      -2.949385936,     -0.3895949824
          0,           0,         904,      -5.727102765,      -2.756889079,      -2.951089157,     -0.3895466215
          0,           0,         905,      -5.727910026,      -2.758145882,      -2.953139661,     -0.3902898011
          0,           0,         906,      -5.728034223,      -2.758903273,      -2.954913809,     -0.3899537229
          0,           0,         907,      -5.728622689,      -2.759783685,      -2.957013976,     -0.3901794229
          0,           0,         908,      -5.728508596,      -2.760440033,      -2.958966326,     -0.3891764035
          0,           0,         909,      -5.729197534,      -2.761191804,      -2.961245889,     -0.3893218756
          0,           0,         910,      -5.730503887,      -2.762043303,      -2.963896491,     -0.3903387328
          0,           0,         911,      -5.731132978,      -2.762349946,      -2.966273215,      -0.390267243
          0,           0,         912,      -5.732197581,      -2.762764113,      -2.969014258,     -0.3907189836
          0,           0,         913,       -5.73252164,      -2.762915778,      -2.971632336,     -0.3898781723
          0,           0,         914,      -5.733612093,      -2.763135547,      -2.974609883,     -0.3901035706
          0,           0,         915,      -5.735316484,      -2.763422923,      -2.977982169,     -0.3911521967
          0,           0,         916,      -5.736356289,      -2.763090236,      -2.981061999,      -0.391046142
          0,           0,         917,      -5.737886202,      -2.762823364,      -2.984505989,     -0.3914947947
          0,           0,         918,      -5.738741399,      -2.762228121,        -2.9878138,     -0.3907038973
          0,           0,         919,      -5.740410319,      -2.761650194,      -2.991479013,     -0.3910071152
          0,           0,         920,      -5.742719078,      -2.761090984,      -2.995545682,     -0.3921457323
          0,           0,         921,      -5.744316661,      -2.759818671,      -2.999299001,     -0.3920105409
          0,           0,         922,       -5.74634423,      -2.758572537,      -3.003424694,     -0.3923733641
          0,           0,         923,      -5.747601622,      -2.756945868,      -3.007424286,     -0.3914055786
          0,           0,         924,      -5.749566008,      -2.755308277,      -3.011790424,     -0.3914008563
          0,           0,         925,      -5.752079442,       -2.75366689,      -3.016562398,     -0.3921050931
          0,           0,         926,      -5.753755251,       -2.75123901,      -3.020971084,     -0.3912878335
          0,           0,         927,      -5.755835548,      -2.748819719,      -3.025700148,      -0.390933415
          0,           0,         928,       -5.75715437,       -2.74599071,      -3.030246017,     -0.3892676505
          0,           0,         929,      -5.759227595,      -2.743138028,        -3.0350798,     -0.3885846323
          0,           0,         930,      -5.761923344,      -2.740272607,      -3.040234987,     -0.3886500959
          0,           0,         931,      -5.763775402,      -2.736563094,      -3.044883469,     -0.3870745517
          0,           0,         932,      -5.766110399,      -2.732867596,      -3.049710941,     -0.3860761595
          0,           0,         933,      -5.767732227,      -2.728774116,      -3.054244587,     -0.3838924172
          0,           0,         934,      -5.770141966,      -2.724686694,      -3.058945749,     -0.3827356757
          0,           0,         935,      -5.773187091,      -2.720625383,      -3.063863167,     -0.3823339296
          0,           0,         936,      -5.775255978,      -2.715722314,      -3.068119787,     -0.3800824689
          0,           0,         937,      -5.777801341,      -2.710891943,      -3.072409006,     -0.3784786944
          0,           0,         938,      -5.779591845,       -2.70573806,      -3.076326906,     -0.3757826958
          0,           0,         939,      -5.782146634,      -2.700667921,      -3.080320522,      -0.374125245
          0,           0,         940,      -5.785305297,      -2.695703863,      -3.084453593,     -0.3732027267
          0,           0,         941,      -5.787286773,      -2.689953297,      -3.087800288,     -0.3702127573
          0,           0,         942,      -5.789755638,      -2.684366029,      -3.091039152,     -0.3679876051
          0,           0,         943,      -5.791454292,      -2.678567851,      -3.093857796,     -0.3648311875
          0,           0,         944,      -5.793941362,      -2.672952315,      -3.096666388,      -0.362768727
          0,           0,         945,      -5.797048158,      -2.667537051,      -3.099531877,     -0.3614536932
          0,           0,         946,      -5.798800224,      -2.661420235,      -3.101491998,     -0.3579188874
          0,           0,         947,      -5.801138701,      -2.655561861,      -3.103200127,     -0.3553300796
          0,           0,         948,      -5.802766864,      -2.649613621,      -3.104474483,     -0.3520415325
          0,           0,         949,      -5.805263185,      -2.643941784,      -3.105699458,     -0.3499349616
          0,           0,         950,      -5.808416037,      -2.638555013,      -3.106962293,     -0.3486043184
          0,           0,         951,      -5.811444498,      -2.633235219,      -3.108005485,      -0.346935085
          0,           0,         952,      -5.814608601,      -2.628142202,      -3.108852248,      -0.345410201
          0,           0,         953,      -5.816533935,      -2.622903454,      -3.109171127,     -0.3424610244
          0,           0,         954,      -5.819165763,      -2.617916982,      -3.109259238,     -0.3405373443
          0,           0,         955,      -5.822497272,      -2.613257634,      -3.109343312,     -0.3396404912
          0,           0,         956,      -5.826083345,      -2.608895923,      -3.109463672,     -0.3391034225
          0,           0,         957,      -5.829583293,      -2.604768342,      -3.109510857,     -0.3384362457
          0,           0,         958,       -5.83154906,      -2.600499157,      -3.109116147,     -0.3360631392
          0,           0,         959,      -5.834184295,      -2.596477471,      -3.108496465,     -0.3346490874
          0,           0,         960,      -5.837588528,      -2.592804999,        -3.1079174,     -0.3343986493
          0,           0,         961,      -5.841273313,      -2.589460416,      -3.107467664,      -0.334627373
          0,           0,         962,      -5.844831476,      -2.586372644,      -3.107060773,     -0.3347455519
          0,           0,         963,       -5.84675165,      -2.583183947,        -3.1063825,     -0.3331926778
          0,           0,         964,      -5.849384083,      -2.580253426,      -3.105605745,     -0.3326022826
          0,           0,         965,      -5.852825191,      -2.577680736,      -3.104969016,     -0.3331956305
          0,           0,         966,      -5.856519823,       -2.57544374,      -3.104544834,     -0.3342760994
          0,           0,         967,      -5.860020567,      -2.573470001,      -3.104249603,     -0.3352417736
          0,           0,         968,      -5.861781481,      -2.571424081,      -3.103816415,     -0.3345897345
          0,           0,         969,      -5.864285597,      -2.569635167,      -3.103390671,     -0.3348983948
          0,           0,         970,      -5.867606779,      -2.568195825,      -3.103170409,     -0.3363666779
          0,           0,         971,      -5.871129863,      -2.567081285,      -3.103199435,     -0.3382865101
          0,           0,         972,      -5.874389849,      -2.566219331,       -3.10339299,     -0.3400680044
          0,           0,         973,      -5.875834208,      -2.565296334,      -3.103519706,     -0.3402757364
          0,           0,         974,      -5.878060647,      -2.564615407,       -3.10371309,     -0.3414376364
          0,           0,         975,       -5.88110949,      -2.564262388,      -3.104135643,     -0.3437197812
          0,           0,         976,      -5.884314396,      -2.564210837,      -3.104807276,     -0.3464055048
          0,           0,         977,      -5.887206846,      -2.564390427,      -3.105645903,     -0.3489261298
          0,           0,         978,      -5.888243547,      -2.564507851,      -3.106445612,     -0.3499071844
          0,           0,         979,       -5.89010686,      -2.564844903,      -3.107340896,     -0.3518368707
          0,           0,         980,      -5.892793115,      -2.565481875,      -3.108465164,     -0.3548420861
          0,           0,         981,      -5.895594104,      -2.566391579,      -3.109817973,     -0.3581983017
          0,           0,         982,      -5.898048951,      -2.567506477,      -3.111320033,     -0.3613615881
          0,           0,         983,      -5.898635101,      -2.568551086,      -3.112777564,     -0.3630049849
          0,           0,         984,       -5.90009158,      -2.569789937,      -3.114335912,     -0.3655917107
          0,           0,         985,      -5.902368646,      -2.571298533,      -3.116106314,     -0.3692048861
          0,           0,         986,      -5.904730981,      -2.573049419,      -3.118072413,      -0.373112935
          0,           0,         987,      -5.906735981,      -2.574978266,      -3.120159247,     -0.3767996981
          0,           0,         988,      -5.906885585,      -2.576824681,      -3.122173885,      -0.378969056
          0,           0,         989,      -5.907949713,      -2.578839653,      -3.124283999,     -0.3820790049
          0,           0,         990,      -5.909832627,      -2.581094612,      -3.126586839,      -0.386166326
          0,           0,         991,      -5.911784387,      -2.583562121,      -3.129054668,     -0.3904939717
          0,           0,         992,      -5.913386215,      -2.586181179,      -3.131617222,     -0.3945764514
          0,           0,         993,      -5.913160802,      -2.588703599,      -3.134068561,     -0.3971290214
          0,           0,         994,      -5.913890726,      -2.591370134,      -3.136606257,     -0.4006272851
          0,           0,         995,      -5.915438441,       -2.59424874,      -3.139317279,     -0.4050589974
          0,           0,         996,       -5.91705036,      -2.597312089,      -3.142163102,     -0.4096813749
          0,           0,         997,      -5.918333882,      -2.600502416,      -3.145076218,     -0.4140399709
          0,           0,         998,      -5.917823381,      -2.603580861,      -3.147823234,     -0.4168379718
          0,           0,         999,      -5.918304784,      -2.606781009,      -3.150641149,     -0.4205939443
          0,           0,        1000,      -5.919604514,      -2.610167938,      -3.153612771,     -0.4252450411
          0,           0,        1001,      -5.920972192,      -2.613714468,      -3.156692447,     -0.4300423369
          0,           0,        1002,      -5.922039265,      -2.617365807,      -3.159816367,     -0.4345615849
          0,           0,        1003,      -5.922924584,      -2.621098842,      -3.162981775,     -0.4389082269
          0,           0,        1004,       -5.92226616,      -2.624712906,      -3.165937208,     -0.4418838853
          0,           0,        1005,      -5.922676704,      -2.628438752,      -3.168958671,     -0.4459127909
          0,           0,        1006,      -5.923830585,      -2.632326028,      -3.172105552,     -0.4507170414
          0,           0,        1007,      -5.925007178,       -2.63634059,      -3.175322609,     -0.4555423691
          0,           0,        1008,      -5.925932687,      -2.640433478,       -3.17855816,     -0.4600803352
          0,           0,        1009,      -5.926760222,      -2.644589338,       -3.18182191,     -0.4644990256
          0,           0,        1010,      -5.927673977,      -2.648817694,      -3.185141102,     -0.4690124186
          0,           0,        1011,      -5.928690901,      -2.653126257,      -3.188517648,     -0.4736391137
          0,           0,        1012,      -5.929735367,      -2.657511185,        -3.1919332,     -0.4782775326
          0,           0,        1013,      -5.929189013,      -2.661758279,      -3.194990476,      -0.481290168
          0,           0,        1014,      -5.929612614,      -2.666080719,      -3.198052256,     -0.4852282522
          0,           0,        1015,      -5.930785913,      -2.670527407,       -3.20120695,     -0.4899053286
          0,           0,        1016,      -5.932093716,      -2.675074305,      -3.204417556,     -0.4946752233
          0,           0,        1017,      -5.933265896,      -2.679680562,      -3.207641989,     -0.4992467742
          0,           0,        1018,      -5.934392439,       -2.68433123,      -3.210892003,     -0.5037168813
          0,           0,        1019,      -5.935607378,      -2.689032307,      -3.214190156,     -0.5082247329
          0,           0,        1020,      -5.936922792,      -2.693789709,      -3.217531466,     -0.5127706249
          0,           0,        1021,      -5.938282657,      -2.698600835,      -3.220893053,     -0.5172803239
          0,           0,        1022,      -5.939660057,      -2.703459255,      -3.224257638,      -0.521717152
          0,           0,        1023,       -5.94042915,      -2.708274408,      -3.227411076,      -0.525392076
          0,           0,        1024,      -5.941659778,      -2.713137004,      -3.230558706,     -0.5294961433
          0,           0,        1025,       -5.94325676,      -2.718066282,      -3.233748489,     -0.5339348436
          0,           0,        1026,      -5.944968554,      -2.723051011,      -3.236967493,      -0.538425098
          0,           0,        1027,      -5.946679283,      -2.728073733,      -3.240197498,     -0.5428345947
          0,           0,        1028,      -5.948414448,      -2.733127857,      -3.243438679,     -0.5471852131
          0,           0,        1029,      -5.950218533,       -2.73821492,      -3.246692054,     -0.5515136486
          0,           0,        1030,      -5.952094298,      -2.743336063,      -3.249948017,     -0.5558115253
          0,           0,        1031,      -5.954024169,      -2.748489028,      -3.253194239,      -0.560056963
          0,           0,        1032,      -5.956003466,      -2.753670189,      -3.256424976,     -0.5642508214
          0,           0,        1033,      -5.958044182,      -2.758876828,      -3.259640691,     -0.5684150207
          0,           0,        1034,       -5.96015941,      -2.764107368,      -3.262842788,     -0.5725703607
          0,           0,        1035,       -5.96235211,      -2.769360483,      -3.266030645,     -0.5767222729
          0,           0,        1036,      -5.964616231,      -2.774634531,      -3.269201908,     -0.5808626692
          0,           0,        1037,       -5.96694327,      -2.779927674,      -3.272353533,     -0.5849790261
          0,           0,        1038,      -5.969326707,      -2.785238162,      -3.275482334,      -0.589061301
          0,           0,        1039,      -5.971762948,      -2.790564398,       -3.27858542,     -0.5931043177
          0,           0,        1040,      -5.974250067,       -2.79590484,      -3.281660648,     -0.5971067899
          0,           0,        1041,      -5.976787369,      -2.801257939,      -3.284707186,     -0.6010705643
          0,           0,        1042,      -5.979374533,      -2.806622155,      -3.287725446,     -0.6049990209
          0,           0,        1043,       -5.98201067,      -2.811995984,      -3.290716412,     -0.6088951578
          0,           0,        1044,      -5.984693859,       -2.81737795,      -3.293680801,     -0.6127601931
          0,           0,        1045,      -5.987421493,      -2.822766584,      -3.296618515,     -0.6165934384
          0,           0,        1046,      -5.990191069,      -2.828160427,      -3.299528647,     -0.6203933155
          0,           0,        1047,      -5.993000723,      -2.833558068,      -3.302409914,     -0.6241586626
          0,           0,        1048,      -5.995849154,      -2.838958195,      -3.305261283,     -0.6278894568
          0,           0,        1049,      -5.998735093,      -2.844359651,      -3.308082537,     -0.6315867058
          0,           0,        1050,      -6.001656755,      -2.849761452,       -3.31087458,     -0.6352517786
          0,           0,        1051,      -6.004611585,      -2.855162788,      -3.313639426,     -0.6388856979
          0,           0,        1052,      -6.007596377,      -2.860563004,      -3.316379887,     -0.6424887731
          0,           0,        1053,      -6.010607689,      -2.865961555,      -3.319099098,     -0.6460606959
          0,           0,        1054,      -6.013642429,      -2.871357918,      -3.321800084,     -0.6496009687
          0,           0,        1055,      -6.016698319,       -2.87675159,      -3.324485409,     -0.6531095101
          0,           0,        1056,      -6.019774067,      -2.882142111,      -3.327157098,     -0.6565870822
          0,           0,        1057,      -6.022869281,      -2.887529093,      -3.329816809,     -0.6600354645
          0,           0,        1058,      -6.025984087,      -2.892912254,      -3.332466154,     -0.6634572247
          0,           0,        1059,      -6.029118614,      -2.898291441,      -3.335107034,     -0.6668551998
          0,           0,        1060,       -6.03227262,      -2.903666633,      -3.337741854,     -0.6702320201
          0,           0,        1061,      -6.035445375,      -2.909037926,       -3.34037356,     -0.6735898078
          0,           0,        1062,      -6.038635782,      -2.914405508,      -3.343005503,     -0.6769301469
          0,           0,        1063,       -6.04184263,      -2.919769619,      -3.345641205,     -0.6802542245
          0,           0,        1064,      -6.045064841,      -2.925130528,      -3.348284124,     -0.6835630635
          0,           0,        1065,      -6.048301637,      -2.930488508,      -3.350937489,     -0.6868577359
          0,           0,        1066,      -6.051552592,       -2.93584383,      -3.353604241,     -0.6901394902
          0,           0,        1067,      -6.054817585,      -2.941196754,      -3.356287051,      -0.693409779
          0,           0,        1068,      -6.058096724,       -2.94654753,      -3.358988389,     -0.6966702143
          0,           0,        1069,      -6.061390256,      -2.951896391,      -3.361710582,     -0.6999224862
          0,           0,        1070,      -6.064698515,      -2.957243545,      -3.364455855,     -0.7031682948
          0,           0,        1071,       -6.06802189,      -2.962589163,      -3.367226352,     -0.7064093062
          0,           0,        1072,      -6.071360821,      -2.967933365,      -3.370024142,     -0.7096471345
          0,           0,        1073,       -6.07471578,      -2.973276214,      -3.372851227,     -0.7128833155
          0,           0,        1074,      -6.078087252,      -2.978617703,      -3.375709555,     -0.7161192839
          0,           0,        1075,      -6.081475701,      -2.983957747,       -3.37860103,     -0.7193563313
          0,           0,        1076,      -6.084881545,      -2.989296173,      -3.381527528,     -0.7225955792
          0,           0,        1077,      -6.088305155,      -2.994632716,      -3.384490886,     -0.7258379744
          0,           0,        1078,      -6.091746875,      -2.999966998,      -3.387492888,     -0.7290843104
          0,           0,        1079,      -6.095207079,      -3.005298529,      -3.390535229,     -0.7323352908
          0,           0,        1080,      -6.098686218,      -3.010626688,      -3.393619496,     -0.7355915935
          0,           0,        1081,      -6.102184864,      -3.015950716,      -3.396747142,     -0.7388539294
          0,           0,        1082,      -6.105703715,      -3.021269713,      -3.399919494,     -0.7421230676
          0,           0,        1083,      -6.109243578,      -3.026582634,      -3.403137768,     -0.7453998302
          0,           0,        1084,      -6.112805312,      -3.031888286,      -3.406403105,     -0.7486850461
          0,           0,        1085,      -6.116389778,      -3.037185325,      -3.409716607,     -0.7519794952
          0,           0,        1086,      -6.119997777,      -3.042472261,      -3.413079365,     -0.7552838527
          0,           0,        1087,       -6.12363003,      -3.047747448,      -3.416492474,      -0.758598649
          0,           0,        1088,      -6.127287165,      -3.053009084,      -3.419957026,     -0.7619242609
          0,           0,        1089,      -6.130969743,      -3.058255205,      -3.423474096,     -0.7652609256
          0,           0,        1090,      -6.134678284,       -3.06348368,       -3.42704471,     -0.7686087668
          0,           0,        1091,      -6.138413305,      -3.068692207,       -3.43066982,     -0.7719678422
          0,           0,        1092,      -6.142175347,       -3.07387831,      -3.434350278,     -0.7753381742
          0,           0,        1093,      -6.145964983,      -3.079039341,      -3.438086832,     -0.7787197739
          0,           0,        1094,      -6.149782818,       -3.08417248,      -3.441880124,     -0.7821126498
          0,           0,        1095,      -6.153629468,      -3.089274746,      -3.445730701,      -0.785516791
          0,           0,        1096,      -6.157505538,      -3.094342992,      -3.449639031,     -0.7889321597
          0,           0,        1097,      -6.161411596,      -3.099373923,       -3.45360552,      -0.792358661
          0,           0,        1098,      -6.165348149,      -3.104364094,      -3.457630521,     -0.7957961168
          0,           0,        1099,      -6.169315634,      -3.109309925,      -3.461714337,     -0.7992442585
          0,           0,        1100,      -6.173314417,      -3.114207705,      -3.465857217,     -0.8027027193
          0,           0,        1101,      -6.177344794,      -3.119053598,      -3.470059346,     -0.8061710358
          0,           0,        1102,      -6.181407009,      -3.123843661,      -3.474320831,     -0.8096486667
          0,           0,        1103,      -6.185501263,      -3.128573851,      -3.478641687,     -0.8131350082
          0,           0,        1104,      -6.189627723,      -3.133240037,      -3.483021829,     -0.8166294069
          0,           0,        1105,      -6.193786532,      -3.137838025,      -3.487461071,     -0.8201311774
          0,           0,        1106,      -6.197977802,      -3.142363567,      -3.491959119,     -0.8236396034
          0,           0,        1107,      -6.202201612,      -3.146812389,      -3.496515586,     -0.8271539412
          0,           0,        1108,      -6.206457996,      -3.151180211,      -3.501129991,     -0.8306734151
          0,           0,        1109,      -6.210746936,      -3.155462771,      -3.505801772,     -0.8341972084
          0,           0,        1110,      -6.215068348,      -3.159655849,       -3.51053029,     -0.8377244604
          0,           0,        1111,      -6.219422081,      -3.163755295,      -3.515314835,     -0.8412542592
          0,           0,        1112,      -6.223807912,       -3.16775705,      -3.520154622,     -0.8447856409
          0,           0,        1113,      -6.228225549,      -3.171657176,      -3.525048791,     -0.8483175948
          0,           0,        1114,      -6.232674639,       -3.17545188,      -3.529996404,     -0.8518490802
          0,           0,        1115,      -6.237154768,      -3.179137536,      -3.534996438,      -0.855379019
          0,           0,        1116,      -6.241665471,       -3.18271072,      -3.540047779,     -0.8589063242
          0,           0,        1117,      -6.246206234,      -3.186168238,      -3.545149226,     -0.8624298974
          0,           0,        1118,      -6.250776496,      -3.189507138,      -3.550299482,     -0.8659486382
          0,           0,        1119,      -6.255375641,      -3.192724742,      -3.555497157,     -0.8694614457
          0,           0,        1120,      -6.260003004,      -3.195818664,      -3.560740774,     -0.8729672254
          0,           0,        1121,      -6.264657858,      -3.198786825,      -3.566028764,     -0.8764648863
          0,           0,        1122,      -6.269339398,      -3.201627506,      -3.571359471,     -0.8799533153
          0,           0,        1123,      -6.274046749,       -3.20433932,      -3.576731148,     -0.8834314037
          0,           0,        1124,      -6.278778967,      -3.206921249,      -3.582141964,     -0.8868980483
          0,           0,        1125,      -6.283535039,      -3.209372649,      -3.587589994,     -0.8903521529
          0,           0,        1126,      -6.288313861,      -3.211693258,       -3.59307321,     -0.8937926032
          0,           0,        1127,       -6.29311425,      -3.213883197,       -3.59858948,     -0.8972182893
          0,           0,        1128,      -6.297934939,      -3.215942971,      -3.604136555,     -0.9006281022
          0,           0,        1129,       -6.30277459,      -3.217873462,      -3.609712063,     -0.9040209472
          0,           0,        1130,      -6.307631789,      -3.219675912,      -3.615313501,     -0.9073957532
          0,           0,        1131,      -6.312505063,       -3.22135198,      -3.620938245,     -0.9107514873
          0,           0,        1132,      -6.317392869,      -3.222903661,      -3.626583525,     -0.9140871526
          0,           0,        1133,      -6.322293584,      -3.224333289,      -3.632246424,     -0.9174017762
          0,           0,        1134,      -6.327205497,      -3.225643532,      -3.637923885,     -0.9206944103
          0,           0,        1135,      -6.332126807,      -3.226837364,      -3.643612702,     -0.9239641311
          0,           0,        1136,      -6.337055622,      -3.227918054,      -3.649309527,     -0.9272100403
          0,           0,        1137,      -6.341989961,      -3.228889138,      -3.655010857,     -0.9304312706
          0,           0,        1138,       -6.34692775,      -3.229754397,      -3.660713037,     -0.9336269856
          0,           0,        1139,      -6.351866831,      -3.230517835,      -3.666412254,     -0.9367963866
          0,           0,        1140,      -6.356804961,      -3.231183656,       -3.67210454,     -0.9399387171
          0,           0,        1141,       -6.36173981,      -3.231756234,      -3.677785769,     -0.9430532623
          0,           0,        1142,       -6.36666897,      -3.232240094,      -3.683451657,     -0.9461393525
          0,           0,        1143,      -6.371589955,      -3.232639883,      -3.689097771,     -0.9491963717
          0,           0,        1144,      -6.376500206,      -3.232960348,       -3.69471953,     -0.9522237579
          0,           0,        1145,      -6.381397088,      -3.233206311,      -3.700312215,     -0.9552210001
          0,           0,        1146,      -6.386277902,      -3.233382648,      -3.705870981,     -0.9581876533
          0,           0,        1147,      -6.391139873,      -3.233494267,      -3.711390865,     -0.9611233157
          0,           0,        1148,      -6.395980171,      -3.233546086,        -3.7168668,     -0.9640276541
          0,           0,        1149,      -6.400795903,      -3.233543015,      -3.722293629,     -0.9669003906
          0,           0,        1150,      -6.405584118,      -3.233489938,      -3.727666126,     -0.9697412965
          0,           0,        1151,      -6.410341823,      -3.233391694,      -3.732979002,     -0.9725502113
          0,           0,        1152,      -6.415065982,      -3.233253065,      -3.738226935,     -0.9753270312
          0,           0,        1153,      -6.419753526,      -3.233078759,      -3.743404582,     -0.9780717087
          0,           0,        1154,      -6.424401367,        -3.2328734,      -3.748506609,     -0.9807842652
          0,           0,        1155,      -6.429006387,      -3.232641514,      -3.753527706,     -0.9834647653
          0,           0,        1156,      -6.433565448,      -3.232387503,      -3.758462616,       -0.98611332
          0,           0,        1157,      -6.438075473,      -3.232115687,      -3.763306165,     -0.9887301547
          0,           0,        1158,      -6.442533394,      -3.231830261,      -3.768053289,     -0.9913155379
          0,           0,        1159,      -6.446936135,      -3.231535284,      -3.772699037,     -0.9938697754
          0,           0,        1160,      -6.451280639,      -3.231234683,      -3.777238626,     -0.9963932109
          0,           0,        1161,        -6.4555639,      -3.230932248,      -3.781667453,      -0.998886247
          0,           0,        1162,      -6.459782979,      -3.230631631,      -3.785981132,      -1.001349336
          0,           0,        1163,      -6.463934989,      -3.230336342,      -3.790175508,      -1.003782965
          0,           0,        1164,       -6.46801713,      -3.230049753,      -3.794246694,      -1.006187671
          0,           0,        1165,      -6.472026683,      -3.229775092,      -3.798191086,      -1.008564031
          0,           0,        1166,      -6.475961033,      -3.229515444,      -3.802005392,      -1.010912652
          0,           0,        1167,      -6.479817684,      -3.229273758,      -3.805686652,      -1.013234181
          0,           0,        1168,      -6.483594253,      -3.229052841,      -3.809232248,      -1.015529294
          0,           0,        1169,      -6.487288489,      -3.228855362,      -3.812639941,      -1.017798682
          0,           0,        1170,      -6.490898291,      -3.228683858,      -3.815907865,      -1.020043075
          0,           0,        1171,      -6.494421701,      -3.228540733,      -3.819034553,       -1.02226321
          0,           0,        1172,      -6.497856924,      -3.228428261,      -3.822018947,      -1.024459843
          0,           0,        1173,      -6.501202337,      -3.228348589,      -3.824860391,      -1.026633745
          0,           0,        1174,      -6.504456493,      -3.228303741,      -3.827558653,      -1.028785694
          0,           0,        1175,      -6.507618122,       -3.22829562,      -3.830113908,      -1.030916474
          0,           0,        1176,      -6.510686147,       -3.22832601,      -3.832526752,      -1.033026872
          0,           0,        1177,      -6.513659694,      -3.228396583,      -3.834798181,      -1.035117689
          0,           0,        1178,      -6.516538093,      -3.228508902,      -3.836929587,      -1.037189724
          0,           0,        1179,      -6.519320877,      -3.228664424,      -3.838922749,      -1.039243779
          0,           0,        1180,      -6.522007805,      -3.228864506,      -3.840779819,      -1.041280668
          0,           0,        1181,      -6.524598856,       -3.22911041,      -3.842503295,      -1.043301214
          0,           0,        1182,      -6.527094229,       -3.22940331,      -3.844096009,      -1.045306242
          0,           0,        1183,      -6.529494362,      -3.229744297,      -3.845561099,      -1.047296596
          0,           0,        1184,      -6.531799917,      -3.230134388,      -3.846901991,      -1.049273132
          0,           0,        1185,      -6.534011788,      -3.230574526,      -3.848122372,      -1.051236717
          0,           0,        1186,      -6.536131092,      -3.231065594,      -3.849226165,      -1.053188232
          0,           0,        1187,       -6.53815916,      -3.231608415,      -3.850217505,      -1.055128563
          0,           0,        1188,      -6.540097528,      -3.232203756,      -3.851100706,      -1.057058599
          0,           0,        1189,      -6.541947933,      -3.232852337,      -3.851880248,      -1.058979234
          0,           0,        1190,      -6.543712279,       -3.23355483,      -3.852560745,      -1.060891351
          0,           0,        1191,      -6.545392651,      -3.234311862,      -3.853146913,      -1.062795835
          0,           0,        1192,      -6.546991284,       -3.23512402,      -3.853643572,       -1.06469356
          0,           0,        1193,      -6.548510551,      -3.235991848,      -3.854055598,      -1.066585393
          0,           0,        1194,      -6.549952945,      -3.236915855,      -3.854387923,      -1.068472176
          0,           0,        1195,       -6.55132108,      -3.237896514,      -3.854645505,      -1.070354753
          0,           0,        1196,      -6.552617673,       -3.23893426,      -3.854833317,      -1.072233959
          0,           0,        1197,      -6.553845534,      -3.240029502,      -3.854956326,      -1.074110613
          0,           0,        1198,       -6.55500755,      -3.241182615,       -3.85501948,      -1.075985536
          0,           0,        1199,      -6.556106692,      -3.242393948,      -3.855027689,       -1.07785954
          0,           0,        1200,       -6.55714598,      -3.243663824,      -3.854985816,      -1.079733428
          0,           0,        1201,      -6.558128497,      -3.244992542,       -3.85489866,      -1.081608009
          0,           0,        1202,      -6.562704161,      -3.246882734,      -3.855353627,      -1.086965028
          0,           0,        1203,      -6.568213757,      -3.249288617,      -3.856394917,       -1.09329572
          0,           0,        1204,       -6.57300282,      -3.252052882,      -3.857777193,      -1.098921749
          0,           0,        1205,      -6.577105804,      -3.255072093,      -3.859397299,      -1.103861675
          0,           0,        1206,      -6.581126303,      -3.258329367,      -3.861312234,      -1.108772306
          0,           0,        1207,      -6.585331086,      -3.261837628,      -3.863554763,      -1.113974412
          0,           0,        1208,       -6.58856317,      -3.265417993,      -3.865899407,      -1.118297222
          0,           0,        1209,      -6.589969743,      -3.268840388,      -3.868055273,       -1.12081963
          0,           0,        1210,      -6.591081467,      -3.272182336,      -3.870070406,      -1.123078549
          0,           0,        1211,       -6.59281314,      -3.275552605,      -3.872058755,      -1.126049433
          0,           0,        1212,       -6.59510762,      -3.279007337,      -3.874051415,      -1.129674183
          0,           0,        1213,      -6.597591492,      -3.282550236,      -3.876021159,      -1.133522823
          0,           0,        1214,       -6.60011423,      -3.286172773,      -3.877972222,      -1.137403705
          0,           0,        1215,      -6.602744835,      -3.289876653,      -3.879960223,      -1.141392224
          0,           0,        1216,      -6.605548544,       -3.29366908,       -3.88204518,      -1.145577753
          0,           0,        1217,      -6.608489964,      -3.297551583,      -3.884252759,      -1.149926632
          0,           0,        1218,      -6.611493588,      -3.301517473,      -3.886575919,      -1.154336135
          0,           0,        1219,      -6.614520358,       -3.30555651,      -3.888995992,      -1.158735367
          0,           0,        1220,      -6.617576029,      -3.309659079,      -3.891497366,      -1.163117978
          0,           0,        1221,      -6.620675577,      -3.313816357,       -3.89406973,      -1.167508876
          0,           0,        1222,      -6.623817208,      -3.318018538,      -3.896704165,      -1.171923008
          0,           0,        1223,      -6.626983368,      -3.322254098,      -3.899388497,      -1.176352418
          0,           0,        1224,       -6.63015202,      -3.326510667,      -3.902104026,      -1.180775959
          0,           0,        1225,      -6.633300118,      -3.330776189,      -3.904824725,      -1.185169428
          0,           0,        1226,      -6.636399301,      -3.335039314,      -3.907519235,      -1.189505936
          0,           0,        1227,       -6.63941374,      -3.339289145,      -3.910154317,      -1.193752232
          0,           0,        1228,      -6.642305058,      -3.343515025,      -3.912697751,      -1.197869571
          0,           0,        1229,      -6.645040429,      -3.347706652,      -3.915119663,      -1.201820495
          0,           0,        1230,      -6.647597989,      -3.351854382,      -3.917392688,      -1.205576793
          0,           0,        1231,      -6.649967332,       -3.35594945,      -3.919491921,       -1.20912365
          0,           0,        1232,      -6.652146729,       -3.35998406,      -3.921395076,      -1.212458602
          0,           0,        1233,      -6.654139362,      -3.363951427,      -3.923082728,      -1.215586979
          0,           0,        1234,      -6.655949924,      -3.367845817,      -3.924538513,      -1.218516616
          0,           0,        1235,      -6.657582394,      -3.371662594,      -3.925749194,      -1.221254109
          0,           0,        1236,      -6.659039289,      -3.375398222,       -3.92670474,      -1.223803483
          0,           0,        1237,      -6.660322686,      -3.379050244,      -3.927398406,      -1.226167173
          0,           0,        1238,      -6.661436372,      -3.382617244,      -3.927826904,      -1.228348341
          0,           0,        1239,      -6.662387848,       -3.38609884,      -3.927990737,      -1.230353165
          0,           0,        1240,      -6.663188883,      -3.389495694,      -3.927894788,      -1.232191979
          0,           0,        1241,      -6.663854013,      -3.392809532,      -3.927549011,      -1.233878597
          0,           0,        1242,       -6.66439753,       -3.39604314,      -3.926968916,      -1.235428081
          0,           0,        1243,      -6.664830349,      -3.399200303,      -3.926175468,      -1.236853928
          0,           0,        1244,       -6.67352344,      -3.404012317,      -3.927936808,      -1.247597599
          0,           0,        1245,      -6.677281886,      -3.408547589,      -3.929694095,       -1.25270634
          0,           0,        1246,      -6.677429344,      -3.412618682,      -3.930638432,      -1.253453972
          0,           0,        1247,      -6.677080343,      -3.416380405,      -3.930835483,      -1.253567091
          0,           0,        1248,      -6.685664137,      -3.421742914,      -3.933303375,      -1.264150349
          0,           0,        1249,      -6.697619013,      -3.428505301,      -3.938172421,      -1.278945322
          0,           0,        1250,      -6.701541344,      -3.434595579,      -3.942414936,      -1.284189808
          0,           0,        1251,       -6.70092516,      -3.439920183,      -3.945313438,      -1.283657153
          0,           0,        1252,      -6.700638647,      -3.444817872,      -3.947180264,      -1.283387341
          0,           0,        1253,      -6.709632987,        -3.4512221,      -3.950782552,      -1.294425722
          0,           0,        1254,      -6.722217177,      -3.458947919,      -3.956316146,      -1.310260659
          0,           0,        1255,       -6.72727905,      -3.466016368,       -3.96125683,      -1.317025957
          0,           0,        1256,      -6.727428728,      -3.472295251,      -3.964969016,      -1.317366468
          0,           0,        1257,      -6.727436779,      -3.478088842,      -3.967659856,      -1.317228506
          0,           0,        1258,      -6.729771537,      -3.483758943,      -3.969860341,      -1.320012276
          0,           0,        1259,      -6.733663627,      -3.489448253,       -3.97195051,      -1.325055543
          0,           0,        1260,      -6.737359494,      -3.495101864,      -3.973978859,       -1.33019489
          0,           0,        1261,      -6.740078859,      -3.500639319,      -3.975840808,      -1.334236323
          0,           0,        1262,      -6.742251988,      -3.506064571,      -3.977491401,      -1.337497578
          0,           0,        1263,      -6.744634063,      -3.511449243,      -3.978985208,      -1.340873922
          0,           0,        1264,      -6.747515717,      -3.516859384,      -3.980410224,      -1.344825039
          0,           0,        1265,      -6.747528298,      -3.521602968,      -3.980950794,      -1.345253621
          0,           0,        1266,      -6.749169836,      -3.526457819,      -3.981465988,      -1.347840359
          0,           0,        1267,      -6.752056946,      -3.531478685,       -3.98221127,      -1.352149051
          0,           0,        1268,      -6.755214099,      -3.536614816,       -3.98324688,      -1.356877317
          0,           0,        1269,      -6.758037874,      -3.541788525,      -3.984480225,      -1.361144308
          0,           0,        1270,      -6.760542633,      -3.546963297,       -3.98580547,      -1.364910556
          0,           0,        1271,      -6.759841438,       -3.55141334,      -3.986235833,      -1.364545801
          0,           0,        1272,      -6.760923981,      -3.555972298,      -3.986676655,      -1.366494106
          0,           0,        1273,      -6.763424734,      -3.560712201,      -3.987393196,      -1.370403611
          0,           0,        1274,      -6.766157464,      -3.565561767,      -3.988421752,      -1.374722047
          0,           0,        1275,      -6.768386415,      -3.570413058,      -3.989630166,      -1.378377657
          0,           0,        1276,      -6.770154688,      -3.575214563,      -3.990889895,      -1.381336971
          0,           0,        1277,      -6.768632136,      -3.579204689,      -3.991118637,      -1.379962961
          0,           0,        1278,      -6.768865551,      -3.583259238,      -3.991301148,      -1.380889526
          0,           0,        1279,       -6.77046057,      -3.587454416,      -3.991701668,      -1.383716128
          0,           0,        1280,      -6.772231248,      -3.591714183,      -3.992329822,      -1.386873894
          0,           0,        1281,      -6.773484005,      -3.595929484,      -3.993025423,      -1.389351308
          0,           0,        1282,      -6.774292644,      -3.600054933,      -3.993651683,      -1.391175245
          0,           0,        1283,      -6.775007552,      -3.604104811,       -3.99416875,      -1.392822502
          0,           0,        1284,      -6.775766327,      -3.608097981,      -3.994590831,      -1.394536698
          0,           0,        1285,      -6.776441503,      -3.612025853,      -3.994925691,      -1.396195291
          0,           0,        1286,      -6.776865872,      -3.615862628,      -3.995156951,      -1.397579997
          0,           0,        1287,      -6.776996483,      -3.619589393,      -3.995260274,      -1.398610038
          0,           0,        1288,      -6.776898702,      -3.623203867,      -3.995218361,      -1.399349702
          0,           0,        1289,      -6.776647344,      -3.626713076,      -3.995021544,      -1.399890645
          0,           0,        1290,      -6.776270231,      -3.630122442,      -3.994662839,      -1.400272445
          0,           0,        1291,      -6.775763315,      -3.633431905,       -3.99413735,      -1.400492698
          0,           0,        1292,      -6.775129018,      -3.636639044,      -3.993446012,      -1.400552723
          0,           0,        1293,       -6.77439179,      -3.639743423,      -3.992597797,      -1.400479343
          0,           0,        1294,       -6.77358578,      -3.642748058,      -3.991607132,      -1.400312365
          0,           0,        1295,      -6.772736343,       -3.64565817,      -3.990488862,      -1.400082802
          0,           0,        1296,      -6.771854282,      -3.648479523,      -3.989254933,      -1.399805257
          0,           0,        1297,      -6.777177272,      -3.653044012,      -3.990385208,      -1.407937206
          0,           0,        1298,      -6.785076373,      -3.659069971,       -3.99361491,      -1.419562938
          0,           0,        1299,      -6.792780502,      -3.666044159,      -3.998134999,      -1.430764993
          0,           0,        1300,      -6.795234169,      -3.672093374,      -4.001550255,      -1.434268389
          0,           0,        1301,      -6.795162513,      -3.677286028,      -4.003712037,      -1.433914386
          0,           0,        1302,      -6.795216507,      -3.681967342,      -4.004965559,      -1.433679317
          0,           0,        1303,      -6.796354087,       -3.68642008,      -4.005758738,      -1.435120694
          0,           0,        1304,      -6.797969853,      -3.690720872,      -4.006351958,       -1.43746437
          0,           0,        1305,      -6.799201916,      -3.694823044,      -4.006768991,      -1.439458086
          0,           0,        1306,      -6.799797129,      -3.698699882,      -4.006946919,       -1.44065492
          0,           0,        1307,      -6.800092672,      -3.702404284,      -4.006868514,      -1.441453072
          0,           0,        1308,      -6.800535771,      -3.706030659,      -4.006583694,      -1.442442097
          0,           0,        1309,      -6.801313004,      -3.709649863,      -4.006168009,      -1.443869758
          0,           0,        1310,      -6.802340136,      -3.713280763,      -4.005683087,      -1.445612148
          0,           0,        1311,      -6.803455728,       -3.71690723,      -4.005170637,      -1.447440962
          0,           0,        1312,      -6.804574322,      -3.720510344,      -4.004668457,      -1.449243163
          0,           0,        1313,      -6.805701994,      -3.724086804,      -4.004220283,      -1.451046892
          0,           0,        1314,      -6.806863636,      -3.727647181,      -4.003869441,      -1.452916069
          0,           0,        1315,      -6.808041732,      -3.731204957,      -4.003645892,      -1.454855525
          0,           0,        1316,      -6.809177882,      -3.734768876,      -4.003559092,      -1.456804045
          0,           0,        1317,      -6.810214326,      -3.738342619,      -4.003601265,      -1.458687016
          0,           0,        1318,      -6.811127664,      -3.741928083,      -4.003757238,      -1.460462657
          0,           0,        1319,      -6.811931259,      -3.745527101,      -4.004013922,      -1.462128846
          0,           0,        1320,      -6.812654927,      -3.749140095,      -4.004365176,      -1.463700933
          0,           0,        1321,       -6.81332475,      -3.752763771,      -4.004811851,      -1.465190264
          0,           0,        1322,        -6.8139579,      -3.756390597,      -4.005358958,      -1.466601705
          0,           0,        1323,      -6.814570939,      -3.760010938,      -4.006011896,      -1.467946516
          0,           0,        1324,      -6.815190014,      -3.763616442,      -4.006772832,      -1.469254889
          0,           0,        1325,      -6.815852894,      -3.767202633,      -4.007638223,      -1.470576087
          0,           0,        1326,      -6.816601171,      -3.770769483,      -4.008598181,      -1.471965931
          0,           0,        1327,      -6.817467964,      -3.774320088,       -4.00963838,      -1.473470065
          0,           0,        1328,      -6.818468591,      -3.777858406,      -4.010743919,      -1.475112653
          0,           0,        1329,      -6.819598101,      -3.781387154,      -4.011903636,      -1.476894622
          0,           0,        1330,      -6.820834744,      -3.784906595,      -4.013113048,      -1.478798793
          0,           0,        1331,      -6.822145706,      -3.788414467,       -4.01437479,      -1.480796259
          0,           0,        1332,      -6.821427246,      -3.791168886,      -4.014913534,      -1.479736685
          0,           0,        1333,      -6.821568255,      -3.793984943,      -4.015553432,      -1.480037386
          0,           0,        1334,      -6.822470417,      -3.796936885,      -4.016412093,      -1.481566941
          0,           0,        1335,      -6.823644948,      -3.799998793,      -4.017514795,      -1.483586875
          0,           0,        1336,      -6.823582651,      -3.802841627,      -4.018455979,      -1.483786577
          0,           0,        1337,      -6.823807797,      -3.805697001,      -4.019523719,      -1.484469093
          0,           0,        1338,      -6.824389815,      -3.808608198,      -4.020736089,      -1.485680113
          0,           0,        1339,      -6.824219743,      -3.811084052,       -4.02161021,      -1.485709282
          0,           0,        1340,      -6.824491599,      -3.813667581,      -4.022617072,      -1.486317872
          0,           0,        1341,      -6.824010351,      -3.816080104,      -4.023397741,        -1.4857079
          0,           0,        1342,      -6.824225782,      -3.818565101,       -4.02433143,      -1.486154896
          0,           0,        1343,      -6.824954578,      -3.821124677,      -4.025468872,        -1.4873881
          0,           0,        1344,      -6.825902921,       -3.82373263,      -4.026807302,      -1.488951456
          0,           0,        1345,      -6.826872902,        -3.8263631,      -4.028313984,      -1.490533965
          0,           0,        1346,      -6.825660039,      -3.828202089,      -4.029060443,      -1.488807847
          0,           0,        1347,      -6.825224589,      -3.830139856,      -4.029976374,      -1.488291694
          0,           0,        1348,      -6.825484741,      -3.832254466,      -4.031166018,       -1.48886752
          0,           0,        1349,      -6.825985738,      -3.834515277,      -4.032637585,       -1.48985798
          0,           0,        1350,      -6.826373159,      -3.836848418,      -4.034323225,       -1.49071537
          0,           0,        1351,      -6.825447499,      -3.838905125,      -4.035732831,      -1.489556615
          0,           0,        1352,      -6.824026618,       -3.84045185,      -4.036703793,      -1.487659465
          0,           0,        1353,      -6.823547668,      -3.842150268,      -4.037863161,      -1.487060986
          0,           0,        1354,      -6.823816535,      -3.844013818,      -4.039252346,      -1.487449703
          0,           0,        1355,      -6.824465477,      -3.845972251,      -4.040838151,      -1.488303175
          0,           0,        1356,      -6.825274876,      -3.847950121,      -4.042560647,      -1.489314817
          0,           0,        1357,      -6.825102602,      -3.849603573,      -4.043943594,      -1.488725558
          0,           0,        1358,      -6.825639785,      -3.851268985,      -4.045431098,      -1.489143743
          0,           0,        1359,      -6.826849086,      -3.853012722,      -4.047104357,      -1.490499691
          0,           0,        1360,      -6.827431162,      -3.854277231,      -4.048415052,      -1.490884937
          0,           0,        1361,      -6.828345274,      -3.855661664,       -4.04997341,      -1.491724885
          0,           0,        1362,       -6.82831968,      -3.856832937,      -4.051343193,      -1.491113638
          0,           0,        1363,      -6.828855517,      -3.858101369,      -4.052994305,      -1.491418285
          0,           0,        1364,      -6.829817386,      -3.859483996,      -4.054975199,      -1.492404137
          0,           0,        1365,      -6.829968408,       -3.86037757,      -4.056667671,       -1.49218366
          0,           0,        1366,      -6.830472254,       -3.86140401,      -4.058681642,      -1.492397551
          0,           0,        1367,      -6.830187827,      -3.862212474,      -4.060542386,      -1.491273625
          0,           0,        1368,      -6.830668593,      -3.863114358,      -4.062721977,      -1.491238519
          0,           0,        1369,      -6.831775474,      -3.864109892,      -4.065259819,      -1.492067382
          0,           0,        1370,      -6.832245176,      -3.864556071,      -4.067504254,      -1.491844897
          0,           0,        1371,      -6.833211244,      -3.865104268,      -4.070095049,      -1.492213882
          0,           0,        1372,      -6.833486393,      -3.865389558,      -4.072545925,      -1.491359767
          0,           0,        1373,      -6.834549913,      -3.865744965,      -4.075346088,      -1.491617372
          0,           0,        1374,      -6.836216981,      -3.866173798,      -4.078538241,      -1.492708963
          0,           0,        1375,       -6.83718337,      -3.865995811,       -4.08143983,      -1.492632216
          0,           0,        1376,      -6.838590243,      -3.865896088,       -4.08471603,      -1.493065875
          0,           0,        1377,      -6.839273498,      -3.865483941,      -4.087865162,      -1.492211216
          0,           0,        1378,      -6.840736511,      -3.865102941,      -4.091378963,      -1.492411494
          0,           0,        1379,       -6.84283007,      -3.864751818,      -4.095295321,      -1.493430011
          0,           0,        1380,      -6.844239085,      -3.863701406,      -4.098891432,      -1.493206117
          0,           0,        1381,      -6.846130052,       -3.86268099,      -4.102851955,      -1.493525196
          0,           0,        1382,      -6.847322072,      -3.861282647,      -4.106671742,      -1.492585097
          0,           0,        1383,       -6.84928633,      -3.859871611,      -4.110847885,      -1.492678222
          0,           0,        1384,      -6.851850858,      -3.858454152,      -4.115424291,      -1.493542494
          0,           0,        1385,      -6.853622353,      -3.856255275,      -4.119639361,      -1.492960476
          0,           0,        1386,      -6.855802531,       -3.85406449,      -4.124191807,      -1.492854356
          0,           0,        1387,      -6.857206177,      -3.851466011,      -4.128579624,       -1.49142803
          0,           0,        1388,       -6.85932724,      -3.848845399,      -4.133284993,      -1.490954055
          0,           0,        1389,      -6.862027976,      -3.846213625,      -4.138344496,      -1.491191868
          0,           0,        1390,      -6.863863804,      -3.842745449,      -4.142935354,      -1.489787507
          0,           0,        1391,      -6.866151142,      -3.839289565,      -4.147750443,      -1.488920181
          0,           0,        1392,      -6.867711391,      -3.835431104,      -4.152305807,      -1.486839498
          0,           0,        1393,      -6.870049781,      -3.831571061,       -4.15706503,      -1.485770809
          0,           0,        1394,      -6.873022972,      -3.827727815,      -4.162071156,      -1.485455481
          0,           0,        1395,      -6.875054839,      -3.823037996,      -4.166448259,      -1.483337241
          0,           0,        1396,      -6.877571065,      -3.818408672,      -4.170890703,      -1.481858397
          0,           0,        1397,        -6.8793545,      -3.813440944,      -4.174973943,      -1.479283261
          0,           0,        1398,      -6.881913314,       -3.80854208,       -4.17914598,      -1.477743709
          0,           0,        1399,      -6.885090984,      -3.803734248,       -4.18346538,      -1.476943794
          0,           0,        1400,      -6.887147814,      -3.798127664,      -4.187010663,      -1.474127139
          0,           0,        1401,      -6.889698679,      -3.792667784,      -4.190470422,       -1.47205919
          0,           0,        1402,      -6.891495792,      -3.786977344,       -4.19351525,      -1.469046119
          0,           0,        1403,       -6.89407436,      -3.781452475,      -4.196567945,       -1.46711504
          0,           0,        1404,      -6.897263307,       -3.77611225,      -4.199698254,       -1.46592614
          0,           0,        1405,      -6.899129992,      -3.770056334,      -4.201950486,      -1.462549596
          0,           0,        1406,      -6.901548996,      -3.764244383,       -4.20398762,      -1.460079325
          0,           0,        1407,      -6.903240432,      -3.758325122,      -4.205599461,      -1.456870371
          0,           0,        1408,      -6.905769422,       -3.75266865,      -4.207172303,      -1.454812954
          0,           0,        1409,      -6.908938161,      -3.747285023,      -4.208784357,       -1.45351433
          0,           0,        1410,      -6.911993517,      -3.741956586,      -4.210173588,      -1.451877181
          0,           0,        1411,      -6.915190181,      -3.736843538,      -4.211360715,      -1.450374065
          0,           0,        1412,      -6.917176534,      -3.731570344,      -4.211995702,      -1.447436761
          0,           0,        1413,      -6.919867194,      -3.726539007,      -4.212383155,      -1.445511771
          0,           0,        1414,      -6.923259182,      -3.721825789,      -4.212747841,      -1.444607981
          0,           0,        1415,      -6.926918868,      -3.717402447,      -4.213133377,      -1.444068441
          0,           0,        1416,      -6.930508608,      -3.713206121,       -4.21343351,      -1.443404225
          0,           0,        1417,      -6.932593758,      -3.708858322,      -4.213269567,      -1.441032812
          0,           0,        1418,       -6.93533274,      -3.704752248,      -4.212865858,      -1.439607394
          0,           0,        1419,      -6.938825901,      -3.700990733,      -4.212486918,      -1.439334654
          0,           0,        1420,      -6.942599575,      -3.697553116,      -4.212222889,      -1.439538016
          0,           0,        1421,      -6.946254768,      -3.694368435,      -4.211987517,      -1.439630183
          0,           0,        1422,      -6.948298081,      -3.691076018,      -4.211457272,      -1.438047368
          0,           0,        1423,      -6.951036704,      -3.688038747,      -4.210809714,      -1.437415366
          0,           0,        1424,      -6.954572258,      -3.685357357,      -4.210285399,      -1.437960103
          0,           0,        1425,      -6.958366845,      -3.683010214,      -4.209960623,      -1.438992548
          0,           0,        1426,      -6.961981524,       -3.68092487,      -4.209753237,      -1.439912831
          0,           0,        1427,      -6.963886444,      -3.678763174,      -4.209391091,      -1.439215589
          0,           0,        1428,      -6.966521483,      -3.676857794,      -4.209022641,       -1.43947225
          0,           0,        1429,      -6.969966422,      -3.675302316,      -4.208849844,      -1.440886826
          0,           0,        1430,      -6.973621073,       -3.67407225,      -4.208920953,      -1.442756723
          0,           0,        1431,      -6.977025204,      -3.673095132,      -4.209152248,       -1.44449192
          0,           0,        1432,      -6.978638017,        -3.6720548,      -4.209309388,      -1.444654839
          0,           0,        1433,      -6.981016504,      -3.671257301,      -4.209525376,      -1.445766061
          0,           0,        1434,       -6.98420831,      -3.670789301,      -4.209965802,      -1.447997476
          0,           0,        1435,      -6.987560449,      -3.670624405,      -4.210653857,      -1.450636747
          0,           0,        1436,      -6.990607266,      -3.670691804,       -4.21150739,      -1.453113707
          0,           0,        1437,      -6.991815172,      -3.670695842,      -4.212319506,      -1.454053007
          0,           0,        1438,      -6.993832031,       -3.67092063,      -4.213221218,      -1.455934608
          0,           0,        1439,      -6.996663512,      -3.671447115,       -4.21434855,      -1.458892155
          0,           0,        1440,      -6.999612764,      -3.672248045,      -4.215704145,      -1.462204822
          0,           0,        1441,       -7.00221968,      -3.673255314,       -4.21720878,      -1.465326432
          0,           0,        1442,      -7.002968725,      -3.674191392,      -4.218670689,       -1.46693092
          0,           0,        1443,      -7.004570787,      -3.675322707,      -4.220229627,      -1.469472409
          0,           0,        1444,      -7.006985791,      -3.676725386,      -4.221998856,      -1.473041877
          0,           0,        1445,      -7.009486714,      -3.678371908,      -4.223964427,      -1.476911088
          0,           0,        1446,      -7.011629742,       -3.68019738,      -4.226050854,      -1.480560914
          0,           0,        1447,      -7.011922116,      -3.681939674,      -4.228069091,      -1.482697984
          0,           0,        1448,      -7.013112619,      -3.683851337,      -4.230178414,      -1.485769377
          0,           0,        1449,      -7.015115133,      -3.686004419,      -4.232477042,       -1.48982007
          0,           0,        1450,      -7.017185245,      -3.688371445,      -4.234939135,      -1.494115485
          0,           0,        1451,      -7.018901721,      -3.690890906,      -4.237494134,      -1.498166352
          0,           0,        1452,      -7.018791474,      -3.693313233,      -4.239943115,      -1.500692941
          0,           0,        1453,      -7.019622107,      -3.695880455,      -4.242474278,      -1.504158161
          0,           0,        1454,      -7.021264424,      -3.698661153,      -4.245175919,      -1.508558485
          0,           0,        1455,      -7.022967399,      -3.701627993,      -4.248011789,      -1.513153174
          0,           0,        1456,      -7.024335155,      -3.704722735,      -4.250914545,      -1.517483791
          0,           0,        1457,      -7.023906397,       -3.70770547,      -4.253660294,      -1.520261702
          0,           0,        1458,      -7.024457298,      -3.710810757,       -4.25647462,      -1.523990561
          0,           0,        1459,      -7.025821581,      -3.714104267,      -4.259440483,      -1.528616468
          0,           0,        1460,      -7.027249639,      -3.717558828,       -4.26251349,      -1.533392111
          0,           0,        1461,      -7.028369947,      -3.721119234,      -4.265629506,      -1.537889278
          0,           0,        1462,      -7.029300669,      -3.724762152,       -4.26878484,      -1.542212088
          0,           0,        1463,      -7.028687739,      -3.728286719,      -4.271740807,      -1.545178878
          0,           0,        1464,      -7.029137797,      -3.731924387,      -4.274761411,      -1.549195169
          0,           0,        1465,      -7.030328065,      -3.735725147,      -4.277905762,      -1.553988513
          0,           0,        1466,      -7.031535344,      -3.739654721,      -4.281119338,      -1.558804036
          0,           0,        1467,      -7.032483302,       -3.74366379,      -4.284350472,      -1.563330193
          0,           0,        1468,      -7.033326056,      -3.747736886,      -4.287608842,      -1.567735645
          0,           0,        1469,      -7.034250395,      -3.751883701,      -4.290922343,      -1.572237775
          0,           0,        1470,      -7.035274257,      -3.756112106,      -4.294293672,      -1.576856949
          0,           0,        1471,       -7.03632109,      -3.760418231,      -4.297704703,      -1.581490297
          0,           0,        1472,      -7.035776505,      -3.764587939,      -4.300772654,       -1.58451679
          0,           0,        1473,      -7.036196892,       -3.76883411,      -4.303844702,      -1.588460177
          0,           0,        1474,       -7.03736398,      -3.773205793,      -4.307006827,      -1.593139557
          0,           0,        1475,       -7.03866083,      -3.777678931,      -4.310221608,      -1.597910651
          0,           0,        1476,      -7.039816119,      -3.782212437,      -4.313446957,      -1.602481321
          0,           0,        1477,      -7.040921189,      -3.786791198,      -4.316694973,      -1.606949588
          0,           0,        1478,      -7.042112116,      -3.791421247,      -4.319989087,      -1.611457702
          0,           0,        1479,      -7.043401465,      -3.796108596,      -4.323325186,      -1.616007367
          0,           0,        1480,      -7.044732247,       -3.80085063,      -4.326680693,      -1.620522957
          0,           0,        1481,      -7.046076677,      -3.805640819,      -4.330038159,      -1.624965571
          0,           0,        1482,       -7.04681061,      -3.810388841,      -4.333189461,      -1.628653779
          0,           0,        1483,      -7.048004004,      -3.815185045,      -4.336333277,      -1.632767112
          0,           0,        1484,      -7.049562073,      -3.820048694,      -4.339516453,      -1.637213182
          0,           0,        1485,      -7.051232121,      -3.824968526,      -4.342725775,      -1.641709371
          0,           0,        1486,      -7.052897928,       -3.82992697,      -4.345943181,      -1.646123282
          0,           0,        1487,      -7.054586015,      -3.834917348,       -4.34916926,      -1.650477939
          0,           0,        1488,      -7.056341978,      -3.839941203,      -4.352405532,      -1.654811526
          0,           0,        1489,      -7.058168841,      -3.844999729,      -4.355642712,      -1.659116093
          0,           0,        1490,      -7.060048619,      -3.850090693,      -4.358868552,      -1.663368932
          0,           0,        1491,      -7.061976285,      -3.855210477,      -4.362077385,      -1.667569898
          0,           0,        1492,      -7.063963895,      -3.860356366,       -4.36526984,      -1.671740562
          0,           0,        1493,      -7.066024855,      -3.865526806,      -4.368447566,      -1.675901923
          0,           0,        1494,      -7.068162368,      -3.870720497,      -4.371610162,      -1.680059639
          0,           0,        1495,      -7.070370448,      -3.875935815,      -4.374755397,      -1.684205654
          0,           0,        1496,      -7.072640672,      -3.881170922,      -4.377880293,      -1.688327397
          0,           0,        1497,      -7.074966705,      -3.886424068,      -4.380981692,      -1.692414875
          0,           0,        1498,      -7.077344969,      -3.891693665,      -4.384056613,      -1.696462766
          0,           0,        1499,      -7.079773813,      -3.896978191,       -4.38710285,      -1.700469926
          0,           0,        1500,       -7.08225271,      -3.902276121,      -4.390119481,      -1.704438268
          0,           0,        1501,      -7.084781426,      -3.907585938,      -4.393106871,      -1.708371169
          0,           0,        1502,      -7.087359077,      -3.912906153,      -4.396065962,      -1.712271579
          0,           0,        1503,       -7.08998374,      -3.918235303,      -4.398997468,      -1.716140662
          0,           0,        1504,      -7.092652768,      -3.923571929,      -4.401901288,      -1.719977634
          0,           0,        1505,       -7.09536358,      -3.928914581,      -4.404776515,      -1.723780769
          0,           0,        1506,      -7.098114231,      -3.934261857,       -4.40762181,      -1.727548714
          0,           0,        1507,      -7.100903329,      -3.939612445,      -4.410436062,      -1.731281248
          0,           0,        1508,      -7.103729559,      -3.944965187,      -4.413218902,        -1.7349792
          0,           0,        1509,      -7.106591119,      -3.950319094,      -4.415971086,      -1.738643841
          0,           0,        1510,      -7.109485487,      -3.955673344,      -4.418694444,      -1.742276142
          0,           0,        1511,      -7.112409546,      -3.961027259,      -4.421391633,      -1.745876441
          0,           0,        1512,       -7.11535994,      -3.966380258,      -4.424065652,      -1.749444454
          0,           0,        1513,      -7.118333628,      -3.971731814,      -4.426719399,      -1.752979753
          0,           0,        1514,       -7.12132832,      -3.977081432,      -4.429355357,      -1.756482269
          0,           0,        1515,      -7.124342712,      -3.982428663,      -4.431975484,      -1.759952767
          0,           0,        1516,      -7.127376375,      -3.987773126,      -4.434581403,      -1.763392966
          0,           0,        1517,       -7.13042936,      -3.993114542,      -4.437174713,      -1.766805291
          0,           0,        1518,       -7.13350176,      -3.998452767,      -4.439757326,       -1.77019252
          0,           0,        1519,      -7.136593319,      -4.003787791,      -4.442331664,       -1.77355724
          0,           0,        1520,      -7.139703318,      -4.009119731,      -4.444900705,      -1.776901614
          0,           0,        1521,      -7.142830671,      -4.014448794,      -4.447467819,      -1.780227256
          0,           0,        1522,      -7.145974164,      -4.019775247,      -4.450036567,      -1.783535388
          0,           0,        1523,      -7.149132752,       -4.02509939,      -4.452610448,       -1.78682711
          0,           0,        1524,      -7.152305653,      -4.030421538,      -4.455192765,      -1.790103507
          0,           0,        1525,       -7.15549247,       -4.03574201,      -4.457786532,        -1.7933659
          0,           0,        1526,      -7.158693101,      -4.041061128,      -4.460394523,      -1.796615828
          0,           0,        1527,      -7.161907647,      -4.046379211,      -4.463019342,      -1.799854924
          0,           0,        1528,       -7.16513634,      -4.051696569,      -4.465663423,      -1.803084933
          0,           0,        1529,      -7.168379498,      -4.057013492,      -4.468329134,      -1.806307579
          0,           0,        1530,      -7.171637482,       -4.06233024,      -4.471018744,      -1.809524559
          0,           0,        1531,      -7.174910748,      -4.067647035,      -4.473734445,      -1.812737542
          0,           0,        1532,      -7.178199771,      -4.072964043,      -4.476478349,      -1.815948127
          0,           0,        1533,      -7.181505072,       -4.07828137,      -4.479252488,      -1.819157819
          0,           0,        1534,      -7.184827116,      -4.083599046,      -4.482058873,      -1.822367965
          0,           0,        1535,       -7.18816637,      -4.088917025,      -4.484899454,      -1.825579788
          0,           0,        1536,      -7.191523232,      -4.094235171,      -4.487776124,      -1.828794319
          0,           0,        1537,      -7.194898063,      -4.099553244,      -4.490690748,      -1.832012432
          0,           0,        1538,      -7.198291251,      -4.104870895,      -4.493645068,      -1.835234883
          0,           0,        1539,      -7.201703273,      -4.110187654,      -4.496640724,      -1.838462445
          0,           0,        1540,      -7.205134691,      -4.115502913,      -4.499679221,      -1.841695865
          0,           0,        1541,      -7.208586215,      -4.120815936,      -4.502761916,      -1.844935959
          0,           0,        1542,      -7.212058643,      -4.126125839,      -4.505890072,      -1.848183591
          0,           0,        1543,      -7.215552814,      -4.131431599,       -4.50906486,      -1.851439612
          0,           0,        1544,       -7.21906962,      -4.136732045,      -4.512287398,       -1.85470488
          0,           0,        1545,      -7.222609833,      -4.142025862,      -4.515558789,      -1.857980076
          0,           0,        1546,      -7.226174192,      -4.147311582,      -4.518880138,      -1.861265789
          0,           0,        1547,      -7.229763351,      -4.152587582,      -4.522252549,      -1.864562463
          0,           0,        1548,      -7.233377888,       -4.15785208,      -4.525677082,      -1.867870387
          0,           0,        1549,      -7.237018331,      -4.163103127,      -4.529154794,      -1.871189728
          0,           0,        1550,      -7.240685239,      -4.168338607,      -4.532686633,      -1.874520641
          0,           0,        1551,      -7.244379168,      -4.173556226,      -4.536273467,      -1.877863188
          0,           0,        1552,       -7.24810073,      -4.178753519,      -4.539916077,      -1.881217456
          0,           0,        1553,      -7.251850546,      -4.183927847,      -4.543615114,      -1.884583513
          0,           0,        1554,      -7.255629262,      -4.189076404,      -4.547371182,      -1.887961411
          0,           0,        1555,      -7.259437504,      -4.194196216,      -4.551184782,      -1.891351167
          0,           0,        1556,      -7.263275856,       -4.19928415,      -4.555056382,      -1.894752714
          0,           0,        1557,      -7.267144888,       -4.20433692,      -4.558986382,      -1.898165994
          0,           0,        1558,      -7.271045052,       -4.20935109,      -4.562975158,      -1.901590761
          0,           0,        1559,      -7.274976766,      -4.214323081,      -4.567023016,      -1.905026723
          0,           0,        1560,      -7.278940359,       -4.21924918,      -4.571130233,      -1.908473467
          0,           0,        1561,      -7.282936139,      -4.224125546,      -4.575296988,      -1.911930553
          0,           0,        1562,      -7.286964341,      -4.228948219,      -4.579523391,      -1.915397411
          0,           0,        1563,      -7.291025207,      -4.233713136,      -4.583809448,      -1.918873487
          0,           0,        1564,      -7.295118915,      -4.238416144,      -4.588155086,      -1.922358127
          0,           0,        1565,      -7.299245631,      -4.243053013,      -4.592560101,      -1.925850685
          0,           0,        1566,      -7.303405493,      -4.247619457,      -4.597024238,      -1.929350463
          0,           0,        1567,      -7.307598597,      -4.252111157,      -4.601547119,      -1.932856767
          0,           0,        1568,      -7.311824973,      -4.256523783,      -4.606128295,      -1.936368781
          0,           0,        1569,      -7.316084603,      -4.260853009,      -4.610767272,      -1.939885725
          0,           0,        1570,      -7.320377392,      -4.265094547,       -4.61546343,       -1.94340672
          0,           0,        1571,      -7.324703168,      -4.269244168,      -4.620216116,      -1.946930816
          0,           0,        1572,       -7.32906172,      -4.273297721,      -4.625024583,      -1.950457059
          0,           0,        1573,      -7.333452761,      -4.277251169,      -4.629888021,       -1.95398443
          0,           0,        1574,      -7.337875944,      -4.281100607,      -4.634805516,      -1.957511892
          0,           0,        1575,      -7.342330857,      -4.284842297,      -4.639776062,      -1.961038356
          0,           0,        1576,       -7.34681707,      -4.288472679,      -4.644798599,      -1.964562749
          0,           0,        1577,      -7.351334078,      -4.291988422,      -4.649871927,      -1.968083972
          0,           0,        1578,      -7.355881349,      -4.295386425,      -4.654994789,       -1.97160095
          0,           0,        1579,      -7.360458286,      -4.298663859,      -4.660165823,      -1.975112593
          0,           0,        1580,      -7.365064236,      -4.301818177,      -4.665383583,      -1.978617789
          0,           0,        1581,      -7.369698449,      -4.304847154,      -4.670646544,      -1.982115404
          0,           0,        1582,       -7.37436016,      -4.307748885,      -4.675953092,      -1.985604371
          0,           0,        1583,      -7.379048496,      -4.310521821,      -4.681301519,      -1.989083538
          0,           0,        1584,      -7.383762524,      -4.313164772,      -4.686690027,      -1.992551815
          0,           0,        1585,       -7.38850122,       -4.31567692,      -4.692116744,      -1.996008054
          0,           0,        1586,       -7.39326349,      -4.318057825,      -4.697579671,      -1.999451116
          0,           0,        1587,      -7.398048152,      -4.320307441,       -4.70307674,      -2.002879869
          0,           0,        1588,      -7.402854003,      -4.322426108,      -4.708605703,      -2.006293239
          0,           0,        1589,      -7.407679723,      -4.324414548,      -4.714164253,      -2.009690123
          0,           0,        1590,      -7.412523936,       -4.32627387,      -4.719749942,      -2.013069456
          0,           0,        1591,      -7.417385225,      -4.328005559,      -4.725360176,      -2.016430223
          0,           0,        1592,      -7.422262034,      -4.329611468,      -4.730992255,      -2.019771373
          0,           0,        1593,       -7.42715279,      -4.331093799,      -4.736643319,      -2.023091978
          0,           0,        1594,      -7.432055784,      -4.332455095,      -4.742310398,      -2.026391025
          0,           0,        1595,      -7.436969239,      -4.333698223,      -4.747990352,      -2.029667585
          0,           0,        1596,      -7.441891309,      -4.334826344,      -4.753679916,      -2.032920766
          0,           0,        1597,      -7.446820049,      -4.335842903,      -4.759375666,      -2.036149704
          0,           0,        1598,      -7.451753403,      -4.336751607,      -4.765074043,      -2.039353532
          0,           0,        1599,      -7.456689234,      -4.337556387,      -4.770771305,      -2.042531425
          0,           0,        1600,      -7.461625333,      -4.338261388,       -4.77646359,      -2.045682617
          0,           0,        1601,      -7.466559435,       -4.33887094,      -4.782146839,      -2.048806407
          0,           0,        1602,      -7.471489138,      -4.339389528,      -4.787816875,      -2.051902072
          0,           0,        1603,      -7.476412027,      -4.339821771,      -4.793469335,      -2.054969035
          0,           0,        1604,      -7.481325547,      -4.340172403,      -4.799099755,      -2.058006688
          0,           0,        1605,      -7.486227097,      -4.340446237,       -4.80470349,      -2.061014495
          0,           0,        1606,      -7.491114016,      -4.340648151,      -4.810275752,      -2.063992003
          0,           0,        1607,      -7.495983555,      -4.340783059,      -4.815811676,      -2.066938791
          0,           0,        1608,      -7.500832928,      -4.340855894,      -4.821306291,      -2.069854532
          0,           0,        1609,      -7.505659226,       -4.34087159,      -4.826754484,      -2.072738844
          0,           0,        1610,      -7.510459562,      -4.340835064,      -4.832151088,      -2.075591543
          0,           0,        1611,      -7.515230898,      -4.340751178,      -4.837490866,      -2.078412386
          0,           0,        1612,      -7.519970256,      -4.340624765,      -4.842768518,      -2.081201292
          0,           0,        1613,      -7.524674611,      -4.340460575,      -4.847978727,      -2.083958191
          0,           0,        1614,      -7.529340808,      -4.340263273,      -4.853116175,       -2.08668302
          0,           0,        1615,      -7.533965778,      -4.340037438,      -4.858175561,      -2.089375858
          0,           0,        1616,      -7.538546415,      -4.339787542,      -4.863151597,      -2.092036799
          0,           0,        1617,      -7.543079602,      -4.339517955,      -4.868039058,      -2.094666014
          0,           0,        1618,      -7.547562255,      -4.339232915,      -4.872832837,      -2.097263775
          0,           0,        1619,      -7.551991223,      -4.338936542,      -4.877527912,      -2.099830259
          0,           0,        1620,      -7.556363501,      -4.338632816,      -4.882119429,      -2.102365859
          0,           0,        1621,      -7.560676035,      -4.338325591,      -4.886602674,      -2.104870939
          0,           0,        1622,      -7.564925866,      -4.338018575,      -4.890973168,      -2.107345937
          0,           0,        1623,      -7.569110043,      -4.337715347,       -4.89522666,      -2.109791294
          0,           0,        1624,      -7.573225726,      -4.337419331,      -4.899359072,      -2.112207497
          0,           0,        1625,      -7.577270154,      -4.337133824,      -4.903366633,      -2.114595126
          0,           0,        1626,      -7.581240666,      -4.336861965,      -4.907245881,      -2.116954767
          0,           0,        1627,      -7.585134698,      -4.336606766,      -4.910993678,      -2.119287059
          0,           0,        1628,      -7.588949843,      -4.336371089,      -4.914607259,      -2.121592661
          0,           0,        1629,      -7.592683717,      -4.336157667,      -4.918084131,      -2.123872221
          0,           0,        1630,       -7.59633418,      -4.335969087,      -4.921422251,      -2.126126469
          0,           0,        1631,      -7.599899161,      -4.335807814,      -4.924619941,      -2.128356093
          0,           0,        1632,      -7.603376793,      -4.335676174,      -4.927675881,      -2.130561854
          0,           0,        1633,      -7.606765378,      -4.335576377,      -4.930589203,      -2.132744524
          0,           0,        1634,      -7.610063399,      -4.335510489,      -4.933359448,      -2.134904907
          0,           0,        1635,      -7.613269474,      -4.335480465,      -4.935986573,      -2.137043739
          0,           0,        1636,      -7.616382395,      -4.335488146,      -4.938470945,      -2.139161771
          0,           0,        1637,      -7.619401244,      -4.335535247,      -4.940813347,      -2.141259859
          0,           0,        1638,      -7.622325217,       -4.33562338,      -4.943014973,      -2.143338759
          0,           0,        1639,      -7.625153772,      -4.335754048,      -4.945077365,      -2.145399297
          0,           0,        1640,      -7.627886506,      -4.335928646,      -4.947002479,      -2.147442242
          0,           0,        1641,      -7.630523334,      -4.336148479,      -4.948792695,      -2.149468441
          0,           0,        1642,      -7.633064319,      -4.336414758,      -4.950450572,      -2.151478715
          0,           0,        1643,      -7.635509774,       -4.33672861,      -4.951979152,      -2.153473843
          0,           0,        1644,      -7.637860272,       -4.33709108,      -4.953381688,      -2.155454716
          0,           0,        1645,      -7.640116576,      -4.337503142,      -4.954661723,      -2.157422189
          0,           0,        1646,      -7.642279738,      -4.337965711,      -4.955823025,      -2.159377192
          0,           0,        1647,      -7.644350924,      -4.338479626,      -4.956869705,      -2.161320522
          0,           0,        1648,      -7.646331592,      -4.339045678,      -4.957805926,      -2.163253095
          0,           0,        1649,       -7.64822335,      -4.339664604,      -4.958636097,      -2.165175761
          0,           0,        1650,      -7.650028047,        -4.3403371,      -4.959364733,       -2.16708945
          0,           0,        1651,      -7.651747691,       -4.34106381,      -4.959996528,      -2.168995039
          0,           0,        1652,      -7.653384426,      -4.341845338,      -4.960536223,        -2.1708934
          0,           0,        1653,      -7.654940563,      -4.342682243,      -4.960988683,      -2.172785422
          0,           0,        1654,      -7.656418515,      -4.343575053,       -4.96135879,      -2.174671908
          0,           0,        1655,      -7.657820857,      -4.344524249,      -4.961651525,      -2.176553732
          0,           0,        1656,      -7.659150247,      -4.345530287,       -4.96187182,      -2.178431745
          0,           0,        1657,       -7.66040948,      -4.346593586,      -4.962024655,      -2.180306744
          0,           0,        1658,      -7.661601366,      -4.347714536,      -4.962114985,      -2.182179555
          0,           0,        1659,      -7.662728841,      -4.348893497,      -4.962147736,      -2.184050999
          0,           0,        1660,       -7.66379493,      -4.350130804,      -4.962127796,       -2.18592191
          0,           0,        1661,      -7.668425016,      -4.351930771,      -4.962612541,       -2.19124666
          0,           0,        1662,      -7.673985469,      -4.354247419,      -4.963649862,      -2.197544278
          0,           0,        1663,      -7.678827546,      -4.356923041,       -4.96500116,      -2.203142398
          0,           0,        1664,      -7.682979439,      -4.359853642,      -4.966568388,       -2.20805274
          0,           0,        1665,      -7.687040283,      -4.363022093,      -4.968413865,      -2.212928779
          0,           0,        1666,       -7.69127752,      -4.366441381,      -4.970576161,      -2.218093933
          0,           0,        1667,      -7.694533669,      -4.369932075,      -4.972841147,      -2.222380903
          0,           0,        1668,      -7.695951585,      -4.373263197,      -4.974928084,      -2.224866311
          0,           0,        1669,      -7.697063421,      -4.376512425,      -4.976883178,      -2.227083029
          0,           0,        1670,      -7.698791064,      -4.379789009,      -4.978818073,      -2.230010428
          0,           0,        1671,       -7.70108273,      -4.383149643,      -4.980762629,      -2.233595483
          0,           0,        1672,       -7.70356553,      -4.386598296,      -4.982688696,      -2.237408706
          0,           0,        1673,      -7.706086954,       -4.39012643,      -4.984599485,      -2.241255736
          0,           0,        1674,      -7.708714885,      -4.393735702,      -4.986550225,       -2.24521039
          0,           0,        1675,      -7.711514957,        -4.3974334,      -4.988601359,      -2.249362885
          0,           0,        1676,      -7.714452372,      -4.401221212,      -4.990779245,      -2.253680981
          0,           0,        1677,      -7.717451454,      -4.405092568,      -4.993077115,      -2.258062143
          0,           0,        1678,      -7.720472362,      -4.409037278,      -4.995476305,      -2.262434439
          0,           0,        1679,      -7.723520348,      -4.413045766,      -4.997961052,      -2.266790577
          0,           0,        1680,      -7.726610345,      -4.417109309,      -5.000521086,      -2.271155276
          0,           0,        1681,      -7.729740607,      -4.421218242,      -5.003147572,      -2.275543512
          0,           0,        1682,      -7.732893584,      -4.425361176,      -5.005828418,      -2.279947265
          0,           0,        1683,       -7.73604721,      -4.429525842,      -5.008544989,      -2.284345163
          0,           0,        1684,      -7.739178675,      -4.433700232,      -5.011271241,      -2.288712955
          0,           0,        1685,        -7.7422603,      -4.437873026,      -5.013975737,      -2.293024199
          0,           0,        1686,      -7.745257327,      -4.442033356,      -5.016625191,      -2.297246569
          0,           0,        1687,      -7.748132359,      -4.446170606,      -5.019187063,      -2.301342265
          0,           0,        1688,      -7.750853239,      -4.450274522,      -5.021631071,      -2.305274491
          0,           0,        1689,      -7.753398554,       -4.45433551,      -5.023929223,      -2.309015525
          0,           0,        1690,       -7.75575797,      -4.458344844,      -5.026055851,      -2.312550461
          0,           0,        1691,      -7.757929801,      -4.462294765,      -5.027987783,      -2.315876742
          0,           0,        1692,      -7.759917145,      -4.466178509,      -5.029704687,      -2.318999329
          0,           0,        1693,      -7.761724639,      -4.469990346,      -5.031189206,      -2.321925839
          0,           0,        1694,      -7.763356039,      -4.473725613,      -5.032427253,      -2.324662466
          0,           0,        1695,      -7.764813456,      -4.477380758,      -5.033407876,      -2.327212792
          0,           0,        1696,      -7.766098364,      -4.480953277,      -5.034123629,      -2.329578777
          0,           0,        1697,      -7.767213592,      -4.484441718,      -5.034570628,      -2.331762739
          0,           0,        1698,      -7.768165615,      -4.487845649,      -5.034748837,      -2.333769968
          0,           0,        1699,       -7.76896507,      -4.491165679,      -5.034662706,      -2.335609686
          0,           0,        1700,      -7.769625495,      -4.494403465,      -5.034321714,       -2.33729466
          0,           0,        1701,      -7.770160563,      -4.497561725,      -5.033740838,      -2.338839131
          0,           0,        1702,      -7.770581035,      -4.500644147,      -5.032940541,      -2.340256242
          0,           0,        1703,      -7.770892885,      -4.503655286,      -5.031945653,       -2.34155581
          0,           0,        1704,      -7.771097423,      -4.506600368,      -5.030783869,      -2.342743695
          0,           0,        1705,      -7.771193343,      -4.509485109,      -5.029483473,      -2.343822961
          0,           0,        1706,      -7.771180114,      -4.512315518,       -5.02807148,        -2.3447963
          0,           0,        1707,      -7.771060805,      -4.515097778,      -5.026572038,       -2.34566868
          0,           0,        1708,      -7.779247817,      -4.519603596,      -5.027871516,      -2.356029802
          0,           0,        1709,      -7.790416902,       -4.52557165,      -5.031838932,      -2.369866886
          0,           0,        1710,       -7.79355891,      -4.530889827,      -5.035147416,       -2.37410309
          0,           0,        1711,      -7.792693808,      -4.535505991,      -5.037137168,      -2.373299542
          0,           0,        1712,      -7.799892124,      -4.541444366,      -5.040615373,      -2.382027849
          0,           0,        1713,      -7.811554715,      -4.548709555,      -5.046057776,      -2.396453088
          0,           0,        1714,      -7.816403114,      -4.555342449,      -5.050936213,      -2.402862251
          0,           0,        1715,      -7.816560233,      -4.561202456,      -5.054591468,      -2.403348544
          0,           0,        1716,      -7.816309572,      -4.566563807,      -5.057185102,      -2.403144222
          0,           0,        1717,      -7.817959448,      -4.571769656,      -5.059222719,      -2.405330244
          0,           0,        1718,      -7.827733752,      -4.578521485,      -5.063018019,      -2.417716611
          0,           0,        1719,      -7.833637511,      -4.585032081,      -5.066720076,      -2.425650807
          0,           0,        1720,      -7.835598073,      -4.591070558,      -5.069752502,      -2.428569913
          0,           0,        1721,      -7.836305016,      -4.596734297,      -5.072063359,      -2.429656776
          0,           0,        1722,      -7.838136978,      -4.602272725,      -5.073957255,      -2.432030164
          0,           0,        1723,      -7.841399684,      -4.607847942,      -5.075749785,      -2.436313037
          0,           0,        1724,      -7.845065802,      -4.613465343,      -5.077559259,      -2.441337541
          0,           0,        1725,      -7.848270185,      -4.619061179,      -5.079345205,      -2.445948606
          0,           0,        1726,      -7.850959491,      -4.624604256,      -5.081057851,      -2.449929727
          0,           0,        1727,      -7.850471777,      -4.629412625,      -5.081839778,      -2.449846317
          0,           0,        1728,      -7.851911523,      -4.634329597,      -5.082577578,      -2.452158668
          0,           0,        1729,      -7.854993586,       -4.63945765,      -5.083540963,      -2.456656215
          0,           0,        1730,      -7.858440087,      -4.644744701,      -5.084785099,      -2.461756497
          0,           0,        1731,      -7.861375528,      -4.650084479,      -5.086211645,      -2.466255212
          0,           0,        1732,      -7.860666592,      -4.654692231,      -5.086798417,      -2.466048138
          0,           0,        1733,      -7.861532539,      -4.659386444,      -5.087419021,      -2.467777734
          0,           0,        1734,      -7.863983492,      -4.664270705,      -5.088329558,      -2.471569819
          0,           0,        1735,      -7.866931283,      -4.669299059,      -5.089570569,      -2.476066141
          0,           0,        1736,      -7.869508914,      -4.674362302,      -5.091006785,      -2.480096338
          0,           0,        1737,      -7.871616256,      -4.679392671,       -5.09250159,      -2.483463934
          0,           0,        1738,      -7.870456039,      -4.683626448,      -5.092985977,      -2.482540092
          0,           0,        1739,      -7.871032337,      -4.687928883,      -5.093443224,      -2.483890168
          0,           0,        1740,      -7.872990742,      -4.692380917,      -5.094135962,       -2.48715712
          0,           0,        1741,      -7.875130279,      -4.696909794,      -5.095077801,      -2.490762985
          0,           0,        1742,      -7.876706191,      -4.701404607,      -5.096113365,      -2.493642918
          0,           0,        1743,      -7.877760721,      -4.705815405,      -5.097106284,      -2.495783991
          0,           0,        1744,      -7.878660916,      -4.710153247,      -5.098011355,      -2.497672407
          0,           0,        1745,      -7.876411297,      -4.713625391,       -5.09769605,      -2.495419299
          0,           0,        1746,      -7.875711058,        -4.7171249,      -5.097257244,      -2.495291664
          0,           0,        1747,      -7.876126369,      -4.720714312,      -5.096949331,      -2.496752247
          0,           0,        1748,      -7.876642612,      -4.724321471,      -5.096776111,      -2.498403326
          0,           0,        1749,      -7.876713869,      -4.727855532,      -5.096593468,      -2.499445671
          0,           0,        1750,      -7.876418161,      -4.731288283,      -5.096292732,      -2.499959433
          0,           0,        1751,       -7.87601689,      -4.734639948,      -5.095858257,      -2.500324706
          0,           0,        1752,      -7.875585036,      -4.737927114,      -5.095318585,      -2.500683236
          0,           0,        1753,      -7.875017416,      -4.741140048,      -5.094690254,      -2.500908555
          0,           0,        1754,      -7.874219204,      -4.744257697,      -5.093965203,      -2.500857112
          0,           0,        1755,      -7.876595762,      -4.748520475,      -5.094683983,      -2.505099211
          0,           0,        1756,      -7.880385874,       -4.75370716,      -5.096652708,      -2.511224646
          0,           0,        1757,      -7.887411011,      -4.760111788,      -5.100420947,      -2.521635723
          0,           0,        1758,       -7.89397442,      -4.766850929,      -5.104855173,      -2.531139478
          0,           0,        1759,      -7.898470111,      -4.773308289,      -5.109016283,       -2.53736855
          0,           0,        1760,      -7.900772167,      -4.779230134,      -5.112298653,      -2.540224268
          0,           0,        1761,      -7.901793079,      -4.784549833,      -5.114535634,      -2.541209807
          0,           0,        1762,      -7.902748241,      -4.789444776,      -5.116048537,      -2.542228662
          0,           0,        1763,       -7.90394582,      -4.794042944,      -5.117131513,      -2.543795881
          0,           0,        1764,      -7.905172493,      -4.798398031,      -5.117917063,      -2.545582557
          0,           0,        1765,      -7.906190055,      -4.802538022,      -5.118414668,       -2.54718288
          0,           0,        1766,      -7.906993545,        -4.8065086,      -5.118615606,      -2.548544159
          0,           0,        1767,      -7.907748862,      -4.810373639,      -5.118553918,      -2.549887883
          0,           0,        1768,       -7.90861069,       -4.81418946,       -5.11829877,      -2.551420459
          0,           0,        1769,      -7.909624496,      -4.817985562,      -5.117920202,       -2.55317172
          0,           0,        1770,      -7.910753892,      -4.821766195,      -5.117469876,      -2.555044624
          0,           0,        1771,      -7.911951776,      -4.825525159,      -5.116986702,      -2.556946436
          0,           0,        1772,      -7.913198369,      -4.829259042,      -5.116509483,      -2.558861698
          0,           0,        1773,      -7.914489724,      -4.832971282,      -5.116080729,      -2.560828046
          0,           0,        1774,      -7.915810144,      -4.836669174,      -5.115739489,      -2.562871829
          0,           0,        1775,      -7.917122088,      -4.840359678,      -5.115511769,       -2.56497136
          0,           0,        1776,      -7.918378449,       -4.84404785,       -5.11540713,      -2.567067717
          0,           0,        1777,      -7.919541529,      -4.847737522,      -5.115422649,      -2.569098465
          0,           0,        1778,      -7.920591897,      -4.851432117,        -5.1155506,      -2.571020232
          0,           0,        1779,      -7.921525447,      -4.855133977,      -5.115784958,      -2.572810812
          0,           0,        1780,      -7.922346576,        -4.8588428,      -5.116123939,      -2.574460882
          0,           0,        1781,      -7.923065505,        -4.8625546,      -5.116568966,      -2.575969014
          0,           0,        1782,      -7.923700895,      -4.866262253,      -5.117122338,      -2.577345427
          0,           0,        1783,      -7.924284205,        -4.8699575,       -5.11778435,      -2.578618992
          0,           0,        1784,      -7.924860953,      -4.873633293,      -5.118551378,      -2.579840417
          0,           0,        1785,      -7.925485066,      -4.877285452,      -5.119415002,      -2.581075069
          0,           0,        1786,      -7.926208429,      -4.880912961,      -5.120362655,      -2.582388917
          0,           0,        1787,       -7.92706964,      -4.884517123,      -5.121379863,      -2.583833905
          0,           0,        1788,      -7.928086428,      -4.888100049,      -5.122453435,       -2.58543863
          0,           0,        1789,      -7.929254481,      -4.891663184,      -5.123574594,      -2.587207662
          0,           0,        1790,      -7.930550084,      -4.895206395,      -5.124740962,      -2.589124297
          0,           0,        1791,      -7.931935901,       -4.89872791,      -5.125955964,      -2.591156148
          0,           0,        1792,      -7.931308736,      -4.901488054,      -5.126441512,       -2.59015376
          0,           0,        1793,      -7.931536505,      -4.904301784,      -5.127021985,      -2.590506081
          0,           0,        1794,      -7.932517285,      -4.907244194,       -5.12781412,      -2.592074893
          0,           0,        1795,      -7.933762881,      -4.910290548,      -5.128842311,      -2.594122049
          0,           0,        1796,      -7.934874043,      -4.913374858,      -5.130052107,      -2.596021978
          0,           0,        1797,      -7.934658703,      -4.916190801,      -5.131022188,      -2.595917893
          0,           0,        1798,      -7.934842208,      -4.919009882,      -5.132069387,      -2.596422576
          0,           0,        1799,      -7.934532395,      -4.921391379,      -5.132764189,      -2.596161801
          0,           0,        1800,      -7.934868226,      -4.923902014,      -5.133622768,      -2.596809109
          0,           0,        1801,      -7.935606995,      -4.926529676,      -5.134666103,      -2.598014613
          0,           0,        1802,      -7.935357501,      -4.928940841,      -5.135503726,      -2.597693242
          0,           0,        1803,      -7.935590673,      -4.931371853,      -5.136489337,      -2.598146822
          0,           0,        1804,      -7.936255621,      -4.933853095,      -5.137670184,      -2.599281368
          0,           0,        1805,      -7.937135534,      -4.936388517,       -5.13905183,      -2.600743893
          0,           0,        1806,      -7.937019764,      -4.938444704,      -5.140097634,      -2.600720536
          0,           0,        1807,      -7.935984987,      -4.940305077,      -5.140922534,      -2.599280862
          0,           0,        1808,      -7.935644993,      -4.942287678,      -5.141950231,        -2.5989545
          0,           0,        1809,      -7.935797559,      -4.944414814,      -5.143241775,      -2.599433103
          0,           0,        1810,      -7.936076336,      -4.946640115,      -5.144770122,      -2.600134408
          0,           0,        1811,      -7.936296921,      -4.948907296,      -5.146461071,      -2.600726683
          0,           0,        1812,      -7.935366225,      -4.950885916,      -5.147833763,      -2.599471709
          0,           0,        1813,      -7.935075537,      -4.952881643,      -5.149277638,      -2.599097702
          0,           0,        1814,      -7.934500848,      -4.954402721,      -5.150301797,      -2.598199951
          0,           0,        1815,      -7.934698699,      -4.956045961,      -5.151493421,       -2.59830488
          0,           0,        1816,      -7.935445468,      -4.957795221,      -5.152862313,      -2.599113874
          0,           0,        1817,      -7.936491189,      -4.959600175,      -5.154389709,      -2.600305003
          0,           0,        1818,      -7.936554142,      -4.961107856,       -5.15561362,      -2.599945831
          0,           0,        1819,      -7.937215995,       -4.96263931,      -5.156974967,      -2.600497704
          0,           0,        1820,      -7.938435505,      -4.964254715,      -5.158547988,      -2.601872532
          0,           0,        1821,      -7.938961255,      -4.965399482,      -5.159780969,      -2.602205277
          0,           0,        1822,      -7.939796865,       -4.96667819,      -5.161284812,      -2.602960863
          0,           0,        1823,      -7.939683985,      -4.967754684,      -5.162619843,      -2.602239546
          0,           0,        1824,      -7.940133405,      -4.968933452,       -5.16425055,      -2.602420279
          0,           0,        1825,      -7.941019512,      -4.970225936,      -5.166219473,      -2.603283949
          0,           0,        1826,      -7.941119801,      -4.971025632,       -5.16790473,      -2.602965258
          0,           0,        1827,      -7.941607986,      -4.971956481,      -5.169914197,      -2.603122415
          0,           0,        1828,      -7.941339739,      -4.972668315,      -5.171772894,       -2.60198244
          0,           0,        1829,      -7.941858197,      -4.973474378,      -5.173953373,      -2.601960217
          0,           0,        1830,      -7.943009849,      -4.974375729,      -5.176496311,      -2.602814569
          0,           0,        1831,      -7.943519873,      -4.974728587,      -5.178751893,       -2.60261543
          0,           0,        1832,      -7.944513707,      -4.975186394,      -5.181360437,      -2.602995732
          0,           0,        1833,      -7.944802177,      -4.975383555,      -5.183835639,      -2.602135912
          0,           0,        1834,      -7.945872234,      -4.975652728,      -5.186664809,      -2.602375198
          0,           0,        1835,      -7.947548188,         -4.975996,      -5.189888259,      -2.603445149
          0,           0,        1836,      -7.948533305,      -4.975730318,      -5.192821617,      -2.603350363
          0,           0,        1837,      -7.949977095,      -4.975541268,      -5.196127621,      -2.603783782
          0,           0,        1838,      -7.950715508,      -4.975037338,      -5.199304847,      -2.602948637
          0,           0,        1839,       -7.95225141,      -4.974562039,      -5.202845891,      -2.603186912
          0,           0,        1840,      -7.954428149,      -4.974114613,      -5.206790725,      -2.604255444
          0,           0,        1841,      -7.955916362,      -4.972965027,      -5.210419689,      -2.604076235
          0,           0,        1842,      -7.957874123,      -4.971845909,      -5.214418776,      -2.604432021
          0,           0,        1843,      -7.959108435,      -4.970350702,      -5.218286133,      -2.603507432
          0,           0,        1844,      -7.961091999,      -4.968845617,      -5.222518808,      -2.603592882
          0,           0,        1845,      -7.963654195,       -4.96733733,      -5.227159963,      -2.604425148
          0,           0,        1846,      -7.965398628,      -4.965048936,      -5.231446413,      -2.603776935
          0,           0,        1847,      -7.967542642,      -4.962771494,      -5.236071412,      -2.603593669
          0,           0,        1848,      -7.968904825,      -4.960089127,      -5.240532203,      -2.602083771
          0,           0,        1849,      -7.970991811,      -4.957386332,       -5.24530603,      -2.601530026
          0,           0,        1850,       -7.97367019,      -4.954673481,      -5.250426471,      -2.601695534
          0,           0,        1851,      -7.975487901,      -4.951123471,      -5.255067306,      -2.600214211
          0,           0,        1852,      -7.977772254,      -4.947586993,      -5.259915998,       -2.59928657
          0,           0,        1853,      -7.979338138,      -4.943650672,      -5.264491119,      -2.597158315
          0,           0,        1854,      -7.981693141,      -4.939715276,      -5.269254504,      -2.596052793
          0,           0,        1855,      -7.984689654,      -4.935799435,      -5.274250635,      -2.595705694
          0,           0,        1856,      -7.986734358,      -4.931038808,      -5.278603142,      -2.593539954
          0,           0,        1857,      -7.989264422,      -4.926342336,      -5.283005977,      -2.592019894
          0,           0,        1858,      -7.991052342,      -4.921312827,      -5.287043129,      -2.589404243
          0,           0,        1859,      -7.993610479,      -4.916356743,      -5.291163581,      -2.587824225
          0,           0,        1860,      -7.996778641,      -4.911496148,      -5.295428614,      -2.586979005
          0,           0,        1861,      -7.998796779,      -4.905840648,      -5.298915127,       -2.58409124
          0,           0,        1862,      -8.001302573,      -4.900336571,      -5.302307828,      -2.581954964
          0,           0,        1863,      -8.003041642,      -4.894608059,      -5.305283938,      -2.578873171
          0,           0,        1864,      -8.005561026,      -4.889049637,      -5.308261495,      -2.576874829
          0,           0,        1865,      -8.008690794,      -4.883679735,      -5.311308201,      -2.575617244
          0,           0,        1866,      -8.010478609,      -4.877597618,      -5.313463602,      -2.572152778
          0,           0,        1867,      -8.012831967,      -4.871762846,      -5.315384952,      -2.569608598
          0,           0,        1868,      -8.014462622,      -4.865825495,      -5.316872482,      -2.566337656
          0,           0,        1869,      -8.016944431,      -4.860154016,      -5.318311435,      -2.564230333
          0,           0,        1870,      -8.020073874,      -4.854758109,      -5.319783185,      -2.562888512
          0,           0,        1871,       -8.02308629,      -4.849420094,      -5.321026868,      -2.561207559
          0,           0,        1872,      -8.026239604,       -4.84430031,      -5.322064069,      -2.559665339
          0,           0,        1873,      -8.028169487,      -4.839024458,      -5.322552771,      -2.556690625
          0,           0,        1874,      -8.030805965,      -4.833993209,      -5.322795479,       -2.55473548
          0,           0,        1875,      -8.034143181,      -4.829282519,      -5.323019837,      -2.553804927
          0,           0,        1876,      -8.037741012,      -4.824863882,      -5.323268687,      -2.553236371
          0,           0,        1877,      -8.041259602,      -4.820674389,      -5.323433908,      -2.552539533
          0,           0,        1878,      -8.043256562,      -4.816336646,      -5.323140056,      -2.550132206
          0,           0,        1879,      -8.045913826,       -4.81224256,       -5.32260829,      -2.548677642
          0,           0,        1880,      -8.049331498,      -4.808494732,      -5.322105202,      -2.548381326
          0,           0,        1881,      -8.053028836,      -4.805072326,      -5.321720747,      -2.548561917
          0,           0,        1882,      -8.056603834,      -4.801904459,      -5.321368156,      -2.548630988
          0,           0,        1883,      -8.058554659,      -4.798631575,       -5.32072711,       -2.54702458
          0,           0,        1884,      -8.061211376,      -4.795615426,      -5.319974053,      -2.546377012
          0,           0,        1885,      -8.064672932,      -4.792956535,      -5.319350534,      -2.546911939
          0,           0,        1886,      -8.068392558,      -4.790633158,      -5.318932548,      -2.547935587
          0,           0,        1887,      -8.071927323,      -4.788572962,      -5.318637041,       -2.54884674
          0,           0,        1888,      -8.073739217,      -4.786438804,      -5.318194018,      -2.548139452
          0,           0,        1889,      -8.076290121,       -4.78456229,      -5.317751193,      -2.548392431
          0,           0,        1890,      -8.079656387,      -4.783036736,      -5.317510267,      -2.549807085
          0,           0,        1891,      -8.083229556,      -4.781837524,      -5.317518183,      -2.551676557
          0,           0,        1892,      -8.086546936,      -4.780892273,      -5.317690045,      -2.553410242
          0,           0,        1893,      -8.088062697,      -4.779885785,       -5.31779223,      -2.553570749
          0,           0,        1894,      -8.090354024,      -4.779123052,      -5.317958416,      -2.554685039
          0,           0,        1895,      -8.093464738,      -4.778690458,      -5.318353552,      -2.556921964
          0,           0,        1896,      -8.096734827,      -4.778561513,      -5.318999356,      -2.559566003
          0,           0,        1897,      -8.099696997,      -4.778665496,      -5.319813415,      -2.562046891
          0,           0,        1898,      -8.100814009,      -4.778707697,      -5.320588413,      -2.562989343
          0,           0,        1899,      -8.102750465,      -4.778971282,      -5.321457734,      -2.564879414
          0,           0,        1900,      -8.105506992,       -4.77953693,      -5.322556454,      -2.567847138
          0,           0,        1901,      -8.108380581,      -4.780377322,      -5.323885706,      -2.571169038
          0,           0,        1902,      -8.110910615,      -4.781424511,      -5.325365946,       -2.57429952
          0,           0,        1903,      -8.111578833,      -4.782401791,      -5.326803776,      -2.575911678
          0,           0,        1904,      -8.113109628,      -4.783574772,      -5.328341743,      -2.578465508
          0,           0,        1905,      -8.115457856,      -4.785019335,      -5.330092398,      -2.582048211
          0,           0,        1906,      -8.117891913,      -4.786707899,      -5.332040377,      -2.585928821
          0,           0,        1907,      -8.119968626,      -4.788575763,      -5.334109847,      -2.589589478
          0,           0,        1908,      -8.120193797,      -4.790361533,      -5.336109522,      -2.591735395
          0,           0,        1909,      -8.121325872,      -4.792317083,      -5.338202916,      -2.594819903
          0,           0,        1910,      -8.123273886,      -4.794514192,      -5.340488136,      -2.598883865
          0,           0,        1911,      -8.125290432,      -4.796925386,      -5.342938302,      -2.603191053
          0,           0,        1912,      -8.126955332,      -4.799489338,      -5.345483053,       -2.60725353
          0,           0,        1913,      -8.126794361,      -4.801957117,      -5.347919755,      -2.609789296
          0,           0,        1914,      -8.127581742,      -4.804570173,      -5.350441536,      -2.613268133
          0,           0,        1915,      -8.129184063,      -4.807396842,      -5.353136338,      -2.617682389
          0,           0,        1916,      -8.130848601,      -4.810409788,      -5.355966961,      -2.622289672
          0,           0,        1917,      -8.132181167,      -4.813550933,      -5.358865831,      -2.626633231
          0,           0,        1918,      -8.131719605,      -4.816580935,      -5.361604099,      -2.629421099
          0,           0,        1919,      -8.132243778,      -4.819733872,      -5.364413345,      -2.633164163
          0,           0,        1920,      -8.133583978,      -4.823075198,      -5.367376453,      -2.637804425
          0,           0,        1921,      -8.134990353,      -4.826577717,      -5.370448343,      -2.642593485
          0,           0,        1922,      -8.136092459,      -4.830186392,      -5.373565111,      -2.647104625
          0,           0,        1923,      -8.137009126,       -4.83387799,      -5.376723734,      -2.651442965
          0,           0,        1924,      -8.136383777,      -4.837451905,      -5.379679064,        -2.6544199
          0,           0,        1925,      -8.136824305,      -4.841139156,      -5.382701532,      -2.658448937
          0,           0,        1926,      -8.138006333,      -4.844989543,       -5.38585027,      -2.663254693
          0,           0,        1927,      -8.139208037,       -4.84896883,        -5.3890704,      -2.668082621
          0,           0,        1928,      -8.140154398,       -4.85302782,      -5.392310379,      -2.672622588
          0,           0,        1929,      -8.140998773,      -4.857151065,      -5.395579647,      -2.677042864
          0,           0,        1930,       -8.14192717,      -4.861348191,      -5.398905732,      -2.681559698
          0,           0,        1931,       -8.14295686,      -4.865626942,      -5.402290665,      -2.686192282
          0,           0,        1932,      -8.144011987,      -4.869983432,      -5.405716122,      -2.690838506
          0,           0,        1933,      -8.143477784,      -4.874203633,      -5.408792337,      -2.693870755
          0,           0,        1934,      -8.143910254,      -4.878500329,      -5.411873884,      -2.697823661
          0,           0,        1935,      -8.145090218,      -4.882922439,      -5.415047536,      -2.702513855
          0,           0,        1936,      -8.146401903,       -4.88744585,      -5.418276146,      -2.707296126
          0,           0,        1937,      -8.147574899,      -4.892029537,      -5.421517481,      -2.711879345
          0,           0,        1938,      -8.148699911,      -4.896658459,      -5.424783403,      -2.716360742
          0,           0,        1939,      -8.149911865,      -4.901338562,      -5.428096886,       -2.72088123
          0,           0,        1940,      -8.151223238,      -4.906075781,      -5.431453219,      -2.725441704
          0,           0,        1941,      -8.152577699,      -4.910867456,      -5.434829599,      -2.729967268
          0,           0,        1942,      -8.153947738,      -4.915707045,      -5.438208597,      -2.734419857
          0,           0,        1943,      -8.154708855,      -4.920504147,      -5.441379197,      -2.738115031
          0,           0,        1944,      -8.155930194,      -4.925349155,      -5.444543143,      -2.742236959
          0,           0,        1945,      -8.157516643,      -4.930261264,      -5.447747706,      -2.746692031
          0,           0,        1946,      -8.159216569,      -4.935229205,      -5.450979719,      -2.751197932
          0,           0,        1947,      -8.160913788,      -4.940235412,      -5.454221132,      -2.755622237
          0,           0,        1948,       -8.16263435,      -4.945273241,      -5.457472362,      -2.759987288
          0,           0,        1949,      -8.164423201,      -4.950344214,       -5.46073465,       -2.76433052
          0,           0,        1950,      -8.166283371,      -4.955449458,      -5.463998485,      -2.768643833
          0,           0,        1951,      -8.168197039,      -4.960586725,      -5.467251782,      -2.772904965
          0,           0,        1952,      -8.170159416,      -4.965752356,       -5.47048886,      -2.777114355
          0,           0,        1953,      -8.172182373,       -4.97094362,      -5.473710224,      -2.781293365
          0,           0,        1954,      -8.174279333,      -4.976158935,      -5.476917376,      -2.785463237
          0,           0,        1955,      -8.176453221,      -4.981396962,      -5.480109719,      -2.789629345
          0,           0,        1956,      -8.178698058,       -4.98665607,      -5.483285065,      -2.793783602
          0,           0,        1957,      -8.181005595,      -4.991934389,      -5.486440285,      -2.797913703
          0,           0,        1958,      -8.183369404,       -4.99723017,      -5.489572132,      -2.802009564
          0,           0,        1959,      -8.185785724,      -5.002541794,      -5.492677737,       -2.80606576
          0,           0,        1960,      -8.188252954,      -5.007867728,      -5.495754793,      -2.810081279
          0,           0,        1961,      -8.190770346,      -5.013206427,      -5.498802468,      -2.814057891
          0,           0,        1962,      -8.193337531,      -5.018556322,      -5.501821105,      -2.817998867
          0,           0,        1963,      -8.195953729,       -5.02391595,      -5.504811634,      -2.821907377
          0,           0,        1964,      -8.198616745,      -5.029283805,      -5.507774689,      -2.825784236
          0,           0,        1965,      -8.201324222,      -5.034658409,      -5.510710231,      -2.829629038
          0,           0,        1966,      -8.204073505,      -5.040038284,      -5.513617158,      -2.833439918
          0,           0,        1967,      -8.206862515,      -5.045422018,      -5.516494205,      -2.837215474
          0,           0,        1968,      -8.209690163,      -5.050808295,      -5.519340103,      -2.840955887
          0,           0,        1969,      -8.212554995,      -5.056195946,      -5.522154615,      -2.844661917
          0,           0,        1970,      -8.215455128,      -5.061583932,      -5.524938539,      -2.848334733
          0,           0,        1971,       -8.21838809,       -5.06697146,      -5.527693743,      -2.851975521
          0,           0,        1972,      -8.221350928,       -5.07235784,      -5.530422948,       -2.85558471
          0,           0,        1973,      -8.224339968,      -5.077742492,      -5.533129157,      -2.859161729
          0,           0,        1974,      -8.227352114,      -5.083124871,      -5.535815474,      -2.862706121
          0,           0,        1975,      -8.230385194,      -5.088504478,      -5.538484275,      -2.866218012
          0,           0,        1976,      -8.233437911,      -5.093880861,      -5.541137686,      -2.869698036
          0,           0,        1977,      -8.236509799,      -5.099253637,      -5.543777267,      -2.873147982
          0,           0,        1978,      -8.239601036,      -5.104622521,      -5.546404635,      -2.876570457
          0,           0,        1979,      -8.242711541,      -5.109987347,      -5.549021784,      -2.879967988
          0,           0,        1980,      -8.245841279,      -5.115348107,      -5.551631043,       -2.88334349
          0,           0,        1981,      -8.248989453,      -5.120704908,      -5.554235517,      -2.886699079
          0,           0,        1982,      -8.252155041,       -5.12605796,      -5.556838667,       -2.89003647
          0,           0,        1983,      -8.255336689,      -5.131407489,      -5.559444008,      -2.893356575
          0,           0,        1984,      -8.258533497,       -5.13675382,      -5.562055044,      -2.896660777
          0,           0,        1985,      -8.261744455,      -5.142097251,      -5.564675127,      -2.899949846
          0,           0,        1986,      -8.264969344,      -5.147438076,      -5.567307317,       -2.90322519
          0,           0,        1987,      -8.268207956,      -5.152776609,      -5.569954288,      -2.906488525
          0,           0,        1988,      -8.271460369,      -5.158113118,      -5.572618771,      -2.909741267
          0,           0,        1989,      -8.274726861,      -5.163447928,      -5.575303017,      -2.912985183
          0,           0,        1990,      -8.278007795,      -5.168781262,      -5.578009498,      -2.916222006
          0,           0,        1991,      -8.281303498,      -5.174113356,      -5.580740572,       -2.91945339
          0,           0,        1992,      -8.284614452,       -5.17944441,      -5.583498098,      -2.922681031
          0,           0,        1993,      -8.287941184,      -5.184774541,      -5.586284283,      -2.925906548
          0,           0,        1994,       -8.29128415,      -5.190103807,      -5.589101246,      -2.929131574
          0,           0,        1995,       -8.29464371,      -5.195432189,       -5.59195077,      -2.932357024
          0,           0,        1996,      -8.298020474,      -5.200759602,      -5.594834888,      -2.935584308
          0,           0,        1997,      -8.301414691,      -5.206085844,      -5.597755453,      -2.938814362
          0,           0,        1998,      -8.304826897,      -5.211410647,      -5.600714209,      -2.942048151
          0,           0,        1999,       -8.30825728,      -5.216733546,      -5.603713029,      -2.945286282
          0,           0,        2000,      -8.311706438,      -5.222054051,      -5.606753374,      -2.948529702
          0,           0,        2001,      -8.315174836,      -5.227371485,      -5.609836726,       -2.95177882
          0,           0,        2002,      -8.318663141,      -5.232685015,      -5.612964497,      -2.955034451
          0,           0,        2003,      -8.322172303,      -5.237993733,      -5.616137851,      -2.958297663
          0,           0,        2004,      -8.325702826,      -5.243296489,      -5.619357954,      -2.961568856
          0,           0,        2005,       -8.32925615,      -5.248592069,      -5.622625907,      -2.964849618
          0,           0,        2006,      -8.332832548,      -5.253879054,      -5.625942736,      -2.968139864
          0,           0,        2007,       -8.33643299,      -5.259155914,      -5.629309671,      -2.971440621
          0,           0,        2008,      -8.340058069,      -5.264420941,      -5.632727593,      -2.974752035
          0,           0,        2009,      -8.343708458,      -5.269672277,      -5.636197707,      -2.978074573
          0,           0,        2010,       -8.34738451,      -5.274907881,      -5.639720966,      -2.981408254
          0,           0,        2011,      -8.351086945,       -5.28012556,      -5.643298373,       -2.98475336
          0,           0,        2012,      -8.354816223,       -5.28532296,       -5.64693071,      -2.988109803
          0,           0,        2013,      -8.358572879,      -5.290497484,      -5.650618856,      -2.991477567
          0,           0,        2014,      -8.362357666,       -5.29564649,      -5.654363417,       -2.99485687
          0,           0,        2015,       -8.36617106,      -5.300767014,      -5.658164967,      -2.998247529
          0,           0,        2016,      -8.370013843,       -5.30585607,      -5.662024085,      -3.001649783
          0,           0,        2017,      -8.373886563,      -5.310910427,      -5.665940984,      -3.005063541
          0,           0,        2018,      -8.377789633,      -5.315926734,      -5.669916412,      -3.008488323
          0,           0,        2019,      -8.381723734,      -5.320901537,      -5.673950351,      -3.011924439
          0,           0,        2020,      -8.385689089,      -5.325831138,      -5.678043398,      -3.015371303
          0,           0,        2021,       -8.38968608,      -5.330711825,      -5.682195723,      -3.018828416
          0,           0,        2022,      -8.393714994,      -5.335539707,      -5.686407364,      -3.022295393
          0,           0,        2023,      -8.397776069,      -5.340310796,      -5.690678502,      -3.025771621
          0,           0,        2024,      -8.401869517,      -5.345020996,      -5.695009183,      -3.029256516
          0,           0,        2025,      -8.405995516,      -5.349666181,       -5.69939919,      -3.032749497
          0,           0,        2026,      -8.410154063,      -5.354242112,      -5.703848353,      -3.036249677
          0,           0,        2027,        -8.4143454,      -5.358744487,      -5.708356512,      -3.039756366
          0,           0,        2028,      -8.418569686,      -5.363169045,      -5.712922936,      -3.043269067
          0,           0,        2029,      -8.422826881,      -5.367511512,      -5.717547235,      -3.046787098
          0,           0,        2030,       -8.42711685,      -5.371767621,      -5.722229028,      -3.050309065
          0,           0,        2031,       -8.43143952,       -5.37593312,      -5.726967468,       -3.05383426
          0,           0,        2032,      -8.435794597,      -5.380003924,      -5.731762097,      -3.057361985
          0,           0,        2033,      -8.440182035,      -5.383975949,      -5.736611765,      -3.060891092
          0,           0,        2034,       -8.44460147,       -5.38784534,      -5.741515792,      -3.064420719
          0,           0,        2035,      -8.449052348,      -5.391608318,      -5.746473156,      -3.067949627
          0,           0,        2036,        -8.4535344,      -5.395261266,      -5.751482867,      -3.071476649
          0,           0,        2037,      -8.458046935,      -5.398800841,      -5.756543701,      -3.075000645
          0,           0,        2038,      -8.462589726,      -5.402223928,      -5.761654466,      -3.078520811
          0,           0,        2039,      -8.467162056,      -5.405527596,      -5.766813623,       -3.08203599
          0,           0,        2040,      -8.471763422,      -5.408709271,      -5.772020091,      -3.085545069
          0,           0,        2041,      -8.476392898,      -5.411766615,      -5.777272138,      -3.089046766
          0,           0,        2042,      -8.481049673,      -5.414697662,      -5.782568293,      -3.092539848
          0,           0,        2043,      -8.485733284,       -5.41750079,      -5.787906638,      -3.096023703
          0,           0,        2044,      -8.490442504,      -5.420174689,      -5.793285529,      -3.099496809
          0,           0,        2045,      -8.495176504,      -5.422718462,      -5.798703101,       -3.10295828
          0,           0,        2046,      -8.499934256,      -5.425131526,      -5.804157361,      -3.106406909
          0,           0,        2047,       -8.50471428,      -5.427413772,       -5.80964636,      -3.109841324
          0,           0,        2048,      -8.509515797,      -5.429565387,       -5.81516781,      -3.113260707
          0,           0,        2049,      -8.514337444,      -5.431587009,      -5.820719502,      -3.116664108
          0,           0,        2050,      -8.519177616,      -5.433479636,      -5.826298955,      -3.120050106
          0,           0,        2051,      -8.524035197,      -5.435244591,       -5.83190348,      -3.123417806
          0,           0,        2052,      -8.528908422,       -5.43688369,      -5.837530459,       -3.12676601
          0,           0,        2053,      -8.533795878,      -5.438398958,      -5.843177169,      -3.130093965
          0,           0,        2054,      -8.538696041,       -5.43979283,      -5.848840997,      -3.133400748
          0,           0,        2055,      -8.543606792,      -5.441068048,      -5.854518311,      -3.136685041
          0,           0,        2056,      -8.548526625,      -5.442227766,      -5.860205885,      -3.139946377
          0,           0,        2057,      -8.553453303,      -5.443275233,      -5.865900785,      -3.143183332
          0,           0,        2058,      -8.558385264,      -5.444214089,      -5.871599246,      -3.146395637
          0,           0,        2059,      -8.563319953,      -5.445048183,      -5.877297441,      -3.149582077
          0,           0,        2060,      -8.568255496,      -5.445781594,       -5.88299193,      -3.152741997
          0,           0,        2061,      -8.573189711,      -5.446418573,      -5.888678052,      -3.155874805
          0,           0,        2062,      -8.578119808,      -5.446963488,      -5.894352313,      -3.158979328
          0,           0,        2063,      -8.583043865,      -5.447420935,      -5.900010218,      -3.162055502
          0,           0,        2064,      -8.587959025,      -5.447795644,      -5.905647105,      -3.165102419
          0,           0,        2065,      -8.592862904,      -5.448092277,      -5.911258791,      -3.168119604
          0,           0,        2066,      -8.597752526,      -5.448315754,       -5.91683996,      -3.171106215
          0,           0,        2067,      -8.602625396,      -5.448470929,      -5.922386088,       -3.17406206
          0,           0,        2068,       -8.60747901,      -5.448562678,      -5.927891999,      -3.176987116
          0,           0,        2069,       -8.61231001,         -5.448596,      -5.933352818,      -3.179880636
          0,           0,        2070,       -8.61711577,      -5.448575759,       -5.93876323,      -3.182742445
          0,           0,        2071,      -8.621893192,      -5.448506783,      -5.944118109,      -3.185572232
          0,           0,        2072,      -8.626639537,      -5.448393936,      -5.949412094,      -3.188370241
          0,           0,        2073,      -8.631351442,       -5.44824197,      -5.954639759,      -3.191136045
          0,           0,        2074,      -8.636026006,      -5.448055537,      -5.959795981,      -3.193869713
          0,           0,        2075,       -8.64065976,      -5.447839241,      -5.964875379,      -3.196570924
          0,           0,        2076,      -8.645250158,      -5.447597638,       -5.96987256,      -3.199240125
          0,           0,        2077,       -8.64979363,      -5.447335033,      -5.974782191,      -3.201877576
          0,           0,        2078,      -8.654287308,      -5.447055729,      -5.979598998,      -3.204483079
          0,           0,        2079,      -8.658728144,      -5.446763859,      -5.984318507,      -3.207057276
          0,           0,        2080,      -8.663112601,      -5.446463497,      -5.988935157,      -3.209599972
          0,           0,        2081,      -8.667438589,      -5.446158494,      -5.993444587,      -3.212112568
          0,           0,        2082,      -8.671702155,      -5.445852564,      -5.997841611,      -3.214594176
          0,           0,        2083,      -8.675900525,       -5.44554941,      -6.002122628,      -3.217045991
          0,           0,        2084,      -8.680031608,       -5.44525239,      -6.006283179,      -3.219468838
          0,           0,        2085,      -8.684091867,      -5.444964913,      -6.010319569,      -3.221862427
          0,           0,        2086,      -8.688078542,      -5.444690136,      -6.014228293,      -3.224227577
          0,           0,        2087,      -8.691989619,      -5.444431126,      -6.018006173,      -3.226565337
          0,           0,        2088,      -8.695822232,      -5.444190762,      -6.021649553,      -3.228876164
          0,           0,        2089,      -8.699574133,      -5.443971891,      -6.025157183,      -3.231160597
          0,           0,        2090,      -8.703243153,      -5.443777066,      -6.028526044,      -3.233419495
          0,           0,        2091,      -8.706826917,      -5.443608809,      -6.031754675,      -3.235653281
          0,           0,        2092,      -8.710323836,      -5.443469509,      -6.034841635,       -3.23786292
          0,           0,        2093,      -8.713732398,      -5.443361357,      -6.037785979,      -3.240049586
          0,           0,        2094,      -8.717050257,      -5.443286531,      -6.040587015,      -3.242213192
          0,           0,        2095,      -8.720276785,      -5.443247021,      -6.043244449,      -3.244355175
          0,           0,        2096,      -8.723410315,      -5.443244591,      -6.045759228,      -3.246475952
          0,           0,        2097,      -8.726449906,      -5.443281174,      -6.048131545,      -3.248576637
          0,           0,        2098,       -8.72939462,      -5.443358262,       -6.05036264,      -3.250657626
          0,           0,        2099,      -8.732244325,      -5.443477513,      -6.052453766,      -3.252720255
          0,           0,        2100,      -8.734998332,      -5.443640218,      -6.054407305,      -3.254765109
          0,           0,        2101,      -8.737656234,      -5.443847815,      -6.056225075,      -3.256792692
          0,           0,        2102,      -8.740218233,      -5.444101499,      -6.057910204,      -3.258804265
          0,           0,        2103,      -8.742684936,      -5.444402466,      -6.059464928,      -3.260800648
          0,           0,        2104,      -8.745056037,      -5.444751718,      -6.060892616,      -3.262782126
          0,           0,        2105,      -8.747332842,      -5.445150293,      -6.062196888,      -3.264749965
          0,           0,        2106,      -8.749516376,      -5.445599162,      -6.063381324,      -3.266705348
          0,           0,        2107,      -8.751607666,      -5.446099099,      -6.064450548,      -3.268648629
          0,           0,        2108,      -8.753607994,      -5.446650965,      -6.065407954,      -3.270581023
          0,           0,        2109,       -8.75551889,      -5.447255497,      -6.066258249,      -3.272502823
          0,           0,        2110,      -8.757342474,      -5.447913465,      -6.067005967,      -3.274416046
          0,           0,        2111,      -8.759080407,       -5.44862543,      -6.067655798,       -3.27632084
          0,           0,        2112,      -8.760735189,      -5.449392088,      -6.068212117,      -3.278218126
          0,           0,        2113,      -8.762308519,      -5.450213965,      -6.068680488,      -3.280108626
          0,           0,        2114,      -8.763803099,      -5.451091609,      -6.069065089,      -3.281993544
          0,           0,        2115,      -8.765221474,       -5.45202556,      -6.069371293,      -3.283873647
          0,           0,        2116,      -8.766566343,      -5.453016215,       -6.06960417,      -3.285749649
          0,           0,        2117,      -8.767840408,      -5.454064059,      -6.069767794,      -3.287622417
          0,           0,        2118,      -8.769046506,       -5.45516948,      -6.069868062,      -3.289493097
          0,           0,        2119,      -8.770187327,      -5.456332858,      -6.069910143,      -3.291362081
          0,           0,        2120,      -8.771266456,      -5.457554531,      -6.069898053,      -3.293230405
          0,           0,        2121,      -8.772286158,      -5.458834757,      -6.069837154,      -3.295098635
          0,           0,        2122,      -8.776886046,      -5.460677198,      -6.070299879,      -3.300436428
          0,           0,        2123,      -8.782419083,      -5.463035924,      -6.071332816,       -3.30674828
          0,           0,        2124,      -8.787231805,      -5.465753448,      -6.072693292,      -3.312357293
          0,           0,        2125,       -8.79135633,      -5.468726018,      -6.074281221,      -3.317279391
          0,           0,        2126,      -8.795393909,      -5.471936614,      -6.076155816,      -3.322169487
          0,           0,        2127,       -8.79961245,      -5.475398158,        -6.0783529,      -3.327350513
          0,           0,        2128,      -8.802853013,      -5.478931463,       -6.08065276,       -3.33165145
          0,           0,        2129,      -8.804261081,      -5.482305982,      -6.082769132,      -3.334151035
          0,           0,        2130,      -8.805368677,      -5.485599381,      -6.084748939,      -3.336384597
          0,           0,        2131,       -8.80709478,      -5.488920665,      -6.086705405,      -3.339330027
          0,           0,        2132,      -8.809384773,      -5.492326232,      -6.088668838,      -3.342931583
          0,           0,        2133,      -8.811864631,      -5.495819936,       -6.09061164,       -3.34675907
          0,           0,        2134,      -8.814383666,      -5.499393275,      -6.092537958,       -3.35061967
          0,           0,        2135,      -8.817010031,      -5.503047921,      -6.094502737,      -3.354588366
          0,           0,        2136,      -8.819809107,      -5.506791122,      -6.096566153,      -3.358754161
          0,           0,        2137,      -8.822745867,      -5.510624456,       -6.09875447,      -3.363084732
          0,           0,        2138,      -8.825744455,      -5.514541335,      -6.101061135,      -3.367477435
          0,           0,        2139,      -8.828765845,       -5.51853154,      -6.103466664,      -3.371860675
          0,           0,        2140,      -8.831815293,      -5.522585461,      -6.105956181,      -3.376227187
          0,           0,        2141,      -8.834907893,      -5.526694317,       -6.10851901,      -3.380602594
          0,           0,        2142,      -8.838041634,      -5.530848348,      -6.111146118,      -3.385001473
          0,           0,        2143,      -8.841198799,      -5.535036126,      -6.113825368,      -3.389415214
          0,           0,        2144,       -8.84435844,      -5.539245361,      -6.116537982,      -3.393824103
          0,           0,        2145,      -8.847495944,      -5.543463987,      -6.119258286,      -3.398202646
          0,           0,        2146,      -8.850584634,      -5.547680675,      -6.121954215,       -3.40252447
          0,           0,        2147,      -8.853588382,      -5.551884523,      -6.124593219,      -3.406756918
          0,           0,        2148,      -8.856469326,      -5.556064891,      -6.127142957,      -3.410861176
          0,           0,        2149,      -8.859195577,      -5.560211516,      -6.129572802,      -3.414800711
          0,           0,        2150,      -8.861744812,      -5.564314749,       -6.13185498,       -3.41854703
          0,           0,        2151,      -8.864107094,      -5.568365906,      -6.133964517,      -3.422085668
          0,           0,        2152,      -8.866280491,       -5.57235713,      -6.135878799,      -3.425414169
          0,           0,        2153,      -8.868268207,      -5.576281692,      -6.137577472,      -3.428537505
          0,           0,        2154,      -8.870075224,      -5.580133854,      -6.139044311,      -3.431463969
          0,           0,        2155,      -8.871704827,      -5.583908916,      -6.140265417,      -3.434198774
          0,           0,        2156,      -8.873159784,      -5.587603386,      -6.141229917,      -3.436746671
          0,           0,        2157,        -8.8744417,      -5.591214774,      -6.141931069,      -3.439109048
          0,           0,        2158,      -8.875553776,       -5.59474161,      -6.142365412,      -3.441289509
          0,           0,        2159,      -8.876502932,      -5.598183521,      -6.142533147,      -3.443293061
          0,           0,        2160,      -8.877300963,      -5.601541157,      -6.142438599,       -3.44513036
          0,           0,        2161,      -8.877961474,      -5.604816134,      -6.142092078,      -3.446813754
          0,           0,        2162,      -8.878498733,      -5.608011265,      -6.141508108,      -3.448358963
          0,           0,        2163,      -8.878922993,      -5.611130275,      -6.140708245,      -3.449778433
          0,           0,        2164,      -8.879240623,      -5.614177778,      -6.139717328,      -3.451082021
          0,           0,        2165,      -8.879452119,      -5.617159025,      -6.138562993,       -3.45227547
          0,           0,        2166,      -8.879556795,      -5.620079818,      -6.137274228,      -3.453361949
          0,           0,        2167,      -8.887947235,      -5.624697692,       -6.13870423,      -3.463876975
          0,           0,        2168,      -8.891410949,      -5.629052703,      -6.140178914,      -3.468730421
          0,           0,        2169,      -8.891280009,      -5.632953837,       -6.14088733,      -3.469208375
          0,           0,        2170,      -8.898606584,      -5.638277196,      -6.143502998,      -3.478261627
          0,           0,        2171,      -8.909800287,      -5.644961883,      -6.148312343,      -3.492030722
          0,           0,        2172,      -8.913881459,      -5.651016823,      -6.152519626,      -3.497393403
          0,           0,        2173,      -8.913684001,      -5.656342351,      -6.155485872,      -3.497416531
          0,           0,        2174,      -8.913452329,      -5.661230459,      -6.157467577,      -3.497328811
          0,           0,        2175,       -8.92212627,      -5.667603537,      -6.161175712,      -3.508112209
          0,           0,        2176,      -8.934366323,      -5.675290654,      -6.166764719,      -3.523606026
          0,           0,        2177,      -8.939320937,      -5.682326612,        -6.1717139,      -3.530226183
          0,           0,        2178,      -8.939551895,      -5.688588962,      -6.175417264,      -3.530633633
          0,           0,        2179,      -8.939649258,      -5.694379685,      -6.178099582,      -3.530605294
          0,           0,        2180,       -8.94198495,      -5.700054197,      -6.180301774,      -3.533424567
          0,           0,        2181,      -8.945825163,      -5.705752108,      -6.182412183,      -3.538444228
          0,           0,        2182,       -8.94948516,      -5.711420394,      -6.184485072,      -3.543562853
          0,           0,        2183,      -8.952219513,      -5.716982025,      -6.186413941,      -3.547629903
          0,           0,        2184,      -8.954443829,      -5.722442947,      -6.188143768,      -3.550961637
          0,           0,        2185,      -8.956881656,      -5.727874602,      -6.189718867,      -3.554428201
          0,           0,        2186,       -8.95981086,       -5.73334189,       -6.19122402,      -3.558473411
          0,           0,        2187,      -8.959911031,      -5.738153457,      -6.191849582,       -3.55903183
          0,           0,        2188,      -8.961624668,      -5.743084943,      -6.192464068,      -3.561733407
          0,           0,        2189,      -8.964569631,       -5.74819036,      -6.193322321,      -3.566140382
          0,           0,        2190,      -8.967774069,      -5.753418138,      -6.194483518,      -3.570953692
          0,           0,        2191,      -8.970634735,      -5.758689679,      -6.195857639,      -3.575293889
          0,           0,        2192,      -8.970027414,      -5.763240763,      -6.196404499,      -3.575128996
          0,           0,        2193,      -8.971041903,      -5.767893658,      -6.196969489,      -3.576996323
          0,           0,        2194,      -8.973552553,      -5.772741714,      -6.197795482,      -3.580874776
          0,           0,        2195,      -8.976451509,      -5.777730022,      -6.198929656,      -3.585363582
          0,           0,        2196,      -8.978932064,      -5.782747835,       -6.20025819,      -3.589330274
          0,           0,        2197,      -8.980945656,      -5.787730071,      -6.201662663,      -3.592615133
          0,           0,        2198,      -8.979683329,      -5.791913145,      -6.202076572,      -3.591572836
          0,           0,        2199,      -8.980152522,      -5.796163617,      -6.202479696,       -3.59278179
          0,           0,        2200,      -8.981983181,      -5.800560956,      -6.203127676,      -3.595877732
          0,           0,        2201,      -8.983993402,        -5.8050322,       -6.20402388,      -3.599312541
          0,           0,        2202,      -8.985474497,      -5.809467953,      -6.205006583,      -3.602063026
          0,           0,        2203,      -8.986494809,      -5.813820132,      -6.205934182,       -3.60414457
          0,           0,        2204,      -8.987418938,      -5.818100741,      -6.206761626,      -3.606040993
          0,           0,        2205,        -8.9884055,      -5.822327328,      -6.207498946,      -3.608012751
          0,           0,        2206,      -8.986152325,      -5.825672144,      -6.207002251,      -3.605759759
          0,           0,        2207,      -8.985265305,       -5.82901715,      -6.206367295,      -3.605415597
          0,           0,        2208,      -8.985406049,      -5.832432387,       -6.20585152,      -3.606552485
          0,           0,        2209,      -8.985651934,      -5.835863465,      -6.205466914,      -3.607890704
          0,           0,        2210,      -8.985470782,      -5.839229668,       -6.20507222,      -3.608653026
          0,           0,        2211,      -8.984911358,      -5.842501814,      -6.204552132,      -3.608876252
          0,           0,        2212,      -8.984228219,      -5.845694342,      -6.203885058,      -3.608919644
          0,           0,        2213,       -8.98352917,      -5.848820469,      -6.203100799,      -3.608955208
          0,           0,        2214,       -8.98617552,      -5.853119569,      -6.203778344,      -3.613523161
          0,           0,        2215,      -8.990216371,      -5.858350165,      -6.205743542,      -3.619972508
          0,           0,        2216,       -8.99741528,      -5.864788051,      -6.209536686,      -3.630605299
          0,           0,        2217,      -9.004046012,      -5.871548649,      -6.214019294,      -3.640190528
          0,           0,        2218,      -9.008520948,      -5.878022571,      -6.218243558,      -3.646391632
          0,           0,        2219,      -9.010737765,      -5.883963462,      -6.221594351,       -3.64915826
          0,           0,        2220,      -9.011616818,      -5.889306523,      -6.223895154,      -3.650010813
          0,           0,        2221,      -9.012382477,      -5.894226159,       -6.22545893,      -3.650857468
          0,           0,        2222,      -9.013353701,      -5.898845971,      -6.226573897,      -3.652211155
          0,           0,        2223,      -9.014341198,      -5.903216599,      -6.227369289,      -3.653758658
          0,           0,        2224,      -9.015131934,      -5.907364283,      -6.227852771,        -3.6551158
          0,           0,        2225,      -9.015741473,      -5.911333513,      -6.228015379,      -3.656253244
          0,           0,        2226,      -9.016345246,      -5.915187006,      -6.227892677,      -3.657408718
          0,           0,        2227,      -9.017100067,      -5.918980194,      -6.227556061,       -3.65879724
          0,           0,        2228,      -9.018049377,      -5.922742592,      -6.227077779,      -3.660451557
          0,           0,        2229,      -9.019154721,      -5.926480043,      -6.226510781,      -3.662275483
          0,           0,        2230,      -9.020365818,      -5.930188451,      -6.225894719,      -3.664174152
          0,           0,        2231,      -9.021652871,       -5.93386702,      -6.225269333,      -3.666121227
          0,           0,        2232,      -9.022994874,      -5.937521123,      -6.224680273,      -3.668136174
          0,           0,        2233,      -9.024357718,      -5.941159109,      -6.224169361,      -3.670225144
          0,           0,        2234,      -9.025685013,      -5.944787899,      -6.223768001,      -3.672346697
          0,           0,        2235,      -9.026917141,      -5.948412439,      -6.223489816,      -3.674428629
          0,           0,        2236,      -9.028007655,       -5.95203596,      -6.223335974,      -3.676395718
          0,           0,        2237,      -9.028939039,      -5.955661637,      -6.223299889,       -3.67820458
          0,           0,        2238,      -9.029712153,      -5.959291609,      -6.223375324,      -3.679835263
          0,           0,        2239,      -9.030343973,      -5.962926022,      -6.223556814,      -3.681288834
          0,           0,        2240,       -9.03085764,      -5.966561071,      -6.223842601,        -3.6825765
          0,           0,        2241,      -9.031287575,      -5.970190216,      -6.224231827,       -3.68372612
          0,           0,        2242,      -9.031677863,      -5.973805501,      -6.224722603,      -3.684781708
          0,           0,        2243,      -9.032086604,      -5.977400382,      -6.225310809,      -3.685811893
          0,           0,        2244,      -9.032570244,      -5.980970894,      -6.225989563,      -3.686885904
          0,           0,        2245,      -9.033182551,      -5.984516133,       -6.22674903,      -3.688076476
          0,           0,        2246,      -9.033954309,      -5.988038041,      -6.227577539,      -3.689427054
          0,           0,        2247,      -9.034894062,       -5.99153924,      -6.228465793,      -3.690957241
          0,           0,        2248,      -9.035986355,      -5.995022197,      -6.229406903,      -3.692660496
          0,           0,        2249,      -9.037197195,      -5.998487824,      -6.230400587,      -3.694506485
          0,           0,        2250,      -9.038480575,      -6.001935777,      -6.231450138,      -3.696452745
          0,           0,        2251,      -9.039786427,      -6.005363964,      -6.232562984,      -3.698447402
          0,           0,        2252,      -9.041065959,      -6.008770191,       -6.23374544,      -3.700433758
          0,           0,        2253,      -9.040211272,      -6.011411504,        -6.2342141,      -3.699240105
          0,           0,        2254,      -9.040128203,      -6.014109173,      -6.234782978,       -3.69928903
          0,           0,        2255,      -9.040755113,      -6.016939555,      -6.235555411,      -3.700477843
          0,           0,        2256,      -9.041657284,      -6.019878198,      -6.236542435,      -3.702126876
          0,           0,        2257,      -9.041377266,      -6.022593924,      -6.237328593,      -3.701988453
          0,           0,        2258,       -9.04148015,      -6.025318256,      -6.238204652,      -3.702432069
          0,           0,        2259,      -9.042052017,      -6.028092149,      -6.239199848,      -3.703536959
          0,           0,        2260,      -9.041976614,      -6.030419843,      -6.239843705,      -3.703598991
          0,           0,        2261,      -9.042404359,      -6.032846853,      -6.240632136,      -3.704334902
          0,           0,        2262,      -9.043200344,      -6.035370729,      -6.241594844,      -3.705584647
          0,           0,        2263,      -9.043022228,      -6.037676719,      -6.242366307,      -3.705356392
          0,           0,        2264,       -9.04329873,      -6.040015849,      -6.243315888,      -3.705903024
          0,           0,        2265,      -9.043916987,      -6.042421189,      -6.244490088,      -3.707045374
          0,           0,        2266,      -9.043621642,      -6.044376744,      -6.245376629,      -3.706886651
          0,           0,        2267,      -9.043551296,       -6.04645571,      -6.246479593,      -3.707085673
          0,           0,        2268,      -9.042505888,      -6.048377108,      -6.247404838,      -3.705811681
          0,           0,        2269,      -9.041982528,      -6.050406763,      -6.248530927,      -3.705389379
          0,           0,        2270,      -9.041858879,      -6.052545735,      -6.249876981,      -3.705588036
          0,           0,        2271,      -9.041932831,       -6.05475843,      -6.251404058,       -3.70603332
          0,           0,        2272,      -9.042130231,      -6.057004667,      -6.253048212,      -3.706548514
          0,           0,        2273,      -9.042496615,      -6.059257232,      -6.254761044,      -3.707162739
          0,           0,        2274,      -9.043105383,      -6.061500525,      -6.256518033,      -3.707975558
          0,           0,        2275,      -9.041911056,      -6.062885903,      -6.257350955,      -3.705911081
          0,           0,        2276,      -9.041783039,      -6.064338596,      -6.258275184,      -3.705357571
          0,           0,        2277,      -9.042620216,      -6.065934092,      -6.259408656,      -3.706197445
          0,           0,        2278,      -9.043952126,       -6.06764973,      -6.260784592,      -3.707779011
          0,           0,        2279,       -9.04537025,      -6.069426899,      -6.262372125,      -3.709523745
          0,           0,        2280,      -9.045590156,      -6.070916502,      -6.263698319,      -3.709452359
          0,           0,        2281,      -9.045284199,      -6.071890929,      -6.264626529,      -3.708656348
          0,           0,        2282,      -9.045740846,       -6.07304772,      -6.265854135,      -3.708970482
          0,           0,        2283,      -9.046708448,      -6.074404492,      -6.267438644,      -3.710019821
          0,           0,        2284,      -9.047801819,      -6.075893532,      -6.269362379,      -3.711259248
          0,           0,        2285,      -9.047678527,      -6.077111615,      -6.271116933,      -3.710627292
          0,           0,        2286,      -9.047013623,       -6.07778512,      -6.272524689,      -3.709205921
          0,           0,        2287,      -9.047205892,      -6.078621175,      -6.274283163,      -3.708968222
          0,           0,        2288,      -9.048094516,       -6.07963905,       -6.27642972,      -3.709657112
          0,           0,        2289,      -9.049328302,      -6.080773852,      -6.278935642,      -3.710773645
          0,           0,        2290,      -9.049542129,      -6.081606009,      -6.281271923,      -3.710229556
          0,           0,        2291,      -9.049330429,       -6.08184609,      -6.283247957,      -3.708996087
          0,           0,        2292,      -9.050026066,      -6.082231043,      -6.285597681,      -3.708999316
          0,           0,        2293,      -9.051423606,      -6.082778481,      -6.288369863,      -3.709942562
          0,           0,        2294,      -9.053147826,      -6.083420082,      -6.291544524,      -3.711284886
          0,           0,        2295,      -9.053830076,      -6.083714092,      -6.294573681,      -3.710905548
          0,           0,        2296,      -9.054047381,      -6.083348401,      -6.297233296,      -3.709706922
          0,           0,        2297,      -9.055171528,       -6.08309572,      -6.300273973,      -3.709718002
          0,           0,        2298,      -9.057024458,      -6.082969478,      -6.303747591,      -3.710688013
          0,           0,        2299,      -9.059253724,      -6.082893469,      -6.307634819,      -3.712085624
          0,           0,        2300,      -9.060496121,      -6.082398767,      -6.311370082,      -3.711770129
          0,           0,        2301,      -9.061274192,      -6.081144937,      -6.314694808,      -3.710537909
          0,           0,        2302,       -9.06295561,      -6.079959495,      -6.318394304,      -3.710523634
          0,           0,        2303,      -9.065334495,      -6.078864603,      -6.322544956,       -3.71147318
          0,           0,        2304,      -9.068022447,      -6.077783954,        -6.3271417,      -3.712775372
          0,           0,        2305,      -9.069622854,      -6.076227206,      -6.331598226,      -3.712203544
          0,           0,        2306,       -9.07060627,      -6.073826068,      -6.335591686,      -3.710431009
          0,           0,        2307,      -9.072425059,      -6.071477705,      -6.339920953,      -3.709832522
          0,           0,        2308,      -9.074904846,      -6.069215287,      -6.344683758,      -3.710194968
          0,           0,        2309,      -9.077684969,      -6.066955706,      -6.349869473,      -3.710866549
          0,           0,        2310,      -9.079380681,      -6.064182363,      -6.354856727,      -3.709589571
          0,           0,        2311,      -9.080423428,      -6.060493496,      -6.359221322,      -3.706930401
          0,           0,        2312,      -9.082392864,      -6.056862272,      -6.363779704,      -3.705601392
          0,           0,        2313,      -9.085122468,      -6.053338777,      -6.368674161,      -3.705406499
          0,           0,        2314,      -9.088217445,       -6.04983638,      -6.373906176,      -3.705573938
          0,           0,        2315,      -9.090233676,       -6.04582431,      -6.378830853,      -3.703759708
          0,           0,        2316,      -9.091499865,      -6.040876452,      -6.382921876,      -3.700369636
          0,           0,        2317,      -9.093739465,       -6.03604441,      -6.387038086,      -3.698480099
          0,           0,        2318,      -9.096767907,      -6.031397473,      -6.391407399,      -3.697864784
          0,           0,        2319,       -9.10012468,      -6.026839784,      -6.396057751,      -3.697580702
          0,           0,        2320,      -9.102291502,      -6.021834216,      -6.400328249,      -3.695210381
          0,           0,        2321,      -9.103508363,      -6.015935293,      -6.403580473,      -3.691037603
          0,           0,        2322,       -9.10574296,      -6.010251108,      -6.406714893,      -3.688569128
          0,           0,        2323,      -9.108799157,      -6.004861854,      -6.410056852,      -3.687528175
          0,           0,        2324,      -9.112149486,      -5.999655582,      -6.413638719,      -3.686793355
          0,           0,        2325,      -9.114206332,      -5.994094726,      -6.416783011,      -3.683916942
          0,           0,        2326,      -9.115140718,      -5.987721343,      -6.418739807,      -3.679102854
          0,           0,        2327,      -9.117240877,      -5.981671357,      -6.420435384,      -3.676264533
          0,           0,        2328,      -9.120278422,      -5.976026691,      -6.422296527,      -3.675039473
          0,           0,        2329,      -9.123627894,      -5.970655603,      -6.424358702,      -3.674124594
          0,           0,        2330,      -9.125615646,       -5.96502985,      -6.425964478,      -3.671085559
          0,           0,        2331,      -9.127735288,      -5.959369225,      -6.427005242,      -3.668026225
          0,           0,        2332,      -9.130684165,      -5.954011908,      -6.427824062,      -3.666251626
          0,           0,        2333,      -9.134159968,      -5.948986821,      -6.428648608,      -3.665350413
          0,           0,        2334,      -9.137717877,      -5.944211512,      -6.429471371,      -3.664532019
          0,           0,        2335,      -9.139811736,       -5.93924837,      -6.429821617,      -3.661834121
          0,           0,        2336,      -9.142465116,      -5.934490402,      -6.429855196,      -3.659868364
          0,           0,        2337,      -9.145823805,       -5.93005227,      -6.429805069,      -3.658986301
          0,           0,        2338,      -9.149498538,      -5.925929454,      -6.429788088,      -3.658646836
          0,           0,        2339,      -9.153106778,      -5.922055195,       -6.42975028,      -3.658258721
          0,           0,        2340,      -9.155161446,      -5.918046878,      -6.429333663,      -3.656149003
          0,           0,        2341,      -9.157862736,      -5.914281666,      -6.428716491,      -3.654930015
          0,           0,        2342,      -9.161329618,      -5.910863737,      -6.428146445,      -3.654855362
          0,           0,        2343,       -9.16508365,      -5.907777106,      -6.427714256,       -3.65528534
          0,           0,        2344,      -9.168712728,      -5.904951764,      -6.427348416,      -3.655634018
          0,           0,        2345,      -9.170700103,      -5.902034536,      -6.426752122,      -3.654338662
          0,           0,        2346,      -9.173392848,      -5.899375588,      -6.426085454,      -3.653988098
          0,           0,        2347,      -9.176887028,      -5.897072208,      -6.425574389,      -3.654802106
          0,           0,        2348,      -9.180623775,      -5.895102648,      -6.425283935,      -3.656094838
          0,           0,        2349,      -9.184160058,      -5.893395175,      -6.425133931,      -3.657278369
          0,           0,        2350,      -9.185953515,      -5.891619816,      -6.424868889,      -3.656866213
          0,           0,        2351,      -9.188488228,      -5.890098824,       -6.42462972,      -3.657406298
          0,           0,        2352,      -9.191832521,      -5.888922355,      -6.424601621,      -3.659089899
          0,           0,        2353,      -9.195367355,      -5.888065076,      -6.424825106,      -3.661213319
          0,           0,        2354,      -9.198629599,      -5.887455675,      -6.425217017,      -3.663193772
          0,           0,        2355,      -9.200079576,      -5.886785404,      -6.425552552,      -3.663617054
          0,           0,        2356,      -9.202310842,       -5.88635187,      -6.425962203,      -3.664985975
          0,           0,        2357,      -9.205359773,      -5.886239123,      -6.426602669,      -3.667461749
          0,           0,        2358,      -9.208555276,      -5.886420509,      -6.427488087,      -3.670328929
          0,           0,        2359,      -9.211430282,      -5.886826305,      -6.428537439,       -3.67302474
          0,           0,        2360,       -9.21245546,      -5.887167739,       -6.42954946,      -3.674191293
          0,           0,        2361,      -9.214307521,      -5.887722032,      -6.430657719,      -3.676298338
          0,           0,        2362,      -9.216975786,      -5.888567769,      -6.431989636,      -3.679466244
          0,           0,        2363,      -9.219752205,      -5.889678105,      -6.433541805,      -3.682975079
          0,           0,        2364,      -9.222178705,      -5.890986073,      -6.435236763,      -3.686283667
          0,           0,        2365,      -9.222746186,      -5.892219754,      -6.436882693,      -3.688077928
          0,           0,        2366,      -9.224183044,      -5.893639961,      -6.438625974,      -3.690806181
          0,           0,        2367,      -9.226434599,       -5.89532161,      -6.440571872,      -3.694546836
          0,           0,        2368,      -9.228765442,      -5.897237238,      -6.442704285,      -3.698569793
          0,           0,        2369,      -9.230740038,      -5.899322927,      -6.444949789,      -3.702366781
          0,           0,        2370,      -9.230870198,      -5.901321658,      -6.447114873,      -3.704646975
          0,           0,        2371,      -9.231914416,      -5.903481642,      -6.449370346,      -3.707861407
          0,           0,        2372,       -9.23377121,      -5.905873462,      -6.451808733,      -3.712039966
          0,           0,        2373,      -9.235696553,      -5.908469945,      -6.454405447,      -3.716450232
          0,           0,        2374,       -9.23727322,      -5.911210839,      -6.457087931,       -3.72060885
          0,           0,        2375,      -9.237033105,      -5.913850084,      -6.459648893,      -3.723235612
          0,           0,        2376,      -9.237746504,      -5.916626858,       -6.46228956,      -3.726802486
          0,           0,        2377,       -9.23927395,      -5.919608566,      -6.465095239,      -3.731292615
          0,           0,        2378,      -9.240865074,      -5.922768032,      -6.468025602,      -3.735965745
          0,           0,        2379,      -9.242131616,       -5.92604806,      -6.471016629,      -3.740369999
          0,           0,        2380,      -9.241613036,       -5.92921159,      -6.473831342,       -3.74320799
          0,           0,        2381,      -9.242083268,      -5.932490963,      -6.476710173,      -3.746999242
          0,           0,        2382,        -9.2433687,      -5.935951011,      -6.479735868,      -3.751678396
          0,           0,        2383,      -9.244722807,      -5.939564642,      -6.482863103,      -3.756496534
          0,           0,        2384,      -9.245779778,      -5.943277728,      -6.486028093,      -3.761033572
          0,           0,        2385,      -9.246657096,      -5.947067562,      -6.489229466,      -3.765394648
          0,           0,        2386,      -9.247574293,      -5.950942238,      -6.492493554,      -3.769828671
          0,           0,        2387,      -9.247011111,      -5.954704446,      -6.495536324,      -3.772944491
          0,           0,        2388,      -9.247440279,      -5.958571491,      -6.498623661,      -3.777027838
          0,           0,        2389,       -9.24855255,      -5.962585209,       -6.50181437,      -3.781794342
          0,           0,        2390,      -9.249705652,      -5.966714526,      -6.505062989,      -3.786577274
          0,           0,        2391,      -9.250660349,      -5.970917105,      -6.508325073,      -3.791121616
          0,           0,        2392,      -9.251548708,      -5.975179415,      -6.511611675,      -3.795579675
          0,           0,        2393,      -9.252523755,       -5.97950926,      -6.514949117,      -3.800125779
          0,           0,        2394,      -9.253593953,      -5.983912695,      -6.518337922,      -3.804758424
          0,           0,        2395,      -9.254689269,      -5.988385807,      -6.521759285,      -3.809382286
          0,           0,        2396,      -9.254205843,      -5.992715458,      -6.524798825,      -3.812352498
          0,           0,        2397,      -9.254693103,      -5.997115686,      -6.527837326,      -3.816258378
          0,           0,        2398,       -9.25592978,      -6.001634781,      -6.530963497,       -3.82090276
          0,           0,        2399,       -9.25730541,      -6.006248297,      -6.534144002,      -3.825638766
          0,           0,        2400,      -9.258555083,      -6.010916116,      -6.537335591,      -3.830178276
          0,           0,        2401,      -9.259763739,      -6.015623336,      -6.540552006,      -3.834617796
          0,           0,        2402,       -9.26106121,      -6.020376151,      -6.543812467,      -3.839090142
          0,           0,        2403,      -9.262457146,      -6.025180113,       -6.54711244,      -3.843590199
          0,           0,        2404,      -9.263896552,      -6.030032651,      -6.550426497,      -3.848044441
          0,           0,        2405,      -9.265352516,      -6.034927419,      -6.553736603,      -3.852418328
          0,           0,        2406,      -9.266197338,      -6.039773561,      -6.556821665,      -3.856010278
          0,           0,        2407,      -9.267500804,      -6.044662427,      -6.559896757,      -3.860034219
          0,           0,        2408,       -9.26916745,      -6.049613101,      -6.563010079,       -3.86439121
          0,           0,        2409,      -9.270947945,      -6.054614768,      -6.566150702,      -3.868799525
          0,           0,        2410,      -9.272727313,      -6.059650072,      -6.569300754,      -3.873125759
          0,           0,        2411,      -9.274531026,      -6.064712465,      -6.572458426,      -3.877390948
          0,           0,        2412,      -9.276399179,      -6.069803821,      -6.575624514,      -3.881627533
          0,           0,        2413,      -9.278335762,      -6.074925054,      -6.578788569,      -3.885829171
          0,           0,        2414,      -9.280324418,      -6.080074326,      -6.581939892,        -3.8899754
          0,           0,        2415,      -9.282361263,       -6.08524811,      -6.585073038,      -3.894070263
          0,           0,        2416,      -9.284456922,      -6.090443976,      -6.588189565,      -3.898132172
          0,           0,        2417,      -9.286625425,      -6.095660669,      -6.591290968,      -3.902184994
          0,           0,        2418,      -9.288869621,      -6.100897091,      -6.594376312,      -3.906236195
          0,           0,        2419,      -9.291181051,       -6.10615191,      -6.597445495,      -3.910273888
          0,           0,        2420,      -9.293552521,      -6.111423635,      -6.600496296,      -3.914287582
          0,           0,        2421,        -9.2959768,      -6.116710628,      -6.603524901,      -3.918266578
          0,           0,        2422,      -9.298453545,      -6.122011465,      -6.606530151,       -3.92220795
          0,           0,        2423,      -9.300978584,      -6.127325096,      -6.609508857,      -3.926109542
          0,           0,        2424,      -9.303551351,      -6.132650266,      -6.612461078,      -3.929973936
          0,           0,        2425,       -9.30617214,      -6.137985528,      -6.615388092,      -3.933804514
          0,           0,        2426,      -9.308841356,      -6.143329805,        -6.6182895,      -3.937605492
          0,           0,        2427,      -9.311556833,       -6.14868173,      -6.621166983,      -3.941379698
          0,           0,        2428,      -9.314313648,      -6.154040184,      -6.624022356,      -3.945121762
          0,           0,        2429,      -9.317113992,      -6.159403916,      -6.626854846,      -3.948836415
          0,           0,        2430,      -9.319951154,      -6.164771662,      -6.629662563,      -3.952518886
          0,           0,        2431,      -9.322826814,      -6.170142562,      -6.632444705,      -3.956169745
          0,           0,        2432,      -9.325738658,       -6.17551547,      -6.635202635,      -3.959789983
          0,           0,        2433,      -9.328685575,      -6.180889496,      -6.637935485,      -3.963382282
          0,           0,        2434,      -9.331665024,        -6.1862643,      -6.640647725,      -3.966946505
          0,           0,        2435,      -9.334674666,      -6.191638873,      -6.643341357,      -3.970483792
          0,           0,        2436,      -9.337711819,      -6.197013218,      -6.646018137,      -3.973996304
          0,           0,        2437,      -9.340769846,      -6.202386737,      -6.648682989,      -3.977477355
          0,           0,        2438,       -9.34385084,      -6.207759116,      -6.651338384,      -3.980933332
          0,           0,        2439,      -9.346951352,      -6.213129803,      -6.653985689,      -3.984361744
          0,           0,        2440,      -9.350071857,      -6.218498569,      -6.656627553,      -3.987765159
          0,           0,        2441,      -9.353211451,      -6.223865209,      -6.659263606,      -3.991145378
          0,           0,        2442,      -9.356371965,      -6.229229413,      -6.661897414,      -3.994506852
          0,           0,        2443,      -9.359552591,      -6.234591281,      -6.664530029,      -3.997850111
          0,           0,        2444,      -9.362751993,      -6.239950902,      -6.667165551,      -4.001178529
          0,           0,        2445,      -9.365968928,      -6.245308209,      -6.669807837,      -4.004492934
          0,           0,        2446,      -9.369203653,      -6.250663671,      -6.672458299,       -4.00779518
          0,           0,        2447,      -9.372452349,      -6.256017317,       -6.67512045,      -4.011082401
          0,           0,        2448,      -9.375718177,      -6.261369232,      -6.677798051,      -4.014361175
          0,           0,        2449,       -9.37899958,      -6.266719659,      -6.680493652,      -4.017629804
          0,           0,        2450,       -9.38229595,      -6.272068942,       -6.68320915,      -4.020891008
          0,           0,        2451,      -9.385605874,      -6.277416913,      -6.685946779,      -4.024143509
          0,           0,        2452,      -9.388932215,      -6.282763724,      -6.688710047,      -4.027392824
          0,           0,        2453,      -9.392272324,      -6.288109468,       -6.69149856,      -4.030634716
          0,           0,        2454,      -9.395629574,      -6.293454347,      -6.694317776,      -4.033876172
          0,           0,        2455,      -9.399003112,       -6.29879782,      -6.697165718,      -4.037117444
          0,           0,        2456,      -9.402394323,      -6.304140183,      -6.700046898,      -4.040357927
          0,           0,        2457,      -9.405801615,      -6.309481071,      -6.702961774,       -4.04360038
          0,           0,        2458,      -9.409226343,      -6.314820347,      -6.705912433,      -4.046845267
          0,           0,        2459,      -9.412670254,      -6.320157462,      -6.708901546,      -4.050094993
          0,           0,        2460,      -9.416133256,       -6.32549178,      -6.711929628,      -4.053350321
          0,           0,        2461,      -9.419614983,      -6.330823253,      -6.714998857,       -4.05661001
          0,           0,        2462,      -9.423115487,      -6.336150737,       -6.71810966,        -4.0598752
          0,           0,        2463,      -9.426636921,      -6.341473443,      -6.721264376,      -4.063148707
          0,           0,        2464,      -9.430177907,      -6.346790285,       -6.72446605,      -4.066426905
          0,           0,        2465,      -9.433741207,      -6.352100434,      -6.727713385,      -4.069715716
          0,           0,        2466,       -9.43732574,      -6.357402283,      -6.731007859,      -4.073012198
          0,           0,        2467,      -9.440933698,      -6.362694468,      -6.734352269,      -4.076319145
          0,           0,        2468,      -9.444563241,      -6.367975383,      -6.737747489,      -4.079631627
          0,           0,        2469,      -9.448219517,       -6.37324344,      -6.741191229,      -4.082958964
          0,           0,        2470,      -9.451900902,      -6.378496877,      -6.744688078,      -4.086297457
          0,           0,        2471,      -9.455607045,      -6.383733085,      -6.748237054,      -4.089645789
          0,           0,        2472,      -9.459340182,      -6.388950075,      -6.751839741,      -4.093005795
          0,           0,        2473,      -9.463098756,      -6.394145631,       -6.75549918,      -4.096376722
          0,           0,        2474,      -9.466884822,      -6.399317268,      -6.759210999,      -4.099758947
          0,           0,        2475,      -9.470700013,      -6.404462026,      -6.762980886,       -4.10315423
          0,           0,        2476,      -9.474542737,      -6.409576812,      -6.766807813,      -4.106560306
          0,           0,        2477,      -9.478414107,      -6.414658866,      -6.770692421,      -4.109975748
          0,           0,        2478,      -9.482314498,      -6.419704844,      -6.774634681,      -4.113402452
          0,           0,        2479,      -9.486244546,      -6.424711439,      -6.778634454,      -4.116840215
          0,           0,        2480,      -9.490205767,      -6.429675182,      -6.782693845,       -4.12028892
          0,           0,        2481,       -9.49419649,      -6.434592159,      -6.786811877,      -4.123747201
          0,           0,        2482,      -9.498218675,      -6.439459121,      -6.790988574,      -4.127214015
          0,           0,        2483,      -9.502273328,       -6.44427171,      -6.795222927,      -4.130692088
          0,           0,        2484,      -9.506358977,      -6.449025983,      -6.799517405,       -4.13417981
          0,           0,        2485,      -9.510476335,      -6.453717957,      -6.803871982,      -4.137674425
          0,           0,        2486,      -9.514625359,      -6.458343804,      -6.808284948,       -4.14117639
          0,           0,        2487,      -9.518808894,      -6.462898613,      -6.812754994,      -4.144688602
          0,           0,        2488,      -9.523021456,      -6.467378952,      -6.817285704,      -4.148203758
          0,           0,        2489,      -9.527267187,      -6.471779756,      -6.821872004,      -4.151723498
          0,           0,        2490,      -9.531543855,      -6.476097606,      -6.826517994,      -4.155248051
          0,           0,        2491,      -9.535853902,      -6.480327273,      -6.831218938,      -4.158776216
          0,           0,        2492,       -9.54019571,      -6.484465977,      -6.835976934,       -4.16230737
          0,           0,        2493,      -9.544571938,      -6.488508441,      -6.840788742,      -4.165844863
          0,           0,        2494,      -9.548979318,      -6.492451264,      -6.845657643,      -4.169380842
          0,           0,        2495,      -9.553415875,      -6.496289885,      -6.850580092,       -4.17291408
          0,           0,        2496,      -9.557883845,      -6.500021725,      -6.855554092,      -4.176447813
          0,           0,        2497,      -9.562381548,      -6.503642504,      -6.860578974,        -4.1799768
          0,           0,        2498,      -9.566909664,      -6.507149079,      -6.865657022,      -4.183505145
          0,           0,        2499,      -9.571468391,      -6.510538942,      -6.870782953,      -4.187029148
          0,           0,        2500,      -9.576053438,      -6.513808605,      -6.875957291,       -4.19054529
          0,           0,        2501,      -9.580669736,      -6.516955926,      -6.881177527,      -4.194057133
          0,           0,        2502,      -9.585313482,      -6.519978418,      -6.886443328,      -4.197561402
          0,           0,        2503,      -9.589983724,      -6.522874404,        -6.8917509,       -4.20105588
          0,           0,        2504,      -9.594681174,      -6.525642938,      -6.897101963,      -4.204544073
          0,           0,        2505,      -9.599401233,       -6.52828148,      -6.902492429,      -4.208016176
          0,           0,        2506,       -9.60414668,      -6.530790282,      -6.907922784,      -4.211479786
          0,           0,        2507,      -9.608914926,      -6.533168792,      -6.913387589,      -4.214928673
          0,           0,        2508,      -9.613705657,       -6.53541654,      -6.918888521,      -4.218364417
          0,           0,        2509,      -9.618514495,      -6.537534034,      -6.924420989,      -4.221780487
          0,           0,        2510,      -9.623344347,      -6.539522069,      -6.929981163,      -4.225183147
          0,           0,        2511,       -9.62819352,      -6.541382263,      -6.935568625,      -4.228569298
          0,           0,        2512,      -9.633057971,      -6.543115067,      -6.941181512,      -4.231936354
          0,           0,        2513,      -9.637939154,      -6.544722674,      -6.946815081,      -4.235283851
          0,           0,        2514,      -9.642831198,      -6.546207438,      -6.952470188,      -4.238608759
          0,           0,        2515,      -9.647735772,      -6.547571782,      -6.958139195,      -4.241913707
          0,           0,        2516,      -9.652651239,      -6.548818797,       -6.96382276,      -4.245195499
          0,           0,        2517,      -9.657573672,      -6.549950749,      -6.969516535,      -4.248451796
          0,           0,        2518,      -9.662504007,      -6.550972127,       -6.97521293,      -4.251687831
          0,           0,        2519,      -9.667437464,       -6.55188571,      -6.980913038,      -4.254897029
          0,           0,        2520,      -9.672374211,      -6.552695996,       -6.98661395,      -4.258080255
          0,           0,        2521,      -9.677308695,      -6.553406691,      -6.992309629,      -4.261234264
          0,           0,        2522,      -9.682241399,      -6.554022404,      -6.997994757,      -4.264361982
          0,           0,        2523,      -9.687169487,      -6.554547285,      -7.003667033,      -4.267460435
          0,           0,        2524,      -9.692092663,      -6.554986381,      -7.009320975,       -4.27053489
          0,           0,        2525,      -9.697002769,      -6.555343045,      -7.014954818,      -4.273573081
          0,           0,        2526,      -9.701903214,      -6.555623991,      -7.020560875,      -4.276584909
          0,           0,        2527,      -9.706785503,      -6.555832444,       -7.02613367,      -4.279562168
          0,           0,        2528,      -9.711653863,      -6.555974408,      -7.031670108,      -4.282516219
          0,           0,        2529,      -9.716501586,      -6.556053918,      -7.037165257,      -4.285434512
          0,           0,        2530,      -9.721324081,      -6.556076572,      -7.042615018,      -4.288321816
          0,           0,        2531,       -9.72611719,      -6.556046424,      -7.048012676,      -4.291171537
          0,           0,        2532,       -9.73088642,      -6.555969011,      -7.053352013,      -4.293996644
          0,           0,        2533,      -9.735624022,      -6.555849163,      -7.058628747,      -4.296791237
          0,           0,        2534,      -9.740320901,      -6.555691528,       -7.06383836,      -4.299545425
          0,           0,        2535,      -9.744983288,      -6.555500066,      -7.068975913,      -4.302272743
          0,           0,        2536,      -9.749605799,       -6.55528006,      -7.074030602,      -4.304970014
          0,           0,        2537,      -9.754180542,      -6.555036166,      -7.079007192,      -4.307632056
          0,           0,        2538,      -9.758707395,      -6.554771598,      -7.083891288,      -4.310260001
          0,           0,        2539,      -9.763179345,       -6.55449163,       -7.08868194,      -4.312852038
          0,           0,        2540,      -9.767603887,      -6.554200221,      -7.093374704,      -4.315418647
          0,           0,        2541,      -9.771970901,      -6.553901427,      -7.097958967,      -4.317956402
          0,           0,        2542,      -9.776277504,      -6.553598981,      -7.102436167,      -4.320461944
          0,           0,        2543,      -9.780518783,      -6.553295656,      -7.106801261,      -4.322936126
          0,           0,        2544,      -9.784695135,      -6.552996561,      -7.111047972,       -4.32537796
          0,           0,        2545,      -9.788803534,      -6.552703987,      -7.115171695,      -4.327791627
          0,           0,        2546,      -9.792839957,      -6.552421925,      -7.119169622,      -4.330176535
          0,           0,        2547,      -9.796800298,      -6.552153618,       -7.12303989,      -4.332531725
          0,           0,        2548,      -9.800692224,       -6.55190097,      -7.126779415,      -4.334866963
          0,           0,        2549,      -9.804495967,      -6.551668163,       -7.13038379,      -4.337165703
          0,           0,        2550,      -9.808221163,      -6.551456572,      -7.133853143,      -4.339441645
          0,           0,        2551,      -9.811863926,      -6.551270627,      -7.137176365,       -4.34169111
          0,           0,        2552,      -9.815424725,      -6.551111035,      -7.140360952,      -4.343921326
          0,           0,        2553,      -9.818890293,      -6.550981302,       -7.14340196,      -4.346119045
          0,           0,        2554,      -9.822273608,      -6.550882735,      -7.146306001,      -4.348301698
          0,           0,        2555,      -9.825556443,      -6.550818419,      -7.149059584,      -4.350451475
          0,           0,        2556,      -9.828752186,      -6.550789395,      -7.151675457,      -4.352583237
          0,           0,        2557,      -9.831857342,      -6.550798376,      -7.154145892,      -4.354698097
          0,           0,        2558,      -9.834867704,      -6.550846143,      -7.156473395,      -4.356790835
          0,           0,        2559,      -9.837784494,      -6.550934905,      -7.158658174,      -4.358865591
          0,           0,        2560,      -9.840602064,       -6.55106617,       -7.16070232,      -4.360918142
          0,           0,        2561,      -9.843327265,       -6.55124134,      -7.162612675,      -4.362959001
          0,           0,        2562,      -9.845957088,      -6.551461067,      -7.164385307,      -4.364979093
          0,           0,        2563,      -9.848491568,      -6.551727853,       -7.16602447,        -4.3669847
          0,           0,        2564,      -9.850925825,       -6.55204167,      -7.167538348,      -4.368977541
          0,           0,        2565,      -9.853265849,       -6.55240378,      -7.168925795,      -4.370949274
          0,           0,        2566,      -9.855512678,      -6.552815868,      -7.170190262,      -4.372910667
          0,           0,        2567,      -9.857668898,      -6.553278403,      -7.171332426,       -4.37485931
          0,           0,        2568,      -9.859729159,      -6.553792097,      -7.172361288,      -4.376796227
          0,           0,        2569,      -9.861697796,      -6.554357981,      -7.173281443,      -4.378720876
          0,           0,        2570,      -9.863578951,      -6.554976659,        -7.1740957,       -4.38063642
          0,           0,        2571,      -9.865382767,      -6.555649018,      -7.174804995,      -4.382549902
          0,           0,        2572,      -9.867090687,      -6.556375318,      -7.175424536,      -4.384447432
          0,           0,        2573,      -9.868716568,      -6.557156414,      -7.175946918,      -4.386335791
          0,           0,        2574,      -9.870266752,      -6.557993416,      -7.176386445,      -4.388225266
          0,           0,        2575,      -9.871735093,      -6.558886039,      -7.176740223,      -4.390102176
          0,           0,        2576,      -9.873130967,      -6.559835184,      -7.177015552,      -4.391977267
          0,           0,        2577,      -9.874455371,      -6.560841583,      -7.177221451,      -4.393852395
          0,           0,        2578,       -9.87570692,      -6.561904502,      -7.177359288,       -4.39571873
          0,           0,        2579,      -9.876893538,      -6.563025306,      -7.177434465,       -4.39758707
          0,           0,        2580,      -9.881598794,      -6.564710369,       -7.17797172,      -4.402870042
          0,           0,        2581,      -9.887234176,      -6.566913299,      -7.179017875,      -4.409129342
          0,           0,        2582,       -9.89215581,       -6.56947613,      -7.180346326,       -4.41469465
          0,           0,        2583,       -9.89638484,      -6.572293721,      -7.181861625,      -4.419572779
          0,           0,        2584,      -9.900507563,      -6.575348934,      -7.183632328,      -4.424407099
          0,           0,        2585,      -9.904800751,      -6.578654591,       -7.18570411,      -4.429527917
          0,           0,        2586,      -9.908100439,      -6.582030851,      -7.187880762,      -4.433772861
          0,           0,        2587,       -9.90954687,      -6.585245437,      -7.189889077,      -4.436211834
          0,           0,        2588,      -9.910673944,       -6.58837673,      -7.191775449,      -4.438382385
          0,           0,        2589,      -9.912404835,      -6.591533561,      -7.193649881,      -4.441251414
          0,           0,        2590,      -9.914708555,      -6.594774097,      -7.195540433,      -4.444790764
          0,           0,        2591,      -9.917199389,      -6.598102351,      -7.197415366,      -4.448559448
          0,           0,        2592,      -9.919728024,      -6.601509933,      -7.199277949,      -4.452365847
          0,           0,        2593,      -9.922358448,      -6.604998284,      -7.201186665,      -4.456275119
          0,           0,        2594,      -9.925163015,      -6.608574769,      -7.203200579,      -4.460385086
          0,           0,        2595,      -9.928102945,      -6.612241288,      -7.205345595,       -4.46466312
          0,           0,        2596,      -9.931106049,      -6.615992036,      -7.207614542,      -4.469010743
          0,           0,        2597,      -9.934133172,      -6.619816715,      -7.209989593,      -4.473355852
          0,           0,        2598,      -9.937171845,      -6.623705192,      -7.212457047,      -4.477674059
          0,           0,        2599,      -9.940252908,      -6.627649229,      -7.215004222,      -4.482003642
          0,           0,        2600,      -9.943373401,      -6.631639189,       -7.21762481,      -4.486357782
          0,           0,        2601,      -9.946515336,      -6.635664192,      -7.220304096,      -4.490729567
          0,           0,        2602,      -9.949660725,      -6.639712205,      -7.223023905,      -4.495097716
          0,           0,        2603,      -9.952770627,      -6.643770751,      -7.225758131,      -4.499428644
          0,           0,        2604,      -9.955835332,      -6.647828727,      -7.228479821,      -4.503710133
          0,           0,        2605,      -9.958816355,      -6.651875674,      -7.231149778,      -4.507902196
          0,           0,        2606,       -9.96167426,      -6.655900757,       -7.23374137,      -4.511972221
          0,           0,        2607,        -9.9643819,      -6.659893845,       -7.23621849,      -4.515878302
          0,           0,        2608,      -9.966913757,      -6.663845057,       -7.23855308,      -4.519593023
          0,           0,        2609,       -9.96926682,      -6.667746694,      -7.240718441,      -4.523115575
          0,           0,        2610,      -9.971438275,      -6.671589718,      -7.242693212,      -4.526434331
          0,           0,        2611,      -9.973426584,      -6.675368564,      -7.244455149,      -4.529553574
          0,           0,        2612,       -9.97523621,        -6.6790771,      -7.245981273,      -4.532478425
          0,           0,        2613,      -9.976871032,      -6.682710597,      -7.247263301,      -4.535214251
          0,           0,        2614,      -9.978334065,      -6.686264526,      -7.248286041,      -4.537769348
          0,           0,        2615,      -9.979626829,      -6.689738081,      -7.249035732,      -4.540136627
          0,           0,        2616,      -9.980753877,      -6.693128742,      -7.249513244,       -4.54232654
          0,           0,        2617,      -9.981714148,      -6.696436573,      -7.249716497,      -4.544340517
          0,           0,        2618,      -9.982521351,      -6.699660862,      -7.249652707,      -4.546188947
          0,           0,        2619,      -9.991704171,      -6.704508515,      -7.251874777,      -4.557241555
          0,           0,        2620,      -9.995755235,      -6.709069226,      -7.254071602,      -4.562591578
          0,           0,        2621,      -9.996051638,      -6.713158643,      -7.255388927,      -4.563505175
          0,           0,        2622,      -9.995858284,      -6.716927033,        -7.2558839,      -4.563793047
          0,           0,        2623,      -9.996696614,      -6.720579223,      -7.256006405,      -4.565414013
          0,           0,        2624,      -10.00620995,      -6.725869362,      -7.258501297,      -4.577059543
          0,           0,        2625,      -10.01055091,      -6.730860869,       -7.26103353,      -4.582949553
          0,           0,        2626,      -10.01072618,      -6.735339615,      -7.262723238,      -4.583779867
          0,           0,        2627,      -10.01024364,      -6.739463809,      -7.263548288,      -4.583635363
          0,           0,        2628,      -10.01107985,      -6.743479461,      -7.263949588,      -4.585108628
          0,           0,        2629,       -10.0206243,       -6.74914037,      -7.266588725,      -4.596922332
          0,           0,        2630,      -10.02544426,      -6.754545864,      -7.269309787,      -4.603471728
          0,           0,        2631,      -10.02612005,      -6.759466254,      -7.271330834,      -4.604946385
          0,           0,        2632,       -10.0259211,      -6.764033411,      -7.272589239,        -4.6051271
          0,           0,        2633,      -10.02702872,      -6.768495724,      -7.273445511,      -4.606849821
          0,           0,        2634,      -10.02924114,      -6.772973205,      -7.274213111,      -4.610109363
          0,           0,        2635,      -10.03885157,      -6.779050921,      -7.277113726,      -4.622387001
          0,           0,        2636,      -10.04374156,      -6.784863434,      -7.280012076,      -4.629121233
          0,           0,        2637,      -10.04489093,      -6.790227173,      -7.282282255,       -4.63104197
          0,           0,        2638,      -10.04539037,      -6.795284443,      -7.283904434,      -4.631909044
          0,           0,        2639,      -10.04716605,      -6.800265886,      -7.285222715,      -4.634342413
          0,           0,        2640,      -10.04998855,      -6.805276504,      -7.286517661,      -4.638297783
          0,           0,        2641,      -10.05276007,      -6.810283277,      -7.287848071,      -4.642443021
          0,           0,        2642,      -10.05492668,      -6.815225355,       -7.28914594,       -4.64591894
          0,           0,        2643,      -10.05674676,       -6.82009659,      -7.290353623,      -4.648890826
          0,           0,        2644,      -10.05868456,      -6.824938874,      -7.291479797,      -4.651890842
          0,           0,        2645,      -10.06091546,      -6.829790389,      -7.292557389,      -4.655221618
          0,           0,        2646,      -10.05994181,      -6.833909584,      -7.292628469,      -4.654657716
          0,           0,        2647,      -10.06070823,      -6.838120738,      -7.292654203,      -4.656343219
          0,           0,        2648,      -10.06281874,      -6.842491193,      -7.292936781,      -4.659845557
          0,           0,        2649,      -10.06516779,      -6.846963934,      -7.293506227,      -4.663716944
          0,           0,        2650,      -10.06711218,      -6.851454134,      -7.294228952,      -4.667036368
          0,           0,        2651,      -10.06868656,      -6.855924443,      -7.294984069,      -4.669804716
          0,           0,        2652,      -10.07021558,      -6.860386062,      -7.295726981,      -4.672468738
          0,           0,        2653,      -10.07182906,      -6.864850356,      -7.296473817,      -4.675269088
          0,           0,        2654,      -10.07005873,       -6.86852182,      -7.296137703,       -4.67387377
          0,           0,        2655,      -10.06989895,      -6.872252043,      -7.295766905,       -4.67459787
          0,           0,        2656,      -10.07096761,      -6.876108629,      -7.295627091,      -4.676986194
          0,           0,        2657,      -10.07221985,      -6.880032558,      -7.295720108,       -4.67963505
          0,           0,        2658,      -10.07301511,      -6.883934685,      -7.295890619,      -4.681657429
          0,           0,        2659,      -10.07343116,       -6.88778112,      -7.296002704,      -4.683125005
          0,           0,        2660,      -10.07377405,      -6.891580805,        -7.2960344,      -4.684471046
          0,           0,        2661,      -10.07415613,      -6.895344836,      -7.296006169,      -4.685883532
          0,           0,        2662,      -10.07450584,      -6.899061543,      -7.295933451,       -4.68729009
          0,           0,        2663,      -10.07469429,      -6.902709531,      -7.295807363,      -4.688512752
          0,           0,        2664,      -10.07470478,      -6.906273132,       -7.29560077,      -4.689502853
          0,           0,        2665,      -10.07459054,      -6.909753892,       -7.29528985,         -4.690317
          0,           0,        2666,      -10.07439682,      -6.913157795,      -7.294863232,      -4.691027277
          0,           0,        2667,       -10.0741262,      -6.916488783,      -7.294314295,      -4.691648601
          0,           0,        2668,      -10.07376499,      -6.919748806,      -7.293647403,      -4.692163913
          0,           0,        2669,      -10.07331947,      -6.922935645,      -7.292863574,      -4.692566493
          0,           0,        2670,      -10.07940953,      -6.927858093,      -7.294529783,      -4.701595298
          0,           0,        2671,      -10.08813858,      -6.934238352,      -7.298391348,      -4.714131351
          0,           0,        2672,       -10.0913102,       -6.93996777,      -7.301633316,      -4.718923062
          0,           0,        2673,      -10.09661778,      -6.946603432,        -7.3058102,      -4.726370226
          0,           0,        2674,      -10.10156271,      -6.953381646,      -7.310004053,      -4.733175945
          0,           0,        2675,      -10.10402844,      -6.959503839,      -7.313302626,      -4.736450552
          0,           0,        2676,        -10.105225,      -6.965054099,      -7.315767557,      -4.737945104
          0,           0,        2677,      -10.10621758,      -6.970197439,      -7.317588811,      -4.739253013
          0,           0,        2678,      -10.10746151,      -6.975079687,      -7.318973649,      -4.741076236
          0,           0,        2679,       -10.1087866,      -6.979782942,      -7.320063678,      -4.743180685
          0,           0,        2680,      -10.10998169,      -6.984333842,      -7.320898899,      -4.745208913
          0,           0,        2681,      -10.11095347,      -6.988755958,      -7.321487913,      -4.746968662
          0,           0,        2682,      -10.11186656,       -6.99308707,      -7.321843748,      -4.748639169
          0,           0,        2683,       -10.1128786,      -6.997366988,      -7.322016202,      -4.750414086
          0,           0,        2684,      -10.11406846,      -7.001623656,      -7.322069076,       -4.75239611
          0,           0,        2685,      -10.11543615,      -7.005865223,      -7.322058653,      -4.754575798
          0,           0,        2686,      -10.11691859,      -7.010088181,      -7.322039977,      -4.756892073
          0,           0,        2687,      -10.11845737,      -7.014289116,      -7.322041002,      -4.759271062
          0,           0,        2688,      -10.12003076,       -7.01846958,      -7.322101617,      -4.761701381
          0,           0,        2689,      -10.12161269,      -7.022637705,      -7.322232201,      -4.764172518
          0,           0,        2690,       -10.1231891,      -7.026800416,      -7.322440277,      -4.766694087
          0,           0,        2691,      -10.12469206,       -7.03096274,      -7.322735147,      -4.769175471
          0,           0,        2692,       -10.1261136,      -7.035129398,      -7.323112106,      -4.771605127
          0,           0,        2693,      -10.12741391,      -7.039294842,      -7.323570405,      -4.773907483
          0,           0,        2694,      -10.12859764,      -7.043459871,      -7.324105313,      -4.776084376
          0,           0,        2695,      -10.12965531,      -7.047619111,      -7.324728059,      -4.778086695
          0,           0,        2696,      -10.13059379,      -7.051763688,      -7.325443408,      -4.779919778
          0,           0,        2697,      -10.13144865,      -7.055889157,      -7.326254181,      -4.781604412
          0,           0,        2698,      -10.13000709,       -7.05925849,      -7.326349629,      -4.779888769
          0,           0,        2699,      -10.12956419,      -7.062675438,      -7.326541872,      -4.779637926
          0,           0,        2700,      -10.13007707,      -7.066219849,      -7.326940194,      -4.780795161
          0,           0,        2701,      -10.13106667,       -7.06986388,      -7.327558552,      -4.782640851
          0,           0,        2702,      -10.13207257,      -7.073538946,      -7.328337985,      -4.784462598
          0,           0,        2703,      -10.13302162,      -7.077197615,      -7.329197021,      -4.786138984
          0,           0,        2704,      -10.13401337,      -7.080837703,      -7.330109191,      -4.787812825
          0,           0,        2705,      -10.13514907,      -7.084470548,       -7.33107884,      -4.789660398
          0,           0,        2706,        -10.136393,      -7.088099459,      -7.332127585,      -4.791660206
          0,           0,        2707,      -10.13762978,      -7.091713301,      -7.333258716,      -4.793674947
          0,           0,        2708,      -10.13873462,       -7.09529399,      -7.334470997,      -4.795539982
          0,           0,        2709,      -10.13855153,      -7.098572198,      -7.335395969,      -4.795529819
          0,           0,        2710,      -10.13874294,      -7.101821163,      -7.336375724,      -4.796152167
          0,           0,        2711,      -10.13824604,      -7.104588327,      -7.336977053,      -4.795805458
          0,           0,        2712,      -10.13826244,      -7.107447589,      -7.337694557,      -4.796233494
          0,           0,        2713,      -10.13857528,       -7.11039773,      -7.338541621,      -4.797080246
          0,           0,        2714,      -10.13899748,       -7.11339441,      -7.339482751,      -4.798072825
          0,           0,        2715,       -10.1394434,      -7.116387947,      -7.340478243,      -4.799061282
          0,           0,        2716,       -10.1387987,      -7.119082812,       -7.34113145,      -4.798340989
          0,           0,        2717,      -10.13880301,      -7.121767061,      -7.341828327,      -4.798565398
          0,           0,        2718,      -10.13942747,      -7.124493711,      -7.342658093,      -4.799687763
          0,           0,        2719,      -10.14031427,       -7.12725888,      -7.343642723,      -4.801193413
          0,           0,        2720,      -10.14011223,      -7.129508434,      -7.344247787,      -4.801103688
          0,           0,        2721,      -10.14009528,       -7.13181157,      -7.344984288,      -4.801337636
          0,           0,        2722,      -10.13910329,      -7.133916058,      -7.345489178,       -4.80014658
          0,           0,        2723,      -10.13866908,      -7.136113863,      -7.346157883,      -4.799894054
          0,           0,        2724,      -10.13860009,      -7.138416816,      -7.347027879,      -4.800253563
          0,           0,        2725,      -10.13863663,      -7.140795534,      -7.348060124,      -4.800775645
          0,           0,        2726,      -10.13865606,      -7.143204431,      -7.349197669,      -4.801227489
          0,           0,        2727,      -10.13871601,      -7.145622233,      -7.350395209,       -4.80163963
          0,           0,        2728,      -10.13891905,      -7.148031267,      -7.351632047,      -4.802125177
          0,           0,        2729,      -10.13935847,      -7.150425758,      -7.352901598,      -4.802821364
          0,           0,        2730,      -10.14003556,      -7.152795072,      -7.354195357,      -4.803749066
          0,           0,        2731,      -10.13880821,      -7.154302015,      -7.354546865,      -4.801712985
          0,           0,        2732,       -10.1385989,      -7.155875555,      -7.354979762,      -4.801163625
          0,           0,        2733,      -10.13929935,      -7.157604851,      -7.355639851,      -4.801966727
          0,           0,        2734,       -10.1404422,       -7.15947092,      -7.356548748,      -4.803469737
          0,           0,        2735,       -10.1416244,      -7.161409677,      -7.357684286,      -4.805078302
          0,           0,        2736,      -10.14154193,      -7.163074641,      -7.358567079,      -4.804802244
          0,           0,        2737,      -10.14190506,      -7.164790833,       -7.35962727,       -4.80522664
          0,           0,        2738,      -10.14175474,      -7.166068071,      -7.360371158,       -4.80489716
          0,           0,        2739,      -10.14214599,      -7.167526758,      -7.361438761,      -4.805299464
          0,           0,        2740,      -10.14285891,      -7.169146495,      -7.362840209,      -4.806134435
          0,           0,        2741,      -10.14251314,      -7.170543232,      -7.364087097,      -4.805320374
          0,           0,        2742,      -10.14271542,      -7.171999429,      -7.365607484,      -4.805343698
          0,           0,        2743,      -10.14246008,      -7.172976354,      -7.366825315,      -4.804665575
          0,           0,        2744,       -10.1429137,      -7.174119905,      -7.368399674,      -4.804912503
          0,           0,        2745,      -10.14391838,      -7.175423562,      -7.370330408,      -4.805856443
          0,           0,        2746,      -10.14406184,      -7.176494311,      -7.372115362,      -4.805382784
          0,           0,        2747,      -10.14482695,      -7.177624114,      -7.374214353,      -4.805818583
          0,           0,        2748,      -10.14513336,      -7.178240534,       -7.37603696,      -4.805525418
          0,           0,        2749,      -10.14608805,      -7.179018096,       -7.37827595,      -4.806092276
          0,           0,        2750,      -10.14750613,      -7.179939308,      -7.380933117,      -4.807245554
          0,           0,        2751,      -10.14799365,      -7.180593275,      -7.383485366,      -4.806873012
          0,           0,        2752,      -10.14907931,      -7.181281823,      -7.386390172,      -4.807328467
          0,           0,        2753,      -10.14969088,      -7.181397581,      -7.389020263,      -4.806981401
          0,           0,        2754,      -10.15098365,      -7.181639793,       -7.39206023,      -4.807494146
          0,           0,        2755,      -10.15279786,      -7.181982811,      -7.395524142,       -4.80864633
          0,           0,        2756,      -10.15375901,      -7.181987258,      -7.398880468,      -4.808315133
          0,           0,        2757,      -10.15537395,      -7.181972981,      -7.402577019,      -4.808846304
          0,           0,        2758,      -10.15651694,      -7.181284873,        -7.4059616,       -4.80850459
          0,           0,        2759,      -10.15831837,      -7.180675116,      -7.409761273,      -4.809006974
          0,           0,        2760,       -10.1606003,      -7.180128098,      -7.414000503,      -4.810113705
          0,           0,        2761,      -10.16195614,      -7.179178816,      -7.418142631,      -4.809648008
          0,           0,        2762,      -10.16385404,      -7.178170182,      -7.422622345,      -4.809865783
          0,           0,        2763,      -10.16517923,      -7.176404284,      -7.426743514,      -4.808998911
          0,           0,        2764,      -10.16712849,       -7.17469198,      -7.431248624,      -4.808955655
          0,           0,        2765,      -10.16953952,      -7.173015566,      -7.436166016,      -4.809494855
          0,           0,        2766,      -10.17105014,      -7.170885511,      -7.440937925,      -4.808448701
          0,           0,        2767,      -10.17312393,      -7.168663748,      -7.445977505,      -4.808034231
          0,           0,        2768,      -10.17463344,      -7.165604828,      -7.450510591,      -4.806462222
          0,           0,        2769,      -10.17682814,      -7.162591332,      -7.455316307,      -4.805802902
          0,           0,        2770,       -10.1795629,      -7.159614375,      -7.460438778,      -4.805853214
          0,           0,        2771,      -10.18140964,      -7.156176409,      -7.465338765,      -4.804331962
          0,           0,        2772,      -10.18382995,       -7.15264805,      -7.470381872,      -4.803408595
          0,           0,        2773,      -10.18559138,      -7.148262842,      -7.474750947,      -4.801148868
          0,           0,        2774,      -10.18805448,      -7.143964265,      -7.479265441,      -4.799929901
          0,           0,        2775,      -10.19103658,      -7.139766017,      -7.484034279,       -4.79946655
          0,           0,        2776,      -10.19306571,      -7.135160764,      -7.488511397,       -4.79741071
          0,           0,        2777,       -10.1956358,      -7.130523037,      -7.493018834,      -4.795901321
          0,           0,        2778,      -10.19737909,      -7.125071487,      -7.496726114,      -4.792857803
          0,           0,        2779,      -10.19984105,      -7.119796175,      -7.500435398,       -4.79099091
          0,           0,        2780,      -10.20284939,      -7.114721219,      -7.504330296,      -4.790004753
          0,           0,        2781,      -10.20487732,      -7.109337016,      -7.507889081,      -4.787477249
          0,           0,        2782,      -10.20742834,      -7.104008013,      -7.511370088,      -4.785446135
          0,           0,        2783,       -10.2090281,      -7.097941806,      -7.513887029,      -4.781790594
          0,           0,        2784,      -10.21147431,      -7.092161211,      -7.516285579,      -4.779537117
          0,           0,        2785,      -10.21454716,      -7.086687899,      -7.518801432,      -4.778315004
          0,           0,        2786,      -10.21659673,      -7.081016325,      -7.520966716,      -4.775595296
          0,           0,        2787,        -10.219213,      -7.075489967,      -7.522955427,      -4.773418341
          0,           0,        2788,      -10.22206765,      -7.070013319,      -7.524652972,      -4.771464183
          0,           0,        2789,      -10.22539873,       -7.06479956,      -7.526246743,      -4.770202794
          0,           0,        2790,      -10.22892232,      -7.059825501,      -7.527780722,       -4.76922938
          0,           0,        2791,      -10.23117076,      -7.054658325,      -7.528817707,        -4.7666127
          0,           0,        2792,      -10.23397354,      -7.049685665,      -7.529596066,      -4.764713127
          0,           0,        2793,      -10.23746222,      -7.045005234,      -7.530292151,      -4.763815653
          0,           0,        2794,      -10.24123997,      -7.040608096,      -7.530983097,      -4.763357551
          0,           0,        2795,       -10.2449784,      -7.036435611,      -7.531595577,      -4.762836611
          0,           0,        2796,      -10.24727356,      -7.032099529,      -7.531745482,      -4.760626664
          0,           0,        2797,      -10.25017347,      -7.027991548,      -7.531668575,      -4.759280804
          0,           0,        2798,      -10.25383101,      -7.024215185,      -7.531588237,      -4.759071919
          0,           0,        2799,      -10.25777453,      -7.020754589,      -7.531602524,      -4.759351289
          0,           0,        2800,      -10.26161788,      -7.017537357,       -7.53164192,      -4.759518487
          0,           0,        2801,      -10.26388803,      -7.014203728,      -7.531376238,      -4.758030069
          0,           0,        2802,      -10.26684733,      -7.011119387,      -7.530985371,      -4.757469599
          0,           0,        2803,      -10.27054363,      -7.008379893,      -7.530713686,      -4.758030192
          0,           0,        2804,      -10.27452626,      -7.005968974,      -7.530611068,      -4.759100639
          0,           0,        2805,      -10.27834295,      -7.003812572,      -7.530611218,      -4.760059302
          0,           0,        2806,       -10.2804585,       -7.00156801,      -7.530438155,      -4.759381124
          0,           0,        2807,      -10.28328909,      -6.999572606,      -7.530225754,        -4.7596452
          0,           0,        2808,      -10.28688778,       -6.99792097,      -7.530204171,      -4.761038536
          0,           0,        2809,      -10.29072547,      -6.996586394,      -7.530405102,      -4.762900309
          0,           0,        2810,      -10.29429514,      -6.995499618,      -7.530756197,      -4.764597788
          0,           0,        2811,      -10.29610548,      -6.994337897,      -7.531001753,      -4.764722232
          0,           0,        2812,      -10.29864515,      -6.993414653,      -7.531280137,      -4.765779638
          0,           0,        2813,      -10.30199982,      -6.992815317,      -7.531768487,      -4.767962426
          0,           0,        2814,      -10.30551424,       -6.99251377,      -7.532490067,       -4.77053906
          0,           0,        2815,      -10.30871654,      -6.992439421,      -7.533362209,       -4.77295407
          0,           0,        2816,      -10.31008649,      -6.992294077,      -7.534189779,      -4.773806923
          0,           0,        2817,      -10.31224637,      -6.992364303,      -7.535084346,      -4.775590548
          0,           0,        2818,      -10.31523869,      -6.992734418,      -7.536178081,       -4.77847805
          0,           0,        2819,      -10.31831774,      -6.993376313,      -7.537495071,      -4.781698926
          0,           0,        2820,      -10.32104947,      -6.994221804,      -7.538953616,      -4.784714041
          0,           0,        2821,      -10.32192803,      -6.994990265,      -7.540365285,         -4.786197
          0,           0,        2822,      -10.32367352,      -6.995949975,      -7.541851635,      -4.788644032
          0,           0,        2823,       -10.3262103,      -6.997182795,      -7.543546134,       -4.79211547
          0,           0,        2824,      -10.32882382,      -6.998659856,      -7.545431735,      -4.795873476
          0,           0,        2825,      -10.33108815,      -7.000311535,      -7.547445372,      -4.799414308
          0,           0,        2826,      -10.33146859,      -7.001880217,      -7.549386539,      -4.801421937
          0,           0,        2827,      -10.33274878,      -7.003614342,        -7.5513994,      -4.804361282
          0,           0,        2828,      -10.33484943,      -7.005592417,      -7.553601359,      -4.808312013
          0,           0,        2829,      -10.33700022,      -7.007784648,      -7.555975067,      -4.812483751
          0,           0,        2830,      -10.33881413,      -7.010129621,      -7.558429219,      -4.816429347
          0,           0,        2831,      -10.33876863,      -7.012376163,      -7.560784347,      -4.818826347
          0,           0,        2832,      -10.33966025,      -7.014767265,      -7.563233358,      -4.822169672
          0,           0,        2833,      -10.34136817,      -7.017372715,      -7.565839382,      -4.826460347
          0,           0,        2834,      -10.34312673,      -7.020167399,      -7.568568205,      -4.830940119
          0,           0,        2835,      -10.34454759,      -7.023090062,      -7.571379139,      -4.835162233
          0,           0,        2836,      -10.34416972,      -7.025898553,      -7.574040291,      -4.837842258
          0,           0,        2837,      -10.34474745,      -7.028832145,      -7.576759259,      -4.841445914
          0,           0,        2838,      -10.34614307,      -7.031954431,      -7.579621525,      -4.845967739
          0,           0,        2839,      -10.34758797,      -7.035240047,       -7.58259788,      -4.850633244
          0,           0,        2840,      -10.34872938,        -7.0386338,      -7.585616116,      -4.855029668
          0,           0,        2841,      -10.34967322,      -7.042110596,      -7.588666241,      -4.859245963
          0,           0,        2842,      -10.34905254,      -7.045467338,       -7.59152809,      -4.862110726
          0,           0,        2843,      -10.34949983,      -7.048938386,      -7.594463877,      -4.866026967
          0,           0,        2844,      -10.35069008,      -7.052574511,      -7.597513551,      -4.870733888
          0,           0,        2845,      -10.35187842,      -7.056341023,      -7.600625919,      -4.875457351
          0,           0,        2846,      -10.35280641,      -7.060188199,       -7.60375703,      -4.879875785
          0,           0,        2847,      -10.35361172,       -7.06410043,      -7.606905888,      -4.884176646
          0,           0,        2848,      -10.35448882,      -7.068090055,      -7.610113271,      -4.888569974
          0,           0,        2849,      -10.35547932,      -7.072161571,      -7.613368443,      -4.893107636
          0,           0,        2850,       -10.3564955,      -7.076311868,      -7.616676694,      -4.897662284
          0,           0,        2851,      -10.35590669,        -7.0803282,      -7.619641173,      -4.900620451
          0,           0,        2852,      -10.35627213,      -7.084422286,      -7.622625166,      -4.904485439
          0,           0,        2853,      -10.35738966,      -7.088644437,      -7.625682901,      -4.909095575
          0,           0,        2854,      -10.35863142,      -7.092970637,      -7.628800935,        -4.9137964
          0,           0,        2855,      -10.35974014,      -7.097358693,      -7.631934565,      -4.918306661
          0,           0,        2856,       -10.3607782,      -7.101794947,      -7.635075229,      -4.922682292
          0,           0,        2857,      -10.36190826,      -7.106287341,      -7.638259272,      -4.927135286
          0,           0,        2858,      -10.36311454,      -7.110837423,      -7.641513111,      -4.931614987
          0,           0,        2859,      -10.36436608,      -7.115445147,      -7.644766981,      -4.936063205
          0,           0,        2860,      -10.36566061,      -7.120104674,      -7.648026883,       -4.94048269
          0,           0,        2861,      -10.36696401,      -7.124811261,      -7.651307565,      -4.944827043
          0,           0,        2862,      -10.36767421,      -7.129477012,      -7.654363927,      -4.948448462
          0,           0,        2863,      -10.36887771,      -7.134195342,      -7.657427395,      -4.952544053
          0,           0,        2864,      -10.37042892,      -7.138981054,      -7.660539235,      -4.956954403
          0,           0,        2865,      -10.37208825,      -7.143824223,      -7.663678411,      -4.961417463
          0,           0,        2866,      -10.37372743,      -7.148708307,       -7.66682012,      -4.965764625
          0,           0,        2867,      -10.37540522,      -7.153626447,      -7.669955344,      -4.970069566
          0,           0,        2868,      -10.37712817,      -7.158578442,      -7.673111452,      -4.974330523
          0,           0,        2869,      -10.37893152,      -7.163567696,      -7.676270519,      -4.978578036
          0,           0,        2870,      -10.38080057,      -7.168591001,      -7.679408597,      -4.982790744
          0,           0,        2871,       -10.3827117,      -7.173642394,      -7.682531423,      -4.986956076
          0,           0,        2872,      -10.38467323,      -7.178723041,      -7.685652237,      -4.991079601
          0,           0,        2873,      -10.38672208,      -7.183827872,      -7.688736756,      -4.995212037
          0,           0,        2874,      -10.38883079,      -7.188955809,      -7.691828987,      -4.999328008
          0,           0,        2875,      -10.39101259,      -7.194107445,      -7.694894542,      -5.003436001
          0,           0,        2876,      -10.39325028,      -7.199279723,       -7.69792529,       -5.00752312
          0,           0,        2877,      -10.39554224,      -7.204469365,      -7.700947501,      -5.011556369
          0,           0,        2878,      -10.39786182,      -7.209677116,      -7.703940928,      -5.015534222
          0,           0,        2879,      -10.40026927,       -7.21490054,      -7.706896737,      -5.019511991
          0,           0,        2880,      -10.40270537,      -7.220136472,      -7.709819146,      -5.023433466
          0,           0,        2881,      -10.40519116,      -7.225385854,      -7.712717591,      -5.027325548
          0,           0,        2882,      -10.40770744,       -7.23064537,      -7.715594743,      -5.031162377
          0,           0,        2883,      -10.41028231,      -7.235913901,      -7.718444064,      -5.034986669
          0,           0,        2884,      -10.41288721,      -7.241191953,      -7.721247417,      -5.038769804
          0,           0,        2885,      -10.41552151,       -7.24647393,      -7.724048718,       -5.04250795
          0,           0,        2886,      -10.41822768,      -7.251763548,       -7.72679025,      -5.046227833
          0,           0,        2887,       -10.4209668,      -7.257054899,      -7.729520135,      -5.049919013
          0,           0,        2888,      -10.42373304,      -7.262351413,      -7.732210142,      -5.053582795
          0,           0,        2889,      -10.42654012,      -7.267648096,      -7.734878197,      -5.057207443
          0,           0,        2890,      -10.42937183,       -7.27294865,      -7.737522346,      -5.060799663
          0,           0,        2891,      -10.43221991,      -7.278247527,      -7.740136983,      -5.064346307
          0,           0,        2892,      -10.43511085,      -7.283548063,      -7.742729263,      -5.067878308
          0,           0,        2893,      -10.43801453,      -7.288846711,      -7.745310594,      -5.071363337
          0,           0,        2894,      -10.44094058,      -7.294146245,      -7.747873811,      -5.074824727
          0,           0,        2895,      -10.44389169,      -7.299444753,      -7.750430649,      -5.078256346
          0,           0,        2896,      -10.44685633,      -7.304744305,      -7.752970075,      -5.081656248
          0,           0,        2897,      -10.44984651,      -7.310040034,      -7.755508267,      -5.085035492
          0,           0,        2898,       -10.4528488,      -7.315334711,      -7.758031994,      -5.088381445
          0,           0,        2899,      -10.45588098,      -7.320628343,      -7.760549992,      -5.091720935
          0,           0,        2900,      -10.45892814,      -7.325919308,      -7.763072524,      -5.095034468
          0,           0,        2901,      -10.46197744,      -7.331212577,      -7.765578521,      -5.098305078
          0,           0,        2902,      -10.46507242,      -7.336502566,      -7.768097655,      -5.101596589
          0,           0,        2903,      -10.46817068,      -7.341793256,      -7.770627568,      -5.104871676
          0,           0,        2904,      -10.47127435,      -7.347084214,       -7.77317527,      -5.108125972
          0,           0,        2905,      -10.47439012,      -7.352373516,       -7.77571288,       -5.11134923
          0,           0,        2906,      -10.47754124,      -7.357667736,      -7.778282692,      -5.114578472
          0,           0,        2907,      -10.48069735,      -7.362960235,      -7.780871046,       -5.11780881
          0,           0,        2908,      -10.48385446,      -7.368254286,      -7.783470738,      -5.121002933
          0,           0,        2909,      -10.48702575,       -7.37355056,      -7.786100386,      -5.124182251
          0,           0,        2910,       -10.4902161,      -7.378847526,      -7.788754626,      -5.127364918
          0,           0,        2911,      -10.49343433,      -7.384148061,      -7.791432149,      -5.130568103
          0,           0,        2912,      -10.49668128,       -7.38945101,      -7.794137056,      -5.133771606
          0,           0,        2913,      -10.49992463,      -7.394753104,      -7.796871894,      -5.136954978
          0,           0,        2914,      -10.50318748,      -7.400060744,      -7.799636113,      -5.140135974
          0,           0,        2915,      -10.50646644,      -7.405368481,      -7.802438328,      -5.143330742
          0,           0,        2916,      -10.50976898,       -7.41068086,      -7.805282387,      -5.146523282
          0,           0,        2917,        -10.513086,      -7.415991224,      -7.808164807,      -5.149709422
          0,           0,        2918,      -10.51643165,      -7.421307155,      -7.811087656,       -5.15292173
          0,           0,        2919,      -10.51977727,      -7.426618976,      -7.814041383,      -5.156120247
          0,           0,        2920,      -10.52316123,      -7.431935258,      -7.817041326,      -5.159340413
          0,           0,        2921,      -10.52656907,      -7.437249632,      -7.820087813,      -5.162574438
          0,           0,        2922,      -10.52998377,      -7.442563193,      -7.823185596,      -5.165781524
          0,           0,        2923,      -10.53343441,      -7.447871494,      -7.826324473,      -5.169029802
          0,           0,        2924,      -10.53690455,      -7.453179818,      -7.829515733,      -5.172277307
          0,           0,        2925,      -10.54040496,      -7.458483101,      -7.832742534,      -5.175541138
          0,           0,        2926,      -10.54390492,      -7.463777715,      -7.836029493,       -5.17878678
          0,           0,        2927,      -10.54746074,       -7.46906335,      -7.839372715,      -5.182082586
          0,           0,        2928,      -10.55103242,        -7.4743419,      -7.842763339,      -5.185381649
          0,           0,        2929,      -10.55465309,      -7.479610695,      -7.846201819,      -5.188712871
          0,           0,        2930,      -10.55824662,      -7.484862496,      -7.849698564,      -5.191984648
          0,           0,        2931,      -10.56190335,      -7.490097584,      -7.853272827,      -5.195304665
          0,           0,        2932,      -10.56557962,      -7.495313799,      -7.856874524,      -5.198654658
          0,           0,        2933,      -10.56930491,      -7.500513179,      -7.860543997,      -5.202031814
          0,           0,        2934,      -10.57305095,       -7.50568488,      -7.864275287,      -5.205400379
          0,           0,        2935,      -10.57681636,      -7.510828785,      -7.868056075,      -5.208766874
          0,           0,        2936,      -10.58062049,      -7.515944022,       -7.87190855,      -5.212165628
          0,           0,        2937,      -10.58444834,      -7.521025394,      -7.875813075,      -5.215554452
          0,           0,        2938,      -10.58831464,      -7.526071809,      -7.879775148,      -5.218968649
          0,           0,        2939,      -10.59222036,      -7.531073725,      -7.883781844,      -5.222409816
          0,           0,        2940,      -10.59613166,       -7.53603626,      -7.887877741,      -5.225819096
          0,           0,        2941,      -10.60010147,      -7.540949203,       -7.89201716,      -5.229268295
          0,           0,        2942,      -10.60413018,      -7.545810847,      -7.896215451,      -5.232766569
          0,           0,        2943,       -10.6081686,        -7.5506155,      -7.900473119,      -5.236248544
          0,           0,        2944,      -10.61222357,      -7.555357778,      -7.904797108,      -5.239705599
          0,           0,        2945,      -10.61631394,      -7.560038206,      -7.909162963,      -5.243191192
          0,           0,        2946,      -10.62043346,      -7.564649969,      -7.913624267,      -5.246664929
          0,           0,        2947,      -10.62461571,      -7.569187917,      -7.918115859,       -5.25018698
          0,           0,        2948,      -10.62880212,        -7.5736465,      -7.922675659,      -5.253671243
          0,           0,        2949,      -10.63303861,      -7.578027136,      -7.927278564,      -5.257195293
          0,           0,        2950,      -10.63732762,      -7.582316961,       -7.93194676,      -5.260740104
          0,           0,        2951,      -10.64161396,      -7.586519612,      -7.936685356,      -5.264242536
          0,           0,        2952,      -10.64595566,      -7.590626103,      -7.941478622,      -5.267771276
          0,           0,        2953,      -10.65033055,      -7.594632615,      -7.946315483,      -5.271293891
          0,           0,        2954,      -10.65471717,      -7.598540507,      -7.951194878,      -5.274788264
          0,           0,        2955,      -10.65915922,      -7.602334866,      -7.956154812,      -5.278336112
          0,           0,        2956,      -10.66360694,      -7.606025306,      -7.961150692,      -5.281832868
          0,           0,        2957,      -10.66811677,      -7.609597926,      -7.966197783,      -5.285377877
          0,           0,        2958,      -10.67263612,      -7.613050666,      -7.971309635,      -5.288874596
          0,           0,        2959,       -10.6771898,      -7.616388367,      -7.976447748,      -5.292368506
          0,           0,        2960,      -10.68176474,      -7.619599793,      -7.981637834,      -5.295862862
          0,           0,        2961,       -10.6863834,      -7.622692323,      -7.986860263,      -5.299368837
          0,           0,        2962,      -10.69103026,      -7.625653489,      -7.992157206,      -5.302855049
          0,           0,        2963,      -10.69570476,      -7.628488459,      -7.997462751,      -5.306334821
          0,           0,        2964,      -10.70041736,      -7.631188395,      -8.002830899,      -5.309822033
          0,           0,        2965,      -10.70515207,       -7.63375904,      -8.008252572,      -5.313290859
          0,           0,        2966,      -10.70990041,      -7.636201471,      -8.013691087,      -5.316749074
          0,           0,        2967,      -10.71467483,      -7.638510858,      -8.019178308,      -5.320194358
          0,           0,        2968,      -10.71945425,      -7.640686799,      -8.024687397,       -5.32357785
          0,           0,        2969,      -10.72427825,      -7.642731528,      -8.030237729,      -5.326982945
          0,           0,        2970,      -10.72912119,      -7.644647997,      -8.035804707,      -5.330380792
          0,           0,        2971,      -10.73397371,      -7.646434985,      -8.041417899,      -5.333748153
          0,           0,        2972,      -10.73883649,      -7.648091253,      -8.047045614,      -5.337079309
          0,           0,        2973,      -10.74372516,      -7.649623582,      -8.052681825,      -5.340420083
          0,           0,        2974,      -10.74860332,      -7.651035489,      -8.058336252,      -5.343711511
          0,           0,        2975,       -10.7535122,      -7.652331378,       -8.06401205,      -5.346977348
          0,           0,        2976,      -10.75845226,      -7.653510264,      -8.069674847,      -5.350274502
          0,           0,        2977,      -10.76333411,      -7.654574659,      -8.075377496,      -5.353466279
          0,           0,        2978,      -10.76829263,      -7.655520318,      -8.081063295,      -5.356696684
          0,           0,        2979,      -10.77324696,      -7.656367879,      -8.086764164,       -5.35993345
          0,           0,        2980,      -10.77817507,      -7.657112926,       -8.09248933,      -5.363072762
          0,           0,        2981,      -10.78309648,       -7.65775914,      -8.098147553,      -5.366188247
          0,           0,        2982,      -10.78804632,      -7.658312892,      -8.103797875,      -5.369307008
          0,           0,        2983,      -10.79294713,      -7.658781167,      -8.109479796,      -5.372364692
          0,           0,        2984,      -10.79790534,      -7.659162375,      -8.115115861,      -5.375430814
          0,           0,        2985,      -10.80281922,      -7.659465161,      -8.120759505,      -5.378474827
          0,           0,        2986,      -10.80770163,      -7.659695566,      -8.126336461,      -5.381455346
          0,           0,        2987,      -10.81257463,      -7.659858197,      -8.131913042,      -5.384425017
          0,           0,        2988,      -10.81746069,      -7.659950376,      -8.137419076,       -5.38738713
          0,           0,        2989,      -10.82227289,       -7.65998251,      -8.142908764,      -5.390240875
          0,           0,        2990,      -10.82707853,      -7.659965926,      -8.148308871,      -5.393100774
          0,           0,        2991,      -10.83186499,      -7.659898508,      -8.153684731,      -5.395933052
          0,           0,        2992,      -10.83661245,       -7.65978544,      -8.158984236,      -5.398719795
          0,           0,        2993,      -10.84134047,      -7.659638254,      -8.164218794,      -5.401497673
          0,           0,        2994,       -10.8459978,      -7.659458093,      -8.169370371,       -5.40419816
          0,           0,        2995,      -10.85071109,      -7.659239288,      -8.174450424,      -5.406965696
          0,           0,        2996,      -10.85530677,      -7.659001313,      -8.179511301,      -5.409675947
          0,           0,        2997,      -10.85984441,      -7.658736236,      -8.184451013,      -5.412286612
