
-------------------------------------------------------------------------
|    ___ _   _ ___                                                      |
|   / __| | | |_  )   Release 8.5.0 "Harrier"                           |
|   \__ \ |_| |/ /                                                      |
|   |___/\___//___|   Suite (Computational Fluid Dynamics Code)         |
|                                                                       |
-------------------------------------------------------------------------
| SU2 Project Website: https://su2code.github.io                        |
|                                                                       |
| The SU2 Project is maintained by the SU2 Foundation                   |
| (http://su2foundation.org)                                            |
-------------------------------------------------------------------------
| Copyright 2012-2026, SU2 Contributors                                 |
|                                                                       |
| SU2 is free software; you can redistribute it and/or                  |
| modify it under the terms of the GNU Lesser General Public            |
| License as published by the Free Software Foundation; either          |
| version 2.1 of the License, or (at your option) any later version.    |
|                                                                       |
| SU2 is distributed in the hope that it will be useful,                |
| but WITHOUT ANY WARRANTY; without even the implied warranty of        |
| MERCHANTABILITY or FITNESS FOR A PARTICULAR PURPOSE. See the GNU      |
| Lesser General Public License for more details.                       |
|                                                                       |
| You should have received a copy of the GNU Lesser General Public      |
| License along with SU2. If not, see <http://www.gnu.org/licenses/>.   |
-------------------------------------------------------------------------

Parsing config file for zone 0

----------------- Physical Case Definition ( Zone 0 ) -------------------
Compressible Euler equations.
Mach number: 0.3.
Angle of attack (AoA): 14 deg, and angle of sideslip (AoS): 0 deg.
No restart solution, use the values at infinity (freestream).
Dimensional simulation.
The reference area is 1 m^2.
The semi-span will be computed using the max y(3D) value.
The reference length is 1 m.
Reference origin for moment evaluation is (0.25, 0, 0).
Surface(s) where the force coefficients are evaluated: airfoil.

Surface(s) where the objective function is evaluated: airfoil.
Surface(s) plotted in the output file: airfoil.
Input mesh file name: mesh_NACA0012_inv.su2

--------------- Space Numerical Integration ( Zone 0 ) ------------------
Jameson-Schmidt-Turkel scheme (2nd order in space) for the flow inviscid terms.
JST viscous coefficients (2nd & 4th): 0.5, 0.02.
The method includes a grid stretching correction (p = 0.3).
Gradient for upwind reconstruction: inverse-distance weighted Least-Squares.
Gradient for viscous and source terms: inverse-distance weighted Least-Squares.

--------------- Time Numerical Integration  ( Zone 0 ) ------------------
Local time stepping (steady state simulation).
Euler implicit method for the flow equations.
FGMRES is used for solving the linear system.
Using a LU-SGS preconditioning.
Convergence criteria of the linear solver: 1e-06.
Max number of linear iterations: 5.
W Multigrid Cycle, with 3 multigrid levels.
Damping factor for the residual restriction: 1.
Damping factor for the correction prolongation: 1.
No CFL adaptation.
+-------------------------------------------+
|  MG Level| Presmooth|PostSmooth|CorrectSmo|
+-------------------------------------------+
|         0|         1|         0|         0|
|         1|         2|         0|         0|
|         2|         3|         0|         0|
|         3|         3|         0|         0|
+-------------------------------------------+
Courant-Friedrichs-Lewy number:        4

------------------ Convergence Criteria  ( Zone 0 ) ---------------------
Maximum number of solver subiterations: 9999.
Begin convergence monitoring at iteration 10.
Residual minimum value: 1e-8.
Cauchy series min. value: 1e-10.
Number of Cauchy elements: 100.
Begin windowed time average at iteration 0.

-------------------- Output Information ( Zone 0 ) ----------------------
File writing frequency: 
+------------------------------------+
|                     File| Frequency|
+------------------------------------+
|                  RESTART|        10|
|                 PARAVIEW|       250|
|         SURFACE_PARAVIEW|       250|
|              SURFACE_CSV|       250|
+------------------------------------+
Writing the convergence history file every 1 inner iterations.
Writing the screen convergence history every 1 inner iterations.
The tabular file format is CSV (.csv).
Convergence history file name: history.
Forces breakdown file name: forces_breakdown.dat.
Surface file name: surface_flow.
Volume file name: flow.
Restart file name: restart_flow.

------------- Config File Boundary Information ( Zone 0 ) ---------------
+-----------------------------------------------------------------------+
|                        Marker Type|                        Marker Name|
+-----------------------------------------------------------------------+
|                         Euler wall|                            airfoil|
+-----------------------------------------------------------------------+
|                          Far-field|                           farfield|
+-----------------------------------------------------------------------+

-------------------- Output Preprocessing ( Zone 0 ) --------------------

WARNING: SURFACE_PRESSURE_DROP can only be computed for at least 2 surfaces (outlet, inlet, ...)

Screen output fields: INNER_ITER, RMS_DENSITY, RMS_MOMENTUM-X, RMS_MOMENTUM-Y, RMS_ENERGY
History output group(s): ITER, RMS_RES
Convergence field(s): DRAG
Warning: No (valid) fields chosen for time convergence monitoring. Time convergence monitoring inactive.
Volume output fields: COORDINATES, SOLUTION, PRIMITIVE

------------------- Geometry Preprocessing ( Zone 0 ) -------------------
Two dimensional problem.
5233 grid points before partitioning.
10216 volume elements before partitioning.
2 surface markers.
200 boundary elements in index 0 (Marker = airfoil).
50 boundary elements in index 1 (Marker = farfield).
Executing the partitioning functions.
Building the graph adjacency structure.
Calling ParMETIS... graph partitioning complete (316 edge cuts).
Distributing ParMETIS coloring.
Rebalancing vertices.
Rebalancing volume element connectivity.
Rebalancing markers and surface elements.
5555 vertices including ghost points. 
10532 interior elements including halo cells. 
10532 triangles.
Establishing MPI communication patterns.
Setting point connectivity.
Renumbering points (Reverse Cuthill McKee Ordering).
Recomputing point connectivity.
Setting element connectivity.
Checking the numerical grid orientation.
All volume elements are correctly oriented.
All surface elements are correctly oriented.
Identifying edges and vertices.
Setting the control volume structure.
Area of the computational grid: 1255.76.
Searching for the closest normal neighbors to the surfaces.
Storing a mapping from global to local point index.
Compute the surface curvature.
Max K: 7835.1. Mean K: 34.8252. Standard deviation K: 494.448.
Computing mesh quality statistics for the dual control volumes.
+--------------------------------------------------------------+
|           Mesh Quality Metric|        Minimum|        Maximum|
+--------------------------------------------------------------+
|    Orthogonality Angle (deg.)|        62.6714|        89.7089|
|     CV Face Area Aspect Ratio|        1.00001|        7.18337|
|           CV Sub-Volume Ratio|        1.00285|        6.47826|
+--------------------------------------------------------------+
Setting the multigrid structure. NMG=3
+-------------------------------------------+
|  MG Level|       CVs|Aggl. Rate|       CFL|
+-------------------------------------------+
|         0|      5233|    1/1.00|         4|
|         1|      1659|    1/3.15|   2.66667|

Euler Wall Agglomeration Statistics (45° curvature threshold):
----------------------------------------------------------------
  Marker: airfoil
    Seeds agglomerated:       37 (100.0%)
    Seeds rejected (>45° curv): 0 (0.0%)
----------------------------------------------------------------
|         2|       563|    1/2.95|  1.777778|

Euler Wall Agglomeration Statistics (45° curvature threshold):
----------------------------------------------------------------
  Marker: airfoil
    Seeds agglomerated:       18 (100.0%)
    Seeds rejected (>45° curv): 0 (0.0%)
----------------------------------------------------------------
MG level 3 has only 209 CVs (< MG_MIN_MESHSIZE=500). Reducing MG levels to 2.

Euler Wall Agglomeration Statistics (45° curvature threshold):
----------------------------------------------------------------
  Marker: airfoil
    Seeds agglomerated:       9 (100.0%)
    Seeds rejected (>45° curv): 0 (0.0%)
----------------------------------------------------------------
Finding max control volume width.
Communicating number of neighbors.
Wetted area = 2.0 m.
Area projection in the x-plane = 0.1 m, y-plane = 1.0 m.
Max. coordinate in the x-direction = 1.0 m, y-direction = 0.1 m.
Min. coordinate in the x-direction = 0.0 m, y-direction = -0.1 m.
Computing wall distances.

-------------------- Solver Preprocessing ( Zone 0 ) --------------------
Inviscid flow: Computing density based on free-stream
temperature and pressure using the ideal gas law.
Force coefficients computed using free-stream values.

-- Models:
+------------------------------------------------------------------------------+
|          Viscosity Model|        Conductivity Model|              Fluid Model|
+------------------------------------------------------------------------------+
|                        -|                         -|             STANDARD_AIR|
+------------------------------------------------------------------------------+
-- Fluid properties:
+------------------------------------------------------------------------------+
|                  Name|    Dim. value|    Ref. value|      Unit|Non-dim. value|
+------------------------------------------------------------------------------+
|          Gas Constant|       287.058|             1|  N.m/kg.K|       287.058|
|      Spec. Heat Ratio|             -|             -|         -|           1.4|
+------------------------------------------------------------------------------+
-- Initial and free-stream conditions:
+------------------------------------------------------------------------------+
|                  Name|    Dim. value|    Ref. value|      Unit|Non-dim. value|
+------------------------------------------------------------------------------+
|       Static Pressure|        101325|             1|        Pa|        101325|
|               Density|       1.29225|             1|    kg/m^3|       1.29225|
|           Temperature|        273.15|             1|         K|        273.15|
|          Total Energy|        200965|             1|   m^2/s^2|        200965|
|            Velocity-X|       96.4439|             1|       m/s|       96.4439|
|            Velocity-Y|       24.0462|             1|       m/s|       24.0462|
|    Velocity Magnitude|       99.3964|             1|       m/s|       99.3964|
+------------------------------------------------------------------------------+
|           Mach Number|             -|             -|         -|           0.3|
+------------------------------------------------------------------------------+
Initialize Jacobian structure (Euler). MG level: 0.
Initialize Jacobian structure (Euler). MG level: 1.
Initialize Jacobian structure (Euler). MG level: 2.

------------------- Numerics Preprocessing ( Zone 0 ) -------------------

----------------- Integration Preprocessing ( Zone 0 ) ------------------

------------------- Iteration Preprocessing ( Zone 0 ) ------------------
Euler/Navier-Stokes/RANS fluid iteration.

------------------------------ Begin Solver -----------------------------

Simulation Run using the Single-zone Driver
WARNING: SU2 was not compiled for an AVX-capable architecture. Performance could be better,
         see https://su2code.github.io/docs_v7/Build-SU2-Linux-MacOS/#compiler-optimizations
WARNING: SU2 was not compiled for an AVX-capable architecture. Performance could be better,
         see https://su2code.github.io/docs_v7/Build-SU2-Linux-MacOS/#compiler-optimizations
WARNING: SU2 was not compiled for an AVX-capable architecture. Performance could be better,
         see https://su2code.github.io/docs_v7/Build-SU2-Linux-MacOS/#compiler-optimizations
+----------------------------------------------------------------+
|  Inner_Iter|    rms[Rho]|   rms[RhoU]|   rms[RhoV]|   rms[RhoE]|
+----------------------------------------------------------------+
|           0|   -1.121700|    0.836849|    0.040757|    4.324487|
|           1|   -1.492961|    0.815274|    1.079947|    3.964092|
|           2|   -1.454002|    0.994973|    1.081659|    4.005229|
|           3|   -1.455113|    1.110376|    1.163985|    3.999724|
|           4|   -1.422317|    1.151374|    1.169418|    4.022340|
|           5|   -1.400100|    1.140136|    1.140503|    4.042911|
|           6|   -1.392154|    1.110300|    1.124230|    4.058085|
|           7|   -1.397811|    1.079574|    1.143704|    4.055356|
|           8|   -1.410554|    1.063857|    1.155284|    4.036126|
|           9|   -1.424801|    1.072696|    1.143780|    4.015373|
|          10|   -1.419976|    1.099409|    1.135421|    4.022676|
+-----------------------------------------------------------------------+
|        File Writing Summary       |              Filename             |
+-----------------------------------------------------------------------+
|SU2 binary restart                 |restart_flow.dat                   |

Writing the forces breakdown file (forces_breakdown.dat).
+-----------------------------------------------------------------------+
+----------------------------------------------------------------+
|  Inner_Iter|    rms[Rho]|   rms[RhoU]|   rms[RhoV]|   rms[RhoE]|
+----------------------------------------------------------------+
|          11|   -1.422574|    1.111177|    1.130128|    4.023925|
|          12|   -1.441641|    1.106388|    1.110525|    4.002488|
|          13|   -1.481619|    1.087553|    1.065810|    3.955692|
|          14|   -1.519238|    1.063738|    1.007012|    3.914464|
|          15|   -1.555485|    1.038648|    0.948932|    3.882708|
|          16|   -1.594673|    1.019378|    0.917270|    3.853908|
|          17|   -1.633883|    1.013646|    0.922632|    3.823735|
|          18|   -1.668548|    1.011844|    0.937535|    3.788414|
|          19|   -1.695165|    1.007715|    0.945522|    3.753367|
|          20|   -1.709155|    1.004978|    0.948142|    3.728266|
+-----------------------------------------------------------------------+
|        File Writing Summary       |              Filename             |
+-----------------------------------------------------------------------+
|SU2 binary restart                 |restart_flow.dat                   |

Writing the forces breakdown file (forces_breakdown.dat).
+-----------------------------------------------------------------------+
+----------------------------------------------------------------+
|  Inner_Iter|    rms[Rho]|   rms[RhoU]|   rms[RhoV]|   rms[RhoE]|
+----------------------------------------------------------------+
|          21|   -1.714262|    1.000077|    0.943114|    3.713690|
|          22|   -1.717068|    0.991323|    0.930561|    3.705599|
|          23|   -1.723074|    0.978801|    0.911508|    3.698685|
|          24|   -1.734003|    0.963890|    0.886959|    3.690841|
|          25|   -1.748279|    0.948047|    0.858800|    3.682758|
|          26|   -1.764069|    0.932884|    0.830594|    3.674761|
|          27|   -1.779926|    0.920271|    0.808112|    3.666437|
|          28|   -1.795820|    0.911767|    0.796944|    3.655969|
|          29|   -1.811619|    0.908431|    0.798746|    3.642385|
|          30|   -1.825431|    0.909140|    0.809082|    3.626720|
+-----------------------------------------------------------------------+
|        File Writing Summary       |              Filename             |
+-----------------------------------------------------------------------+
|SU2 binary restart                 |restart_flow.dat                   |

Writing the forces breakdown file (forces_breakdown.dat).
+-----------------------------------------------------------------------+
+----------------------------------------------------------------+
|  Inner_Iter|    rms[Rho]|   rms[RhoU]|   rms[RhoV]|   rms[RhoE]|
+----------------------------------------------------------------+
|          31|   -1.834872|    0.911468|    0.820854|    3.611790|
|          32|   -1.837517|    0.913308|    0.829827|    3.602067|
|          33|   -1.833999|    0.913317|    0.835007|    3.599501|
|          34|   -1.827338|    0.911242|    0.837304|    3.602658|
|          35|   -1.822326|    0.905969|    0.836608|    3.606352|
|          36|   -1.822745|    0.896216|    0.831271|    3.605730|
|          37|   -1.829372|    0.880773|    0.819442|    3.599516|
|          38|   -1.841631|    0.858927|    0.800078|    3.588464|
|          39|   -1.858406|    0.831182|    0.773803|    3.574473|
|          40|   -1.877822|    0.800015|    0.744410|    3.559828|
+-----------------------------------------------------------------------+
|        File Writing Summary       |              Filename             |
+-----------------------------------------------------------------------+
|SU2 binary restart                 |restart_flow.dat                   |

Writing the forces breakdown file (forces_breakdown.dat).
+-----------------------------------------------------------------------+
+----------------------------------------------------------------+
|  Inner_Iter|    rms[Rho]|   rms[RhoU]|   rms[RhoV]|   rms[RhoE]|
+----------------------------------------------------------------+
|          41|   -1.898749|    0.770543|    0.718073|    3.545191|
|          42|   -1.918779|    0.748829|    0.701056|    3.531626|
|          43|   -1.935338|    0.738866|    0.696133|    3.519771|
|          44|   -1.946345|    0.740824|    0.701634|    3.510336|
|          45|   -1.952231|    0.749917|    0.711927|    3.502099|
|          46|   -1.956108|    0.759901|    0.720612|    3.492610|
|          47|   -1.960380|    0.766326|    0.723365|    3.481057|
|          48|   -1.966387|    0.766643|    0.717494|    3.467895|
|          49|   -1.973978|    0.760095|    0.701352|    3.455216|
|          50|   -1.982203|    0.746397|    0.674228|    3.445613|
+-----------------------------------------------------------------------+
|        File Writing Summary       |              Filename             |
+-----------------------------------------------------------------------+
|SU2 binary restart                 |restart_flow.dat                   |

Writing the forces breakdown file (forces_breakdown.dat).
+-----------------------------------------------------------------------+
+----------------------------------------------------------------+
|  Inner_Iter|    rms[Rho]|   rms[RhoU]|   rms[RhoV]|   rms[RhoE]|
+----------------------------------------------------------------+
|          51|   -1.990972|    0.727199|    0.637582|    3.440080|
|          52|   -1.999716|    0.706573|    0.596998|    3.438735|
|          53|   -2.008655|    0.690407|    0.563471|    3.439335|
|          54|   -2.018076|    0.684560|    0.550017|    3.439088|
|          55|   -2.028149|    0.689685|    0.559943|    3.434416|
|          56|   -2.038831|    0.700070|    0.580516|    3.422772|
|          57|   -2.048354|    0.708482|    0.596190|    3.405553|
|          58|   -2.055405|    0.709686|    0.597535|    3.386649|
|          59|   -2.060386|    0.701854|    0.581056|    3.370906|
|          60|   -2.066406|    0.685304|    0.547971|    3.360255|
+-----------------------------------------------------------------------+
|        File Writing Summary       |              Filename             |
+-----------------------------------------------------------------------+
|SU2 binary restart                 |restart_flow.dat                   |

Writing the forces breakdown file (forces_breakdown.dat).
+-----------------------------------------------------------------------+
+----------------------------------------------------------------+
|  Inner_Iter|    rms[Rho]|   rms[RhoU]|   rms[RhoV]|   rms[RhoE]|
+----------------------------------------------------------------+
|          61|   -2.078230|    0.663433|    0.505027|    3.351510|
|          62|   -2.097846|    0.641577|    0.464311|    3.340737|
|          63|   -2.124837|    0.624692|    0.438547|    3.324556|
|          64|   -2.156514|    0.615371|    0.431776|    3.301967|
|          65|   -2.188299|    0.611736|    0.435513|    3.273647|
|          66|   -2.217263|    0.609490|    0.437206|    3.241205|
|          67|   -2.242387|    0.605028|    0.429679|    3.208187|
|          68|   -2.265148|    0.596563|    0.411133|    3.177974|
|          69|   -2.287728|    0.584359|    0.383091|    3.152887|
|          70|   -2.311746|    0.569338|    0.349892|    3.132442|
+-----------------------------------------------------------------------+
|        File Writing Summary       |              Filename             |
+-----------------------------------------------------------------------+
|SU2 binary restart                 |restart_flow.dat                   |

Writing the forces breakdown file (forces_breakdown.dat).
+-----------------------------------------------------------------------+
+----------------------------------------------------------------+
|  Inner_Iter|    rms[Rho]|   rms[RhoU]|   rms[RhoV]|   rms[RhoE]|
+----------------------------------------------------------------+
|          71|   -2.337898|    0.553370|    0.317174|    3.114031|
|          72|   -2.365195|    0.538403|    0.290351|    3.095422|
|          73|   -2.392698|    0.525654|    0.272181|    3.074707|
|          74|   -2.419463|    0.515614|    0.261867|    3.051649|
|          75|   -2.444950|    0.507025|    0.255409|    3.026231|
|          76|   -2.469002|    0.498321|    0.248092|    2.999506|
|          77|   -2.489927|    0.488517|    0.237031|    2.974924|
|          78|   -2.505938|    0.477346|    0.221548|    2.956094|
|          79|   -2.515872|    0.465461|    0.202992|    2.945571|
|          80|   -2.522203|    0.453176|    0.184137|    2.940591|
+-----------------------------------------------------------------------+
|        File Writing Summary       |              Filename             |
+-----------------------------------------------------------------------+
|SU2 binary restart                 |restart_flow.dat                   |

Writing the forces breakdown file (forces_breakdown.dat).
+-----------------------------------------------------------------------+
+----------------------------------------------------------------+
|  Inner_Iter|    rms[Rho]|   rms[RhoU]|   rms[RhoV]|   rms[RhoE]|
+----------------------------------------------------------------+
|          81|   -2.529547|    0.441020|    0.168040|    2.935745|
|          82|   -2.540871|    0.429483|    0.156765|    2.927213|
|          83|   -2.557637|    0.418753|    0.150159|    2.912847|
|          84|   -2.579560|    0.408708|    0.145883|    2.892441|
|          85|   -2.603959|    0.398874|    0.140656|    2.868247|
|          86|   -2.628530|    0.388458|    0.131051|    2.842512|
|          87|   -2.649590|    0.376981|    0.115676|    2.819785|
|          88|   -2.665041|    0.364489|    0.095386|    2.803657|
|          89|   -2.676020|    0.351516|    0.073181|    2.794043|
|          90|   -2.685561|    0.338979|    0.053470|    2.787856|
+-----------------------------------------------------------------------+
|        File Writing Summary       |              Filename             |
+-----------------------------------------------------------------------+
|SU2 binary restart                 |restart_flow.dat                   |

Writing the forces breakdown file (forces_breakdown.dat).
+-----------------------------------------------------------------------+
+----------------------------------------------------------------+
|  Inner_Iter|    rms[Rho]|   rms[RhoU]|   rms[RhoV]|   rms[RhoE]|
+----------------------------------------------------------------+
|          91|   -2.698063|    0.327448|    0.039546|    2.779478|
|          92|   -2.715329|    0.317213|    0.031652|    2.765825|
|          93|   -2.736097|    0.308117|    0.026759|    2.747134|
|          94|   -2.756441|    0.299656|    0.020654|    2.726733|
|          95|   -2.770714|    0.291367|    0.010435|    2.710415|
|          96|   -2.777562|    0.282632|   -0.004769|    2.700654|
|          97|   -2.778474|    0.273242|   -0.023063|    2.697259|
|          98|   -2.778023|    0.263381|   -0.040482|    2.696394|
|          99|   -2.781284|    0.253453|   -0.052737|    2.692991|
|         100|   -2.790709|    0.243976|   -0.057520|    2.684290|
+-----------------------------------------------------------------------+
|        File Writing Summary       |              Filename             |
+-----------------------------------------------------------------------+
|SU2 binary restart                 |restart_flow.dat                   |

Writing the forces breakdown file (forces_breakdown.dat).
+-----------------------------------------------------------------------+
+----------------------------------------------------------------+
|  Inner_Iter|    rms[Rho]|   rms[RhoU]|   rms[RhoV]|   rms[RhoE]|
+----------------------------------------------------------------+
|         101|   -2.808234|    0.234983|   -0.056845|    2.668006|
|         102|   -2.832280|    0.226298|   -0.055205|    2.645552|
|         103|   -2.858954|    0.217625|   -0.057000|    2.620881|
|         104|   -2.883641|    0.208751|   -0.064751|    2.598777|
|         105|   -2.902508|    0.199869|   -0.078317|    2.583166|
|         106|   -2.917052|    0.191218|   -0.095324|    2.572340|
|         107|   -2.929842|    0.183322|   -0.111685|    2.563231|
|         108|   -2.943458|    0.176631|   -0.123766|    2.552689|
|         109|   -2.958541|    0.171192|   -0.130775|    2.539514|
|         110|   -2.972038|    0.166751|   -0.134935|    2.526211|
+-----------------------------------------------------------------------+
|        File Writing Summary       |              Filename             |
+-----------------------------------------------------------------------+
|SU2 binary restart                 |restart_flow.dat                   |

Writing the forces breakdown file (forces_breakdown.dat).
+-----------------------------------------------------------------------+
+----------------------------------------------------------------+
|  Inner_Iter|    rms[Rho]|   rms[RhoU]|   rms[RhoV]|   rms[RhoE]|
+----------------------------------------------------------------+
|         111|   -2.982876|    0.162452|   -0.140422|    2.514178|
|         112|   -2.989222|    0.157681|   -0.150189|    2.506048|
|         113|   -2.991486|    0.152262|   -0.164738|    2.502426|
|         114|   -2.992602|    0.146446|   -0.182026|    2.500990|
|         115|   -2.995252|    0.140818|   -0.198244|    2.498997|
|         116|   -3.004748|    0.135270|   -0.210418|    2.490856|
|         117|   -3.018788|    0.130177|   -0.217088|    2.478448|
|         118|   -3.035187|    0.125506|   -0.219587|    2.463680|
|         119|   -3.051771|    0.120969|   -0.220933|    2.448567|
|         120|   -3.067296|    0.116203|   -0.224010|    2.434548|
+-----------------------------------------------------------------------+
|        File Writing Summary       |              Filename             |
+-----------------------------------------------------------------------+
|SU2 binary restart                 |restart_flow.dat                   |

Writing the forces breakdown file (forces_breakdown.dat).
+-----------------------------------------------------------------------+
+----------------------------------------------------------------+
|  Inner_Iter|    rms[Rho]|   rms[RhoU]|   rms[RhoV]|   rms[RhoE]|
+----------------------------------------------------------------+
|         121|   -3.080689|    0.111124|   -0.230188|    2.423104|
|         122|   -3.094448|    0.105555|   -0.239658|    2.412506|
|         123|   -3.108554|    0.099648|   -0.251015|    2.402694|
|         124|   -3.121506|    0.093701|   -0.262066|    2.394141|
|         125|   -3.130979|    0.087968|   -0.270926|    2.387379|
|         126|   -3.134002|    0.082680|   -0.276724|    2.383639|
|         127|   -3.133075|    0.077517|   -0.280786|    2.380556|
|         128|   -3.131179|    0.072122|   -0.285222|    2.376759|
|         129|   -3.131624|    0.066178|   -0.291950|    2.371218|
|         130|   -3.136820|    0.059518|   -0.301863|    2.363395|
+-----------------------------------------------------------------------+
|        File Writing Summary       |              Filename             |
+-----------------------------------------------------------------------+
|SU2 binary restart                 |restart_flow.dat                   |

Writing the forces breakdown file (forces_breakdown.dat).
+-----------------------------------------------------------------------+
+----------------------------------------------------------------+
|  Inner_Iter|    rms[Rho]|   rms[RhoU]|   rms[RhoV]|   rms[RhoE]|
+----------------------------------------------------------------+
|         131|   -3.146482|    0.052325|   -0.314316|    2.354363|
|         132|   -3.160898|    0.044693|   -0.327781|    2.343554|
|         133|   -3.177385|    0.036930|   -0.340030|    2.332023|
|         134|   -3.192955|    0.029318|   -0.349421|    2.320565|
|         135|   -3.206124|    0.021943|   -0.355874|    2.309019|
|         136|   -3.216187|    0.014781|   -0.360618|    2.297644|
|         137|   -3.227158|    0.007326|   -0.366192|    2.284006|
|         138|   -3.240512|   -0.000774|   -0.374376|    2.268490|
|         139|   -3.255555|   -0.009613|   -0.385608|    2.253135|
|         140|   -3.270028|   -0.019038|   -0.398928|    2.240275|
+-----------------------------------------------------------------------+
|        File Writing Summary       |              Filename             |
+-----------------------------------------------------------------------+
|SU2 binary restart                 |restart_flow.dat                   |

Writing the forces breakdown file (forces_breakdown.dat).
+-----------------------------------------------------------------------+
+----------------------------------------------------------------+
|  Inner_Iter|    rms[Rho]|   rms[RhoU]|   rms[RhoV]|   rms[RhoE]|
+----------------------------------------------------------------+
|         141|   -3.280428|   -0.028622|   -0.412319|    2.231959|
|         142|   -3.287080|   -0.038235|   -0.424184|    2.226103|
|         143|   -3.290918|   -0.047778|   -0.433834|    2.220666|
|         144|   -3.294434|   -0.057293|   -0.441961|    2.213586|
|         145|   -3.300431|   -0.066952|   -0.450132|    2.203528|
|         146|   -3.309403|   -0.076816|   -0.459536|    2.191473|
|         147|   -3.323590|   -0.087150|   -0.471110|    2.176590|
|         148|   -3.341436|   -0.097925|   -0.484429|    2.160632|
|         149|   -3.360263|   -0.108933|   -0.498308|    2.145352|
|         150|   -3.377806|   -0.119932|   -0.511552|    2.131281|
+-----------------------------------------------------------------------+
|        File Writing Summary       |              Filename             |
+-----------------------------------------------------------------------+
|SU2 binary restart                 |restart_flow.dat                   |

Writing the forces breakdown file (forces_breakdown.dat).
+-----------------------------------------------------------------------+
+----------------------------------------------------------------+
|  Inner_Iter|    rms[Rho]|   rms[RhoU]|   rms[RhoV]|   rms[RhoE]|
+----------------------------------------------------------------+
|         151|   -3.392021|   -0.130662|   -0.523378|    2.118700|
|         152|   -3.405158|   -0.141306|   -0.534434|    2.104923|
|         153|   -3.418277|   -0.152039|   -0.545733|    2.089519|
|         154|   -3.431577|   -0.162971|   -0.558135|    2.073507|
|         155|   -3.444612|   -0.174116|   -0.571909|    2.058380|
|         156|   -3.455680|   -0.185269|   -0.586454|    2.046086|
|         157|   -3.466046|   -0.196475|   -0.601245|    2.035210|
|         158|   -3.475307|   -0.207666|   -0.615596|    2.025431|
|         159|   -3.483286|   -0.218756|   -0.629155|    2.016435|
|         160|   -3.490401|   -0.229695|   -0.641993|    2.007763|
+-----------------------------------------------------------------------+
|        File Writing Summary       |              Filename             |
+-----------------------------------------------------------------------+
|SU2 binary restart                 |restart_flow.dat                   |

Writing the forces breakdown file (forces_breakdown.dat).
+-----------------------------------------------------------------------+
+----------------------------------------------------------------+
|  Inner_Iter|    rms[Rho]|   rms[RhoU]|   rms[RhoV]|   rms[RhoE]|
+----------------------------------------------------------------+
|         161|   -3.496619|   -0.240412|   -0.654270|    1.999671|
|         162|   -3.503889|   -0.251052|   -0.666525|    1.990726|
|         163|   -3.512966|   -0.261668|   -0.679003|    1.980650|
|         164|   -3.523280|   -0.272223|   -0.691702|    1.970081|
|         165|   -3.534567|   -0.282650|   -0.704442|    1.959245|
|         166|   -3.546598|   -0.292903|   -0.717007|    1.948104|
|         167|   -3.559090|   -0.302973|   -0.729269|    1.936596|
|         168|   -3.571659|   -0.312867|   -0.741243|    1.924844|
|         169|   -3.583899|   -0.322593|   -0.753055|    1.913137|
|         170|   -3.595494|   -0.332161|   -0.764865|    1.901769|
+-----------------------------------------------------------------------+
|        File Writing Summary       |              Filename             |
+-----------------------------------------------------------------------+
|SU2 binary restart                 |restart_flow.dat                   |

Writing the forces breakdown file (forces_breakdown.dat).
+-----------------------------------------------------------------------+
+----------------------------------------------------------------+
|  Inner_Iter|    rms[Rho]|   rms[RhoU]|   rms[RhoV]|   rms[RhoE]|
+----------------------------------------------------------------+
|         171|   -3.606256|   -0.341586|   -0.776792|    1.890948|
|         172|   -3.616078|   -0.350888|   -0.788886|    1.880818|
|         173|   -3.624882|   -0.360080|   -0.801123|    1.871515|
|         174|   -3.632604|   -0.369166|   -0.813401|    1.863178|
|         175|   -3.639140|   -0.378137|   -0.825560|    1.855960|
|         176|   -3.644825|   -0.386980|   -0.837406|    1.849675|
|         177|   -3.650042|   -0.395682|   -0.848761|    1.844030|
|         178|   -3.655269|   -0.404229|   -0.859516|    1.838606|
|         179|   -3.661104|   -0.412613|   -0.869656|    1.832895|
|         180|   -3.668010|   -0.420836|   -0.879262|    1.826507|
+-----------------------------------------------------------------------+
|        File Writing Summary       |              Filename             |
+-----------------------------------------------------------------------+
|SU2 binary restart                 |restart_flow.dat                   |

Writing the forces breakdown file (forces_breakdown.dat).
+-----------------------------------------------------------------------+
+----------------------------------------------------------------+
|  Inner_Iter|    rms[Rho]|   rms[RhoU]|   rms[RhoV]|   rms[RhoE]|
+----------------------------------------------------------------+
|         181|   -3.676231|   -0.428914|   -0.888472|    1.819239|
|         182|   -3.685705|   -0.436865|   -0.897432|    1.811126|
|         183|   -3.696092|   -0.444714|   -0.906248|    1.802390|
|         184|   -3.706886|   -0.452484|   -0.914976|    1.793346|
|         185|   -3.717557|   -0.460196|   -0.923640|    1.784291|
|         186|   -3.727692|   -0.467874|   -0.932254|    1.775441|
|         187|   -3.737062|   -0.475541|   -0.940849|    1.766917|
|         188|   -3.745617|   -0.483221|   -0.949459|    1.758776|
|         189|   -3.753436|   -0.490932|   -0.958101|    1.751049|
|         190|   -3.760665|   -0.498685|   -0.966740|    1.743744|
+-----------------------------------------------------------------------+
|        File Writing Summary       |              Filename             |
+-----------------------------------------------------------------------+
|SU2 binary restart                 |restart_flow.dat                   |

Writing the forces breakdown file (forces_breakdown.dat).
+-----------------------------------------------------------------------+
+----------------------------------------------------------------+
|  Inner_Iter|    rms[Rho]|   rms[RhoU]|   rms[RhoV]|   rms[RhoE]|
+----------------------------------------------------------------+
|         191|   -3.767487|   -0.506477|   -0.975290|    1.736825|
|         192|   -3.774114|   -0.514298|   -0.983642|    1.730190|
|         193|   -3.780776|   -0.522133|   -0.991707|    1.723669|
|         194|   -3.787692|   -0.529969|   -0.999462|    1.717061|
|         195|   -3.795035|   -0.537796|   -1.006957|    1.710191|
|         196|   -3.802900|   -0.545613|   -1.014296|    1.702943|
|         197|   -3.811353|   -0.553427|   -1.021600|    1.695248|
|         198|   -3.820245|   -0.561249|   -1.028966|    1.687189|
|         199|   -3.829301|   -0.569088|   -1.036453|    1.678936|
|         200|   -3.838406|   -0.576956|   -1.044085|    1.670555|
+-----------------------------------------------------------------------+
|        File Writing Summary       |              Filename             |
+-----------------------------------------------------------------------+
|SU2 binary restart                 |restart_flow.dat                   |

Writing the forces breakdown file (forces_breakdown.dat).
+-----------------------------------------------------------------------+
+----------------------------------------------------------------+
|  Inner_Iter|    rms[Rho]|   rms[RhoU]|   rms[RhoV]|   rms[RhoE]|
+----------------------------------------------------------------+
|         201|   -3.847489|   -0.584863|   -1.051854|    1.662084|
|         202|   -3.856376|   -0.592815|   -1.059748|    1.653628|
|         203|   -3.864998|   -0.600818|   -1.067757|    1.645232|
|         204|   -3.873726|   -0.608857|   -1.075900|    1.636720|
|         205|   -3.882492|   -0.616933|   -1.084170|    1.628156|
|         206|   -3.891818|   -0.625047|   -1.092539|    1.619297|
|         207|   -3.901502|   -0.633201|   -1.100972|    1.610314|
|         208|   -3.910896|   -0.641396|   -1.109437|    1.601555|
|         209|   -3.920038|   -0.649627|   -1.117922|    1.592912|
|         210|   -3.928937|   -0.657887|   -1.126428|    1.584325|
+-----------------------------------------------------------------------+
|        File Writing Summary       |              Filename             |
+-----------------------------------------------------------------------+
|SU2 binary restart                 |restart_flow.dat                   |

Writing the forces breakdown file (forces_breakdown.dat).
+-----------------------------------------------------------------------+
+----------------------------------------------------------------+
|  Inner_Iter|    rms[Rho]|   rms[RhoU]|   rms[RhoV]|   rms[RhoE]|
+----------------------------------------------------------------+
|         211|   -3.937610|   -0.666165|   -1.134969|    1.575769|
|         212|   -3.946163|   -0.674451|   -1.143566|    1.567191|
|         213|   -3.954686|   -0.682734|   -1.152234|    1.558552|
|         214|   -3.963214|   -0.691008|   -1.160985|    1.549837|
|         215|   -3.971730|   -0.699264|   -1.169823|    1.541057|
|         216|   -3.980206|   -0.707497|   -1.178740|    1.532217|
|         217|   -3.988571|   -0.715702|   -1.187752|    1.523359|
|         218|   -3.996775|   -0.723876|   -1.196870|    1.514508|
|         219|   -4.004821|   -0.732018|   -1.206095|    1.505664|
|         220|   -4.012721|   -0.740123|   -1.215430|    1.496822|
+-----------------------------------------------------------------------+
|        File Writing Summary       |              Filename             |
+-----------------------------------------------------------------------+
|SU2 binary restart                 |restart_flow.dat                   |

Writing the forces breakdown file (forces_breakdown.dat).
+-----------------------------------------------------------------------+
+----------------------------------------------------------------+
|  Inner_Iter|    rms[Rho]|   rms[RhoU]|   rms[RhoV]|   rms[RhoE]|
+----------------------------------------------------------------+
|         221|   -4.020456|   -0.748189|   -1.224869|    1.488000|
|         222|   -4.028001|   -0.756211|   -1.234404|    1.479223|
|         223|   -4.035336|   -0.764183|   -1.244026|    1.470514|
|         224|   -4.042447|   -0.772097|   -1.253724|    1.461902|
|         225|   -4.049333|   -0.779945|   -1.263489|    1.453409|
|         226|   -4.056012|   -0.787719|   -1.273312|    1.445043|
|         227|   -4.062515|   -0.795409|   -1.283186|    1.436799|
|         228|   -4.068883|   -0.803007|   -1.293102|    1.428659|
|         229|   -4.075156|   -0.810501|   -1.303055|    1.420595|
|         230|   -4.081372|   -0.817883|   -1.313041|    1.412575|
+-----------------------------------------------------------------------+
|        File Writing Summary       |              Filename             |
+-----------------------------------------------------------------------+
|SU2 binary restart                 |restart_flow.dat                   |

Writing the forces breakdown file (forces_breakdown.dat).
+-----------------------------------------------------------------------+
+----------------------------------------------------------------+
|  Inner_Iter|    rms[Rho]|   rms[RhoU]|   rms[RhoV]|   rms[RhoE]|
+----------------------------------------------------------------+
|         231|   -4.087559|   -0.825143|   -1.323062|    1.404568|
|         232|   -4.094789|   -0.832281|   -1.333104|    1.395798|
|         233|   -4.102253|   -0.839300|   -1.343191|    1.386845|
|         234|   -4.109815|   -0.846187|   -1.353333|    1.377824|
|         235|   -4.117320|   -0.852930|   -1.363536|    1.368848|
|         236|   -4.124614|   -0.859521|   -1.373795|    1.360015|
|         237|   -4.131603|   -0.865953|   -1.384098|    1.351385|
|         238|   -4.138242|   -0.872223|   -1.394426|    1.342987|
|         239|   -4.144514|   -0.878327|   -1.404753|    1.334842|
|         240|   -4.150428|   -0.884264|   -1.415057|    1.326962|
+-----------------------------------------------------------------------+
|        File Writing Summary       |              Filename             |
+-----------------------------------------------------------------------+
|SU2 binary restart                 |restart_flow.dat                   |

Writing the forces breakdown file (forces_breakdown.dat).
+-----------------------------------------------------------------------+
+----------------------------------------------------------------+
|  Inner_Iter|    rms[Rho]|   rms[RhoU]|   rms[RhoV]|   rms[RhoE]|
+----------------------------------------------------------------+
|         241|   -4.156009|   -0.890031|   -1.425321|    1.319345|
|         242|   -4.161292|   -0.895624|   -1.435534|    1.311979|
|         243|   -4.166311|   -0.901043|   -1.445687|    1.304849|
|         244|   -4.171095|   -0.906284|   -1.455772|    1.297941|
|         245|   -4.175667|   -0.911346|   -1.465777|    1.291244|
|         246|   -4.180050|   -0.916227|   -1.475690|    1.284748|
|         247|   -4.184271|   -0.920927|   -1.485498|    1.278438|
|         248|   -4.188351|   -0.925446|   -1.495186|    1.272300|
|         249|   -4.192309|   -0.929787|   -1.504740|    1.266324|
|         250|   -4.196152|   -0.933952|   -1.514143|    1.260504|
+-----------------------------------------------------------------------+
|        File Writing Summary       |              Filename             |
+-----------------------------------------------------------------------+
|SU2 binary restart                 |restart_flow.dat                   |

Writing the forces breakdown file (forces_breakdown.dat).
|Paraview                           |flow.vtu                           |

Writing the forces breakdown file (forces_breakdown.dat).
|Paraview surface                   |surface_flow.vtu                   |

Writing the forces breakdown file (forces_breakdown.dat).
|CSV file                           |surface_flow.csv                   |

Writing the forces breakdown file (forces_breakdown.dat).
+-----------------------------------------------------------------------+
+----------------------------------------------------------------+
|  Inner_Iter|    rms[Rho]|   rms[RhoU]|   rms[RhoV]|   rms[RhoE]|
+----------------------------------------------------------------+
|         251|   -4.199886|   -0.937943|   -1.523377|    1.254838|
|         252|   -4.203514|   -0.941766|   -1.532423|    1.249324|
|         253|   -4.207042|   -0.945423|   -1.541260|    1.243963|
|         254|   -4.210473|   -0.948920|   -1.549867|    1.238757|
|         255|   -4.213807|   -0.952262|   -1.558227|    1.233708|
|         256|   -4.217048|   -0.955455|   -1.566322|    1.228819|
|         257|   -4.220193|   -0.958505|   -1.574137|    1.224094|
|         258|   -4.223244|   -0.961417|   -1.581659|    1.219536|
|         259|   -4.226200|   -0.964198|   -1.588878|    1.215147|
|         260|   -4.229065|   -0.966855|   -1.595784|    1.210928|
+-----------------------------------------------------------------------+
|        File Writing Summary       |              Filename             |
+-----------------------------------------------------------------------+
|SU2 binary restart                 |restart_flow.dat                   |

Writing the forces breakdown file (forces_breakdown.dat).
+-----------------------------------------------------------------------+
+----------------------------------------------------------------+
|  Inner_Iter|    rms[Rho]|   rms[RhoU]|   rms[RhoV]|   rms[RhoE]|
+----------------------------------------------------------------+
|         261|   -4.231845|   -0.969394|   -1.602367|    1.206875|
|         262|   -4.234545|   -0.971822|   -1.608618|    1.202985|
|         263|   -4.237175|   -0.974146|   -1.614529|    1.199249|
|         264|   -4.239741|   -0.976373|   -1.620092|    1.195659|
|         265|   -4.242252|   -0.978510|   -1.625300|    1.192204|
|         266|   -4.244714|   -0.980563|   -1.630150|    1.188873|
|         267|   -4.247133|   -0.982541|   -1.634639|    1.185658|
|         268|   -4.249512|   -0.984449|   -1.638768|    1.182550|
|         269|   -4.251851|   -0.986295|   -1.642541|    1.179544|
|         270|   -4.254153|   -0.988085|   -1.645963|    1.176635|
+-----------------------------------------------------------------------+
|        File Writing Summary       |              Filename             |
+-----------------------------------------------------------------------+
|SU2 binary restart                 |restart_flow.dat                   |

Writing the forces breakdown file (forces_breakdown.dat).
+-----------------------------------------------------------------------+
+----------------------------------------------------------------+
|  Inner_Iter|    rms[Rho]|   rms[RhoU]|   rms[RhoV]|   rms[RhoE]|
+----------------------------------------------------------------+
|         271|   -4.256432|   -0.989827|   -1.649042|    1.173806|
|         272|   -4.258677|   -0.991526|   -1.651786|    1.171063|
|         273|   -4.260875|   -0.993188|   -1.654205|    1.168418|
|         274|   -4.263030|   -0.994821|   -1.656311|    1.165865|
|         275|   -4.265142|   -0.996429|   -1.658118|    1.163399|
|         276|   -4.267216|   -0.998019|   -1.659641|    1.161013|
|         277|   -4.269254|   -0.999596|   -1.660897|    1.158701|
|         278|   -4.271259|   -1.001165|   -1.661902|    1.156456|
|         279|   -4.273235|   -1.002733|   -1.662674|    1.154272|
|         280|   -4.275185|   -1.004302|   -1.663231|    1.152142|
+-----------------------------------------------------------------------+
|        File Writing Summary       |              Filename             |
+-----------------------------------------------------------------------+
|SU2 binary restart                 |restart_flow.dat                   |

Writing the forces breakdown file (forces_breakdown.dat).
+-----------------------------------------------------------------------+
+----------------------------------------------------------------+
|  Inner_Iter|    rms[Rho]|   rms[RhoU]|   rms[RhoV]|   rms[RhoE]|
+----------------------------------------------------------------+
|         281|   -4.277110|   -1.005879|   -1.663589|    1.150061|
|         282|   -4.279011|   -1.007468|   -1.663766|    1.148022|
|         283|   -4.280891|   -1.009072|   -1.663777|    1.146021|
|         284|   -4.282748|   -1.010695|   -1.663637|    1.144054|
|         285|   -4.284584|   -1.012342|   -1.663363|    1.142115|
|         286|   -4.286399|   -1.014016|   -1.662967|    1.140201|
|         287|   -4.288194|   -1.015719|   -1.662463|    1.138308|
|         288|   -4.289969|   -1.017456|   -1.661864|    1.136432|
|         289|   -4.294783|   -1.019699|   -1.661789|    1.131142|
|         290|   -4.300381|   -1.022407|   -1.662327|    1.124945|
+-----------------------------------------------------------------------+
|        File Writing Summary       |              Filename             |
+-----------------------------------------------------------------------+
|SU2 binary restart                 |restart_flow.dat                   |

Writing the forces breakdown file (forces_breakdown.dat).
+-----------------------------------------------------------------------+
+----------------------------------------------------------------+
|  Inner_Iter|    rms[Rho]|   rms[RhoU]|   rms[RhoV]|   rms[RhoE]|
+----------------------------------------------------------------+
|         291|   -4.305354|   -1.025436|   -1.663219|    1.119474|
|         292|   -4.309772|   -1.028695|   -1.664349|    1.114661|
|         293|   -4.314206|   -1.032175|   -1.665770|    1.109834|
|         294|   -4.318918|   -1.035893|   -1.667522|    1.104687|
|         295|   -4.322909|   -1.039674|   -1.669379|    1.100404|
|         296|   -4.325422|   -1.043298|   -1.671034|    1.097894|
|         297|   -4.327772|   -1.046841|   -1.672535|    1.095605|
|         298|   -4.330715|   -1.050408|   -1.674016|    1.092587|
|         299|   -4.334154|   -1.054051|   -1.675520|    1.088934|
|         300|   -4.337734|   -1.057772|   -1.677013|    1.085092|
+-----------------------------------------------------------------------+
|        File Writing Summary       |              Filename             |
+-----------------------------------------------------------------------+
|SU2 binary restart                 |restart_flow.dat                   |

Writing the forces breakdown file (forces_breakdown.dat).
+-----------------------------------------------------------------------+
+----------------------------------------------------------------+
|  Inner_Iter|    rms[Rho]|   rms[RhoU]|   rms[RhoV]|   rms[RhoE]|
+----------------------------------------------------------------+
|         301|   -4.341322|   -1.061564|   -1.678484|    1.081238|
|         302|   -4.344988|   -1.065431|   -1.679982|    1.077281|
|         303|   -4.348798|   -1.069382|   -1.681565|    1.073128|
|         304|   -4.352725|   -1.073420|   -1.683261|    1.068820|
|         305|   -4.356709|   -1.077538|   -1.685069|    1.064463|
|         306|   -4.360720|   -1.081727|   -1.686971|    1.060126|
|         307|   -4.364764|   -1.085980|   -1.688952|    1.055809|
|         308|   -4.368853|   -1.090288|   -1.691001|    1.051481|
|         309|   -4.372983|   -1.094644|   -1.693112|    1.047123|
|         310|   -4.377138|   -1.099037|   -1.695277|    1.042739|
+-----------------------------------------------------------------------+
|        File Writing Summary       |              Filename             |
+-----------------------------------------------------------------------+
|SU2 binary restart                 |restart_flow.dat                   |

Writing the forces breakdown file (forces_breakdown.dat).
+-----------------------------------------------------------------------+
+----------------------------------------------------------------+
|  Inner_Iter|    rms[Rho]|   rms[RhoU]|   rms[RhoV]|   rms[RhoE]|
+----------------------------------------------------------------+
|         311|   -4.381298|   -1.103456|   -1.697483|    1.038350|
|         312|   -4.385441|   -1.107889|   -1.699708|    1.033980|
|         313|   -4.389538|   -1.112327|   -1.701921|    1.029656|
|         314|   -4.393554|   -1.116758|   -1.704090|    1.025412|
|         315|   -4.397452|   -1.121175|   -1.706184|    1.021286|
|         316|   -4.401202|   -1.125566|   -1.708174|    1.017315|
|         317|   -4.404784|   -1.129924|   -1.710034|    1.013525|
|         318|   -4.408188|   -1.134239|   -1.711743|    1.009930|
|         319|   -4.411409|   -1.138506|   -1.713278|    1.006530|
|         320|   -4.414447|   -1.142716|   -1.714624|    1.003320|
+-----------------------------------------------------------------------+
|        File Writing Summary       |              Filename             |
+-----------------------------------------------------------------------+
|SU2 binary restart                 |restart_flow.dat                   |

Writing the forces breakdown file (forces_breakdown.dat).
+-----------------------------------------------------------------------+
+----------------------------------------------------------------+
|  Inner_Iter|    rms[Rho]|   rms[RhoU]|   rms[RhoV]|   rms[RhoE]|
+----------------------------------------------------------------+
|         321|   -4.417303|   -1.146865|   -1.715765|    1.000291|
|         322|   -4.419977|   -1.150949|   -1.716689|    0.997439|
|         323|   -4.422469|   -1.154963|   -1.717386|    0.994760|
|         324|   -4.424778|   -1.158905|   -1.717849|    0.992252|
|         325|   -4.426906|   -1.162774|   -1.718074|    0.989914|
|         326|   -4.428859|   -1.166569|   -1.718060|    0.987737|
|         327|   -4.430648|   -1.170290|   -1.717811|    0.985710|
|         328|   -4.432287|   -1.173939|   -1.717334|    0.983821|
|         329|   -4.433789|   -1.177517|   -1.716645|    0.982052|
|         330|   -4.435163|   -1.181029|   -1.715764|    0.980390|
+-----------------------------------------------------------------------+
|        File Writing Summary       |              Filename             |
+-----------------------------------------------------------------------+
|SU2 binary restart                 |restart_flow.dat                   |

Writing the forces breakdown file (forces_breakdown.dat).
+-----------------------------------------------------------------------+
+----------------------------------------------------------------+
|  Inner_Iter|    rms[Rho]|   rms[RhoU]|   rms[RhoV]|   rms[RhoE]|
+----------------------------------------------------------------+
|         331|   -4.436413|   -1.184477|   -1.714715|    0.978828|
|         332|   -4.437540|   -1.187867|   -1.713526|    0.977361|
|         333|   -4.438539|   -1.191204|   -1.712225|    0.975989|
|         334|   -4.439409|   -1.194492|   -1.710839|    0.974712|
|         335|   -4.440152|   -1.197738|   -1.709389|    0.973526|
|         336|   -4.440775|   -1.200947|   -1.707896|    0.972424|
|         337|   -4.441295|   -1.204125|   -1.706375|    0.971392|
|         338|   -4.441728|   -1.207276|   -1.704838|    0.970412|
|         339|   -4.450114|   -1.212162|   -1.706225|    0.959955|
|         340|   -4.461407|   -1.218519|   -1.710352|    0.945968|
+-----------------------------------------------------------------------+
|        File Writing Summary       |              Filename             |
+-----------------------------------------------------------------------+
|SU2 binary restart                 |restart_flow.dat                   |

Writing the forces breakdown file (forces_breakdown.dat).
+-----------------------------------------------------------------------+
+----------------------------------------------------------------+
|  Inner_Iter|    rms[Rho]|   rms[RhoU]|   rms[RhoV]|   rms[RhoE]|
+----------------------------------------------------------------+
|         341|   -4.465149|   -1.224241|   -1.713851|    0.941332|
|         342|   -4.465070|   -1.229267|   -1.716089|    0.941641|
|         343|   -4.472609|   -1.235612|   -1.719856|    0.932609|
|         344|   -4.484461|   -1.243292|   -1.725563|    0.917934|
|         345|   -4.489991|   -1.250358|   -1.730708|    0.911000|
|         346|   -4.491085|   -1.256656|   -1.734702|    0.909840|
|         347|   -4.491692|   -1.262458|   -1.737675|    0.909448|
|         348|   -4.494017|   -1.268113|   -1.740073|    0.906806|
|         349|   -4.497558|   -1.273771|   -1.742246|    0.902363|
|         350|   -4.500961|   -1.279399|   -1.744274|    0.897845|
+-----------------------------------------------------------------------+
|        File Writing Summary       |              Filename             |
+-----------------------------------------------------------------------+
|SU2 binary restart                 |restart_flow.dat                   |

Writing the forces breakdown file (forces_breakdown.dat).
+-----------------------------------------------------------------------+
+----------------------------------------------------------------+
|  Inner_Iter|    rms[Rho]|   rms[RhoU]|   rms[RhoV]|   rms[RhoE]|
+----------------------------------------------------------------+
|         351|   -4.503660|   -1.284934|   -1.746108|    0.894140|
|         352|   -4.506025|   -1.290390|   -1.747737|    0.890921|
|         353|   -4.508626|   -1.295835|   -1.749219|    0.887481|
|         354|   -4.511642|   -1.301324|   -1.750636|    0.883511|
|         355|   -4.514876|   -1.306871|   -1.752050|    0.879185|
|         356|   -4.514982|   -1.311731|   -1.752526|    0.878755|
|         357|   -4.516619|   -1.316707|   -1.753042|    0.876272|
|         358|   -4.519556|   -1.321882|   -1.753846|    0.871997|
|         359|   -4.522801|   -1.327214|   -1.754977|    0.867244|
|         360|   -4.525675|   -1.332619|   -1.756321|    0.862965|
+-----------------------------------------------------------------------+
|        File Writing Summary       |              Filename             |
+-----------------------------------------------------------------------+
|SU2 binary restart                 |restart_flow.dat                   |

Writing the forces breakdown file (forces_breakdown.dat).
+-----------------------------------------------------------------------+
+----------------------------------------------------------------+
|  Inner_Iter|    rms[Rho]|   rms[RhoU]|   rms[RhoV]|   rms[RhoE]|
+----------------------------------------------------------------+
|         361|   -4.525031|   -1.337305|   -1.756734|    0.863271|
|         362|   -4.525939|   -1.342110|   -1.757198|    0.861579|
|         363|   -4.528275|   -1.347131|   -1.757971|    0.857962|
|         364|   -4.530986|   -1.352305|   -1.759097|    0.853803|
|         365|   -4.533361|   -1.357518|   -1.760453|    0.850115|
|         366|   -4.535413|   -1.362708|   -1.761914|    0.846947|
|         367|   -4.534331|   -1.367100|   -1.762290|    0.847959|
|         368|   -4.534997|   -1.371582|   -1.762680|    0.846641|
|         369|   -4.536980|   -1.376234|   -1.763326|    0.843463|
|         370|   -4.539124|   -1.380975|   -1.764230|    0.839971|
+-----------------------------------------------------------------------+
|        File Writing Summary       |              Filename             |
+-----------------------------------------------------------------------+
|SU2 binary restart                 |restart_flow.dat                   |

Writing the forces breakdown file (forces_breakdown.dat).
+-----------------------------------------------------------------------+
+----------------------------------------------------------------+
|  Inner_Iter|    rms[Rho]|   rms[RhoU]|   rms[RhoV]|   rms[RhoE]|
+----------------------------------------------------------------+
|         371|   -4.539273|   -1.385440|   -1.764757|    0.839064|
|         372|   -4.539811|   -1.389856|   -1.765251|    0.837672|
|         373|   -4.540878|   -1.394286|   -1.765799|    0.835594|
|         374|   -4.542091|   -1.398726|   -1.766410|    0.833318|
|         375|   -4.541415|   -1.402556|   -1.766250|    0.833569|
|         376|   -4.541186|   -1.406385|   -1.766035|    0.833190|
|         377|   -4.541385|   -1.410248|   -1.765880|    0.832187|
|         378|   -4.541652|   -1.414107|   -1.765792|    0.831055|
|         379|   -4.541720|   -1.417911|   -1.765704|    0.830177|
|         380|   -4.541583|   -1.421637|   -1.765551|    0.829575|
+-----------------------------------------------------------------------+
|        File Writing Summary       |              Filename             |
+-----------------------------------------------------------------------+
|SU2 binary restart                 |restart_flow.dat                   |

Writing the forces breakdown file (forces_breakdown.dat).
+-----------------------------------------------------------------------+
+----------------------------------------------------------------+
|  Inner_Iter|    rms[Rho]|   rms[RhoU]|   rms[RhoV]|   rms[RhoE]|
+----------------------------------------------------------------+
|         381|   -4.541342|   -1.425294|   -1.765318|    0.829104|
|         382|   -4.541045|   -1.428891|   -1.765016|    0.828690|
|         383|   -4.540677|   -1.432425|   -1.764651|    0.828363|
|         384|   -4.540232|   -1.435887|   -1.764218|    0.828152|
|         385|   -4.546032|   -1.441152|   -1.766506|    0.819521|
|         386|   -4.554496|   -1.447922|   -1.771145|    0.807337|
|         387|   -4.563105|   -1.455720|   -1.777312|    0.795124|
|         388|   -4.566668|   -1.462554|   -1.782256|    0.790289|
|         389|   -4.572509|   -1.470136|   -1.787860|    0.782492|
|         390|   -4.578331|   -1.477676|   -1.793172|    0.774890|
+-----------------------------------------------------------------------+
|        File Writing Summary       |              Filename             |
+-----------------------------------------------------------------------+
|SU2 binary restart                 |restart_flow.dat                   |

Writing the forces breakdown file (forces_breakdown.dat).
+-----------------------------------------------------------------------+
+----------------------------------------------------------------+
|  Inner_Iter|    rms[Rho]|   rms[RhoU]|   rms[RhoV]|   rms[RhoE]|
+----------------------------------------------------------------+
|         391|   -4.582358|   -1.484516|   -1.797501|    0.769990|
|         392|   -4.585187|   -1.490717|   -1.800937|    0.766849|
|         393|   -4.587579|   -1.496434|   -1.803658|    0.764262|
|         394|   -4.590013|   -1.501835|   -1.805859|    0.761455|
|         395|   -4.592535|   -1.507034|   -1.807688|    0.758346|
|         396|   -4.594985|   -1.512088|   -1.809219|    0.755193|
|         397|   -4.597282|   -1.517023|   -1.810483|    0.752176|
|         398|   -4.599499|   -1.521868|   -1.811519|    0.749253|
|         399|   -4.601775|   -1.526654|   -1.812389|    0.746269|
|         400|   -4.604196|   -1.531406|   -1.813166|    0.743110|
+-----------------------------------------------------------------------+
|        File Writing Summary       |              Filename             |
+-----------------------------------------------------------------------+
|SU2 binary restart                 |restart_flow.dat                   |

Writing the forces breakdown file (forces_breakdown.dat).
+-----------------------------------------------------------------------+
+----------------------------------------------------------------+
|  Inner_Iter|    rms[Rho]|   rms[RhoU]|   rms[RhoV]|   rms[RhoE]|
+----------------------------------------------------------------+
|         401|   -4.606758|   -1.536135|   -1.813921|    0.739777|
|         402|   -4.607260|   -1.540138|   -1.813920|    0.739499|
|         403|   -4.608693|   -1.544195|   -1.814019|    0.737780|
|         404|   -4.610945|   -1.548386|   -1.814354|    0.734747|
|         405|   -4.613463|   -1.552692|   -1.814960|    0.731197|
|         406|   -4.615794|   -1.557051|   -1.815788|    0.727815|
|         407|   -4.617820|   -1.561425|   -1.816777|    0.724816|
|         408|   -4.617457|   -1.565088|   -1.817074|    0.725352|
|         409|   -4.616766|   -1.568601|   -1.817164|    0.726357|
|         410|   -4.617458|   -1.572304|   -1.817542|    0.725237|
+-----------------------------------------------------------------------+
|        File Writing Summary       |              Filename             |
+-----------------------------------------------------------------------+
|SU2 binary restart                 |restart_flow.dat                   |

Writing the forces breakdown file (forces_breakdown.dat).
+-----------------------------------------------------------------------+
+----------------------------------------------------------------+
|  Inner_Iter|    rms[Rho]|   rms[RhoU]|   rms[RhoV]|   rms[RhoE]|
+----------------------------------------------------------------+
|         411|   -4.618925|   -1.576190|   -1.818305|    0.722920|
|         412|   -4.620432|   -1.580160|   -1.819411|    0.720543|
|         413|   -4.621708|   -1.584127|   -1.820762|    0.718571|
|         414|   -4.622893|   -1.588062|   -1.822280|    0.716844|
|         415|   -4.624217|   -1.591977|   -1.823929|    0.715044|
|         416|   -4.624505|   -1.595374|   -1.825197|    0.714909|
|         417|   -4.625018|   -1.598793|   -1.826612|    0.714521|
|         418|   -4.624617|   -1.601966|   -1.827797|    0.715541|
|         419|   -4.624777|   -1.605154|   -1.829137|    0.715594|
|         420|   -4.625331|   -1.608371|   -1.830672|    0.714919|
+-----------------------------------------------------------------------+
|        File Writing Summary       |              Filename             |
+-----------------------------------------------------------------------+
|SU2 binary restart                 |restart_flow.dat                   |

Writing the forces breakdown file (forces_breakdown.dat).
+-----------------------------------------------------------------------+
+----------------------------------------------------------------+
|  Inner_Iter|    rms[Rho]|   rms[RhoU]|   rms[RhoV]|   rms[RhoE]|
+----------------------------------------------------------------+
|         421|   -4.626025|   -1.611599|   -1.832385|    0.713938|
|         422|   -4.626715|   -1.614816|   -1.834227|    0.712935|
|         423|   -4.626194|   -1.617716|   -1.835741|    0.713800|
|         424|   -4.625197|   -1.620066|   -1.836772|    0.715374|
|         425|   -4.625033|   -1.622510|   -1.837952|    0.715742|
|         426|   -4.625434|   -1.625061|   -1.839330|    0.715297|
|         427|   -4.626038|   -1.627658|   -1.840880|    0.714558|
|         428|   -4.625471|   -1.629930|   -1.842106|    0.715601|
|         429|   -4.625479|   -1.632174|   -1.843417|    0.715778|
|         430|   -4.625079|   -1.633890|   -1.844299|    0.716579|
+-----------------------------------------------------------------------+
|        File Writing Summary       |              Filename             |
+-----------------------------------------------------------------------+
|SU2 binary restart                 |restart_flow.dat                   |

Writing the forces breakdown file (forces_breakdown.dat).
+-----------------------------------------------------------------------+
+----------------------------------------------------------------+
|  Inner_Iter|    rms[Rho]|   rms[RhoU]|   rms[RhoV]|   rms[RhoE]|
+----------------------------------------------------------------+
|         431|   -4.625352|   -1.635715|   -1.845402|    0.716437|
|         432|   -4.626015|   -1.637648|   -1.846754|    0.715730|
|         433|   -4.625542|   -1.639319|   -1.847876|    0.716695|
|         434|   -4.625485|   -1.641026|   -1.849194|    0.716933|
|         435|   -4.624746|   -1.642229|   -1.850130|    0.718091|
|         436|   -4.624496|   -1.643590|   -1.851336|    0.718536|
|         437|   -4.624600|   -1.645101|   -1.852808|    0.718498|
|         438|   -4.623677|   -1.646365|   -1.854009|    0.720059|
|         439|   -4.623396|   -1.647674|   -1.855366|    0.720714|
|         440|   -4.623779|   -1.649047|   -1.856905|    0.720496|
+-----------------------------------------------------------------------+
|        File Writing Summary       |              Filename             |
+-----------------------------------------------------------------------+
|SU2 binary restart                 |restart_flow.dat                   |

Writing the forces breakdown file (forces_breakdown.dat).
+-----------------------------------------------------------------------+
+----------------------------------------------------------------+
|  Inner_Iter|    rms[Rho]|   rms[RhoU]|   rms[RhoV]|   rms[RhoE]|
+----------------------------------------------------------------+
|         441|   -4.624671|   -1.650475|   -1.858614|    0.719683|
|         442|   -4.624884|   -1.651318|   -1.859797|    0.720029|
|         443|   -4.624453|   -1.651890|   -1.860634|    0.721512|
|         444|   -4.625060|   -1.652576|   -1.861694|    0.721514|
|         445|   -4.626443|   -1.653406|   -1.863081|    0.720373|
|         446|   -4.628142|   -1.654341|   -1.864805|    0.718747|
|         447|   -4.628816|   -1.654702|   -1.866133|    0.718614|
|         448|   -4.628538|   -1.654822|   -1.867256|    0.719946|
|         449|   -4.629103|   -1.655103|   -1.868749|    0.720035|
|         450|   -4.630329|   -1.655564|   -1.870698|    0.719157|
+-----------------------------------------------------------------------+
|        File Writing Summary       |              Filename             |
+-----------------------------------------------------------------------+
|SU2 binary restart                 |restart_flow.dat                   |

Writing the forces breakdown file (forces_breakdown.dat).
+-----------------------------------------------------------------------+
+----------------------------------------------------------------+
|  Inner_Iter|    rms[Rho]|   rms[RhoU]|   rms[RhoV]|   rms[RhoE]|
+----------------------------------------------------------------+
|         451|   -4.631833|   -1.656141|   -1.873081|    0.717905|
|         452|   -4.632332|   -1.656107|   -1.875111|    0.718219|
|         453|   -4.632010|   -1.655793|   -1.876966|    0.719910|
|         454|   -4.632707|   -1.655608|   -1.879214|    0.720205|
|         455|   -4.634242|   -1.655570|   -1.881940|    0.719358|
|         456|   -4.636200|   -1.655616|   -1.885126|    0.717991|
|         457|   -4.637231|   -1.654982|   -1.887958|    0.718155|
|         458|   -4.637477|   -1.654021|   -1.890628|    0.719657|
|         459|   -4.638727|   -1.653166|   -1.893725|    0.719783|
|         460|   -4.640797|   -1.652437|   -1.897347|    0.718795|
+-----------------------------------------------------------------------+
|        File Writing Summary       |              Filename             |
+-----------------------------------------------------------------------+
|SU2 binary restart                 |restart_flow.dat                   |

Writing the forces breakdown file (forces_breakdown.dat).
+-----------------------------------------------------------------------+
+----------------------------------------------------------------+
|  Inner_Iter|    rms[Rho]|   rms[RhoU]|   rms[RhoV]|   rms[RhoE]|
+----------------------------------------------------------------+
|         461|   -4.643307|   -1.651760|   -1.901439|    0.717296|
|         462|   -4.644891|   -1.650321|   -1.905146|    0.717428|
|         463|   -4.645731|   -1.648494|   -1.908657|    0.718886|
|         464|   -4.647593|   -1.646719|   -1.912554|    0.718976|
|         465|   -4.650266|   -1.645013|   -1.916943|    0.717993|
|         466|   -4.653309|   -1.643305|   -1.921807|    0.716640|
|         467|   -4.655259|   -1.640740|   -1.926233|    0.717222|
|         468|   -4.656347|   -1.637742|   -1.930404|    0.719222|
|         469|   -4.658365|   -1.634790|   -1.934912|    0.719878|
|         470|   -4.661138|   -1.631917|   -1.939886|    0.719477|
+-----------------------------------------------------------------------+
|        File Writing Summary       |              Filename             |
+-----------------------------------------------------------------------+
|SU2 binary restart                 |restart_flow.dat                   |

Writing the forces breakdown file (forces_breakdown.dat).
+-----------------------------------------------------------------------+
+----------------------------------------------------------------+
|  Inner_Iter|    rms[Rho]|   rms[RhoU]|   rms[RhoV]|   rms[RhoE]|
+----------------------------------------------------------------+
|         471|   -4.664232|   -1.629050|   -1.945299|    0.718786|
|         472|   -4.666118|   -1.625284|   -1.950159|    0.720279|
|         473|   -4.667161|   -1.621090|   -1.954626|    0.723121|
|         474|   -4.669212|   -1.616975|   -1.959286|    0.724494|
|         475|   -4.672108|   -1.612975|   -1.964300|    0.724709|
|         476|   -4.675388|   -1.609011|   -1.969623|    0.724628|
|         477|   -4.677380|   -1.604144|   -1.974178|    0.726915|
|         478|   -4.678580|   -1.598902|   -1.978132|    0.730368|
|         479|   -4.680863|   -1.593812|   -1.982098|    0.732172|
|         480|   -4.684024|   -1.588916|   -1.986307|    0.732739|
+-----------------------------------------------------------------------+
|        File Writing Summary       |              Filename             |
+-----------------------------------------------------------------------+
|SU2 binary restart                 |restart_flow.dat                   |

Writing the forces breakdown file (forces_breakdown.dat).
+-----------------------------------------------------------------------+
+----------------------------------------------------------------+
|  Inner_Iter|    rms[Rho]|   rms[RhoU]|   rms[RhoV]|   rms[RhoE]|
+----------------------------------------------------------------+
|         481|   -4.687530|   -1.584127|   -1.990713|    0.733076|
|         482|   -4.690735|   -1.579176|   -1.994904|    0.734211|
|         483|   -4.692719|   -1.573841|   -1.998391|    0.737144|
|         484|   -4.695409|   -1.568609|   -2.001600|    0.739045|
|         485|   -4.698810|   -1.563576|   -2.004774|    0.739875|
|         486|   -4.702506|   -1.558706|   -2.007957|    0.740375|
|         487|   -4.706167|   -1.553928|   -2.010997|    0.741121|
|         488|   -4.708390|   -1.548823|   -2.013317|    0.743834|
|         489|   -4.711205|   -1.543840|   -2.015216|    0.745719|
|         490|   -4.714714|   -1.539096|   -2.016951|    0.746535|
+-----------------------------------------------------------------------+
|        File Writing Summary       |              Filename             |
+-----------------------------------------------------------------------+
|SU2 binary restart                 |restart_flow.dat                   |

Writing the forces breakdown file (forces_breakdown.dat).
+-----------------------------------------------------------------------+
+----------------------------------------------------------------+
|  Inner_Iter|    rms[Rho]|   rms[RhoU]|   rms[RhoV]|   rms[RhoE]|
+----------------------------------------------------------------+
|         491|   -4.718530|   -1.534581|   -2.018620|    0.746911|
|         492|   -4.722305|   -1.530230|   -2.020132|    0.747432|
|         493|   -4.724566|   -1.525641|   -2.021019|    0.749822|
|         494|   -4.727463|   -1.521234|   -2.021542|    0.751329|
|         495|   -4.731101|   -1.517123|   -2.021976|    0.751707|
|         496|   -4.735030|   -1.513295|   -2.022430|    0.751610|
|         497|   -4.738856|   -1.509682|   -2.022824|    0.751639|
|         498|   -4.741051|   -1.505905|   -2.022777|    0.753460|
|         499|   -4.743910|   -1.502352|   -2.022507|    0.754358|
|         500|   -4.747536|   -1.499127|   -2.022273|    0.754103|
+-----------------------------------------------------------------------+
|        File Writing Summary       |              Filename             |
+-----------------------------------------------------------------------+
|SU2 binary restart                 |restart_flow.dat                   |

Writing the forces breakdown file (forces_breakdown.dat).
|Paraview                           |flow.vtu                           |

Writing the forces breakdown file (forces_breakdown.dat).
|Paraview surface                   |surface_flow.vtu                   |

Writing the forces breakdown file (forces_breakdown.dat).
|CSV file                           |surface_flow.csv                   |

Writing the forces breakdown file (forces_breakdown.dat).
+-----------------------------------------------------------------------+
+----------------------------------------------------------------+
|  Inner_Iter|    rms[Rho]|   rms[RhoU]|   rms[RhoV]|   rms[RhoE]|
+----------------------------------------------------------------+
|         501|   -4.751415|   -1.496213|   -2.022161|    0.753382|
|         502|   -4.755123|   -1.493539|   -2.022088|    0.752797|
|         503|   -4.757104|   -1.490748|   -2.021739|    0.753934|
|         504|   -4.759800|   -1.488196|   -2.021297|    0.754117|
|         505|   -4.763296|   -1.485981|   -2.020992|    0.753143|
|         506|   -4.767010|   -1.484081|   -2.020884|    0.751723|
|         507|   -4.770493|   -1.482422|   -2.020887|    0.750451|
|         508|   -4.772169|   -1.480673|   -2.020738|    0.750840|
|         509|   -4.774611|   -1.479159|   -2.020596|    0.750262|
|         510|   -4.777866|   -1.477972|   -2.020650|    0.748547|
+-----------------------------------------------------------------------+
|        File Writing Summary       |              Filename             |
+-----------------------------------------------------------------------+
|SU2 binary restart                 |restart_flow.dat                   |

Writing the forces breakdown file (forces_breakdown.dat).
+-----------------------------------------------------------------------+
+----------------------------------------------------------------+
|  Inner_Iter|    rms[Rho]|   rms[RhoU]|   rms[RhoV]|   rms[RhoE]|
+----------------------------------------------------------------+
|         511|   -4.781288|   -1.477085|   -2.020933|    0.746427|
|         512|   -4.784416|   -1.476427|   -2.021354|    0.744482|
|         513|   -4.785672|   -1.475686|   -2.021686|    0.744156|
|         514|   -4.787735|   -1.475164|   -2.022071|    0.742866|
|         515|   -4.790617|   -1.474944|   -2.022668|    0.740478|
|         516|   -4.793620|   -1.475001|   -2.023483|    0.737736|
|         517|   -4.796281|   -1.475262|   -2.024426|    0.735198|
|         518|   -4.797033|   -1.475436|   -2.025292|    0.734256|
|         519|   -4.798643|   -1.475804|   -2.026226|    0.732354|
|         520|   -4.801074|   -1.476446|   -2.027360|    0.729399|
+-----------------------------------------------------------------------+
|        File Writing Summary       |              Filename             |
+-----------------------------------------------------------------------+
|SU2 binary restart                 |restart_flow.dat                   |

Writing the forces breakdown file (forces_breakdown.dat).
+-----------------------------------------------------------------------+
+----------------------------------------------------------------+
|  Inner_Iter|    rms[Rho]|   rms[RhoU]|   rms[RhoV]|   rms[RhoE]|
+----------------------------------------------------------------+
|         521|   -4.803589|   -1.477334|   -2.028682|    0.726144|
|         522|   -4.805738|   -1.478401|   -2.030108|    0.723120|
|         523|   -4.805964|   -1.479371|   -2.031438|    0.721683|
|         524|   -4.807099|   -1.480509|   -2.032833|    0.719286|
|         525|   -4.809061|   -1.481892|   -2.034406|    0.715880|
|         526|   -4.811086|   -1.483492|   -2.036132|    0.712225|
|         527|   -4.812739|   -1.485246|   -2.037932|    0.708825|
|         528|   -4.812475|   -1.486890|   -2.039597|    0.707022|
|         529|   -4.813176|   -1.488679|   -2.041319|    0.704249|
|         530|   -4.814711|   -1.490688|   -2.043201|    0.700508|
+-----------------------------------------------------------------------+
|        File Writing Summary       |              Filename             |
+-----------------------------------------------------------------------+
|SU2 binary restart                 |restart_flow.dat                   |

Writing the forces breakdown file (forces_breakdown.dat).
+-----------------------------------------------------------------------+
+----------------------------------------------------------------+
|  Inner_Iter|    rms[Rho]|   rms[RhoU]|   rms[RhoV]|   rms[RhoE]|
+----------------------------------------------------------------+
|         531|   -4.816298|   -1.492889|   -2.045207|    0.696566|
|         532|   -4.817526|   -1.495221|   -2.047265|    0.692897|
|         533|   -4.818508|   -1.497658|   -2.049364|    0.689407|
|         534|   -4.817833|   -1.499985|   -2.051311|    0.687269|
|         535|   -4.818239|   -1.502450|   -2.053332|    0.684043|
|         536|   -4.819407|   -1.505111|   -2.055498|    0.679972|
|         537|   -4.820563|   -1.507931|   -2.057755|    0.675844|
|         538|   -4.821403|   -1.510856|   -2.060043|    0.672005|
|         539|   -4.822094|   -1.513871|   -2.062370|    0.668283|
|         540|   -4.822848|   -1.516985|   -2.064770|    0.664433|
+-----------------------------------------------------------------------+
|        File Writing Summary       |              Filename             |
+-----------------------------------------------------------------------+
|SU2 binary restart                 |restart_flow.dat                   |

Writing the forces breakdown file (forces_breakdown.dat).
+-----------------------------------------------------------------------+
+----------------------------------------------------------------+
|  Inner_Iter|    rms[Rho]|   rms[RhoU]|   rms[RhoV]|   rms[RhoE]|
+----------------------------------------------------------------+
|         541|   -4.823686|   -1.520209|   -2.067255|    0.660418|
|         542|   -4.824519|   -1.523540|   -2.069810|    0.656348|
|         543|   -4.825297|   -1.526967|   -2.072421|    0.652307|
|         544|   -4.826049|   -1.530486|   -2.075082|    0.648283|
|         545|   -4.825192|   -1.533883|   -2.077472|    0.645754|
|         546|   -4.825403|   -1.537385|   -2.079901|    0.642202|
|         547|   -4.826404|   -1.541042|   -2.082452|    0.637848|
|         548|   -4.827502|   -1.544826|   -2.085084|    0.633400|
|         549|   -4.828411|   -1.548693|   -2.087751|    0.629171|
|         550|   -4.829245|   -1.552627|   -2.090466|    0.625041|
+-----------------------------------------------------------------------+
|        File Writing Summary       |              Filename             |
+-----------------------------------------------------------------------+
|SU2 binary restart                 |restart_flow.dat                   |

Writing the forces breakdown file (forces_breakdown.dat).
+-----------------------------------------------------------------------+
+----------------------------------------------------------------+
|  Inner_Iter|    rms[Rho]|   rms[RhoU]|   rms[RhoV]|   rms[RhoE]|
+----------------------------------------------------------------+
|         551|   -4.830163|   -1.556635|   -2.093252|    0.620843|
|         552|   -4.831176|   -1.560722|   -2.096103|    0.616570|
|         553|   -4.832218|   -1.564887|   -2.098997|    0.612305|
|         554|   -4.833258|   -1.569119|   -2.101914|    0.608093|
|         555|   -4.834324|   -1.573415|   -2.104852|    0.603909|
|         556|   -4.835455|   -1.577772|   -2.107811|    0.599702|
|         557|   -4.836668|   -1.582190|   -2.110791|    0.595454|
|         558|   -4.837954|   -1.586667|   -2.113789|    0.591175|
|         559|   -4.838627|   -1.591112|   -2.116601|    0.587604|
|         560|   -4.839748|   -1.595615|   -2.119418|    0.583614|
+-----------------------------------------------------------------------+
|        File Writing Summary       |              Filename             |
+-----------------------------------------------------------------------+
|SU2 binary restart                 |restart_flow.dat                   |

Writing the forces breakdown file (forces_breakdown.dat).
+-----------------------------------------------------------------------+
+----------------------------------------------------------------+
|  Inner_Iter|    rms[Rho]|   rms[RhoU]|   rms[RhoV]|   rms[RhoE]|
+----------------------------------------------------------------+
|         561|   -4.841199|   -1.600193|   -2.122278|    0.579335|
|         562|   -4.842725|   -1.604834|   -2.125160|    0.575049|
|         563|   -4.844228|   -1.609520|   -2.128041|    0.570870|
|         564|   -4.845751|   -1.614244|   -2.130922|    0.566746|
|         565|   -4.847349|   -1.619006|   -2.133810|    0.562622|
|         566|   -4.849023|   -1.623807|   -2.136700|    0.558499|
|         567|   -4.850751|   -1.628643|   -2.139584|    0.554402|
|         568|   -4.852522|   -1.633511|   -2.142454|    0.550344|
|         569|   -4.854340|   -1.638407|   -2.145309|    0.546317|
|         570|   -4.856215|   -1.643330|   -2.148146|    0.542310|
+-----------------------------------------------------------------------+
|        File Writing Summary       |              Filename             |
+-----------------------------------------------------------------------+
|SU2 binary restart                 |restart_flow.dat                   |

Writing the forces breakdown file (forces_breakdown.dat).
+-----------------------------------------------------------------------+
+----------------------------------------------------------------+
|  Inner_Iter|    rms[Rho]|   rms[RhoU]|   rms[RhoV]|   rms[RhoE]|
+----------------------------------------------------------------+
|         571|   -4.858149|   -1.648278|   -2.150965|    0.538320|
|         572|   -4.860137|   -1.653250|   -2.153766|    0.534353|
|         573|   -4.862171|   -1.658243|   -2.156549|    0.530415|
|         574|   -4.864247|   -1.663257|   -2.159314|    0.526513|
|         575|   -4.866361|   -1.668289|   -2.162062|    0.522648|
|         576|   -4.868513|   -1.673340|   -2.164790|    0.518824|
|         577|   -4.870702|   -1.678406|   -2.167498|    0.515039|
|         578|   -4.872929|   -1.683487|   -2.170185|    0.511291|
|         579|   -4.875198|   -1.688581|   -2.172851|    0.507574|
|         580|   -4.877508|   -1.693689|   -2.175496|    0.503886|
+-----------------------------------------------------------------------+
|        File Writing Summary       |              Filename             |
+-----------------------------------------------------------------------+
|SU2 binary restart                 |restart_flow.dat                   |

Writing the forces breakdown file (forces_breakdown.dat).
+-----------------------------------------------------------------------+
+----------------------------------------------------------------+
|  Inner_Iter|    rms[Rho]|   rms[RhoU]|   rms[RhoV]|   rms[RhoE]|
+----------------------------------------------------------------+
|         581|   -4.879860|   -1.698808|   -2.178119|    0.500224|
|         582|   -4.882253|   -1.703937|   -2.180720|    0.496589|
|         583|   -4.884685|   -1.709077|   -2.183300|    0.492982|
|         584|   -4.887152|   -1.714225|   -2.185859|    0.489403|
|         585|   -4.889651|   -1.719383|   -2.188400|    0.485855|
|         586|   -4.892179|   -1.724549|   -2.190925|    0.482337|
|         587|   -4.894735|   -1.729722|   -2.193436|    0.478850|
|         588|   -4.897315|   -1.734903|   -2.195934|    0.475394|
|         589|   -4.899920|   -1.740091|   -2.198421|    0.471969|
|         590|   -4.902548|   -1.745286|   -2.200898|    0.468574|
+-----------------------------------------------------------------------+
|        File Writing Summary       |              Filename             |
+-----------------------------------------------------------------------+
|SU2 binary restart                 |restart_flow.dat                   |

Writing the forces breakdown file (forces_breakdown.dat).
+-----------------------------------------------------------------------+
+----------------------------------------------------------------+
|  Inner_Iter|    rms[Rho]|   rms[RhoU]|   rms[RhoV]|   rms[RhoE]|
+----------------------------------------------------------------+
|         591|   -4.905199|   -1.750486|   -2.203365|    0.465206|
|         592|   -4.907872|   -1.755693|   -2.205824|    0.461866|
|         593|   -4.910568|   -1.760906|   -2.208275|    0.458550|
|         594|   -4.913286|   -1.766124|   -2.210720|    0.455257|
|         595|   -4.916026|   -1.771349|   -2.213162|    0.451984|
|         596|   -4.918789|   -1.776579|   -2.215602|    0.448730|
|         597|   -4.921573|   -1.781815|   -2.218043|    0.445494|
|         598|   -4.924378|   -1.787057|   -2.220488|    0.442274|
|         599|   -4.927203|   -1.792305|   -2.222940|    0.439068|
|         600|   -4.930048|   -1.797560|   -2.225401|    0.435877|
+-----------------------------------------------------------------------+
|        File Writing Summary       |              Filename             |
+-----------------------------------------------------------------------+
|SU2 binary restart                 |restart_flow.dat                   |

Writing the forces breakdown file (forces_breakdown.dat).
+-----------------------------------------------------------------------+
+----------------------------------------------------------------+
|  Inner_Iter|    rms[Rho]|   rms[RhoU]|   rms[RhoV]|   rms[RhoE]|
+----------------------------------------------------------------+
|         601|   -4.932912|   -1.802821|   -2.227876|    0.432699|
|         602|   -4.935795|   -1.808090|   -2.230366|    0.429533|
|         603|   -4.938698|   -1.813365|   -2.232874|    0.426376|
|         604|   -4.941621|   -1.818648|   -2.235403|    0.423227|
|         605|   -4.944566|   -1.823938|   -2.237954|    0.420085|
|         606|   -4.947533|   -1.829236|   -2.240530|    0.416945|
|         607|   -4.950522|   -1.834541|   -2.243134|    0.413808|
|         608|   -4.953534|   -1.839854|   -2.245768|    0.410671|
|         609|   -4.956570|   -1.845176|   -2.248435|    0.407533|
|         610|   -4.959630|   -1.850505|   -2.251138|    0.404392|
+-----------------------------------------------------------------------+
|        File Writing Summary       |              Filename             |
+-----------------------------------------------------------------------+
|SU2 binary restart                 |restart_flow.dat                   |

Writing the forces breakdown file (forces_breakdown.dat).
+-----------------------------------------------------------------------+
+----------------------------------------------------------------+
|  Inner_Iter|    rms[Rho]|   rms[RhoU]|   rms[RhoV]|   rms[RhoE]|
+----------------------------------------------------------------+
|         611|   -4.962714|   -1.855842|   -2.253878|    0.401249|
|         612|   -4.965822|   -1.861186|   -2.256658|    0.398101|
|         613|   -4.968954|   -1.866539|   -2.259480|    0.394948|
|         614|   -4.972112|   -1.871898|   -2.262347|    0.391788|
|         615|   -4.975297|   -1.877264|   -2.265259|    0.388622|
|         616|   -4.978507|   -1.882635|   -2.268218|    0.385448|
|         617|   -4.981746|   -1.888013|   -2.271225|    0.382264|
|         618|   -4.985012|   -1.893394|   -2.274282|    0.379071|
|         619|   -4.988308|   -1.898779|   -2.277390|    0.375867|
|         620|   -4.991634|   -1.904166|   -2.280549|    0.372651|
+-----------------------------------------------------------------------+
|        File Writing Summary       |              Filename             |
+-----------------------------------------------------------------------+
|SU2 binary restart                 |restart_flow.dat                   |

Writing the forces breakdown file (forces_breakdown.dat).
+-----------------------------------------------------------------------+
+----------------------------------------------------------------+
|  Inner_Iter|    rms[Rho]|   rms[RhoU]|   rms[RhoV]|   rms[RhoE]|
+----------------------------------------------------------------+
|         621|   -4.994989|   -1.909554|   -2.283760|    0.369423|
|         622|   -4.998376|   -1.914941|   -2.287025|    0.366183|
|         623|   -5.001793|   -1.920326|   -2.290344|    0.362930|
|         624|   -5.005242|   -1.925707|   -2.293718|    0.359664|
|         625|   -5.008723|   -1.931082|   -2.297147|    0.356385|
|         626|   -5.012235|   -1.936449|   -2.300632|    0.353094|
|         627|   -5.015780|   -1.941805|   -2.304174|    0.349790|
|         628|   -5.019358|   -1.947149|   -2.307772|    0.346473|
|         629|   -5.022969|   -1.952476|   -2.311427|    0.343144|
|         630|   -5.026614|   -1.957785|   -2.315140|    0.339802|
+-----------------------------------------------------------------------+
|        File Writing Summary       |              Filename             |
+-----------------------------------------------------------------------+
|SU2 binary restart                 |restart_flow.dat                   |

Writing the forces breakdown file (forces_breakdown.dat).
+-----------------------------------------------------------------------+
+----------------------------------------------------------------+
|  Inner_Iter|    rms[Rho]|   rms[RhoU]|   rms[RhoV]|   rms[RhoE]|
+----------------------------------------------------------------+
|         631|   -5.030293|   -1.963073|   -2.318910|    0.336447|
|         632|   -5.034007|   -1.968335|   -2.322737|    0.333080|
|         633|   -5.037756|   -1.973569|   -2.326622|    0.329701|
|         634|   -5.041540|   -1.978772|   -2.330565|    0.326309|
|         635|   -5.045359|   -1.983939|   -2.334566|    0.322906|
|         636|   -5.049214|   -1.989067|   -2.338625|    0.319492|
|         637|   -5.053105|   -1.994151|   -2.342743|    0.316066|
|         638|   -5.057033|   -1.999188|   -2.346918|    0.312630|
|         639|   -5.060997|   -2.004174|   -2.351152|    0.309184|
|         640|   -5.064997|   -2.009104|   -2.355444|    0.305729|
+-----------------------------------------------------------------------+
|        File Writing Summary       |              Filename             |
+-----------------------------------------------------------------------+
|SU2 binary restart                 |restart_flow.dat                   |

Writing the forces breakdown file (forces_breakdown.dat).
+-----------------------------------------------------------------------+
+----------------------------------------------------------------+
|  Inner_Iter|    rms[Rho]|   rms[RhoU]|   rms[RhoV]|   rms[RhoE]|
+----------------------------------------------------------------+
|         641|   -5.069034|   -2.013973|   -2.359794|    0.302265|
|         642|   -5.073108|   -2.018778|   -2.364202|    0.298792|
|         643|   -5.077219|   -2.023513|   -2.368668|    0.295311|
|         644|   -5.081367|   -2.028175|   -2.373192|    0.291824|
|         645|   -5.085552|   -2.032758|   -2.377773|    0.288330|
|         646|   -5.089773|   -2.037257|   -2.382411|    0.284830|
|         647|   -5.094031|   -2.041670|   -2.387107|    0.281326|
|         648|   -5.098326|   -2.045990|   -2.391858|    0.277817|
|         649|   -5.102656|   -2.050214|   -2.396666|    0.274306|
|         650|   -5.107022|   -2.054336|   -2.401529|    0.270793|
+-----------------------------------------------------------------------+
|        File Writing Summary       |              Filename             |
+-----------------------------------------------------------------------+
|SU2 binary restart                 |restart_flow.dat                   |

Writing the forces breakdown file (forces_breakdown.dat).
+-----------------------------------------------------------------------+
+----------------------------------------------------------------+
|  Inner_Iter|    rms[Rho]|   rms[RhoU]|   rms[RhoV]|   rms[RhoE]|
+----------------------------------------------------------------+
|         651|   -5.111424|   -2.058354|   -2.406447|    0.267279|
|         652|   -5.115860|   -2.062263|   -2.411419|    0.263765|
|         653|   -5.120330|   -2.066059|   -2.416443|    0.260253|
|         654|   -5.124835|   -2.069738|   -2.421519|    0.256743|
|         655|   -5.129372|   -2.073297|   -2.426646|    0.253236|
|         656|   -5.133942|   -2.076734|   -2.431822|    0.249733|
|         657|   -5.138543|   -2.080044|   -2.437045|    0.246236|
|         658|   -5.143175|   -2.083226|   -2.442316|    0.242746|
|         659|   -5.147837|   -2.086278|   -2.447631|    0.239263|
|         660|   -5.152529|   -2.089197|   -2.452988|    0.235789|
+-----------------------------------------------------------------------+
|        File Writing Summary       |              Filename             |
+-----------------------------------------------------------------------+
|SU2 binary restart                 |restart_flow.dat                   |

Writing the forces breakdown file (forces_breakdown.dat).
+-----------------------------------------------------------------------+
+----------------------------------------------------------------+
|  Inner_Iter|    rms[Rho]|   rms[RhoU]|   rms[RhoV]|   rms[RhoE]|
+----------------------------------------------------------------+
|         661|   -5.157248|   -2.091983|   -2.458387|    0.232325|
|         662|   -5.161995|   -2.094635|   -2.463825|    0.228872|
|         663|   -5.166767|   -2.097151|   -2.469301|    0.225431|
|         664|   -5.171565|   -2.099532|   -2.474810|    0.222003|
|         665|   -5.176386|   -2.101778|   -2.480353|    0.218590|
|         666|   -5.181229|   -2.103889|   -2.485925|    0.215191|
|         667|   -5.186093|   -2.105868|   -2.491525|    0.211808|
|         668|   -5.190977|   -2.107714|   -2.497150|    0.208442|
|         669|   -5.195878|   -2.109431|   -2.502797|    0.205095|
|         670|   -5.200796|   -2.111019|   -2.508463|    0.201766|
+-----------------------------------------------------------------------+
|        File Writing Summary       |              Filename             |
+-----------------------------------------------------------------------+
|SU2 binary restart                 |restart_flow.dat                   |

Writing the forces breakdown file (forces_breakdown.dat).
+-----------------------------------------------------------------------+
+----------------------------------------------------------------+
|  Inner_Iter|    rms[Rho]|   rms[RhoU]|   rms[RhoV]|   rms[RhoE]|
+----------------------------------------------------------------+
|         671|   -5.205728|   -2.112483|   -2.514146|    0.198457|
|         672|   -5.210673|   -2.113825|   -2.519843|    0.195168|
|         673|   -5.215630|   -2.115048|   -2.525550|    0.191900|
|         674|   -5.220595|   -2.116155|   -2.531264|    0.188655|
|         675|   -5.225568|   -2.117151|   -2.536982|    0.185432|
|         676|   -5.230546|   -2.118041|   -2.542701|    0.182232|
|         677|   -5.235528|   -2.118827|   -2.548416|    0.179055|
|         678|   -5.240511|   -2.119514|   -2.554125|    0.175904|
|         679|   -5.245492|   -2.120108|   -2.559823|    0.172777|
|         680|   -5.250470|   -2.120613|   -2.565507|    0.169675|
+-----------------------------------------------------------------------+
|        File Writing Summary       |              Filename             |
+-----------------------------------------------------------------------+
|SU2 binary restart                 |restart_flow.dat                   |

Writing the forces breakdown file (forces_breakdown.dat).
+-----------------------------------------------------------------------+
+----------------------------------------------------------------+
|  Inner_Iter|    rms[Rho]|   rms[RhoU]|   rms[RhoV]|   rms[RhoE]|
+----------------------------------------------------------------+
|         681|   -5.255442|   -2.121034|   -2.571172|    0.166599|
|         682|   -5.260406|   -2.121376|   -2.576815|    0.163549|
|         683|   -5.265359|   -2.121645|   -2.582432|    0.160526|
|         684|   -5.270298|   -2.121844|   -2.588017|    0.157530|
|         685|   -5.275221|   -2.121979|   -2.593567|    0.154561|
|         686|   -5.280125|   -2.122056|   -2.599077|    0.151619|
|         687|   -5.285007|   -2.122079|   -2.604543|    0.148706|
|         688|   -5.289864|   -2.122053|   -2.609960|    0.145820|
|         689|   -5.294694|   -2.121983|   -2.615322|    0.142962|
|         690|   -5.299493|   -2.121875|   -2.620626|    0.140133|
+-----------------------------------------------------------------------+
|        File Writing Summary       |              Filename             |
+-----------------------------------------------------------------------+
|SU2 binary restart                 |restart_flow.dat                   |

Writing the forces breakdown file (forces_breakdown.dat).
+-----------------------------------------------------------------------+
+----------------------------------------------------------------+
|  Inner_Iter|    rms[Rho]|   rms[RhoU]|   rms[RhoV]|   rms[RhoE]|
+----------------------------------------------------------------+
|         691|   -5.304258|   -2.121732|   -2.625866|    0.137331|
|         692|   -5.308987|   -2.121559|   -2.631036|    0.134558|
|         693|   -5.313675|   -2.121362|   -2.636133|    0.131813|
|         694|   -5.318321|   -2.121144|   -2.641152|    0.129097|
|         695|   -5.322921|   -2.120910|   -2.646086|    0.126408|
|         696|   -5.327471|   -2.120663|   -2.650932|    0.123747|
|         697|   -5.331969|   -2.120408|   -2.655684|    0.121114|
|         698|   -5.336412|   -2.120149|   -2.660339|    0.118509|
|         699|   -5.340796|   -2.119889|   -2.664890|    0.115930|
|         700|   -5.345119|   -2.119633|   -2.669335|    0.113379|
+-----------------------------------------------------------------------+
|        File Writing Summary       |              Filename             |
+-----------------------------------------------------------------------+
|SU2 binary restart                 |restart_flow.dat                   |

Writing the forces breakdown file (forces_breakdown.dat).
+-----------------------------------------------------------------------+
+----------------------------------------------------------------+
|  Inner_Iter|    rms[Rho]|   rms[RhoU]|   rms[RhoV]|   rms[RhoE]|
+----------------------------------------------------------------+
|         701|   -5.349378|   -2.119382|   -2.673668|    0.110854|
|         702|   -5.353570|   -2.119142|   -2.677886|    0.108355|
|         703|   -5.357692|   -2.118914|   -2.681984|    0.105881|
|         704|   -5.361741|   -2.118703|   -2.685961|    0.103433|
|         705|   -5.365715|   -2.118510|   -2.689812|    0.101009|
|         706|   -5.369612|   -2.118339|   -2.693534|    0.098609|
|         707|   -5.373429|   -2.118192|   -2.697125|    0.096233|
|         708|   -5.377164|   -2.118072|   -2.700584|    0.093879|
|         709|   -5.380814|   -2.117981|   -2.703908|    0.091548|
|         710|   -5.384379|   -2.117920|   -2.707096|    0.089238|
+-----------------------------------------------------------------------+
|        File Writing Summary       |              Filename             |
+-----------------------------------------------------------------------+
|SU2 binary restart                 |restart_flow.dat                   |

Writing the forces breakdown file (forces_breakdown.dat).
+-----------------------------------------------------------------------+
+----------------------------------------------------------------+
|  Inner_Iter|    rms[Rho]|   rms[RhoU]|   rms[RhoV]|   rms[RhoE]|
+----------------------------------------------------------------+
|         711|   -5.387856|   -2.117894|   -2.710146|    0.086948|
|         712|   -5.391244|   -2.117902|   -2.713059|    0.084679|
|         713|   -5.394542|   -2.117948|   -2.715835|    0.082430|
|         714|   -5.397747|   -2.118033|   -2.718473|    0.080199|
|         715|   -5.400860|   -2.118158|   -2.720973|    0.077986|
|         716|   -5.403880|   -2.118325|   -2.723338|    0.075791|
|         717|   -5.406805|   -2.118536|   -2.725568|    0.073613|
|         718|   -5.409636|   -2.118791|   -2.727666|    0.071450|
|         719|   -5.412371|   -2.119092|   -2.729632|    0.069303|
|         720|   -5.415012|   -2.119440|   -2.731470|    0.067171|
+-----------------------------------------------------------------------+
|        File Writing Summary       |              Filename             |
+-----------------------------------------------------------------------+
|SU2 binary restart                 |restart_flow.dat                   |

Writing the forces breakdown file (forces_breakdown.dat).
+-----------------------------------------------------------------------+
+----------------------------------------------------------------+
|  Inner_Iter|    rms[Rho]|   rms[RhoU]|   rms[RhoV]|   rms[RhoE]|
+----------------------------------------------------------------+
|         721|   -5.417559|   -2.119836|   -2.733182|    0.065053|
|         722|   -5.420011|   -2.120281|   -2.734771|    0.062948|
|         723|   -5.422370|   -2.120776|   -2.736240|    0.060856|
|         724|   -5.424636|   -2.121321|   -2.737593|    0.058776|
|         725|   -5.426811|   -2.121918|   -2.738833|    0.056707|
|         726|   -5.428896|   -2.122567|   -2.739964|    0.054649|
|         727|   -5.430892|   -2.123269|   -2.740990|    0.052601|
|         728|   -5.432801|   -2.124024|   -2.741915|    0.050561|
|         729|   -5.434625|   -2.124832|   -2.742743|    0.048530|
|         730|   -5.436366|   -2.125695|   -2.743479|    0.046507|
+-----------------------------------------------------------------------+
|        File Writing Summary       |              Filename             |
+-----------------------------------------------------------------------+
|SU2 binary restart                 |restart_flow.dat                   |

Writing the forces breakdown file (forces_breakdown.dat).
+-----------------------------------------------------------------------+
+----------------------------------------------------------------+
|  Inner_Iter|    rms[Rho]|   rms[RhoU]|   rms[RhoV]|   rms[RhoE]|
+----------------------------------------------------------------+
|         731|   -5.438026|   -2.126613|   -2.744127|    0.044490|
|         732|   -5.439608|   -2.127586|   -2.744691|    0.042480|
|         733|   -5.441113|   -2.128615|   -2.745176|    0.040475|
|         734|   -5.442545|   -2.129700|   -2.745587|    0.038476|
|         735|   -5.443906|   -2.130841|   -2.745928|    0.036480|
|         736|   -5.445198|   -2.132038|   -2.746204|    0.034488|
|         737|   -5.446425|   -2.133293|   -2.746419|    0.032498|
|         738|   -5.447590|   -2.134605|   -2.746578|    0.030511|
|         739|   -5.448695|   -2.135974|   -2.746686|    0.028525|
|         740|   -5.453338|   -2.137901|   -2.747305|    0.023109|
+-----------------------------------------------------------------------+
|        File Writing Summary       |              Filename             |
+-----------------------------------------------------------------------+
|SU2 binary restart                 |restart_flow.dat                   |

Writing the forces breakdown file (forces_breakdown.dat).
+-----------------------------------------------------------------------+
+----------------------------------------------------------------+
|  Inner_Iter|    rms[Rho]|   rms[RhoU]|   rms[RhoV]|   rms[RhoE]|
+----------------------------------------------------------------+
|         741|   -5.458903|   -2.140339|   -2.748480|    0.016731|
|         742|   -5.463752|   -2.143131|   -2.749973|    0.011050|
|         743|   -5.467916|   -2.146176|   -2.751687|    0.006053|
|         744|   -5.471996|   -2.149457|   -2.753682|    0.001086|
|         745|   -5.476260|   -2.152986|   -2.755995|   -0.004174|
|         746|   -5.479560|   -2.156586|   -2.758411|   -0.008564|
|         747|   -5.481046|   -2.160027|   -2.760647|   -0.011166|
|         748|   -5.482233|   -2.163385|   -2.762750|   -0.013500|
|         749|   -5.484032|   -2.166771|   -2.764829|   -0.016539|
|         750|   -5.486392|   -2.170239|   -2.766913|   -0.020228|
+-----------------------------------------------------------------------+
|        File Writing Summary       |              Filename             |
+-----------------------------------------------------------------------+
|SU2 binary restart                 |restart_flow.dat                   |

Writing the forces breakdown file (forces_breakdown.dat).
|Paraview                           |flow.vtu                           |

Writing the forces breakdown file (forces_breakdown.dat).
|Paraview surface                   |surface_flow.vtu                   |

Writing the forces breakdown file (forces_breakdown.dat).
|CSV file                           |surface_flow.csv                   |

Writing the forces breakdown file (forces_breakdown.dat).
+-----------------------------------------------------------------------+
+----------------------------------------------------------------+
|  Inner_Iter|    rms[Rho]|   rms[RhoU]|   rms[RhoV]|   rms[RhoE]|
+----------------------------------------------------------------+
|         751|   -5.488940|   -2.173794|   -2.768975|   -0.024139|
|         752|   -5.491524|   -2.177426|   -2.771016|   -0.028079|
|         753|   -5.494212|   -2.181137|   -2.773090|   -0.032123|
|         754|   -5.497070|   -2.184935|   -2.775258|   -0.036362|
|         755|   -5.500065|   -2.188821|   -2.777546|   -0.040763|
|         756|   -5.503120|   -2.192788|   -2.779946|   -0.045224|
|         757|   -5.506197|   -2.196827|   -2.782442|   -0.049672|
|         758|   -5.509300|   -2.200927|   -2.785016|   -0.054101|
|         759|   -5.512445|   -2.205080|   -2.787661|   -0.058536|
|         760|   -5.515631|   -2.209277|   -2.790366|   -0.062993|
+-----------------------------------------------------------------------+
|        File Writing Summary       |              Filename             |
+-----------------------------------------------------------------------+
|SU2 binary restart                 |restart_flow.dat                   |

Writing the forces breakdown file (forces_breakdown.dat).
+-----------------------------------------------------------------------+
+----------------------------------------------------------------+
|  Inner_Iter|    rms[Rho]|   rms[RhoU]|   rms[RhoV]|   rms[RhoE]|
+----------------------------------------------------------------+
|         761|   -5.518840|   -2.213506|   -2.793120|   -0.067463|
|         762|   -5.522049|   -2.217754|   -2.795905|   -0.071926|
|         763|   -5.525238|   -2.222010|   -2.798696|   -0.076358|
|         764|   -5.528377|   -2.226263|   -2.801461|   -0.080732|
|         765|   -5.531432|   -2.230501|   -2.804168|   -0.085015|
|         766|   -5.534364|   -2.234715|   -2.806784|   -0.089170|
|         767|   -5.537141|   -2.238893|   -2.809278|   -0.093159|
|         768|   -5.539743|   -2.243027|   -2.811625|   -0.096954|
|         769|   -5.542159|   -2.247108|   -2.813798|   -0.100541|
|         770|   -5.544386|   -2.251127|   -2.815776|   -0.103918|
+-----------------------------------------------------------------------+
|        File Writing Summary       |              Filename             |
+-----------------------------------------------------------------------+
|SU2 binary restart                 |restart_flow.dat                   |

Writing the forces breakdown file (forces_breakdown.dat).
+-----------------------------------------------------------------------+
+----------------------------------------------------------------+
|  Inner_Iter|    rms[Rho]|   rms[RhoU]|   rms[RhoV]|   rms[RhoE]|
+----------------------------------------------------------------+
|         771|   -5.546428|   -2.255079|   -2.817537|   -0.107089|
|         772|   -5.548290|   -2.258958|   -2.819066|   -0.110062|
|         773|   -5.549976|   -2.262759|   -2.820349|   -0.112844|
|         774|   -5.551486|   -2.266478|   -2.821374|   -0.115439|
|         775|   -5.552824|   -2.270114|   -2.822136|   -0.117848|
|         776|   -5.553992|   -2.273664|   -2.822629|   -0.120074|
|         777|   -5.554997|   -2.277129|   -2.822854|   -0.122124|
|         778|   -5.555850|   -2.280509|   -2.822815|   -0.124005|
|         779|   -5.556566|   -2.283806|   -2.822522|   -0.125733|
|         780|   -5.557156|   -2.287022|   -2.821989|   -0.127321|
+-----------------------------------------------------------------------+
|        File Writing Summary       |              Filename             |
+-----------------------------------------------------------------------+
|SU2 binary restart                 |restart_flow.dat                   |

Writing the forces breakdown file (forces_breakdown.dat).
+-----------------------------------------------------------------------+
+----------------------------------------------------------------+
|  Inner_Iter|    rms[Rho]|   rms[RhoU]|   rms[RhoV]|   rms[RhoE]|
+----------------------------------------------------------------+
|         781|   -5.557634|   -2.290162|   -2.821237|   -0.128782|
|         782|   -5.558003|   -2.293230|   -2.820292|   -0.130127|
|         783|   -5.558265|   -2.296230|   -2.819180|   -0.131360|
|         784|   -5.558419|   -2.299170|   -2.817932|   -0.132485|
|         785|   -5.566823|   -2.303803|   -2.819388|   -0.143007|
|         786|   -5.570323|   -2.308172|   -2.820888|   -0.147887|
|         787|   -5.570239|   -2.312086|   -2.821625|   -0.148402|
|         788|   -5.577580|   -2.317420|   -2.824259|   -0.157463|
|         789|   -5.588777|   -2.324111|   -2.829077|   -0.171227|
|         790|   -5.592891|   -2.330172|   -2.833297|   -0.176612|
+-----------------------------------------------------------------------+
|        File Writing Summary       |              Filename             |
+-----------------------------------------------------------------------+
|SU2 binary restart                 |restart_flow.dat                   |

Writing the forces breakdown file (forces_breakdown.dat).
+-----------------------------------------------------------------------+
+----------------------------------------------------------------+
|  Inner_Iter|    rms[Rho]|   rms[RhoU]|   rms[RhoV]|   rms[RhoE]|
+----------------------------------------------------------------+
|         791|   -5.592738|   -2.335504|   -2.836282|   -0.176670|
|         792|   -5.592544|   -2.340397|   -2.838282|   -0.176611|
|         793|   -5.601229|   -2.346771|   -2.842000|   -0.187394|
|         794|   -5.613477|   -2.354458|   -2.847591|   -0.202884|
|         795|   -5.618463|   -2.361492|   -2.852546|   -0.209523|
|         796|   -5.618735|   -2.367752|   -2.856261|   -0.209960|
|         797|   -5.618864|   -2.373540|   -2.858955|   -0.209954|
|         798|   -5.621222|   -2.379209|   -2.861166|   -0.212785|
|         799|   -5.625082|   -2.384900|   -2.863283|   -0.217813|
|         800|   -5.628764|   -2.390560|   -2.865364|   -0.222942|
+-----------------------------------------------------------------------+
|        File Writing Summary       |              Filename             |
+-----------------------------------------------------------------------+
|SU2 binary restart                 |restart_flow.dat                   |

Writing the forces breakdown file (forces_breakdown.dat).
+-----------------------------------------------------------------------+
+----------------------------------------------------------------+
|  Inner_Iter|    rms[Rho]|   rms[RhoU]|   rms[RhoV]|   rms[RhoE]|
+----------------------------------------------------------------+
|         801|   -5.631523|   -2.396113|   -2.867301|   -0.227022|
|         802|   -5.633770|   -2.401563|   -2.869038|   -0.230365|
|         803|   -5.636228|   -2.406983|   -2.870619|   -0.233840|
|         804|   -5.639175|   -2.412438|   -2.872127|   -0.237893|
|         805|   -5.639296|   -2.417236|   -2.872756|   -0.238461|
|         806|   -5.641026|   -2.422153|   -2.873373|   -0.241171|
|         807|   -5.643987|   -2.427243|   -2.874232|   -0.245583|
|         808|   -5.647208|   -2.432454|   -2.875395|   -0.250401|
|         809|   -5.650084|   -2.437709|   -2.876771|   -0.254746|
|         810|   -5.649495|   -2.442243|   -2.877319|   -0.254590|
+-----------------------------------------------------------------------+
|        File Writing Summary       |              Filename             |
+-----------------------------------------------------------------------+
|SU2 binary restart                 |restart_flow.dat                   |

Writing the forces breakdown file (forces_breakdown.dat).
+-----------------------------------------------------------------------+
+----------------------------------------------------------------+
|  Inner_Iter|    rms[Rho]|   rms[RhoU]|   rms[RhoV]|   rms[RhoE]|
+----------------------------------------------------------------+
|         811|   -5.650526|   -2.446879|   -2.877885|   -0.256464|
|         812|   -5.653052|   -2.451710|   -2.878710|   -0.260347|
|         813|   -5.655967|   -2.456680|   -2.879843|   -0.264841|
|         814|   -5.658463|   -2.461680|   -2.881171|   -0.268813|
|         815|   -5.660492|   -2.466645|   -2.882575|   -0.272102|
|         816|   -5.659246|   -2.470811|   -2.882989|   -0.271069|
|         817|   -5.659732|   -2.475045|   -2.883392|   -0.272285|
|         818|   -5.661579|   -2.479427|   -2.884038|   -0.275388|
|         819|   -5.663605|   -2.483882|   -2.884934|   -0.278828|
|         820|   -5.665101|   -2.488303|   -2.885915|   -0.281582|
+-----------------------------------------------------------------------+
|        File Writing Summary       |              Filename             |
+-----------------------------------------------------------------------+
|SU2 binary restart                 |restart_flow.dat                   |

Writing the forces breakdown file (forces_breakdown.dat).
+-----------------------------------------------------------------------+
+----------------------------------------------------------------+
|  Inner_Iter|    rms[Rho]|   rms[RhoU]|   rms[RhoV]|   rms[RhoE]|
+----------------------------------------------------------------+
|         821|   -5.666135|   -2.492641|   -2.886841|   -0.283668|
|         822|   -5.667071|   -2.496908|   -2.887666|   -0.285566|
|         823|   -5.668071|   -2.501121|   -2.888399|   -0.287541|
|         824|   -5.665831|   -2.504454|   -2.887899|   -0.285292|
|         825|   -5.664957|   -2.507788|   -2.887260|   -0.284951|
|         826|   -5.665111|   -2.511193|   -2.886737|   -0.286090|
|         827|   -5.665369|   -2.514614|   -2.886345|   -0.287430|
|         828|   -5.665198|   -2.517970|   -2.885941|   -0.288190|
|         829|   -5.664647|   -2.521233|   -2.885410|   -0.288410|
|         830|   -5.663971|   -2.524416|   -2.884730|   -0.288449|
+-----------------------------------------------------------------------+
|        File Writing Summary       |              Filename             |
+-----------------------------------------------------------------------+
|SU2 binary restart                 |restart_flow.dat                   |

Writing the forces breakdown file (forces_breakdown.dat).
+-----------------------------------------------------------------------+
+----------------------------------------------------------------+
|  Inner_Iter|    rms[Rho]|   rms[RhoU]|   rms[RhoV]|   rms[RhoE]|
+----------------------------------------------------------------+
|         831|   -5.663279|   -2.527533|   -2.883931|   -0.288480|
|         832|   -5.665936|   -2.531822|   -2.884593|   -0.293046|
|         833|   -5.669990|   -2.537043|   -2.886541|   -0.299494|
|         834|   -5.677198|   -2.543470|   -2.890318|   -0.310118|
|         835|   -5.683832|   -2.550219|   -2.894782|   -0.319686|
|         836|   -5.688307|   -2.556680|   -2.898985|   -0.325867|
|         837|   -5.690525|   -2.562607|   -2.902313|   -0.328616|
|         838|   -5.691406|   -2.567936|   -2.904590|   -0.329456|
|         839|   -5.692178|   -2.572842|   -2.906129|   -0.330296|
|         840|   -5.693158|   -2.577447|   -2.907220|   -0.331647|
+-----------------------------------------------------------------------+
|        File Writing Summary       |              Filename             |
+-----------------------------------------------------------------------+
|SU2 binary restart                 |restart_flow.dat                   |

Writing the forces breakdown file (forces_breakdown.dat).
+-----------------------------------------------------------------------+
+----------------------------------------------------------------+
|  Inner_Iter|    rms[Rho]|   rms[RhoU]|   rms[RhoV]|   rms[RhoE]|
+----------------------------------------------------------------+
|         841|   -5.694152|   -2.581802|   -2.907991|   -0.333191|
|         842|   -5.694947|   -2.585934|   -2.908448|   -0.334542|
|         843|   -5.695558|   -2.589886|   -2.908582|   -0.335671|
|         844|   -5.696160|   -2.593722|   -2.908429|   -0.336816|
|         845|   -5.696912|   -2.597497|   -2.908061|   -0.338192|
|         846|   -5.697857|   -2.601241|   -2.907551|   -0.339832|
|         847|   -5.698956|   -2.604959|   -2.906952|   -0.341641|
|         848|   -5.700158|   -2.608648|   -2.906304|   -0.343522|
|         849|   -5.701434|   -2.612306|   -2.905646|   -0.345449|
|         850|   -5.702764|   -2.615939|   -2.905024|   -0.347443|
+-----------------------------------------------------------------------+
|        File Writing Summary       |              Filename             |
+-----------------------------------------------------------------------+
|SU2 binary restart                 |restart_flow.dat                   |

Writing the forces breakdown file (forces_breakdown.dat).
+-----------------------------------------------------------------------+
+----------------------------------------------------------------+
|  Inner_Iter|    rms[Rho]|   rms[RhoU]|   rms[RhoV]|   rms[RhoE]|
+----------------------------------------------------------------+
|         851|   -5.704115|   -2.619556|   -2.904480|   -0.349510|
|         852|   -5.705430|   -2.623163|   -2.904044|   -0.351611|
|         853|   -5.706648|   -2.626766|   -2.903732|   -0.353670|
|         854|   -5.707726|   -2.630367|   -2.903543|   -0.355618|
|         855|   -5.708645|   -2.633971|   -2.903471|   -0.357407|
|         856|   -5.709406|   -2.637578|   -2.903510|   -0.359020|
|         857|   -5.710025|   -2.641189|   -2.903656|   -0.360455|
|         858|   -5.710525|   -2.644801|   -2.903905|   -0.361726|
|         859|   -5.710941|   -2.648406|   -2.904258|   -0.362858|
|         860|   -5.711316|   -2.651998|   -2.904711|   -0.363897|
+-----------------------------------------------------------------------+
|        File Writing Summary       |              Filename             |
+-----------------------------------------------------------------------+
|SU2 binary restart                 |restart_flow.dat                   |

Writing the forces breakdown file (forces_breakdown.dat).
+-----------------------------------------------------------------------+
+----------------------------------------------------------------+
|  Inner_Iter|    rms[Rho]|   rms[RhoU]|   rms[RhoV]|   rms[RhoE]|
+----------------------------------------------------------------+
|         861|   -5.711708|   -2.655570|   -2.905263|   -0.364907|
|         862|   -5.712174|   -2.659117|   -2.905904|   -0.365962|
|         863|   -5.712767|   -2.662639|   -2.906626|   -0.367131|
|         864|   -5.713519|   -2.666138|   -2.907416|   -0.368460|
|         865|   -5.714439|   -2.669617|   -2.908266|   -0.369968|
|         866|   -5.715510|   -2.673078|   -2.909168|   -0.371648|
|         867|   -5.716700|   -2.676522|   -2.910121|   -0.373471|
|         868|   -5.717962|   -2.679948|   -2.911131|   -0.375394|
|         869|   -5.719246|   -2.683355|   -2.912203|   -0.377364|
|         870|   -5.720504|   -2.686740|   -2.913345|   -0.379327|
+-----------------------------------------------------------------------+
|        File Writing Summary       |              Filename             |
+-----------------------------------------------------------------------+
|SU2 binary restart                 |restart_flow.dat                   |

Writing the forces breakdown file (forces_breakdown.dat).
+-----------------------------------------------------------------------+
+----------------------------------------------------------------+
|  Inner_Iter|    rms[Rho]|   rms[RhoU]|   rms[RhoV]|   rms[RhoE]|
+----------------------------------------------------------------+
|         871|   -5.721696|   -2.690102|   -2.914558|   -0.381229|
|         872|   -5.720731|   -2.692697|   -2.915054|   -0.379914|
|         873|   -5.720530|   -2.695347|   -2.915642|   -0.379818|
|         874|   -5.721055|   -2.698129|   -2.916417|   -0.380869|
|         875|   -5.720768|   -2.700755|   -2.917037|   -0.380706|
|         876|   -5.720977|   -2.703435|   -2.917802|   -0.381324|
|         877|   -5.721564|   -2.706168|   -2.918713|   -0.382492|
|         878|   -5.722385|   -2.708946|   -2.919755|   -0.383950|
|         879|   -5.723344|   -2.711749|   -2.920906|   -0.385529|
|         880|   -5.723398|   -2.714058|   -2.921672|   -0.385681|
+-----------------------------------------------------------------------+
|        File Writing Summary       |              Filename             |
+-----------------------------------------------------------------------+
|SU2 binary restart                 |restart_flow.dat                   |

Writing the forces breakdown file (forces_breakdown.dat).
+-----------------------------------------------------------------------+
+----------------------------------------------------------------+
|  Inner_Iter|    rms[Rho]|   rms[RhoU]|   rms[RhoV]|   rms[RhoE]|
+----------------------------------------------------------------+
|         881|   -5.722712|   -2.716155|   -2.922190|   -0.384655|
|         882|   -5.722849|   -2.718352|   -2.922898|   -0.384925|
|         883|   -5.723522|   -2.720677|   -2.923880|   -0.386095|
|         884|   -5.724257|   -2.723088|   -2.925127|   -0.387462|
|         885|   -5.724777|   -2.725540|   -2.926577|   -0.388582|
|         886|   -5.722924|   -2.727206|   -2.927268|   -0.386160|
|         887|   -5.721814|   -2.728984|   -2.928108|   -0.384882|
|         888|   -5.721487|   -2.730950|   -2.929188|   -0.384756|
|         889|   -5.721565|   -2.733066|   -2.930504|   -0.385188|
|         890|   -5.721733|   -2.735243|   -2.931982|   -0.385687|
+-----------------------------------------------------------------------+
|        File Writing Summary       |              Filename             |
+-----------------------------------------------------------------------+
|SU2 binary restart                 |restart_flow.dat                   |

Writing the forces breakdown file (forces_breakdown.dat).
+-----------------------------------------------------------------------+
+----------------------------------------------------------------+
|  Inner_Iter|    rms[Rho]|   rms[RhoU]|   rms[RhoV]|   rms[RhoE]|
+----------------------------------------------------------------+
|         891|   -5.721955|   -2.737423|   -2.933548|   -0.386164|
|         892|   -5.722370|   -2.739588|   -2.935165|   -0.386788|
|         893|   -5.721983|   -2.741442|   -2.936410|   -0.386008|
|         894|   -5.722409|   -2.743307|   -2.937715|   -0.386346|
|         895|   -5.723527|   -2.745226|   -2.939154|   -0.387647|
|         896|   -5.724049|   -2.746652|   -2.940201|   -0.388027|
|         897|   -5.724947|   -2.748172|   -2.941433|   -0.388934|
|         898|   -5.724975|   -2.749481|   -2.942438|   -0.388496|
|         899|   -5.725600|   -2.750892|   -2.943676|   -0.389039|
|         900|   -5.726638|   -2.752425|   -2.945206|   -0.390272|
+-----------------------------------------------------------------------+
|        File Writing Summary       |              Filename             |
+-----------------------------------------------------------------------+
|SU2 binary restart                 |restart_flow.dat                   |

Writing the forces breakdown file (forces_breakdown.dat).
+-----------------------------------------------------------------------+
+----------------------------------------------------------------+
|  Inner_Iter|    rms[Rho]|   rms[RhoU]|   rms[RhoV]|   rms[RhoE]|
+----------------------------------------------------------------+
|         901|   -5.726825|   -2.753501|   -2.946449|   -0.390284|
|         902|   -5.727278|   -2.754719|   -2.947992|   -0.390653|
|         903|   -5.726849|   -2.755748|   -2.949386|   -0.389595|
|         904|   -5.727103|   -2.756889|   -2.951089|   -0.389547|
|         905|   -5.727910|   -2.758146|   -2.953140|   -0.390290|
|         906|   -5.728034|   -2.758903|   -2.954914|   -0.389954|
|         907|   -5.728623|   -2.759784|   -2.957014|   -0.390179|
|         908|   -5.728509|   -2.760440|   -2.958966|   -0.389176|
|         909|   -5.729198|   -2.761192|   -2.961246|   -0.389322|
|         910|   -5.730504|   -2.762043|   -2.963896|   -0.390339|
+-----------------------------------------------------------------------+
|        File Writing Summary       |              Filename             |
+-----------------------------------------------------------------------+
|SU2 binary restart                 |restart_flow.dat                   |

Writing the forces breakdown file (forces_breakdown.dat).
+-----------------------------------------------------------------------+
+----------------------------------------------------------------+
|  Inner_Iter|    rms[Rho]|   rms[RhoU]|   rms[RhoV]|   rms[RhoE]|
+----------------------------------------------------------------+
|         911|   -5.731133|   -2.762350|   -2.966273|   -0.390267|
|         912|   -5.732198|   -2.762764|   -2.969014|   -0.390719|
|         913|   -5.732522|   -2.762916|   -2.971632|   -0.389878|
|         914|   -5.733612|   -2.763136|   -2.974610|   -0.390104|
|         915|   -5.735316|   -2.763423|   -2.977982|   -0.391152|
|         916|   -5.736356|   -2.763090|   -2.981062|   -0.391046|
|         917|   -5.737886|   -2.762823|   -2.984506|   -0.391495|
|         918|   -5.738741|   -2.762228|   -2.987814|   -0.390704|
|         919|   -5.740410|   -2.761650|   -2.991479|   -0.391007|
|         920|   -5.742719|   -2.761091|   -2.995546|   -0.392146|
+-----------------------------------------------------------------------+
|        File Writing Summary       |              Filename             |
+-----------------------------------------------------------------------+
|SU2 binary restart                 |restart_flow.dat                   |

Writing the forces breakdown file (forces_breakdown.dat).
+-----------------------------------------------------------------------+
+----------------------------------------------------------------+
|  Inner_Iter|    rms[Rho]|   rms[RhoU]|   rms[RhoV]|   rms[RhoE]|
+----------------------------------------------------------------+
|         921|   -5.744317|   -2.759819|   -2.999299|   -0.392011|
|         922|   -5.746344|   -2.758573|   -3.003425|   -0.392373|
|         923|   -5.747602|   -2.756946|   -3.007424|   -0.391406|
|         924|   -5.749566|   -2.755308|   -3.011790|   -0.391401|
|         925|   -5.752079|   -2.753667|   -3.016562|   -0.392105|
|         926|   -5.753755|   -2.751239|   -3.020971|   -0.391288|
|         927|   -5.755836|   -2.748820|   -3.025700|   -0.390933|
|         928|   -5.757154|   -2.745991|   -3.030246|   -0.389268|
|         929|   -5.759228|   -2.743138|   -3.035080|   -0.388585|
|         930|   -5.761923|   -2.740273|   -3.040235|   -0.388650|
+-----------------------------------------------------------------------+
|        File Writing Summary       |              Filename             |
+-----------------------------------------------------------------------+
|SU2 binary restart                 |restart_flow.dat                   |

Writing the forces breakdown file (forces_breakdown.dat).
+-----------------------------------------------------------------------+
+----------------------------------------------------------------+
|  Inner_Iter|    rms[Rho]|   rms[RhoU]|   rms[RhoV]|   rms[RhoE]|
+----------------------------------------------------------------+
|         931|   -5.763775|   -2.736563|   -3.044883|   -0.387075|
|         932|   -5.766110|   -2.732868|   -3.049711|   -0.386076|
|         933|   -5.767732|   -2.728774|   -3.054245|   -0.383892|
|         934|   -5.770142|   -2.724687|   -3.058946|   -0.382736|
|         935|   -5.773187|   -2.720625|   -3.063863|   -0.382334|
|         936|   -5.775256|   -2.715722|   -3.068120|   -0.380082|
|         937|   -5.777801|   -2.710892|   -3.072409|   -0.378479|
|         938|   -5.779592|   -2.705738|   -3.076327|   -0.375783|
|         939|   -5.782147|   -2.700668|   -3.080321|   -0.374125|
|         940|   -5.785305|   -2.695704|   -3.084454|   -0.373203|
+-----------------------------------------------------------------------+
|        File Writing Summary       |              Filename             |
+-----------------------------------------------------------------------+
|SU2 binary restart                 |restart_flow.dat                   |

Writing the forces breakdown file (forces_breakdown.dat).
+-----------------------------------------------------------------------+
+----------------------------------------------------------------+
|  Inner_Iter|    rms[Rho]|   rms[RhoU]|   rms[RhoV]|   rms[RhoE]|
+----------------------------------------------------------------+
|         941|   -5.787287|   -2.689953|   -3.087800|   -0.370213|
|         942|   -5.789756|   -2.684366|   -3.091039|   -0.367988|
|         943|   -5.791454|   -2.678568|   -3.093858|   -0.364831|
|         944|   -5.793941|   -2.672952|   -3.096666|   -0.362769|
|         945|   -5.797048|   -2.667537|   -3.099532|   -0.361454|
|         946|   -5.798800|   -2.661420|   -3.101492|   -0.357919|
|         947|   -5.801139|   -2.655562|   -3.103200|   -0.355330|
|         948|   -5.802767|   -2.649614|   -3.104474|   -0.352042|
|         949|   -5.805263|   -2.643942|   -3.105699|   -0.349935|
|         950|   -5.808416|   -2.638555|   -3.106962|   -0.348604|
+-----------------------------------------------------------------------+
|        File Writing Summary       |              Filename             |
+-----------------------------------------------------------------------+
|SU2 binary restart                 |restart_flow.dat                   |

Writing the forces breakdown file (forces_breakdown.dat).
+-----------------------------------------------------------------------+
+----------------------------------------------------------------+
|  Inner_Iter|    rms[Rho]|   rms[RhoU]|   rms[RhoV]|   rms[RhoE]|
+----------------------------------------------------------------+
|         951|   -5.811444|   -2.633235|   -3.108005|   -0.346935|
|         952|   -5.814609|   -2.628142|   -3.108852|   -0.345410|
|         953|   -5.816534|   -2.622903|   -3.109171|   -0.342461|
|         954|   -5.819166|   -2.617917|   -3.109259|   -0.340537|
|         955|   -5.822497|   -2.613258|   -3.109343|   -0.339640|
|         956|   -5.826083|   -2.608896|   -3.109464|   -0.339103|
|         957|   -5.829583|   -2.604768|   -3.109511|   -0.338436|
|         958|   -5.831549|   -2.600499|   -3.109116|   -0.336063|
|         959|   -5.834184|   -2.596477|   -3.108496|   -0.334649|
|         960|   -5.837589|   -2.592805|   -3.107917|   -0.334399|
+-----------------------------------------------------------------------+
|        File Writing Summary       |              Filename             |
+-----------------------------------------------------------------------+
|SU2 binary restart                 |restart_flow.dat                   |

Writing the forces breakdown file (forces_breakdown.dat).
+-----------------------------------------------------------------------+
+----------------------------------------------------------------+
|  Inner_Iter|    rms[Rho]|   rms[RhoU]|   rms[RhoV]|   rms[RhoE]|
+----------------------------------------------------------------+
|         961|   -5.841273|   -2.589460|   -3.107468|   -0.334627|
|         962|   -5.844831|   -2.586373|   -3.107061|   -0.334746|
|         963|   -5.846752|   -2.583184|   -3.106383|   -0.333193|
|         964|   -5.849384|   -2.580253|   -3.105606|   -0.332602|
|         965|   -5.852825|   -2.577681|   -3.104969|   -0.333196|
|         966|   -5.856520|   -2.575444|   -3.104545|   -0.334276|
|         967|   -5.860021|   -2.573470|   -3.104250|   -0.335242|
|         968|   -5.861781|   -2.571424|   -3.103816|   -0.334590|
|         969|   -5.864286|   -2.569635|   -3.103391|   -0.334898|
|         970|   -5.867607|   -2.568196|   -3.103170|   -0.336367|
+-----------------------------------------------------------------------+
|        File Writing Summary       |              Filename             |
+-----------------------------------------------------------------------+
|SU2 binary restart                 |restart_flow.dat                   |

Writing the forces breakdown file (forces_breakdown.dat).
+-----------------------------------------------------------------------+
+----------------------------------------------------------------+
|  Inner_Iter|    rms[Rho]|   rms[RhoU]|   rms[RhoV]|   rms[RhoE]|
+----------------------------------------------------------------+
|         971|   -5.871130|   -2.567081|   -3.103199|   -0.338287|
|         972|   -5.874390|   -2.566219|   -3.103393|   -0.340068|
|         973|   -5.875834|   -2.565296|   -3.103520|   -0.340276|
|         974|   -5.878061|   -2.564615|   -3.103713|   -0.341438|
|         975|   -5.881109|   -2.564262|   -3.104136|   -0.343720|
|         976|   -5.884314|   -2.564211|   -3.104807|   -0.346406|
|         977|   -5.887207|   -2.564390|   -3.105646|   -0.348926|
|         978|   -5.888244|   -2.564508|   -3.106446|   -0.349907|
|         979|   -5.890107|   -2.564845|   -3.107341|   -0.351837|
|         980|   -5.892793|   -2.565482|   -3.108465|   -0.354842|
+-----------------------------------------------------------------------+
|        File Writing Summary       |              Filename             |
+-----------------------------------------------------------------------+
|SU2 binary restart                 |restart_flow.dat                   |

Writing the forces breakdown file (forces_breakdown.dat).
+-----------------------------------------------------------------------+
+----------------------------------------------------------------+
|  Inner_Iter|    rms[Rho]|   rms[RhoU]|   rms[RhoV]|   rms[RhoE]|
+----------------------------------------------------------------+
|         981|   -5.895594|   -2.566392|   -3.109818|   -0.358198|
|         982|   -5.898049|   -2.567506|   -3.111320|   -0.361362|
|         983|   -5.898635|   -2.568551|   -3.112778|   -0.363005|
|         984|   -5.900092|   -2.569790|   -3.114336|   -0.365592|
|         985|   -5.902369|   -2.571299|   -3.116106|   -0.369205|
|         986|   -5.904731|   -2.573049|   -3.118072|   -0.373113|
|         987|   -5.906736|   -2.574978|   -3.120159|   -0.376800|
|         988|   -5.906886|   -2.576825|   -3.122174|   -0.378969|
|         989|   -5.907950|   -2.578840|   -3.124284|   -0.382079|
|         990|   -5.909833|   -2.581095|   -3.126587|   -0.386166|
+-----------------------------------------------------------------------+
|        File Writing Summary       |              Filename             |
+-----------------------------------------------------------------------+
|SU2 binary restart                 |restart_flow.dat                   |

Writing the forces breakdown file (forces_breakdown.dat).
+-----------------------------------------------------------------------+
+----------------------------------------------------------------+
|  Inner_Iter|    rms[Rho]|   rms[RhoU]|   rms[RhoV]|   rms[RhoE]|
+----------------------------------------------------------------+
|         991|   -5.911784|   -2.583562|   -3.129055|   -0.390494|
|         992|   -5.913386|   -2.586181|   -3.131617|   -0.394576|
|         993|   -5.913161|   -2.588704|   -3.134069|   -0.397129|
|         994|   -5.913891|   -2.591370|   -3.136606|   -0.400627|
|         995|   -5.915438|   -2.594249|   -3.139317|   -0.405059|
|         996|   -5.917050|   -2.597312|   -3.142163|   -0.409681|
|         997|   -5.918334|   -2.600502|   -3.145076|   -0.414040|
|         998|   -5.917823|   -2.603581|   -3.147823|   -0.416838|
|         999|   -5.918305|   -2.606781|   -3.150641|   -0.420594|
|        1000|   -5.919605|   -2.610168|   -3.153613|   -0.425245|
+-----------------------------------------------------------------------+
|        File Writing Summary       |              Filename             |
+-----------------------------------------------------------------------+
|SU2 binary restart                 |restart_flow.dat                   |

Writing the forces breakdown file (forces_breakdown.dat).
|Paraview                           |flow.vtu                           |

Writing the forces breakdown file (forces_breakdown.dat).
|Paraview surface                   |surface_flow.vtu                   |

Writing the forces breakdown file (forces_breakdown.dat).
|CSV file                           |surface_flow.csv                   |

Writing the forces breakdown file (forces_breakdown.dat).
+-----------------------------------------------------------------------+
+----------------------------------------------------------------+
|  Inner_Iter|    rms[Rho]|   rms[RhoU]|   rms[RhoV]|   rms[RhoE]|
+----------------------------------------------------------------+
|        1001|   -5.920972|   -2.613714|   -3.156692|   -0.430042|
|        1002|   -5.922039|   -2.617366|   -3.159816|   -0.434562|
|        1003|   -5.922925|   -2.621099|   -3.162982|   -0.438908|
|        1004|   -5.922266|   -2.624713|   -3.165937|   -0.441884|
|        1005|   -5.922677|   -2.628439|   -3.168959|   -0.445913|
|        1006|   -5.923831|   -2.632326|   -3.172106|   -0.450717|
|        1007|   -5.925007|   -2.636341|   -3.175323|   -0.455542|
|        1008|   -5.925933|   -2.640433|   -3.178558|   -0.460080|
|        1009|   -5.926760|   -2.644589|   -3.181822|   -0.464499|
|        1010|   -5.927674|   -2.648818|   -3.185141|   -0.469012|
+-----------------------------------------------------------------------+
|        File Writing Summary       |              Filename             |
+-----------------------------------------------------------------------+
|SU2 binary restart                 |restart_flow.dat                   |

Writing the forces breakdown file (forces_breakdown.dat).
+-----------------------------------------------------------------------+
+----------------------------------------------------------------+
|  Inner_Iter|    rms[Rho]|   rms[RhoU]|   rms[RhoV]|   rms[RhoE]|
+----------------------------------------------------------------+
|        1011|   -5.928691|   -2.653126|   -3.188518|   -0.473639|
|        1012|   -5.929735|   -2.657511|   -3.191933|   -0.478278|
|        1013|   -5.929189|   -2.661758|   -3.194990|   -0.481290|
|        1014|   -5.929613|   -2.666081|   -3.198052|   -0.485228|
|        1015|   -5.930786|   -2.670527|   -3.201207|   -0.489905|
|        1016|   -5.932094|   -2.675074|   -3.204418|   -0.494675|
|        1017|   -5.933266|   -2.679681|   -3.207642|   -0.499247|
|        1018|   -5.934392|   -2.684331|   -3.210892|   -0.503717|
|        1019|   -5.935607|   -2.689032|   -3.214190|   -0.508225|
|        1020|   -5.936923|   -2.693790|   -3.217531|   -0.512771|
+-----------------------------------------------------------------------+
|        File Writing Summary       |              Filename             |
+-----------------------------------------------------------------------+
|SU2 binary restart                 |restart_flow.dat                   |

Writing the forces breakdown file (forces_breakdown.dat).
+-----------------------------------------------------------------------+
+----------------------------------------------------------------+
|  Inner_Iter|    rms[Rho]|   rms[RhoU]|   rms[RhoV]|   rms[RhoE]|
+----------------------------------------------------------------+
|        1021|   -5.938283|   -2.698601|   -3.220893|   -0.517280|
|        1022|   -5.939660|   -2.703459|   -3.224258|   -0.521717|
|        1023|   -5.940429|   -2.708274|   -3.227411|   -0.525392|
|        1024|   -5.941660|   -2.713137|   -3.230559|   -0.529496|
|        1025|   -5.943257|   -2.718066|   -3.233748|   -0.533935|
|        1026|   -5.944969|   -2.723051|   -3.236967|   -0.538425|
|        1027|   -5.946679|   -2.728074|   -3.240197|   -0.542835|
|        1028|   -5.948414|   -2.733128|   -3.243439|   -0.547185|
|        1029|   -5.950219|   -2.738215|   -3.246692|   -0.551514|
|        1030|   -5.952094|   -2.743336|   -3.249948|   -0.555812|
+-----------------------------------------------------------------------+
|        File Writing Summary       |              Filename             |
+-----------------------------------------------------------------------+
|SU2 binary restart                 |restart_flow.dat                   |

Writing the forces breakdown file (forces_breakdown.dat).
+-----------------------------------------------------------------------+
+----------------------------------------------------------------+
|  Inner_Iter|    rms[Rho]|   rms[RhoU]|   rms[RhoV]|   rms[RhoE]|
+----------------------------------------------------------------+
|        1031|   -5.954024|   -2.748489|   -3.253194|   -0.560057|
|        1032|   -5.956003|   -2.753670|   -3.256425|   -0.564251|
|        1033|   -5.958044|   -2.758877|   -3.259641|   -0.568415|
|        1034|   -5.960159|   -2.764107|   -3.262843|   -0.572570|
|        1035|   -5.962352|   -2.769360|   -3.266031|   -0.576722|
|        1036|   -5.964616|   -2.774635|   -3.269202|   -0.580863|
|        1037|   -5.966943|   -2.779928|   -3.272354|   -0.584979|
|        1038|   -5.969327|   -2.785238|   -3.275482|   -0.589061|
|        1039|   -5.971763|   -2.790564|   -3.278585|   -0.593104|
|        1040|   -5.974250|   -2.795905|   -3.281661|   -0.597107|
+-----------------------------------------------------------------------+
|        File Writing Summary       |              Filename             |
+-----------------------------------------------------------------------+
|SU2 binary restart                 |restart_flow.dat                   |

Writing the forces breakdown file (forces_breakdown.dat).
+-----------------------------------------------------------------------+
+----------------------------------------------------------------+
|  Inner_Iter|    rms[Rho]|   rms[RhoU]|   rms[RhoV]|   rms[RhoE]|
+----------------------------------------------------------------+
|        1041|   -5.976787|   -2.801258|   -3.284707|   -0.601071|
|        1042|   -5.979375|   -2.806622|   -3.287725|   -0.604999|
|        1043|   -5.982011|   -2.811996|   -3.290716|   -0.608895|
|        1044|   -5.984694|   -2.817378|   -3.293681|   -0.612760|
|        1045|   -5.987421|   -2.822767|   -3.296619|   -0.616593|
|        1046|   -5.990191|   -2.828160|   -3.299529|   -0.620393|
|        1047|   -5.993001|   -2.833558|   -3.302410|   -0.624159|
|        1048|   -5.995849|   -2.838958|   -3.305261|   -0.627889|
|        1049|   -5.998735|   -2.844360|   -3.308083|   -0.631587|
|        1050|   -6.001657|   -2.849761|   -3.310875|   -0.635252|
+-----------------------------------------------------------------------+
|        File Writing Summary       |              Filename             |
+-----------------------------------------------------------------------+
|SU2 binary restart                 |restart_flow.dat                   |

Writing the forces breakdown file (forces_breakdown.dat).
+-----------------------------------------------------------------------+
+----------------------------------------------------------------+
|  Inner_Iter|    rms[Rho]|   rms[RhoU]|   rms[RhoV]|   rms[RhoE]|
+----------------------------------------------------------------+
|        1051|   -6.004612|   -2.855163|   -3.313639|   -0.638886|
|        1052|   -6.007596|   -2.860563|   -3.316380|   -0.642489|
|        1053|   -6.010608|   -2.865962|   -3.319099|   -0.646061|
|        1054|   -6.013642|   -2.871358|   -3.321800|   -0.649601|
|        1055|   -6.016698|   -2.876752|   -3.324485|   -0.653110|
|        1056|   -6.019774|   -2.882142|   -3.327157|   -0.656587|
|        1057|   -6.022869|   -2.887529|   -3.329817|   -0.660035|
|        1058|   -6.025984|   -2.892912|   -3.332466|   -0.663457|
|        1059|   -6.029119|   -2.898291|   -3.335107|   -0.666855|
|        1060|   -6.032273|   -2.903667|   -3.337742|   -0.670232|
+-----------------------------------------------------------------------+
|        File Writing Summary       |              Filename             |
+-----------------------------------------------------------------------+
|SU2 binary restart                 |restart_flow.dat                   |

Writing the forces breakdown file (forces_breakdown.dat).
+-----------------------------------------------------------------------+
+----------------------------------------------------------------+
|  Inner_Iter|    rms[Rho]|   rms[RhoU]|   rms[RhoV]|   rms[RhoE]|
+----------------------------------------------------------------+
|        1061|   -6.035445|   -2.909038|   -3.340374|   -0.673590|
|        1062|   -6.038636|   -2.914406|   -3.343006|   -0.676930|
|        1063|   -6.041843|   -2.919770|   -3.345641|   -0.680254|
|        1064|   -6.045065|   -2.925131|   -3.348284|   -0.683563|
|        1065|   -6.048302|   -2.930489|   -3.350937|   -0.686858|
|        1066|   -6.051553|   -2.935844|   -3.353604|   -0.690139|
|        1067|   -6.054818|   -2.941197|   -3.356287|   -0.693410|
|        1068|   -6.058097|   -2.946548|   -3.358988|   -0.696670|
|        1069|   -6.061390|   -2.951896|   -3.361711|   -0.699922|
|        1070|   -6.064699|   -2.957244|   -3.364456|   -0.703168|
+-----------------------------------------------------------------------+
|        File Writing Summary       |              Filename             |
+-----------------------------------------------------------------------+
|SU2 binary restart                 |restart_flow.dat                   |

Writing the forces breakdown file (forces_breakdown.dat).
+-----------------------------------------------------------------------+
+----------------------------------------------------------------+
|  Inner_Iter|    rms[Rho]|   rms[RhoU]|   rms[RhoV]|   rms[RhoE]|
+----------------------------------------------------------------+
|        1071|   -6.068022|   -2.962589|   -3.367226|   -0.706409|
|        1072|   -6.071361|   -2.967933|   -3.370024|   -0.709647|
|        1073|   -6.074716|   -2.973276|   -3.372851|   -0.712883|
|        1074|   -6.078087|   -2.978618|   -3.375710|   -0.716119|
|        1075|   -6.081476|   -2.983958|   -3.378601|   -0.719356|
|        1076|   -6.084882|   -2.989296|   -3.381528|   -0.722596|
|        1077|   -6.088305|   -2.994633|   -3.384491|   -0.725838|
|        1078|   -6.091747|   -2.999967|   -3.387493|   -0.729084|
|        1079|   -6.095207|   -3.005299|   -3.390535|   -0.732335|
|        1080|   -6.098686|   -3.010627|   -3.393619|   -0.735592|
+-----------------------------------------------------------------------+
|        File Writing Summary       |              Filename             |
+-----------------------------------------------------------------------+
|SU2 binary restart                 |restart_flow.dat                   |

Writing the forces breakdown file (forces_breakdown.dat).
+-----------------------------------------------------------------------+
+----------------------------------------------------------------+
|  Inner_Iter|    rms[Rho]|   rms[RhoU]|   rms[RhoV]|   rms[RhoE]|
+----------------------------------------------------------------+
|        1081|   -6.102185|   -3.015951|   -3.396747|   -0.738854|
|        1082|   -6.105704|   -3.021270|   -3.399919|   -0.742123|
|        1083|   -6.109244|   -3.026583|   -3.403138|   -0.745400|
|        1084|   -6.112805|   -3.031888|   -3.406403|   -0.748685|
|        1085|   -6.116390|   -3.037185|   -3.409717|   -0.751979|
|        1086|   -6.119998|   -3.042472|   -3.413079|   -0.755284|
|        1087|   -6.123630|   -3.047747|   -3.416492|   -0.758599|
|        1088|   -6.127287|   -3.053009|   -3.419957|   -0.761924|
|        1089|   -6.130970|   -3.058255|   -3.423474|   -0.765261|
|        1090|   -6.134678|   -3.063484|   -3.427045|   -0.768609|
+-----------------------------------------------------------------------+
|        File Writing Summary       |              Filename             |
+-----------------------------------------------------------------------+
|SU2 binary restart                 |restart_flow.dat                   |

Writing the forces breakdown file (forces_breakdown.dat).
+-----------------------------------------------------------------------+
+----------------------------------------------------------------+
|  Inner_Iter|    rms[Rho]|   rms[RhoU]|   rms[RhoV]|   rms[RhoE]|
+----------------------------------------------------------------+
|        1091|   -6.138413|   -3.068692|   -3.430670|   -0.771968|
|        1092|   -6.142175|   -3.073878|   -3.434350|   -0.775338|
|        1093|   -6.145965|   -3.079039|   -3.438087|   -0.778720|
|        1094|   -6.149783|   -3.084172|   -3.441880|   -0.782113|
|        1095|   -6.153629|   -3.089275|   -3.445731|   -0.785517|
|        1096|   -6.157506|   -3.094343|   -3.449639|   -0.788932|
|        1097|   -6.161412|   -3.099374|   -3.453606|   -0.792359|
|        1098|   -6.165348|   -3.104364|   -3.457631|   -0.795796|
|        1099|   -6.169316|   -3.109310|   -3.461714|   -0.799244|
|        1100|   -6.173314|   -3.114208|   -3.465857|   -0.802703|
+-----------------------------------------------------------------------+
|        File Writing Summary       |              Filename             |
+-----------------------------------------------------------------------+
|SU2 binary restart                 |restart_flow.dat                   |

Writing the forces breakdown file (forces_breakdown.dat).
+-----------------------------------------------------------------------+
+----------------------------------------------------------------+
|  Inner_Iter|    rms[Rho]|   rms[RhoU]|   rms[RhoV]|   rms[RhoE]|
+----------------------------------------------------------------+
|        1101|   -6.177345|   -3.119054|   -3.470059|   -0.806171|
|        1102|   -6.181407|   -3.123844|   -3.474321|   -0.809649|
|        1103|   -6.185501|   -3.128574|   -3.478642|   -0.813135|
|        1104|   -6.189628|   -3.133240|   -3.483022|   -0.816629|
|        1105|   -6.193787|   -3.137838|   -3.487461|   -0.820131|
|        1106|   -6.197978|   -3.142364|   -3.491959|   -0.823640|
|        1107|   -6.202202|   -3.146812|   -3.496516|   -0.827154|
|        1108|   -6.206458|   -3.151180|   -3.501130|   -0.830673|
|        1109|   -6.210747|   -3.155463|   -3.505802|   -0.834197|
|        1110|   -6.215068|   -3.159656|   -3.510530|   -0.837724|
+-----------------------------------------------------------------------+
|        File Writing Summary       |              Filename             |
+-----------------------------------------------------------------------+
|SU2 binary restart                 |restart_flow.dat                   |

Writing the forces breakdown file (forces_breakdown.dat).
+-----------------------------------------------------------------------+
+----------------------------------------------------------------+
|  Inner_Iter|    rms[Rho]|   rms[RhoU]|   rms[RhoV]|   rms[RhoE]|
+----------------------------------------------------------------+
|        1111|   -6.219422|   -3.163755|   -3.515315|   -0.841254|
|        1112|   -6.223808|   -3.167757|   -3.520155|   -0.844786|
|        1113|   -6.228226|   -3.171657|   -3.525049|   -0.848318|
|        1114|   -6.232675|   -3.175452|   -3.529996|   -0.851849|
|        1115|   -6.237155|   -3.179138|   -3.534996|   -0.855379|
|        1116|   -6.241665|   -3.182711|   -3.540048|   -0.858906|
|        1117|   -6.246206|   -3.186168|   -3.545149|   -0.862430|
|        1118|   -6.250776|   -3.189507|   -3.550299|   -0.865949|
|        1119|   -6.255376|   -3.192725|   -3.555497|   -0.869461|
|        1120|   -6.260003|   -3.195819|   -3.560741|   -0.872967|
+-----------------------------------------------------------------------+
|        File Writing Summary       |              Filename             |
+-----------------------------------------------------------------------+
|SU2 binary restart                 |restart_flow.dat                   |

Writing the forces breakdown file (forces_breakdown.dat).
+-----------------------------------------------------------------------+
+----------------------------------------------------------------+
|  Inner_Iter|    rms[Rho]|   rms[RhoU]|   rms[RhoV]|   rms[RhoE]|
+----------------------------------------------------------------+
|        1121|   -6.264658|   -3.198787|   -3.566029|   -0.876465|
|        1122|   -6.269339|   -3.201628|   -3.571359|   -0.879953|
|        1123|   -6.274047|   -3.204339|   -3.576731|   -0.883431|
|        1124|   -6.278779|   -3.206921|   -3.582142|   -0.886898|
|        1125|   -6.283535|   -3.209373|   -3.587590|   -0.890352|
|        1126|   -6.288314|   -3.211693|   -3.593073|   -0.893793|
|        1127|   -6.293114|   -3.213883|   -3.598589|   -0.897218|
|        1128|   -6.297935|   -3.215943|   -3.604137|   -0.900628|
|        1129|   -6.302775|   -3.217873|   -3.609712|   -0.904021|
|        1130|   -6.307632|   -3.219676|   -3.615314|   -0.907396|
+-----------------------------------------------------------------------+
|        File Writing Summary       |              Filename             |
+-----------------------------------------------------------------------+
|SU2 binary restart                 |restart_flow.dat                   |

Writing the forces breakdown file (forces_breakdown.dat).
+-----------------------------------------------------------------------+
+----------------------------------------------------------------+
|  Inner_Iter|    rms[Rho]|   rms[RhoU]|   rms[RhoV]|   rms[RhoE]|
+----------------------------------------------------------------+
|        1131|   -6.312505|   -3.221352|   -3.620938|   -0.910751|
|        1132|   -6.317393|   -3.222904|   -3.626584|   -0.914087|
|        1133|   -6.322294|   -3.224333|   -3.632246|   -0.917402|
|        1134|   -6.327205|   -3.225644|   -3.637924|   -0.920694|
|        1135|   -6.332127|   -3.226837|   -3.643613|   -0.923964|
|        1136|   -6.337056|   -3.227918|   -3.649310|   -0.927210|
|        1137|   -6.341990|   -3.228889|   -3.655011|   -0.930431|
|        1138|   -6.346928|   -3.229754|   -3.660713|   -0.933627|
|        1139|   -6.351867|   -3.230518|   -3.666412|   -0.936796|
|        1140|   -6.356805|   -3.231184|   -3.672105|   -0.939939|
+-----------------------------------------------------------------------+
|        File Writing Summary       |              Filename             |
+-----------------------------------------------------------------------+
|SU2 binary restart                 |restart_flow.dat                   |

Writing the forces breakdown file (forces_breakdown.dat).
+-----------------------------------------------------------------------+
+----------------------------------------------------------------+
|  Inner_Iter|    rms[Rho]|   rms[RhoU]|   rms[RhoV]|   rms[RhoE]|
+----------------------------------------------------------------+
|        1141|   -6.361740|   -3.231756|   -3.677786|   -0.943053|
|        1142|   -6.366669|   -3.232240|   -3.683452|   -0.946139|
|        1143|   -6.371590|   -3.232640|   -3.689098|   -0.949196|
|        1144|   -6.376500|   -3.232960|   -3.694720|   -0.952224|
|        1145|   -6.381397|   -3.233206|   -3.700312|   -0.955221|
|        1146|   -6.386278|   -3.233383|   -3.705871|   -0.958188|
|        1147|   -6.391140|   -3.233494|   -3.711391|   -0.961123|
|        1148|   -6.395980|   -3.233546|   -3.716867|   -0.964028|
|        1149|   -6.400796|   -3.233543|   -3.722294|   -0.966900|
|        1150|   -6.405584|   -3.233490|   -3.727666|   -0.969741|
+-----------------------------------------------------------------------+
|        File Writing Summary       |              Filename             |
+-----------------------------------------------------------------------+
|SU2 binary restart                 |restart_flow.dat                   |

Writing the forces breakdown file (forces_breakdown.dat).
+-----------------------------------------------------------------------+
+----------------------------------------------------------------+
|  Inner_Iter|    rms[Rho]|   rms[RhoU]|   rms[RhoV]|   rms[RhoE]|
+----------------------------------------------------------------+
|        1151|   -6.410342|   -3.233392|   -3.732979|   -0.972550|
|        1152|   -6.415066|   -3.233253|   -3.738227|   -0.975327|
|        1153|   -6.419754|   -3.233079|   -3.743405|   -0.978072|
|        1154|   -6.424401|   -3.232873|   -3.748507|   -0.980784|
|        1155|   -6.429006|   -3.232642|   -3.753528|   -0.983465|
|        1156|   -6.433565|   -3.232388|   -3.758463|   -0.986113|
|        1157|   -6.438075|   -3.232116|   -3.763306|   -0.988730|
|        1158|   -6.442533|   -3.231830|   -3.768053|   -0.991316|
|        1159|   -6.446936|   -3.231535|   -3.772699|   -0.993870|
|        1160|   -6.451281|   -3.231235|   -3.777239|   -0.996393|
+-----------------------------------------------------------------------+
|        File Writing Summary       |              Filename             |
+-----------------------------------------------------------------------+
|SU2 binary restart                 |restart_flow.dat                   |

Writing the forces breakdown file (forces_breakdown.dat).
+-----------------------------------------------------------------------+
+----------------------------------------------------------------+
|  Inner_Iter|    rms[Rho]|   rms[RhoU]|   rms[RhoV]|   rms[RhoE]|
+----------------------------------------------------------------+
|        1161|   -6.455564|   -3.230932|   -3.781667|   -0.998886|
|        1162|   -6.459783|   -3.230632|   -3.785981|   -1.001349|
|        1163|   -6.463935|   -3.230336|   -3.790176|   -1.003783|
|        1164|   -6.468017|   -3.230050|   -3.794247|   -1.006188|
|        1165|   -6.472027|   -3.229775|   -3.798191|   -1.008564|
|        1166|   -6.475961|   -3.229515|   -3.802005|   -1.010913|
|        1167|   -6.479818|   -3.229274|   -3.805687|   -1.013234|
|        1168|   -6.483594|   -3.229053|   -3.809232|   -1.015529|
|        1169|   -6.487288|   -3.228855|   -3.812640|   -1.017799|
|        1170|   -6.490898|   -3.228684|   -3.815908|   -1.020043|
+-----------------------------------------------------------------------+
|        File Writing Summary       |              Filename             |
+-----------------------------------------------------------------------+
|SU2 binary restart                 |restart_flow.dat                   |

Writing the forces breakdown file (forces_breakdown.dat).
+-----------------------------------------------------------------------+
+----------------------------------------------------------------+
|  Inner_Iter|    rms[Rho]|   rms[RhoU]|   rms[RhoV]|   rms[RhoE]|
+----------------------------------------------------------------+
|        1171|   -6.494422|   -3.228541|   -3.819035|   -1.022263|
|        1172|   -6.497857|   -3.228428|   -3.822019|   -1.024460|
|        1173|   -6.501202|   -3.228349|   -3.824860|   -1.026634|
|        1174|   -6.504456|   -3.228304|   -3.827559|   -1.028786|
|        1175|   -6.507618|   -3.228296|   -3.830114|   -1.030916|
|        1176|   -6.510686|   -3.228326|   -3.832527|   -1.033027|
|        1177|   -6.513660|   -3.228397|   -3.834798|   -1.035118|
|        1178|   -6.516538|   -3.228509|   -3.836930|   -1.037190|
|        1179|   -6.519321|   -3.228664|   -3.838923|   -1.039244|
|        1180|   -6.522008|   -3.228865|   -3.840780|   -1.041281|
+-----------------------------------------------------------------------+
|        File Writing Summary       |              Filename             |
+-----------------------------------------------------------------------+
|SU2 binary restart                 |restart_flow.dat                   |

Writing the forces breakdown file (forces_breakdown.dat).
+-----------------------------------------------------------------------+
+----------------------------------------------------------------+
|  Inner_Iter|    rms[Rho]|   rms[RhoU]|   rms[RhoV]|   rms[RhoE]|
+----------------------------------------------------------------+
|        1181|   -6.524599|   -3.229110|   -3.842503|   -1.043301|
|        1182|   -6.527094|   -3.229403|   -3.844096|   -1.045306|
|        1183|   -6.529494|   -3.229744|   -3.845561|   -1.047297|
|        1184|   -6.531800|   -3.230134|   -3.846902|   -1.049273|
|        1185|   -6.534012|   -3.230575|   -3.848122|   -1.051237|
|        1186|   -6.536131|   -3.231066|   -3.849226|   -1.053188|
|        1187|   -6.538159|   -3.231608|   -3.850218|   -1.055129|
|        1188|   -6.540098|   -3.232204|   -3.851101|   -1.057059|
|        1189|   -6.541948|   -3.232852|   -3.851880|   -1.058979|
|        1190|   -6.543712|   -3.233555|   -3.852561|   -1.060891|
+-----------------------------------------------------------------------+
|        File Writing Summary       |              Filename             |
+-----------------------------------------------------------------------+
|SU2 binary restart                 |restart_flow.dat                   |

Writing the forces breakdown file (forces_breakdown.dat).
+-----------------------------------------------------------------------+
+----------------------------------------------------------------+
|  Inner_Iter|    rms[Rho]|   rms[RhoU]|   rms[RhoV]|   rms[RhoE]|
+----------------------------------------------------------------+
|        1191|   -6.545393|   -3.234312|   -3.853147|   -1.062796|
|        1192|   -6.546991|   -3.235124|   -3.853644|   -1.064694|
|        1193|   -6.548511|   -3.235992|   -3.854056|   -1.066585|
|        1194|   -6.549953|   -3.236916|   -3.854388|   -1.068472|
|        1195|   -6.551321|   -3.237897|   -3.854646|   -1.070355|
|        1196|   -6.552618|   -3.238934|   -3.854833|   -1.072234|
|        1197|   -6.553846|   -3.240030|   -3.854956|   -1.074111|
|        1198|   -6.555008|   -3.241183|   -3.855019|   -1.075986|
|        1199|   -6.556107|   -3.242394|   -3.855028|   -1.077860|
|        1200|   -6.557146|   -3.243664|   -3.854986|   -1.079733|
+-----------------------------------------------------------------------+
|        File Writing Summary       |              Filename             |
+-----------------------------------------------------------------------+
|SU2 binary restart                 |restart_flow.dat                   |

Writing the forces breakdown file (forces_breakdown.dat).
+-----------------------------------------------------------------------+
+----------------------------------------------------------------+
|  Inner_Iter|    rms[Rho]|   rms[RhoU]|   rms[RhoV]|   rms[RhoE]|
+----------------------------------------------------------------+
|        1201|   -6.558128|   -3.244993|   -3.854899|   -1.081608|
|        1202|   -6.562704|   -3.246883|   -3.855354|   -1.086965|
|        1203|   -6.568214|   -3.249289|   -3.856395|   -1.093296|
|        1204|   -6.573003|   -3.252053|   -3.857777|   -1.098922|
|        1205|   -6.577106|   -3.255072|   -3.859397|   -1.103862|
|        1206|   -6.581126|   -3.258329|   -3.861312|   -1.108772|
|        1207|   -6.585331|   -3.261838|   -3.863555|   -1.113974|
|        1208|   -6.588563|   -3.265418|   -3.865899|   -1.118297|
|        1209|   -6.589970|   -3.268840|   -3.868055|   -1.120820|
|        1210|   -6.591081|   -3.272182|   -3.870070|   -1.123079|
+-----------------------------------------------------------------------+
|        File Writing Summary       |              Filename             |
+-----------------------------------------------------------------------+
|SU2 binary restart                 |restart_flow.dat                   |

Writing the forces breakdown file (forces_breakdown.dat).
+-----------------------------------------------------------------------+
+----------------------------------------------------------------+
|  Inner_Iter|    rms[Rho]|   rms[RhoU]|   rms[RhoV]|   rms[RhoE]|
+----------------------------------------------------------------+
|        1211|   -6.592813|   -3.275553|   -3.872059|   -1.126049|
|        1212|   -6.595108|   -3.279007|   -3.874051|   -1.129674|
|        1213|   -6.597591|   -3.282550|   -3.876021|   -1.133523|
|        1214|   -6.600114|   -3.286173|   -3.877972|   -1.137404|
|        1215|   -6.602745|   -3.289877|   -3.879960|   -1.141392|
|        1216|   -6.605549|   -3.293669|   -3.882045|   -1.145578|
|        1217|   -6.608490|   -3.297552|   -3.884253|   -1.149927|
|        1218|   -6.611494|   -3.301517|   -3.886576|   -1.154336|
|        1219|   -6.614520|   -3.305557|   -3.888996|   -1.158735|
|        1220|   -6.617576|   -3.309659|   -3.891497|   -1.163118|
+-----------------------------------------------------------------------+
|        File Writing Summary       |              Filename             |
+-----------------------------------------------------------------------+
|SU2 binary restart                 |restart_flow.dat                   |

Writing the forces breakdown file (forces_breakdown.dat).
+-----------------------------------------------------------------------+
+----------------------------------------------------------------+
|  Inner_Iter|    rms[Rho]|   rms[RhoU]|   rms[RhoV]|   rms[RhoE]|
+----------------------------------------------------------------+
|        1221|   -6.620676|   -3.313816|   -3.894070|   -1.167509|
|        1222|   -6.623817|   -3.318019|   -3.896704|   -1.171923|
|        1223|   -6.626983|   -3.322254|   -3.899388|   -1.176352|
|        1224|   -6.630152|   -3.326511|   -3.902104|   -1.180776|
|        1225|   -6.633300|   -3.330776|   -3.904825|   -1.185169|
|        1226|   -6.636399|   -3.335039|   -3.907519|   -1.189506|
|        1227|   -6.639414|   -3.339289|   -3.910154|   -1.193752|
|        1228|   -6.642305|   -3.343515|   -3.912698|   -1.197870|
|        1229|   -6.645040|   -3.347707|   -3.915120|   -1.201820|
|        1230|   -6.647598|   -3.351854|   -3.917393|   -1.205577|
+-----------------------------------------------------------------------+
|        File Writing Summary       |              Filename             |
+-----------------------------------------------------------------------+
|SU2 binary restart                 |restart_flow.dat                   |

Writing the forces breakdown file (forces_breakdown.dat).
+-----------------------------------------------------------------------+
+----------------------------------------------------------------+
|  Inner_Iter|    rms[Rho]|   rms[RhoU]|   rms[RhoV]|   rms[RhoE]|
+----------------------------------------------------------------+
|        1231|   -6.649967|   -3.355949|   -3.919492|   -1.209124|
|        1232|   -6.652147|   -3.359984|   -3.921395|   -1.212459|
|        1233|   -6.654139|   -3.363951|   -3.923083|   -1.215587|
|        1234|   -6.655950|   -3.367846|   -3.924539|   -1.218517|
|        1235|   -6.657582|   -3.371663|   -3.925749|   -1.221254|
|        1236|   -6.659039|   -3.375398|   -3.926705|   -1.223803|
|        1237|   -6.660323|   -3.379050|   -3.927398|   -1.226167|
|        1238|   -6.661436|   -3.382617|   -3.927827|   -1.228348|
|        1239|   -6.662388|   -3.386099|   -3.927991|   -1.230353|
|        1240|   -6.663189|   -3.389496|   -3.927895|   -1.232192|
+-----------------------------------------------------------------------+
|        File Writing Summary       |              Filename             |
+-----------------------------------------------------------------------+
|SU2 binary restart                 |restart_flow.dat                   |

Writing the forces breakdown file (forces_breakdown.dat).
+-----------------------------------------------------------------------+
+----------------------------------------------------------------+
|  Inner_Iter|    rms[Rho]|   rms[RhoU]|   rms[RhoV]|   rms[RhoE]|
+----------------------------------------------------------------+
|        1241|   -6.663854|   -3.392810|   -3.927549|   -1.233879|
|        1242|   -6.664398|   -3.396043|   -3.926969|   -1.235428|
|        1243|   -6.664830|   -3.399200|   -3.926175|   -1.236854|
|        1244|   -6.673523|   -3.404012|   -3.927937|   -1.247598|
|        1245|   -6.677282|   -3.408548|   -3.929694|   -1.252706|
|        1246|   -6.677429|   -3.412619|   -3.930638|   -1.253454|
|        1247|   -6.677080|   -3.416380|   -3.930835|   -1.253567|
|        1248|   -6.685664|   -3.421743|   -3.933303|   -1.264150|
|        1249|   -6.697619|   -3.428505|   -3.938172|   -1.278945|
|        1250|   -6.701541|   -3.434596|   -3.942415|   -1.284190|
+-----------------------------------------------------------------------+
|        File Writing Summary       |              Filename             |
+-----------------------------------------------------------------------+
|SU2 binary restart                 |restart_flow.dat                   |

Writing the forces breakdown file (forces_breakdown.dat).
|Paraview                           |flow.vtu                           |

Writing the forces breakdown file (forces_breakdown.dat).
|Paraview surface                   |surface_flow.vtu                   |

Writing the forces breakdown file (forces_breakdown.dat).
|CSV file                           |surface_flow.csv                   |

Writing the forces breakdown file (forces_breakdown.dat).
+-----------------------------------------------------------------------+
+----------------------------------------------------------------+
|  Inner_Iter|    rms[Rho]|   rms[RhoU]|   rms[RhoV]|   rms[RhoE]|
+----------------------------------------------------------------+
|        1251|   -6.700925|   -3.439920|   -3.945313|   -1.283657|
|        1252|   -6.700639|   -3.444818|   -3.947180|   -1.283387|
|        1253|   -6.709633|   -3.451222|   -3.950783|   -1.294426|
|        1254|   -6.722217|   -3.458948|   -3.956316|   -1.310261|
|        1255|   -6.727279|   -3.466016|   -3.961257|   -1.317026|
|        1256|   -6.727429|   -3.472295|   -3.964969|   -1.317366|
|        1257|   -6.727437|   -3.478089|   -3.967660|   -1.317229|
|        1258|   -6.729772|   -3.483759|   -3.969860|   -1.320012|
|        1259|   -6.733664|   -3.489448|   -3.971951|   -1.325056|
|        1260|   -6.737359|   -3.495102|   -3.973979|   -1.330195|
+-----------------------------------------------------------------------+
|        File Writing Summary       |              Filename             |
+-----------------------------------------------------------------------+
|SU2 binary restart                 |restart_flow.dat                   |

Writing the forces breakdown file (forces_breakdown.dat).
+-----------------------------------------------------------------------+
+----------------------------------------------------------------+
|  Inner_Iter|    rms[Rho]|   rms[RhoU]|   rms[RhoV]|   rms[RhoE]|
+----------------------------------------------------------------+
|        1261|   -6.740079|   -3.500639|   -3.975841|   -1.334236|
|        1262|   -6.742252|   -3.506065|   -3.977491|   -1.337498|
|        1263|   -6.744634|   -3.511449|   -3.978985|   -1.340874|
|        1264|   -6.747516|   -3.516859|   -3.980410|   -1.344825|
|        1265|   -6.747528|   -3.521603|   -3.980951|   -1.345254|
|        1266|   -6.749170|   -3.526458|   -3.981466|   -1.347840|
|        1267|   -6.752057|   -3.531479|   -3.982211|   -1.352149|
|        1268|   -6.755214|   -3.536615|   -3.983247|   -1.356877|
|        1269|   -6.758038|   -3.541789|   -3.984480|   -1.361144|
|        1270|   -6.760543|   -3.546963|   -3.985805|   -1.364911|
+-----------------------------------------------------------------------+
|        File Writing Summary       |              Filename             |
+-----------------------------------------------------------------------+
|SU2 binary restart                 |restart_flow.dat                   |

Writing the forces breakdown file (forces_breakdown.dat).
+-----------------------------------------------------------------------+
+----------------------------------------------------------------+
|  Inner_Iter|    rms[Rho]|   rms[RhoU]|   rms[RhoV]|   rms[RhoE]|
+----------------------------------------------------------------+
|        1271|   -6.759841|   -3.551413|   -3.986236|   -1.364546|
|        1272|   -6.760924|   -3.555972|   -3.986677|   -1.366494|
|        1273|   -6.763425|   -3.560712|   -3.987393|   -1.370404|
|        1274|   -6.766157|   -3.565562|   -3.988422|   -1.374722|
|        1275|   -6.768386|   -3.570413|   -3.989630|   -1.378378|
|        1276|   -6.770155|   -3.575215|   -3.990890|   -1.381337|
|        1277|   -6.768632|   -3.579205|   -3.991119|   -1.379963|
|        1278|   -6.768866|   -3.583259|   -3.991301|   -1.380890|
|        1279|   -6.770461|   -3.587454|   -3.991702|   -1.383716|
|        1280|   -6.772231|   -3.591714|   -3.992330|   -1.386874|
+-----------------------------------------------------------------------+
|        File Writing Summary       |              Filename             |
+-----------------------------------------------------------------------+
|SU2 binary restart                 |restart_flow.dat                   |

Writing the forces breakdown file (forces_breakdown.dat).
+-----------------------------------------------------------------------+
+----------------------------------------------------------------+
|  Inner_Iter|    rms[Rho]|   rms[RhoU]|   rms[RhoV]|   rms[RhoE]|
+----------------------------------------------------------------+
|        1281|   -6.773484|   -3.595929|   -3.993025|   -1.389351|
|        1282|   -6.774293|   -3.600055|   -3.993652|   -1.391175|
|        1283|   -6.775008|   -3.604105|   -3.994169|   -1.392823|
|        1284|   -6.775766|   -3.608098|   -3.994591|   -1.394537|
|        1285|   -6.776442|   -3.612026|   -3.994926|   -1.396195|
|        1286|   -6.776866|   -3.615863|   -3.995157|   -1.397580|
|        1287|   -6.776996|   -3.619589|   -3.995260|   -1.398610|
|        1288|   -6.776899|   -3.623204|   -3.995218|   -1.399350|
|        1289|   -6.776647|   -3.626713|   -3.995022|   -1.399891|
|        1290|   -6.776270|   -3.630122|   -3.994663|   -1.400272|
+-----------------------------------------------------------------------+
|        File Writing Summary       |              Filename             |
+-----------------------------------------------------------------------+
|SU2 binary restart                 |restart_flow.dat                   |

Writing the forces breakdown file (forces_breakdown.dat).
+-----------------------------------------------------------------------+
+----------------------------------------------------------------+
|  Inner_Iter|    rms[Rho]|   rms[RhoU]|   rms[RhoV]|   rms[RhoE]|
+----------------------------------------------------------------+
|        1291|   -6.775763|   -3.633432|   -3.994137|   -1.400493|
|        1292|   -6.775129|   -3.636639|   -3.993446|   -1.400553|
|        1293|   -6.774392|   -3.639743|   -3.992598|   -1.400479|
|        1294|   -6.773586|   -3.642748|   -3.991607|   -1.400312|
|        1295|   -6.772736|   -3.645658|   -3.990489|   -1.400083|
|        1296|   -6.771854|   -3.648480|   -3.989255|   -1.399805|
|        1297|   -6.777177|   -3.653044|   -3.990385|   -1.407937|
|        1298|   -6.785076|   -3.659070|   -3.993615|   -1.419563|
|        1299|   -6.792781|   -3.666044|   -3.998135|   -1.430765|
|        1300|   -6.795234|   -3.672093|   -4.001550|   -1.434268|
+-----------------------------------------------------------------------+
|        File Writing Summary       |              Filename             |
+-----------------------------------------------------------------------+
|SU2 binary restart                 |restart_flow.dat                   |

Writing the forces breakdown file (forces_breakdown.dat).
+-----------------------------------------------------------------------+
+----------------------------------------------------------------+
|  Inner_Iter|    rms[Rho]|   rms[RhoU]|   rms[RhoV]|   rms[RhoE]|
+----------------------------------------------------------------+
|        1301|   -6.795163|   -3.677286|   -4.003712|   -1.433914|
|        1302|   -6.795217|   -3.681967|   -4.004966|   -1.433679|
|        1303|   -6.796354|   -3.686420|   -4.005759|   -1.435121|
|        1304|   -6.797970|   -3.690721|   -4.006352|   -1.437464|
|        1305|   -6.799202|   -3.694823|   -4.006769|   -1.439458|
|        1306|   -6.799797|   -3.698700|   -4.006947|   -1.440655|
|        1307|   -6.800093|   -3.702404|   -4.006869|   -1.441453|
|        1308|   -6.800536|   -3.706031|   -4.006584|   -1.442442|
|        1309|   -6.801313|   -3.709650|   -4.006168|   -1.443870|
|        1310|   -6.802340|   -3.713281|   -4.005683|   -1.445612|
+-----------------------------------------------------------------------+
|        File Writing Summary       |              Filename             |
+-----------------------------------------------------------------------+
|SU2 binary restart                 |restart_flow.dat                   |

Writing the forces breakdown file (forces_breakdown.dat).
+-----------------------------------------------------------------------+
+----------------------------------------------------------------+
|  Inner_Iter|    rms[Rho]|   rms[RhoU]|   rms[RhoV]|   rms[RhoE]|
+----------------------------------------------------------------+
|        1311|   -6.803456|   -3.716907|   -4.005171|   -1.447441|
|        1312|   -6.804574|   -3.720510|   -4.004668|   -1.449243|
|        1313|   -6.805702|   -3.724087|   -4.004220|   -1.451047|
|        1314|   -6.806864|   -3.727647|   -4.003869|   -1.452916|
|        1315|   -6.808042|   -3.731205|   -4.003646|   -1.454856|
|        1316|   -6.809178|   -3.734769|   -4.003559|   -1.456804|
|        1317|   -6.810214|   -3.738343|   -4.003601|   -1.458687|
|        1318|   -6.811128|   -3.741928|   -4.003757|   -1.460463|
|        1319|   -6.811931|   -3.745527|   -4.004014|   -1.462129|
|        1320|   -6.812655|   -3.749140|   -4.004365|   -1.463701|
+-----------------------------------------------------------------------+
|        File Writing Summary       |              Filename             |
+-----------------------------------------------------------------------+
|SU2 binary restart                 |restart_flow.dat                   |

Writing the forces breakdown file (forces_breakdown.dat).
+-----------------------------------------------------------------------+
+----------------------------------------------------------------+
|  Inner_Iter|    rms[Rho]|   rms[RhoU]|   rms[RhoV]|   rms[RhoE]|
+----------------------------------------------------------------+
|        1321|   -6.813325|   -3.752764|   -4.004812|   -1.465190|
|        1322|   -6.813958|   -3.756391|   -4.005359|   -1.466602|
|        1323|   -6.814571|   -3.760011|   -4.006012|   -1.467947|
|        1324|   -6.815190|   -3.763616|   -4.006773|   -1.469255|
|        1325|   -6.815853|   -3.767203|   -4.007638|   -1.470576|
|        1326|   -6.816601|   -3.770769|   -4.008598|   -1.471966|
|        1327|   -6.817468|   -3.774320|   -4.009638|   -1.473470|
|        1328|   -6.818469|   -3.777858|   -4.010744|   -1.475113|
|        1329|   -6.819598|   -3.781387|   -4.011904|   -1.476895|
|        1330|   -6.820835|   -3.784907|   -4.013113|   -1.478799|
+-----------------------------------------------------------------------+
|        File Writing Summary       |              Filename             |
+-----------------------------------------------------------------------+
|SU2 binary restart                 |restart_flow.dat                   |

Writing the forces breakdown file (forces_breakdown.dat).
+-----------------------------------------------------------------------+
+----------------------------------------------------------------+
|  Inner_Iter|    rms[Rho]|   rms[RhoU]|   rms[RhoV]|   rms[RhoE]|
+----------------------------------------------------------------+
|        1331|   -6.822146|   -3.788414|   -4.014375|   -1.480796|
|        1332|   -6.821427|   -3.791169|   -4.014914|   -1.479737|
|        1333|   -6.821568|   -3.793985|   -4.015553|   -1.480037|
|        1334|   -6.822470|   -3.796937|   -4.016412|   -1.481567|
|        1335|   -6.823645|   -3.799999|   -4.017515|   -1.483587|
|        1336|   -6.823583|   -3.802842|   -4.018456|   -1.483787|
|        1337|   -6.823808|   -3.805697|   -4.019524|   -1.484469|
|        1338|   -6.824390|   -3.808608|   -4.020736|   -1.485680|
|        1339|   -6.824220|   -3.811084|   -4.021610|   -1.485709|
|        1340|   -6.824492|   -3.813668|   -4.022617|   -1.486318|
+-----------------------------------------------------------------------+
|        File Writing Summary       |              Filename             |
+-----------------------------------------------------------------------+
|SU2 binary restart                 |restart_flow.dat                   |

Writing the forces breakdown file (forces_breakdown.dat).
+-----------------------------------------------------------------------+
+----------------------------------------------------------------+
|  Inner_Iter|    rms[Rho]|   rms[RhoU]|   rms[RhoV]|   rms[RhoE]|
+----------------------------------------------------------------+
|        1341|   -6.824010|   -3.816080|   -4.023398|   -1.485708|
|        1342|   -6.824226|   -3.818565|   -4.024331|   -1.486155|
|        1343|   -6.824955|   -3.821125|   -4.025469|   -1.487388|
|        1344|   -6.825903|   -3.823733|   -4.026807|   -1.488951|
|        1345|   -6.826873|   -3.826363|   -4.028314|   -1.490534|
|        1346|   -6.825660|   -3.828202|   -4.029060|   -1.488808|
|        1347|   -6.825225|   -3.830140|   -4.029976|   -1.488292|
|        1348|   -6.825485|   -3.832254|   -4.031166|   -1.488868|
|        1349|   -6.825986|   -3.834515|   -4.032638|   -1.489858|
|        1350|   -6.826373|   -3.836848|   -4.034323|   -1.490715|
+-----------------------------------------------------------------------+
|        File Writing Summary       |              Filename             |
+-----------------------------------------------------------------------+
|SU2 binary restart                 |restart_flow.dat                   |

Writing the forces breakdown file (forces_breakdown.dat).
+-----------------------------------------------------------------------+
+----------------------------------------------------------------+
|  Inner_Iter|    rms[Rho]|   rms[RhoU]|   rms[RhoV]|   rms[RhoE]|
+----------------------------------------------------------------+
|        1351|   -6.825447|   -3.838905|   -4.035733|   -1.489557|
|        1352|   -6.824027|   -3.840452|   -4.036704|   -1.487659|
|        1353|   -6.823548|   -3.842150|   -4.037863|   -1.487061|
|        1354|   -6.823817|   -3.844014|   -4.039252|   -1.487450|
|        1355|   -6.824465|   -3.845972|   -4.040838|   -1.488303|
|        1356|   -6.825275|   -3.847950|   -4.042561|   -1.489315|
|        1357|   -6.825103|   -3.849604|   -4.043944|   -1.488726|
|        1358|   -6.825640|   -3.851269|   -4.045431|   -1.489144|
|        1359|   -6.826849|   -3.853013|   -4.047104|   -1.490500|
|        1360|   -6.827431|   -3.854277|   -4.048415|   -1.490885|
+-----------------------------------------------------------------------+
|        File Writing Summary       |              Filename             |
+-----------------------------------------------------------------------+
|SU2 binary restart                 |restart_flow.dat                   |

Writing the forces breakdown file (forces_breakdown.dat).
+-----------------------------------------------------------------------+
+----------------------------------------------------------------+
|  Inner_Iter|    rms[Rho]|   rms[RhoU]|   rms[RhoV]|   rms[RhoE]|
+----------------------------------------------------------------+
|        1361|   -6.828345|   -3.855662|   -4.049973|   -1.491725|
|        1362|   -6.828320|   -3.856833|   -4.051343|   -1.491114|
|        1363|   -6.828856|   -3.858101|   -4.052994|   -1.491418|
|        1364|   -6.829817|   -3.859484|   -4.054975|   -1.492404|
|        1365|   -6.829968|   -3.860378|   -4.056668|   -1.492184|
|        1366|   -6.830472|   -3.861404|   -4.058682|   -1.492398|
|        1367|   -6.830188|   -3.862212|   -4.060542|   -1.491274|
|        1368|   -6.830669|   -3.863114|   -4.062722|   -1.491239|
|        1369|   -6.831775|   -3.864110|   -4.065260|   -1.492067|
|        1370|   -6.832245|   -3.864556|   -4.067504|   -1.491845|
+-----------------------------------------------------------------------+
|        File Writing Summary       |              Filename             |
+-----------------------------------------------------------------------+
|SU2 binary restart                 |restart_flow.dat                   |

Writing the forces breakdown file (forces_breakdown.dat).
+-----------------------------------------------------------------------+
+----------------------------------------------------------------+
|  Inner_Iter|    rms[Rho]|   rms[RhoU]|   rms[RhoV]|   rms[RhoE]|
+----------------------------------------------------------------+
|        1371|   -6.833211|   -3.865104|   -4.070095|   -1.492214|
|        1372|   -6.833486|   -3.865390|   -4.072546|   -1.491360|
|        1373|   -6.834550|   -3.865745|   -4.075346|   -1.491617|
|        1374|   -6.836217|   -3.866174|   -4.078538|   -1.492709|
|        1375|   -6.837183|   -3.865996|   -4.081440|   -1.492632|
|        1376|   -6.838590|   -3.865896|   -4.084716|   -1.493066|
|        1377|   -6.839273|   -3.865484|   -4.087865|   -1.492211|
|        1378|   -6.840737|   -3.865103|   -4.091379|   -1.492411|
|        1379|   -6.842830|   -3.864752|   -4.095295|   -1.493430|
|        1380|   -6.844239|   -3.863701|   -4.098891|   -1.493206|
+-----------------------------------------------------------------------+
|        File Writing Summary       |              Filename             |
+-----------------------------------------------------------------------+
|SU2 binary restart                 |restart_flow.dat                   |

Writing the forces breakdown file (forces_breakdown.dat).
+-----------------------------------------------------------------------+
+----------------------------------------------------------------+
|  Inner_Iter|    rms[Rho]|   rms[RhoU]|   rms[RhoV]|   rms[RhoE]|
+----------------------------------------------------------------+
|        1381|   -6.846130|   -3.862681|   -4.102852|   -1.493525|
|        1382|   -6.847322|   -3.861283|   -4.106672|   -1.492585|
|        1383|   -6.849286|   -3.859872|   -4.110848|   -1.492678|
|        1384|   -6.851851|   -3.858454|   -4.115424|   -1.493542|
|        1385|   -6.853622|   -3.856255|   -4.119639|   -1.492960|
|        1386|   -6.855803|   -3.854064|   -4.124192|   -1.492854|
|        1387|   -6.857206|   -3.851466|   -4.128580|   -1.491428|
|        1388|   -6.859327|   -3.848845|   -4.133285|   -1.490954|
|        1389|   -6.862028|   -3.846214|   -4.138344|   -1.491192|
|        1390|   -6.863864|   -3.842745|   -4.142935|   -1.489788|
+-----------------------------------------------------------------------+
|        File Writing Summary       |              Filename             |
+-----------------------------------------------------------------------+
|SU2 binary restart                 |restart_flow.dat                   |

Writing the forces breakdown file (forces_breakdown.dat).
+-----------------------------------------------------------------------+
+----------------------------------------------------------------+
|  Inner_Iter|    rms[Rho]|   rms[RhoU]|   rms[RhoV]|   rms[RhoE]|
+----------------------------------------------------------------+
|        1391|   -6.866151|   -3.839290|   -4.147750|   -1.488920|
|        1392|   -6.867711|   -3.835431|   -4.152306|   -1.486839|
|        1393|   -6.870050|   -3.831571|   -4.157065|   -1.485771|
|        1394|   -6.873023|   -3.827728|   -4.162071|   -1.485455|
|        1395|   -6.875055|   -3.823038|   -4.166448|   -1.483337|
|        1396|   -6.877571|   -3.818409|   -4.170891|   -1.481858|
|        1397|   -6.879354|   -3.813441|   -4.174974|   -1.479283|
|        1398|   -6.881913|   -3.808542|   -4.179146|   -1.477744|
|        1399|   -6.885091|   -3.803734|   -4.183465|   -1.476944|
|        1400|   -6.887148|   -3.798128|   -4.187011|   -1.474127|
+-----------------------------------------------------------------------+
|        File Writing Summary       |              Filename             |
+-----------------------------------------------------------------------+
|SU2 binary restart                 |restart_flow.dat                   |

Writing the forces breakdown file (forces_breakdown.dat).
+-----------------------------------------------------------------------+
+----------------------------------------------------------------+
|  Inner_Iter|    rms[Rho]|   rms[RhoU]|   rms[RhoV]|   rms[RhoE]|
+----------------------------------------------------------------+
|        1401|   -6.889699|   -3.792668|   -4.190470|   -1.472059|
|        1402|   -6.891496|   -3.786977|   -4.193515|   -1.469046|
|        1403|   -6.894074|   -3.781452|   -4.196568|   -1.467115|
|        1404|   -6.897263|   -3.776112|   -4.199698|   -1.465926|
|        1405|   -6.899130|   -3.770056|   -4.201950|   -1.462550|
|        1406|   -6.901549|   -3.764244|   -4.203988|   -1.460079|
|        1407|   -6.903240|   -3.758325|   -4.205599|   -1.456870|
|        1408|   -6.905769|   -3.752669|   -4.207172|   -1.454813|
|        1409|   -6.908938|   -3.747285|   -4.208784|   -1.453514|
|        1410|   -6.911994|   -3.741957|   -4.210174|   -1.451877|
+-----------------------------------------------------------------------+
|        File Writing Summary       |              Filename             |
+-----------------------------------------------------------------------+
|SU2 binary restart                 |restart_flow.dat                   |

Writing the forces breakdown file (forces_breakdown.dat).
+-----------------------------------------------------------------------+
+----------------------------------------------------------------+
|  Inner_Iter|    rms[Rho]|   rms[RhoU]|   rms[RhoV]|   rms[RhoE]|
+----------------------------------------------------------------+
|        1411|   -6.915190|   -3.736844|   -4.211361|   -1.450374|
|        1412|   -6.917177|   -3.731570|   -4.211996|   -1.447437|
|        1413|   -6.919867|   -3.726539|   -4.212383|   -1.445512|
|        1414|   -6.923259|   -3.721826|   -4.212748|   -1.444608|
|        1415|   -6.926919|   -3.717402|   -4.213133|   -1.444068|
|        1416|   -6.930509|   -3.713206|   -4.213434|   -1.443404|
|        1417|   -6.932594|   -3.708858|   -4.213270|   -1.441033|
|        1418|   -6.935333|   -3.704752|   -4.212866|   -1.439607|
|        1419|   -6.938826|   -3.700991|   -4.212487|   -1.439335|
|        1420|   -6.942600|   -3.697553|   -4.212223|   -1.439538|
+-----------------------------------------------------------------------+
|        File Writing Summary       |              Filename             |
+-----------------------------------------------------------------------+
|SU2 binary restart                 |restart_flow.dat                   |

Writing the forces breakdown file (forces_breakdown.dat).
+-----------------------------------------------------------------------+
+----------------------------------------------------------------+
|  Inner_Iter|    rms[Rho]|   rms[RhoU]|   rms[RhoV]|   rms[RhoE]|
+----------------------------------------------------------------+
|        1421|   -6.946255|   -3.694368|   -4.211988|   -1.439630|
|        1422|   -6.948298|   -3.691076|   -4.211457|   -1.438047|
|        1423|   -6.951037|   -3.688039|   -4.210810|   -1.437415|
|        1424|   -6.954572|   -3.685357|   -4.210285|   -1.437960|
|        1425|   -6.958367|   -3.683010|   -4.209961|   -1.438993|
|        1426|   -6.961982|   -3.680925|   -4.209753|   -1.439913|
|        1427|   -6.963886|   -3.678763|   -4.209391|   -1.439216|
|        1428|   -6.966521|   -3.676858|   -4.209023|   -1.439472|
|        1429|   -6.969966|   -3.675302|   -4.208850|   -1.440887|
|        1430|   -6.973621|   -3.674072|   -4.208921|   -1.442757|
+-----------------------------------------------------------------------+
|        File Writing Summary       |              Filename             |
+-----------------------------------------------------------------------+
|SU2 binary restart                 |restart_flow.dat                   |

Writing the forces breakdown file (forces_breakdown.dat).
+-----------------------------------------------------------------------+
+----------------------------------------------------------------+
|  Inner_Iter|    rms[Rho]|   rms[RhoU]|   rms[RhoV]|   rms[RhoE]|
+----------------------------------------------------------------+
|        1431|   -6.977025|   -3.673095|   -4.209152|   -1.444492|
|        1432|   -6.978638|   -3.672055|   -4.209309|   -1.444655|
|        1433|   -6.981017|   -3.671257|   -4.209525|   -1.445766|
|        1434|   -6.984208|   -3.670789|   -4.209966|   -1.447997|
|        1435|   -6.987560|   -3.670624|   -4.210654|   -1.450637|
|        1436|   -6.990607|   -3.670692|   -4.211507|   -1.453114|
|        1437|   -6.991815|   -3.670696|   -4.212320|   -1.454053|
|        1438|   -6.993832|   -3.670921|   -4.213221|   -1.455935|
|        1439|   -6.996664|   -3.671447|   -4.214349|   -1.458892|
|        1440|   -6.999613|   -3.672248|   -4.215704|   -1.462205|
+-----------------------------------------------------------------------+
|        File Writing Summary       |              Filename             |
+-----------------------------------------------------------------------+
|SU2 binary restart                 |restart_flow.dat                   |

Writing the forces breakdown file (forces_breakdown.dat).
+-----------------------------------------------------------------------+
+----------------------------------------------------------------+
|  Inner_Iter|    rms[Rho]|   rms[RhoU]|   rms[RhoV]|   rms[RhoE]|
+----------------------------------------------------------------+
|        1441|   -7.002220|   -3.673255|   -4.217209|   -1.465326|
|        1442|   -7.002969|   -3.674191|   -4.218671|   -1.466931|
|        1443|   -7.004571|   -3.675323|   -4.220230|   -1.469472|
|        1444|   -7.006986|   -3.676725|   -4.221999|   -1.473042|
|        1445|   -7.009487|   -3.678372|   -4.223964|   -1.476911|
|        1446|   -7.011630|   -3.680197|   -4.226051|   -1.480561|
|        1447|   -7.011922|   -3.681940|   -4.228069|   -1.482698|
|        1448|   -7.013113|   -3.683851|   -4.230178|   -1.485769|
|        1449|   -7.015115|   -3.686004|   -4.232477|   -1.489820|
|        1450|   -7.017185|   -3.688371|   -4.234939|   -1.494115|
+-----------------------------------------------------------------------+
|        File Writing Summary       |              Filename             |
+-----------------------------------------------------------------------+
|SU2 binary restart                 |restart_flow.dat                   |

Writing the forces breakdown file (forces_breakdown.dat).
+-----------------------------------------------------------------------+
+----------------------------------------------------------------+
|  Inner_Iter|    rms[Rho]|   rms[RhoU]|   rms[RhoV]|   rms[RhoE]|
+----------------------------------------------------------------+
|        1451|   -7.018902|   -3.690891|   -4.237494|   -1.498166|
|        1452|   -7.018791|   -3.693313|   -4.239943|   -1.500693|
|        1453|   -7.019622|   -3.695880|   -4.242474|   -1.504158|
|        1454|   -7.021264|   -3.698661|   -4.245176|   -1.508558|
|        1455|   -7.022967|   -3.701628|   -4.248012|   -1.513153|
|        1456|   -7.024335|   -3.704723|   -4.250915|   -1.517484|
|        1457|   -7.023906|   -3.707705|   -4.253660|   -1.520262|
|        1458|   -7.024457|   -3.710811|   -4.256475|   -1.523991|
|        1459|   -7.025822|   -3.714104|   -4.259440|   -1.528616|
|        1460|   -7.027250|   -3.717559|   -4.262513|   -1.533392|
+-----------------------------------------------------------------------+
|        File Writing Summary       |              Filename             |
+-----------------------------------------------------------------------+
|SU2 binary restart                 |restart_flow.dat                   |

Writing the forces breakdown file (forces_breakdown.dat).
+-----------------------------------------------------------------------+
+----------------------------------------------------------------+
|  Inner_Iter|    rms[Rho]|   rms[RhoU]|   rms[RhoV]|   rms[RhoE]|
+----------------------------------------------------------------+
|        1461|   -7.028370|   -3.721119|   -4.265630|   -1.537889|
|        1462|   -7.029301|   -3.724762|   -4.268785|   -1.542212|
|        1463|   -7.028688|   -3.728287|   -4.271741|   -1.545179|
|        1464|   -7.029138|   -3.731924|   -4.274761|   -1.549195|
|        1465|   -7.030328|   -3.735725|   -4.277906|   -1.553989|
|        1466|   -7.031535|   -3.739655|   -4.281119|   -1.558804|
|        1467|   -7.032483|   -3.743664|   -4.284350|   -1.563330|
|        1468|   -7.033326|   -3.747737|   -4.287609|   -1.567736|
|        1469|   -7.034250|   -3.751884|   -4.290922|   -1.572238|
|        1470|   -7.035274|   -3.756112|   -4.294294|   -1.576857|
+-----------------------------------------------------------------------+
|        File Writing Summary       |              Filename             |
+-----------------------------------------------------------------------+
|SU2 binary restart                 |restart_flow.dat                   |

Writing the forces breakdown file (forces_breakdown.dat).
+-----------------------------------------------------------------------+
+----------------------------------------------------------------+
|  Inner_Iter|    rms[Rho]|   rms[RhoU]|   rms[RhoV]|   rms[RhoE]|
+----------------------------------------------------------------+
|        1471|   -7.036321|   -3.760418|   -4.297705|   -1.581490|
|        1472|   -7.035777|   -3.764588|   -4.300773|   -1.584517|
|        1473|   -7.036197|   -3.768834|   -4.303845|   -1.588460|
|        1474|   -7.037364|   -3.773206|   -4.307007|   -1.593140|
|        1475|   -7.038661|   -3.777679|   -4.310222|   -1.597911|
|        1476|   -7.039816|   -3.782212|   -4.313447|   -1.602481|
|        1477|   -7.040921|   -3.786791|   -4.316695|   -1.606950|
|        1478|   -7.042112|   -3.791421|   -4.319989|   -1.611458|
|        1479|   -7.043401|   -3.796109|   -4.323325|   -1.616007|
|        1480|   -7.044732|   -3.800851|   -4.326681|   -1.620523|
+-----------------------------------------------------------------------+
|        File Writing Summary       |              Filename             |
+-----------------------------------------------------------------------+
|SU2 binary restart                 |restart_flow.dat                   |

Writing the forces breakdown file (forces_breakdown.dat).
+-----------------------------------------------------------------------+
+----------------------------------------------------------------+
|  Inner_Iter|    rms[Rho]|   rms[RhoU]|   rms[RhoV]|   rms[RhoE]|
+----------------------------------------------------------------+
|        1481|   -7.046077|   -3.805641|   -4.330038|   -1.624966|
|        1482|   -7.046811|   -3.810389|   -4.333189|   -1.628654|
|        1483|   -7.048004|   -3.815185|   -4.336333|   -1.632767|
|        1484|   -7.049562|   -3.820049|   -4.339516|   -1.637213|
|        1485|   -7.051232|   -3.824969|   -4.342726|   -1.641709|
|        1486|   -7.052898|   -3.829927|   -4.345943|   -1.646123|
|        1487|   -7.054586|   -3.834917|   -4.349169|   -1.650478|
|        1488|   -7.056342|   -3.839941|   -4.352406|   -1.654812|
|        1489|   -7.058169|   -3.845000|   -4.355643|   -1.659116|
|        1490|   -7.060049|   -3.850091|   -4.358869|   -1.663369|
+-----------------------------------------------------------------------+
|        File Writing Summary       |              Filename             |
+-----------------------------------------------------------------------+
|SU2 binary restart                 |restart_flow.dat                   |

Writing the forces breakdown file (forces_breakdown.dat).
+-----------------------------------------------------------------------+
+----------------------------------------------------------------+
|  Inner_Iter|    rms[Rho]|   rms[RhoU]|   rms[RhoV]|   rms[RhoE]|
+----------------------------------------------------------------+
|        1491|   -7.061976|   -3.855210|   -4.362077|   -1.667570|
|        1492|   -7.063964|   -3.860356|   -4.365270|   -1.671741|
|        1493|   -7.066025|   -3.865527|   -4.368448|   -1.675902|
|        1494|   -7.068162|   -3.870720|   -4.371610|   -1.680060|
|        1495|   -7.070370|   -3.875936|   -4.374755|   -1.684206|
|        1496|   -7.072641|   -3.881171|   -4.377880|   -1.688327|
|        1497|   -7.074967|   -3.886424|   -4.380982|   -1.692415|
|        1498|   -7.077345|   -3.891694|   -4.384057|   -1.696463|
|        1499|   -7.079774|   -3.896978|   -4.387103|   -1.700470|
|        1500|   -7.082253|   -3.902276|   -4.390119|   -1.704438|
+-----------------------------------------------------------------------+
|        File Writing Summary       |              Filename             |
+-----------------------------------------------------------------------+
|SU2 binary restart                 |restart_flow.dat                   |

Writing the forces breakdown file (forces_breakdown.dat).
|Paraview                           |flow.vtu                           |

Writing the forces breakdown file (forces_breakdown.dat).
|Paraview surface                   |surface_flow.vtu                   |

Writing the forces breakdown file (forces_breakdown.dat).
|CSV file                           |surface_flow.csv                   |

Writing the forces breakdown file (forces_breakdown.dat).
+-----------------------------------------------------------------------+
+----------------------------------------------------------------+
|  Inner_Iter|    rms[Rho]|   rms[RhoU]|   rms[RhoV]|   rms[RhoE]|
+----------------------------------------------------------------+
|        1501|   -7.084781|   -3.907586|   -4.393107|   -1.708371|
|        1502|   -7.087359|   -3.912906|   -4.396066|   -1.712272|
|        1503|   -7.089984|   -3.918235|   -4.398997|   -1.716141|
|        1504|   -7.092653|   -3.923572|   -4.401901|   -1.719978|
|        1505|   -7.095364|   -3.928915|   -4.404777|   -1.723781|
|        1506|   -7.098114|   -3.934262|   -4.407622|   -1.727549|
|        1507|   -7.100903|   -3.939612|   -4.410436|   -1.731281|
|        1508|   -7.103730|   -3.944965|   -4.413219|   -1.734979|
|        1509|   -7.106591|   -3.950319|   -4.415971|   -1.738644|
|        1510|   -7.109485|   -3.955673|   -4.418694|   -1.742276|
+-----------------------------------------------------------------------+
|        File Writing Summary       |              Filename             |
+-----------------------------------------------------------------------+
|SU2 binary restart                 |restart_flow.dat                   |

Writing the forces breakdown file (forces_breakdown.dat).
+-----------------------------------------------------------------------+
+----------------------------------------------------------------+
|  Inner_Iter|    rms[Rho]|   rms[RhoU]|   rms[RhoV]|   rms[RhoE]|
+----------------------------------------------------------------+
|        1511|   -7.112410|   -3.961027|   -4.421392|   -1.745876|
|        1512|   -7.115360|   -3.966380|   -4.424066|   -1.749444|
|        1513|   -7.118334|   -3.971732|   -4.426719|   -1.752980|
|        1514|   -7.121328|   -3.977081|   -4.429355|   -1.756482|
|        1515|   -7.124343|   -3.982429|   -4.431975|   -1.759953|
|        1516|   -7.127376|   -3.987773|   -4.434581|   -1.763393|
|        1517|   -7.130429|   -3.993115|   -4.437175|   -1.766805|
|        1518|   -7.133502|   -3.998453|   -4.439757|   -1.770193|
|        1519|   -7.136593|   -4.003788|   -4.442332|   -1.773557|
|        1520|   -7.139703|   -4.009120|   -4.444901|   -1.776902|
+-----------------------------------------------------------------------+
|        File Writing Summary       |              Filename             |
+-----------------------------------------------------------------------+
|SU2 binary restart                 |restart_flow.dat                   |

Writing the forces breakdown file (forces_breakdown.dat).
+-----------------------------------------------------------------------+
+----------------------------------------------------------------+
|  Inner_Iter|    rms[Rho]|   rms[RhoU]|   rms[RhoV]|   rms[RhoE]|
+----------------------------------------------------------------+
|        1521|   -7.142831|   -4.014449|   -4.447468|   -1.780227|
|        1522|   -7.145974|   -4.019775|   -4.450037|   -1.783535|
|        1523|   -7.149133|   -4.025099|   -4.452610|   -1.786827|
|        1524|   -7.152306|   -4.030422|   -4.455193|   -1.790104|
|        1525|   -7.155492|   -4.035742|   -4.457787|   -1.793366|
|        1526|   -7.158693|   -4.041061|   -4.460395|   -1.796616|
|        1527|   -7.161908|   -4.046379|   -4.463019|   -1.799855|
|        1528|   -7.165136|   -4.051697|   -4.465663|   -1.803085|
|        1529|   -7.168379|   -4.057013|   -4.468329|   -1.806308|
|        1530|   -7.171637|   -4.062330|   -4.471019|   -1.809525|
+-----------------------------------------------------------------------+
|        File Writing Summary       |              Filename             |
+-----------------------------------------------------------------------+
|SU2 binary restart                 |restart_flow.dat                   |

Writing the forces breakdown file (forces_breakdown.dat).
+-----------------------------------------------------------------------+
+----------------------------------------------------------------+
|  Inner_Iter|    rms[Rho]|   rms[RhoU]|   rms[RhoV]|   rms[RhoE]|
+----------------------------------------------------------------+
|        1531|   -7.174911|   -4.067647|   -4.473734|   -1.812738|
|        1532|   -7.178200|   -4.072964|   -4.476478|   -1.815948|
|        1533|   -7.181505|   -4.078281|   -4.479252|   -1.819158|
|        1534|   -7.184827|   -4.083599|   -4.482059|   -1.822368|
|        1535|   -7.188166|   -4.088917|   -4.484899|   -1.825580|
|        1536|   -7.191523|   -4.094235|   -4.487776|   -1.828794|
|        1537|   -7.194898|   -4.099553|   -4.490691|   -1.832012|
|        1538|   -7.198291|   -4.104871|   -4.493645|   -1.835235|
|        1539|   -7.201703|   -4.110188|   -4.496641|   -1.838462|
|        1540|   -7.205135|   -4.115503|   -4.499679|   -1.841696|
+-----------------------------------------------------------------------+
|        File Writing Summary       |              Filename             |
+-----------------------------------------------------------------------+
|SU2 binary restart                 |restart_flow.dat                   |

Writing the forces breakdown file (forces_breakdown.dat).
+-----------------------------------------------------------------------+
+----------------------------------------------------------------+
|  Inner_Iter|    rms[Rho]|   rms[RhoU]|   rms[RhoV]|   rms[RhoE]|
+----------------------------------------------------------------+
|        1541|   -7.208586|   -4.120816|   -4.502762|   -1.844936|
|        1542|   -7.212059|   -4.126126|   -4.505890|   -1.848184|
|        1543|   -7.215553|   -4.131432|   -4.509065|   -1.851440|
|        1544|   -7.219070|   -4.136732|   -4.512287|   -1.854705|
|        1545|   -7.222610|   -4.142026|   -4.515559|   -1.857980|
|        1546|   -7.226174|   -4.147312|   -4.518880|   -1.861266|
|        1547|   -7.229763|   -4.152588|   -4.522253|   -1.864562|
|        1548|   -7.233378|   -4.157852|   -4.525677|   -1.867870|
|        1549|   -7.237018|   -4.163103|   -4.529155|   -1.871190|
|        1550|   -7.240685|   -4.168339|   -4.532687|   -1.874521|
+-----------------------------------------------------------------------+
|        File Writing Summary       |              Filename             |
+-----------------------------------------------------------------------+
|SU2 binary restart                 |restart_flow.dat                   |

Writing the forces breakdown file (forces_breakdown.dat).
+-----------------------------------------------------------------------+
+----------------------------------------------------------------+
|  Inner_Iter|    rms[Rho]|   rms[RhoU]|   rms[RhoV]|   rms[RhoE]|
+----------------------------------------------------------------+
|        1551|   -7.244379|   -4.173556|   -4.536273|   -1.877863|
|        1552|   -7.248101|   -4.178754|   -4.539916|   -1.881217|
|        1553|   -7.251851|   -4.183928|   -4.543615|   -1.884584|
|        1554|   -7.255629|   -4.189076|   -4.547371|   -1.887961|
|        1555|   -7.259438|   -4.194196|   -4.551185|   -1.891351|
|        1556|   -7.263276|   -4.199284|   -4.555056|   -1.894753|
|        1557|   -7.267145|   -4.204337|   -4.558986|   -1.898166|
|        1558|   -7.271045|   -4.209351|   -4.562975|   -1.901591|
|        1559|   -7.274977|   -4.214323|   -4.567023|   -1.905027|
|        1560|   -7.278940|   -4.219249|   -4.571130|   -1.908473|
+-----------------------------------------------------------------------+
|        File Writing Summary       |              Filename             |
+-----------------------------------------------------------------------+
|SU2 binary restart                 |restart_flow.dat                   |

Writing the forces breakdown file (forces_breakdown.dat).
+-----------------------------------------------------------------------+
+----------------------------------------------------------------+
|  Inner_Iter|    rms[Rho]|   rms[RhoU]|   rms[RhoV]|   rms[RhoE]|
+----------------------------------------------------------------+
|        1561|   -7.282936|   -4.224126|   -4.575297|   -1.911931|
|        1562|   -7.286964|   -4.228948|   -4.579523|   -1.915397|
|        1563|   -7.291025|   -4.233713|   -4.583809|   -1.918873|
|        1564|   -7.295119|   -4.238416|   -4.588155|   -1.922358|
|        1565|   -7.299246|   -4.243053|   -4.592560|   -1.925851|
|        1566|   -7.303405|   -4.247619|   -4.597024|   -1.929350|
|        1567|   -7.307599|   -4.252111|   -4.601547|   -1.932857|
|        1568|   -7.311825|   -4.256524|   -4.606128|   -1.936369|
|        1569|   -7.316085|   -4.260853|   -4.610767|   -1.939886|
|        1570|   -7.320377|   -4.265095|   -4.615463|   -1.943407|
+-----------------------------------------------------------------------+
|        File Writing Summary       |              Filename             |
+-----------------------------------------------------------------------+
|SU2 binary restart                 |restart_flow.dat                   |

Writing the forces breakdown file (forces_breakdown.dat).
+-----------------------------------------------------------------------+
+----------------------------------------------------------------+
|  Inner_Iter|    rms[Rho]|   rms[RhoU]|   rms[RhoV]|   rms[RhoE]|
+----------------------------------------------------------------+
|        1571|   -7.324703|   -4.269244|   -4.620216|   -1.946931|
|        1572|   -7.329062|   -4.273298|   -4.625025|   -1.950457|
|        1573|   -7.333453|   -4.277251|   -4.629888|   -1.953984|
|        1574|   -7.337876|   -4.281101|   -4.634806|   -1.957512|
|        1575|   -7.342331|   -4.284842|   -4.639776|   -1.961038|
|        1576|   -7.346817|   -4.288473|   -4.644799|   -1.964563|
|        1577|   -7.351334|   -4.291988|   -4.649872|   -1.968084|
|        1578|   -7.355881|   -4.295386|   -4.654995|   -1.971601|
|        1579|   -7.360458|   -4.298664|   -4.660166|   -1.975113|
|        1580|   -7.365064|   -4.301818|   -4.665384|   -1.978618|
+-----------------------------------------------------------------------+
|        File Writing Summary       |              Filename             |
+-----------------------------------------------------------------------+
|SU2 binary restart                 |restart_flow.dat                   |

Writing the forces breakdown file (forces_breakdown.dat).
+-----------------------------------------------------------------------+
+----------------------------------------------------------------+
|  Inner_Iter|    rms[Rho]|   rms[RhoU]|   rms[RhoV]|   rms[RhoE]|
+----------------------------------------------------------------+
|        1581|   -7.369698|   -4.304847|   -4.670647|   -1.982115|
|        1582|   -7.374360|   -4.307749|   -4.675953|   -1.985604|
|        1583|   -7.379048|   -4.310522|   -4.681302|   -1.989084|
|        1584|   -7.383763|   -4.313165|   -4.686690|   -1.992552|
|        1585|   -7.388501|   -4.315677|   -4.692117|   -1.996008|
|        1586|   -7.393263|   -4.318058|   -4.697580|   -1.999451|
|        1587|   -7.398048|   -4.320307|   -4.703077|   -2.002880|
|        1588|   -7.402854|   -4.322426|   -4.708606|   -2.006293|
|        1589|   -7.407680|   -4.324415|   -4.714164|   -2.009690|
|        1590|   -7.412524|   -4.326274|   -4.719750|   -2.013069|
+-----------------------------------------------------------------------+
|        File Writing Summary       |              Filename             |
+-----------------------------------------------------------------------+
|SU2 binary restart                 |restart_flow.dat                   |

Writing the forces breakdown file (forces_breakdown.dat).
+-----------------------------------------------------------------------+
+----------------------------------------------------------------+
|  Inner_Iter|    rms[Rho]|   rms[RhoU]|   rms[RhoV]|   rms[RhoE]|
+----------------------------------------------------------------+
|        1591|   -7.417385|   -4.328006|   -4.725360|   -2.016430|
|        1592|   -7.422262|   -4.329611|   -4.730992|   -2.019771|
|        1593|   -7.427153|   -4.331094|   -4.736643|   -2.023092|
|        1594|   -7.432056|   -4.332455|   -4.742310|   -2.026391|
|        1595|   -7.436969|   -4.333698|   -4.747990|   -2.029668|
|        1596|   -7.441891|   -4.334826|   -4.753680|   -2.032921|
|        1597|   -7.446820|   -4.335843|   -4.759376|   -2.036150|
|        1598|   -7.451753|   -4.336752|   -4.765074|   -2.039354|
|        1599|   -7.456689|   -4.337556|   -4.770771|   -2.042531|
|        1600|   -7.461625|   -4.338261|   -4.776464|   -2.045683|
+-----------------------------------------------------------------------+
|        File Writing Summary       |              Filename             |
+-----------------------------------------------------------------------+
|SU2 binary restart                 |restart_flow.dat                   |

Writing the forces breakdown file (forces_breakdown.dat).
+-----------------------------------------------------------------------+
+----------------------------------------------------------------+
|  Inner_Iter|    rms[Rho]|   rms[RhoU]|   rms[RhoV]|   rms[RhoE]|
+----------------------------------------------------------------+
|        1601|   -7.466559|   -4.338871|   -4.782147|   -2.048806|
|        1602|   -7.471489|   -4.339390|   -4.787817|   -2.051902|
|        1603|   -7.476412|   -4.339822|   -4.793469|   -2.054969|
|        1604|   -7.481326|   -4.340172|   -4.799100|   -2.058007|
|        1605|   -7.486227|   -4.340446|   -4.804703|   -2.061014|
|        1606|   -7.491114|   -4.340648|   -4.810276|   -2.063992|
|        1607|   -7.495984|   -4.340783|   -4.815812|   -2.066939|
|        1608|   -7.500833|   -4.340856|   -4.821306|   -2.069855|
|        1609|   -7.505659|   -4.340872|   -4.826754|   -2.072739|
|        1610|   -7.510460|   -4.340835|   -4.832151|   -2.075592|
+-----------------------------------------------------------------------+
|        File Writing Summary       |              Filename             |
+-----------------------------------------------------------------------+
|SU2 binary restart                 |restart_flow.dat                   |

Writing the forces breakdown file (forces_breakdown.dat).
+-----------------------------------------------------------------------+
+----------------------------------------------------------------+
|  Inner_Iter|    rms[Rho]|   rms[RhoU]|   rms[RhoV]|   rms[RhoE]|
+----------------------------------------------------------------+
|        1611|   -7.515231|   -4.340751|   -4.837491|   -2.078412|
|        1612|   -7.519970|   -4.340625|   -4.842769|   -2.081201|
|        1613|   -7.524675|   -4.340461|   -4.847979|   -2.083958|
|        1614|   -7.529341|   -4.340263|   -4.853116|   -2.086683|
|        1615|   -7.533966|   -4.340037|   -4.858176|   -2.089376|
|        1616|   -7.538546|   -4.339788|   -4.863152|   -2.092037|
|        1617|   -7.543080|   -4.339518|   -4.868039|   -2.094666|
|        1618|   -7.547562|   -4.339233|   -4.872833|   -2.097264|
|        1619|   -7.551991|   -4.338937|   -4.877528|   -2.099830|
|        1620|   -7.556364|   -4.338633|   -4.882119|   -2.102366|
+-----------------------------------------------------------------------+
|        File Writing Summary       |              Filename             |
+-----------------------------------------------------------------------+
|SU2 binary restart                 |restart_flow.dat                   |

Writing the forces breakdown file (forces_breakdown.dat).
+-----------------------------------------------------------------------+
+----------------------------------------------------------------+
|  Inner_Iter|    rms[Rho]|   rms[RhoU]|   rms[RhoV]|   rms[RhoE]|
+----------------------------------------------------------------+
|        1621|   -7.560676|   -4.338326|   -4.886603|   -2.104871|
|        1622|   -7.564926|   -4.338019|   -4.890973|   -2.107346|
|        1623|   -7.569110|   -4.337715|   -4.895227|   -2.109791|
|        1624|   -7.573226|   -4.337419|   -4.899359|   -2.112207|
|        1625|   -7.577270|   -4.337134|   -4.903367|   -2.114595|
|        1626|   -7.581241|   -4.336862|   -4.907246|   -2.116955|
|        1627|   -7.585135|   -4.336607|   -4.910994|   -2.119287|
|        1628|   -7.588950|   -4.336371|   -4.914607|   -2.121593|
|        1629|   -7.592684|   -4.336158|   -4.918084|   -2.123872|
|        1630|   -7.596334|   -4.335969|   -4.921422|   -2.126126|
+-----------------------------------------------------------------------+
|        File Writing Summary       |              Filename             |
+-----------------------------------------------------------------------+
|SU2 binary restart                 |restart_flow.dat                   |

Writing the forces breakdown file (forces_breakdown.dat).
+-----------------------------------------------------------------------+
+----------------------------------------------------------------+
|  Inner_Iter|    rms[Rho]|   rms[RhoU]|   rms[RhoV]|   rms[RhoE]|
+----------------------------------------------------------------+
|        1631|   -7.599899|   -4.335808|   -4.924620|   -2.128356|
|        1632|   -7.603377|   -4.335676|   -4.927676|   -2.130562|
|        1633|   -7.606765|   -4.335576|   -4.930589|   -2.132745|
|        1634|   -7.610063|   -4.335510|   -4.933359|   -2.134905|
|        1635|   -7.613269|   -4.335480|   -4.935987|   -2.137044|
|        1636|   -7.616382|   -4.335488|   -4.938471|   -2.139162|
|        1637|   -7.619401|   -4.335535|   -4.940813|   -2.141260|
|        1638|   -7.622325|   -4.335623|   -4.943015|   -2.143339|
|        1639|   -7.625154|   -4.335754|   -4.945077|   -2.145399|
|        1640|   -7.627887|   -4.335929|   -4.947002|   -2.147442|
+-----------------------------------------------------------------------+
|        File Writing Summary       |              Filename             |
+-----------------------------------------------------------------------+
|SU2 binary restart                 |restart_flow.dat                   |

Writing the forces breakdown file (forces_breakdown.dat).
+-----------------------------------------------------------------------+
+----------------------------------------------------------------+
|  Inner_Iter|    rms[Rho]|   rms[RhoU]|   rms[RhoV]|   rms[RhoE]|
+----------------------------------------------------------------+
|        1641|   -7.630523|   -4.336148|   -4.948793|   -2.149468|
|        1642|   -7.633064|   -4.336415|   -4.950451|   -2.151479|
|        1643|   -7.635510|   -4.336729|   -4.951979|   -2.153474|
|        1644|   -7.637860|   -4.337091|   -4.953382|   -2.155455|
|        1645|   -7.640117|   -4.337503|   -4.954662|   -2.157422|
|        1646|   -7.642280|   -4.337966|   -4.955823|   -2.159377|
|        1647|   -7.644351|   -4.338480|   -4.956870|   -2.161321|
|        1648|   -7.646332|   -4.339046|   -4.957806|   -2.163253|
|        1649|   -7.648223|   -4.339665|   -4.958636|   -2.165176|
|        1650|   -7.650028|   -4.340337|   -4.959365|   -2.167089|
+-----------------------------------------------------------------------+
|        File Writing Summary       |              Filename             |
+-----------------------------------------------------------------------+
|SU2 binary restart                 |restart_flow.dat                   |

Writing the forces breakdown file (forces_breakdown.dat).
+-----------------------------------------------------------------------+
+----------------------------------------------------------------+
|  Inner_Iter|    rms[Rho]|   rms[RhoU]|   rms[RhoV]|   rms[RhoE]|
+----------------------------------------------------------------+
|        1651|   -7.651748|   -4.341064|   -4.959997|   -2.168995|
|        1652|   -7.653384|   -4.341845|   -4.960536|   -2.170893|
|        1653|   -7.654941|   -4.342682|   -4.960989|   -2.172785|
|        1654|   -7.656419|   -4.343575|   -4.961359|   -2.174672|
|        1655|   -7.657821|   -4.344524|   -4.961652|   -2.176554|
|        1656|   -7.659150|   -4.345530|   -4.961872|   -2.178432|
|        1657|   -7.660409|   -4.346594|   -4.962025|   -2.180307|
|        1658|   -7.661601|   -4.347715|   -4.962115|   -2.182180|
|        1659|   -7.662729|   -4.348893|   -4.962148|   -2.184051|
|        1660|   -7.663795|   -4.350131|   -4.962128|   -2.185922|
+-----------------------------------------------------------------------+
|        File Writing Summary       |              Filename             |
+-----------------------------------------------------------------------+
|SU2 binary restart                 |restart_flow.dat                   |

Writing the forces breakdown file (forces_breakdown.dat).
+-----------------------------------------------------------------------+
+----------------------------------------------------------------+
|  Inner_Iter|    rms[Rho]|   rms[RhoU]|   rms[RhoV]|   rms[RhoE]|
+----------------------------------------------------------------+
|        1661|   -7.668425|   -4.351931|   -4.962613|   -2.191247|
|        1662|   -7.673985|   -4.354247|   -4.963650|   -2.197544|
|        1663|   -7.678828|   -4.356923|   -4.965001|   -2.203142|
|        1664|   -7.682979|   -4.359854|   -4.966568|   -2.208053|
|        1665|   -7.687040|   -4.363022|   -4.968414|   -2.212929|
|        1666|   -7.691278|   -4.366441|   -4.970576|   -2.218094|
|        1667|   -7.694534|   -4.369932|   -4.972841|   -2.222381|
|        1668|   -7.695952|   -4.373263|   -4.974928|   -2.224866|
|        1669|   -7.697063|   -4.376512|   -4.976883|   -2.227083|
|        1670|   -7.698791|   -4.379789|   -4.978818|   -2.230010|
+-----------------------------------------------------------------------+
|        File Writing Summary       |              Filename             |
+-----------------------------------------------------------------------+
|SU2 binary restart                 |restart_flow.dat                   |

Writing the forces breakdown file (forces_breakdown.dat).
+-----------------------------------------------------------------------+
+----------------------------------------------------------------+
|  Inner_Iter|    rms[Rho]|   rms[RhoU]|   rms[RhoV]|   rms[RhoE]|
+----------------------------------------------------------------+
|        1671|   -7.701083|   -4.383150|   -4.980763|   -2.233595|
|        1672|   -7.703566|   -4.386598|   -4.982689|   -2.237409|
|        1673|   -7.706087|   -4.390126|   -4.984599|   -2.241256|
|        1674|   -7.708715|   -4.393736|   -4.986550|   -2.245210|
|        1675|   -7.711515|   -4.397433|   -4.988601|   -2.249363|
|        1676|   -7.714452|   -4.401221|   -4.990779|   -2.253681|
|        1677|   -7.717451|   -4.405093|   -4.993077|   -2.258062|
|        1678|   -7.720472|   -4.409037|   -4.995476|   -2.262434|
|        1679|   -7.723520|   -4.413046|   -4.997961|   -2.266791|
|        1680|   -7.726610|   -4.417109|   -5.000521|   -2.271155|
+-----------------------------------------------------------------------+
|        File Writing Summary       |              Filename             |
+-----------------------------------------------------------------------+
|SU2 binary restart                 |restart_flow.dat                   |

Writing the forces breakdown file (forces_breakdown.dat).
+-----------------------------------------------------------------------+
+----------------------------------------------------------------+
|  Inner_Iter|    rms[Rho]|   rms[RhoU]|   rms[RhoV]|   rms[RhoE]|
+----------------------------------------------------------------+
|        1681|   -7.729741|   -4.421218|   -5.003148|   -2.275544|
|        1682|   -7.732894|   -4.425361|   -5.005828|   -2.279947|
|        1683|   -7.736047|   -4.429526|   -5.008545|   -2.284345|
|        1684|   -7.739179|   -4.433700|   -5.011271|   -2.288713|
|        1685|   -7.742260|   -4.437873|   -5.013976|   -2.293024|
|        1686|   -7.745257|   -4.442033|   -5.016625|   -2.297247|
|        1687|   -7.748132|   -4.446171|   -5.019187|   -2.301342|
|        1688|   -7.750853|   -4.450275|   -5.021631|   -2.305274|
|        1689|   -7.753399|   -4.454336|   -5.023929|   -2.309016|
|        1690|   -7.755758|   -4.458345|   -5.026056|   -2.312550|
+-----------------------------------------------------------------------+
|        File Writing Summary       |              Filename             |
+-----------------------------------------------------------------------+
|SU2 binary restart                 |restart_flow.dat                   |

Writing the forces breakdown file (forces_breakdown.dat).
+-----------------------------------------------------------------------+
+----------------------------------------------------------------+
|  Inner_Iter|    rms[Rho]|   rms[RhoU]|   rms[RhoV]|   rms[RhoE]|
+----------------------------------------------------------------+
|        1691|   -7.757930|   -4.462295|   -5.027988|   -2.315877|
|        1692|   -7.759917|   -4.466179|   -5.029705|   -2.318999|
|        1693|   -7.761725|   -4.469990|   -5.031189|   -2.321926|
|        1694|   -7.763356|   -4.473726|   -5.032427|   -2.324662|
|        1695|   -7.764813|   -4.477381|   -5.033408|   -2.327213|
|        1696|   -7.766098|   -4.480953|   -5.034124|   -2.329579|
|        1697|   -7.767214|   -4.484442|   -5.034571|   -2.331763|
|        1698|   -7.768166|   -4.487846|   -5.034749|   -2.333770|
|        1699|   -7.768965|   -4.491166|   -5.034663|   -2.335610|
|        1700|   -7.769625|   -4.494403|   -5.034322|   -2.337295|
+-----------------------------------------------------------------------+
|        File Writing Summary       |              Filename             |
+-----------------------------------------------------------------------+
|SU2 binary restart                 |restart_flow.dat                   |

Writing the forces breakdown file (forces_breakdown.dat).
+-----------------------------------------------------------------------+
+----------------------------------------------------------------+
|  Inner_Iter|    rms[Rho]|   rms[RhoU]|   rms[RhoV]|   rms[RhoE]|
+----------------------------------------------------------------+
|        1701|   -7.770161|   -4.497562|   -5.033741|   -2.338839|
|        1702|   -7.770581|   -4.500644|   -5.032941|   -2.340256|
|        1703|   -7.770893|   -4.503655|   -5.031946|   -2.341556|
|        1704|   -7.771097|   -4.506600|   -5.030784|   -2.342744|
|        1705|   -7.771193|   -4.509485|   -5.029483|   -2.343823|
|        1706|   -7.771180|   -4.512316|   -5.028071|   -2.344796|
|        1707|   -7.771061|   -4.515098|   -5.026572|   -2.345669|
|        1708|   -7.779248|   -4.519604|   -5.027872|   -2.356030|
|        1709|   -7.790417|   -4.525572|   -5.031839|   -2.369867|
|        1710|   -7.793559|   -4.530890|   -5.035147|   -2.374103|
+-----------------------------------------------------------------------+
|        File Writing Summary       |              Filename             |
+-----------------------------------------------------------------------+
|SU2 binary restart                 |restart_flow.dat                   |

Writing the forces breakdown file (forces_breakdown.dat).
+-----------------------------------------------------------------------+
+----------------------------------------------------------------+
|  Inner_Iter|    rms[Rho]|   rms[RhoU]|   rms[RhoV]|   rms[RhoE]|
+----------------------------------------------------------------+
|        1711|   -7.792694|   -4.535506|   -5.037137|   -2.373300|
|        1712|   -7.799892|   -4.541444|   -5.040615|   -2.382028|
|        1713|   -7.811555|   -4.548710|   -5.046058|   -2.396453|
|        1714|   -7.816403|   -4.555342|   -5.050936|   -2.402862|
|        1715|   -7.816560|   -4.561202|   -5.054591|   -2.403349|
|        1716|   -7.816310|   -4.566564|   -5.057185|   -2.403144|
|        1717|   -7.817959|   -4.571770|   -5.059223|   -2.405330|
|        1718|   -7.827734|   -4.578521|   -5.063018|   -2.417717|
|        1719|   -7.833638|   -4.585032|   -5.066720|   -2.425651|
|        1720|   -7.835598|   -4.591071|   -5.069753|   -2.428570|
+-----------------------------------------------------------------------+
|        File Writing Summary       |              Filename             |
+-----------------------------------------------------------------------+
|SU2 binary restart                 |restart_flow.dat                   |

Writing the forces breakdown file (forces_breakdown.dat).
+-----------------------------------------------------------------------+
+----------------------------------------------------------------+
|  Inner_Iter|    rms[Rho]|   rms[RhoU]|   rms[RhoV]|   rms[RhoE]|
+----------------------------------------------------------------+
|        1721|   -7.836305|   -4.596734|   -5.072063|   -2.429657|
|        1722|   -7.838137|   -4.602273|   -5.073957|   -2.432030|
|        1723|   -7.841400|   -4.607848|   -5.075750|   -2.436313|
|        1724|   -7.845066|   -4.613465|   -5.077559|   -2.441338|
|        1725|   -7.848270|   -4.619061|   -5.079345|   -2.445949|
|        1726|   -7.850959|   -4.624604|   -5.081058|   -2.449930|
|        1727|   -7.850472|   -4.629413|   -5.081840|   -2.449846|
|        1728|   -7.851912|   -4.634330|   -5.082578|   -2.452159|
|        1729|   -7.854994|   -4.639458|   -5.083541|   -2.456656|
|        1730|   -7.858440|   -4.644745|   -5.084785|   -2.461756|
+-----------------------------------------------------------------------+
|        File Writing Summary       |              Filename             |
+-----------------------------------------------------------------------+
|SU2 binary restart                 |restart_flow.dat                   |

Writing the forces breakdown file (forces_breakdown.dat).
+-----------------------------------------------------------------------+
+----------------------------------------------------------------+
|  Inner_Iter|    rms[Rho]|   rms[RhoU]|   rms[RhoV]|   rms[RhoE]|
+----------------------------------------------------------------+
|        1731|   -7.861376|   -4.650084|   -5.086212|   -2.466255|
|        1732|   -7.860667|   -4.654692|   -5.086798|   -2.466048|
|        1733|   -7.861533|   -4.659386|   -5.087419|   -2.467778|
|        1734|   -7.863983|   -4.664271|   -5.088330|   -2.471570|
|        1735|   -7.866931|   -4.669299|   -5.089571|   -2.476066|
|        1736|   -7.869509|   -4.674362|   -5.091007|   -2.480096|
|        1737|   -7.871616|   -4.679393|   -5.092502|   -2.483464|
|        1738|   -7.870456|   -4.683626|   -5.092986|   -2.482540|
|        1739|   -7.871032|   -4.687929|   -5.093443|   -2.483890|
|        1740|   -7.872991|   -4.692381|   -5.094136|   -2.487157|
+-----------------------------------------------------------------------+
|        File Writing Summary       |              Filename             |
+-----------------------------------------------------------------------+
|SU2 binary restart                 |restart_flow.dat                   |

Writing the forces breakdown file (forces_breakdown.dat).
+-----------------------------------------------------------------------+
+----------------------------------------------------------------+
|  Inner_Iter|    rms[Rho]|   rms[RhoU]|   rms[RhoV]|   rms[RhoE]|
+----------------------------------------------------------------+
|        1741|   -7.875130|   -4.696910|   -5.095078|   -2.490763|
|        1742|   -7.876706|   -4.701405|   -5.096113|   -2.493643|
|        1743|   -7.877761|   -4.705815|   -5.097106|   -2.495784|
|        1744|   -7.878661|   -4.710153|   -5.098011|   -2.497672|
|        1745|   -7.876411|   -4.713625|   -5.097696|   -2.495419|
|        1746|   -7.875711|   -4.717125|   -5.097257|   -2.495292|
|        1747|   -7.876126|   -4.720714|   -5.096949|   -2.496752|
|        1748|   -7.876643|   -4.724321|   -5.096776|   -2.498403|
|        1749|   -7.876714|   -4.727856|   -5.096593|   -2.499446|
|        1750|   -7.876418|   -4.731288|   -5.096293|   -2.499959|
+-----------------------------------------------------------------------+
|        File Writing Summary       |              Filename             |
+-----------------------------------------------------------------------+
|SU2 binary restart                 |restart_flow.dat                   |

Writing the forces breakdown file (forces_breakdown.dat).
|Paraview                           |flow.vtu                           |

Writing the forces breakdown file (forces_breakdown.dat).
|Paraview surface                   |surface_flow.vtu                   |

Writing the forces breakdown file (forces_breakdown.dat).
|CSV file                           |surface_flow.csv                   |

Writing the forces breakdown file (forces_breakdown.dat).
+-----------------------------------------------------------------------+
+----------------------------------------------------------------+
|  Inner_Iter|    rms[Rho]|   rms[RhoU]|   rms[RhoV]|   rms[RhoE]|
+----------------------------------------------------------------+
|        1751|   -7.876017|   -4.734640|   -5.095858|   -2.500325|
|        1752|   -7.875585|   -4.737927|   -5.095319|   -2.500683|
|        1753|   -7.875017|   -4.741140|   -5.094690|   -2.500909|
|        1754|   -7.874219|   -4.744258|   -5.093965|   -2.500857|
|        1755|   -7.876596|   -4.748520|   -5.094684|   -2.505099|
|        1756|   -7.880386|   -4.753707|   -5.096653|   -2.511225|
|        1757|   -7.887411|   -4.760112|   -5.100421|   -2.521636|
|        1758|   -7.893974|   -4.766851|   -5.104855|   -2.531139|
|        1759|   -7.898470|   -4.773308|   -5.109016|   -2.537369|
|        1760|   -7.900772|   -4.779230|   -5.112299|   -2.540224|
+-----------------------------------------------------------------------+
|        File Writing Summary       |              Filename             |
+-----------------------------------------------------------------------+
|SU2 binary restart                 |restart_flow.dat                   |

Writing the forces breakdown file (forces_breakdown.dat).
+-----------------------------------------------------------------------+
+----------------------------------------------------------------+
|  Inner_Iter|    rms[Rho]|   rms[RhoU]|   rms[RhoV]|   rms[RhoE]|
+----------------------------------------------------------------+
|        1761|   -7.901793|   -4.784550|   -5.114536|   -2.541210|
|        1762|   -7.902748|   -4.789445|   -5.116049|   -2.542229|
|        1763|   -7.903946|   -4.794043|   -5.117132|   -2.543796|
|        1764|   -7.905172|   -4.798398|   -5.117917|   -2.545583|
|        1765|   -7.906190|   -4.802538|   -5.118415|   -2.547183|
|        1766|   -7.906994|   -4.806509|   -5.118616|   -2.548544|
|        1767|   -7.907749|   -4.810374|   -5.118554|   -2.549888|
|        1768|   -7.908611|   -4.814189|   -5.118299|   -2.551420|
|        1769|   -7.909624|   -4.817986|   -5.117920|   -2.553172|
|        1770|   -7.910754|   -4.821766|   -5.117470|   -2.555045|
+-----------------------------------------------------------------------+
|        File Writing Summary       |              Filename             |
+-----------------------------------------------------------------------+
|SU2 binary restart                 |restart_flow.dat                   |

Writing the forces breakdown file (forces_breakdown.dat).
+-----------------------------------------------------------------------+
+----------------------------------------------------------------+
|  Inner_Iter|    rms[Rho]|   rms[RhoU]|   rms[RhoV]|   rms[RhoE]|
+----------------------------------------------------------------+
|        1771|   -7.911952|   -4.825525|   -5.116987|   -2.556946|
|        1772|   -7.913198|   -4.829259|   -5.116509|   -2.558862|
|        1773|   -7.914490|   -4.832971|   -5.116081|   -2.560828|
|        1774|   -7.915810|   -4.836669|   -5.115739|   -2.562872|
|        1775|   -7.917122|   -4.840360|   -5.115512|   -2.564971|
|        1776|   -7.918378|   -4.844048|   -5.115407|   -2.567068|
|        1777|   -7.919542|   -4.847738|   -5.115423|   -2.569098|
|        1778|   -7.920592|   -4.851432|   -5.115551|   -2.571020|
|        1779|   -7.921525|   -4.855134|   -5.115785|   -2.572811|
|        1780|   -7.922347|   -4.858843|   -5.116124|   -2.574461|
+-----------------------------------------------------------------------+
|        File Writing Summary       |              Filename             |
+-----------------------------------------------------------------------+
|SU2 binary restart                 |restart_flow.dat                   |

Writing the forces breakdown file (forces_breakdown.dat).
+-----------------------------------------------------------------------+
+----------------------------------------------------------------+
|  Inner_Iter|    rms[Rho]|   rms[RhoU]|   rms[RhoV]|   rms[RhoE]|
+----------------------------------------------------------------+
|        1781|   -7.923066|   -4.862555|   -5.116569|   -2.575969|
|        1782|   -7.923701|   -4.866262|   -5.117122|   -2.577345|
|        1783|   -7.924284|   -4.869958|   -5.117784|   -2.578619|
|        1784|   -7.924861|   -4.873633|   -5.118551|   -2.579840|
|        1785|   -7.925485|   -4.877285|   -5.119415|   -2.581075|
|        1786|   -7.926208|   -4.880913|   -5.120363|   -2.582389|
|        1787|   -7.927070|   -4.884517|   -5.121380|   -2.583834|
|        1788|   -7.928086|   -4.888100|   -5.122453|   -2.585439|
|        1789|   -7.929254|   -4.891663|   -5.123575|   -2.587208|
|        1790|   -7.930550|   -4.895206|   -5.124741|   -2.589124|
+-----------------------------------------------------------------------+
|        File Writing Summary       |              Filename             |
+-----------------------------------------------------------------------+
|SU2 binary restart                 |restart_flow.dat                   |

Writing the forces breakdown file (forces_breakdown.dat).
+-----------------------------------------------------------------------+
+----------------------------------------------------------------+
|  Inner_Iter|    rms[Rho]|   rms[RhoU]|   rms[RhoV]|   rms[RhoE]|
+----------------------------------------------------------------+
|        1791|   -7.931936|   -4.898728|   -5.125956|   -2.591156|
|        1792|   -7.931309|   -4.901488|   -5.126442|   -2.590154|
|        1793|   -7.931537|   -4.904302|   -5.127022|   -2.590506|
|        1794|   -7.932517|   -4.907244|   -5.127814|   -2.592075|
|        1795|   -7.933763|   -4.910291|   -5.128842|   -2.594122|
|        1796|   -7.934874|   -4.913375|   -5.130052|   -2.596022|
|        1797|   -7.934659|   -4.916191|   -5.131022|   -2.595918|
|        1798|   -7.934842|   -4.919010|   -5.132069|   -2.596423|
|        1799|   -7.934532|   -4.921391|   -5.132764|   -2.596162|
|        1800|   -7.934868|   -4.923902|   -5.133623|   -2.596809|
+-----------------------------------------------------------------------+
|        File Writing Summary       |              Filename             |
+-----------------------------------------------------------------------+
|SU2 binary restart                 |restart_flow.dat                   |

Writing the forces breakdown file (forces_breakdown.dat).
+-----------------------------------------------------------------------+
+----------------------------------------------------------------+
|  Inner_Iter|    rms[Rho]|   rms[RhoU]|   rms[RhoV]|   rms[RhoE]|
+----------------------------------------------------------------+
|        1801|   -7.935607|   -4.926530|   -5.134666|   -2.598015|
|        1802|   -7.935358|   -4.928941|   -5.135504|   -2.597693|
|        1803|   -7.935591|   -4.931372|   -5.136489|   -2.598147|
|        1804|   -7.936256|   -4.933853|   -5.137670|   -2.599281|
|        1805|   -7.937136|   -4.936389|   -5.139052|   -2.600744|
|        1806|   -7.937020|   -4.938445|   -5.140098|   -2.600721|
|        1807|   -7.935985|   -4.940305|   -5.140923|   -2.599281|
|        1808|   -7.935645|   -4.942288|   -5.141950|   -2.598954|
|        1809|   -7.935798|   -4.944415|   -5.143242|   -2.599433|
|        1810|   -7.936076|   -4.946640|   -5.144770|   -2.600134|
+-----------------------------------------------------------------------+
|        File Writing Summary       |              Filename             |
+-----------------------------------------------------------------------+
|SU2 binary restart                 |restart_flow.dat                   |

Writing the forces breakdown file (forces_breakdown.dat).
+-----------------------------------------------------------------------+
+----------------------------------------------------------------+
|  Inner_Iter|    rms[Rho]|   rms[RhoU]|   rms[RhoV]|   rms[RhoE]|
+----------------------------------------------------------------+
|        1811|   -7.936297|   -4.948907|   -5.146461|   -2.600727|
|        1812|   -7.935366|   -4.950886|   -5.147834|   -2.599472|
|        1813|   -7.935076|   -4.952882|   -5.149278|   -2.599098|
|        1814|   -7.934501|   -4.954403|   -5.150302|   -2.598200|
|        1815|   -7.934699|   -4.956046|   -5.151493|   -2.598305|
|        1816|   -7.935445|   -4.957795|   -5.152862|   -2.599114|
|        1817|   -7.936491|   -4.959600|   -5.154390|   -2.600305|
|        1818|   -7.936554|   -4.961108|   -5.155614|   -2.599946|
|        1819|   -7.937216|   -4.962639|   -5.156975|   -2.600498|
|        1820|   -7.938436|   -4.964255|   -5.158548|   -2.601873|
+-----------------------------------------------------------------------+
|        File Writing Summary       |              Filename             |
+-----------------------------------------------------------------------+
|SU2 binary restart                 |restart_flow.dat                   |

Writing the forces breakdown file (forces_breakdown.dat).
+-----------------------------------------------------------------------+
+----------------------------------------------------------------+
|  Inner_Iter|    rms[Rho]|   rms[RhoU]|   rms[RhoV]|   rms[RhoE]|
+----------------------------------------------------------------+
|        1821|   -7.938961|   -4.965399|   -5.159781|   -2.602205|
|        1822|   -7.939797|   -4.966678|   -5.161285|   -2.602961|
|        1823|   -7.939684|   -4.967755|   -5.162620|   -2.602240|
|        1824|   -7.940133|   -4.968933|   -5.164251|   -2.602420|
|        1825|   -7.941020|   -4.970226|   -5.166219|   -2.603284|
|        1826|   -7.941120|   -4.971026|   -5.167905|   -2.602965|
|        1827|   -7.941608|   -4.971956|   -5.169914|   -2.603122|
|        1828|   -7.941340|   -4.972668|   -5.171773|   -2.601982|
|        1829|   -7.941858|   -4.973474|   -5.173953|   -2.601960|
|        1830|   -7.943010|   -4.974376|   -5.176496|   -2.602815|
+-----------------------------------------------------------------------+
|        File Writing Summary       |              Filename             |
+-----------------------------------------------------------------------+
|SU2 binary restart                 |restart_flow.dat                   |

Writing the forces breakdown file (forces_breakdown.dat).
+-----------------------------------------------------------------------+
+----------------------------------------------------------------+
|  Inner_Iter|    rms[Rho]|   rms[RhoU]|   rms[RhoV]|   rms[RhoE]|
+----------------------------------------------------------------+
|        1831|   -7.943520|   -4.974729|   -5.178752|   -2.602615|
|        1832|   -7.944514|   -4.975186|   -5.181360|   -2.602996|
|        1833|   -7.944802|   -4.975384|   -5.183836|   -2.602136|
|        1834|   -7.945872|   -4.975653|   -5.186665|   -2.602375|
|        1835|   -7.947548|   -4.975996|   -5.189888|   -2.603445|
|        1836|   -7.948533|   -4.975730|   -5.192822|   -2.603350|
|        1837|   -7.949977|   -4.975541|   -5.196128|   -2.603784|
|        1838|   -7.950716|   -4.975037|   -5.199305|   -2.602949|
|        1839|   -7.952251|   -4.974562|   -5.202846|   -2.603187|
|        1840|   -7.954428|   -4.974115|   -5.206791|   -2.604255|
+-----------------------------------------------------------------------+
|        File Writing Summary       |              Filename             |
+-----------------------------------------------------------------------+
|SU2 binary restart                 |restart_flow.dat                   |

Writing the forces breakdown file (forces_breakdown.dat).
+-----------------------------------------------------------------------+
+----------------------------------------------------------------+
|  Inner_Iter|    rms[Rho]|   rms[RhoU]|   rms[RhoV]|   rms[RhoE]|
+----------------------------------------------------------------+
|        1841|   -7.955916|   -4.972965|   -5.210420|   -2.604076|
|        1842|   -7.957874|   -4.971846|   -5.214419|   -2.604432|
|        1843|   -7.959108|   -4.970351|   -5.218286|   -2.603507|
|        1844|   -7.961092|   -4.968846|   -5.222519|   -2.603593|
|        1845|   -7.963654|   -4.967337|   -5.227160|   -2.604425|
|        1846|   -7.965399|   -4.965049|   -5.231446|   -2.603777|
|        1847|   -7.967543|   -4.962771|   -5.236071|   -2.603594|
|        1848|   -7.968905|   -4.960089|   -5.240532|   -2.602084|
|        1849|   -7.970992|   -4.957386|   -5.245306|   -2.601530|
|        1850|   -7.973670|   -4.954673|   -5.250426|   -2.601696|
+-----------------------------------------------------------------------+
|        File Writing Summary       |              Filename             |
+-----------------------------------------------------------------------+
|SU2 binary restart                 |restart_flow.dat                   |

Writing the forces breakdown file (forces_breakdown.dat).
+-----------------------------------------------------------------------+
+----------------------------------------------------------------+
|  Inner_Iter|    rms[Rho]|   rms[RhoU]|   rms[RhoV]|   rms[RhoE]|
+----------------------------------------------------------------+
|        1851|   -7.975488|   -4.951123|   -5.255067|   -2.600214|
|        1852|   -7.977772|   -4.947587|   -5.259916|   -2.599287|
|        1853|   -7.979338|   -4.943651|   -5.264491|   -2.597158|
|        1854|   -7.981693|   -4.939715|   -5.269255|   -2.596053|
|        1855|   -7.984690|   -4.935799|   -5.274251|   -2.595706|
|        1856|   -7.986734|   -4.931039|   -5.278603|   -2.593540|
|        1857|   -7.989264|   -4.926342|   -5.283006|   -2.592020|
|        1858|   -7.991052|   -4.921313|   -5.287043|   -2.589404|
|        1859|   -7.993610|   -4.916357|   -5.291164|   -2.587824|
|        1860|   -7.996779|   -4.911496|   -5.295429|   -2.586979|
+-----------------------------------------------------------------------+
|        File Writing Summary       |              Filename             |
+-----------------------------------------------------------------------+
|SU2 binary restart                 |restart_flow.dat                   |

Writing the forces breakdown file (forces_breakdown.dat).
+-----------------------------------------------------------------------+
+----------------------------------------------------------------+
|  Inner_Iter|    rms[Rho]|   rms[RhoU]|   rms[RhoV]|   rms[RhoE]|
+----------------------------------------------------------------+
|        1861|   -7.998797|   -4.905841|   -5.298915|   -2.584091|
|        1862|   -8.001303|   -4.900337|   -5.302308|   -2.581955|
|        1863|   -8.003042|   -4.894608|   -5.305284|   -2.578873|
|        1864|   -8.005561|   -4.889050|   -5.308261|   -2.576875|
|        1865|   -8.008691|   -4.883680|   -5.311308|   -2.575617|
|        1866|   -8.010479|   -4.877598|   -5.313464|   -2.572153|
|        1867|   -8.012832|   -4.871763|   -5.315385|   -2.569609|
|        1868|   -8.014463|   -4.865825|   -5.316872|   -2.566338|
|        1869|   -8.016944|   -4.860154|   -5.318311|   -2.564230|
|        1870|   -8.020074|   -4.854758|   -5.319783|   -2.562889|
+-----------------------------------------------------------------------+
|        File Writing Summary       |              Filename             |
+-----------------------------------------------------------------------+
|SU2 binary restart                 |restart_flow.dat                   |

Writing the forces breakdown file (forces_breakdown.dat).
+-----------------------------------------------------------------------+
+----------------------------------------------------------------+
|  Inner_Iter|    rms[Rho]|   rms[RhoU]|   rms[RhoV]|   rms[RhoE]|
+----------------------------------------------------------------+
|        1871|   -8.023086|   -4.849420|   -5.321027|   -2.561208|
|        1872|   -8.026240|   -4.844300|   -5.322064|   -2.559665|
|        1873|   -8.028169|   -4.839024|   -5.322553|   -2.556691|
|        1874|   -8.030806|   -4.833993|   -5.322795|   -2.554735|
|        1875|   -8.034143|   -4.829283|   -5.323020|   -2.553805|
|        1876|   -8.037741|   -4.824864|   -5.323269|   -2.553236|
|        1877|   -8.041260|   -4.820674|   -5.323434|   -2.552540|
|        1878|   -8.043257|   -4.816337|   -5.323140|   -2.550132|
|        1879|   -8.045914|   -4.812243|   -5.322608|   -2.548678|
|        1880|   -8.049331|   -4.808495|   -5.322105|   -2.548381|
+-----------------------------------------------------------------------+
|        File Writing Summary       |              Filename             |
+-----------------------------------------------------------------------+
|SU2 binary restart                 |restart_flow.dat                   |

Writing the forces breakdown file (forces_breakdown.dat).
+-----------------------------------------------------------------------+
+----------------------------------------------------------------+
|  Inner_Iter|    rms[Rho]|   rms[RhoU]|   rms[RhoV]|   rms[RhoE]|
+----------------------------------------------------------------+
|        1881|   -8.053029|   -4.805072|   -5.321721|   -2.548562|
|        1882|   -8.056604|   -4.801904|   -5.321368|   -2.548631|
|        1883|   -8.058555|   -4.798632|   -5.320727|   -2.547025|
|        1884|   -8.061211|   -4.795615|   -5.319974|   -2.546377|
|        1885|   -8.064673|   -4.792957|   -5.319351|   -2.546912|
|        1886|   -8.068393|   -4.790633|   -5.318933|   -2.547936|
|        1887|   -8.071927|   -4.788573|   -5.318637|   -2.548847|
|        1888|   -8.073739|   -4.786439|   -5.318194|   -2.548139|
|        1889|   -8.076290|   -4.784562|   -5.317751|   -2.548392|
|        1890|   -8.079656|   -4.783037|   -5.317510|   -2.549807|
+-----------------------------------------------------------------------+
|        File Writing Summary       |              Filename             |
+-----------------------------------------------------------------------+
|SU2 binary restart                 |restart_flow.dat                   |

Writing the forces breakdown file (forces_breakdown.dat).
+-----------------------------------------------------------------------+
+----------------------------------------------------------------+
|  Inner_Iter|    rms[Rho]|   rms[RhoU]|   rms[RhoV]|   rms[RhoE]|
+----------------------------------------------------------------+
|        1891|   -8.083230|   -4.781838|   -5.317518|   -2.551677|
|        1892|   -8.086547|   -4.780892|   -5.317690|   -2.553410|
|        1893|   -8.088063|   -4.779886|   -5.317792|   -2.553571|
|        1894|   -8.090354|   -4.779123|   -5.317958|   -2.554685|
|        1895|   -8.093465|   -4.778690|   -5.318354|   -2.556922|
|        1896|   -8.096735|   -4.778562|   -5.318999|   -2.559566|
|        1897|   -8.099697|   -4.778665|   -5.319813|   -2.562047|
|        1898|   -8.100814|   -4.778708|   -5.320588|   -2.562989|
|        1899|   -8.102750|   -4.778971|   -5.321458|   -2.564879|
|        1900|   -8.105507|   -4.779537|   -5.322556|   -2.567847|
+-----------------------------------------------------------------------+
|        File Writing Summary       |              Filename             |
+-----------------------------------------------------------------------+
|SU2 binary restart                 |restart_flow.dat                   |

Writing the forces breakdown file (forces_breakdown.dat).
+-----------------------------------------------------------------------+
+----------------------------------------------------------------+
|  Inner_Iter|    rms[Rho]|   rms[RhoU]|   rms[RhoV]|   rms[RhoE]|
+----------------------------------------------------------------+
|        1901|   -8.108381|   -4.780377|   -5.323886|   -2.571169|
|        1902|   -8.110911|   -4.781425|   -5.325366|   -2.574300|
|        1903|   -8.111579|   -4.782402|   -5.326804|   -2.575912|
|        1904|   -8.113110|   -4.783575|   -5.328342|   -2.578466|
|        1905|   -8.115458|   -4.785019|   -5.330092|   -2.582048|
|        1906|   -8.117892|   -4.786708|   -5.332040|   -2.585929|
|        1907|   -8.119969|   -4.788576|   -5.334110|   -2.589589|
|        1908|   -8.120194|   -4.790362|   -5.336110|   -2.591735|
|        1909|   -8.121326|   -4.792317|   -5.338203|   -2.594820|
|        1910|   -8.123274|   -4.794514|   -5.340488|   -2.598884|
+-----------------------------------------------------------------------+
|        File Writing Summary       |              Filename             |
+-----------------------------------------------------------------------+
|SU2 binary restart                 |restart_flow.dat                   |

Writing the forces breakdown file (forces_breakdown.dat).
+-----------------------------------------------------------------------+
+----------------------------------------------------------------+
|  Inner_Iter|    rms[Rho]|   rms[RhoU]|   rms[RhoV]|   rms[RhoE]|
+----------------------------------------------------------------+
|        1911|   -8.125290|   -4.796925|   -5.342938|   -2.603191|
|        1912|   -8.126955|   -4.799489|   -5.345483|   -2.607254|
|        1913|   -8.126794|   -4.801957|   -5.347920|   -2.609789|
|        1914|   -8.127582|   -4.804570|   -5.350442|   -2.613268|
|        1915|   -8.129184|   -4.807397|   -5.353136|   -2.617682|
|        1916|   -8.130849|   -4.810410|   -5.355967|   -2.622290|
|        1917|   -8.132181|   -4.813551|   -5.358866|   -2.626633|
|        1918|   -8.131720|   -4.816581|   -5.361604|   -2.629421|
|        1919|   -8.132244|   -4.819734|   -5.364413|   -2.633164|
|        1920|   -8.133584|   -4.823075|   -5.367376|   -2.637804|
+-----------------------------------------------------------------------+
|        File Writing Summary       |              Filename             |
+-----------------------------------------------------------------------+
|SU2 binary restart                 |restart_flow.dat                   |

Writing the forces breakdown file (forces_breakdown.dat).
+-----------------------------------------------------------------------+
+----------------------------------------------------------------+
|  Inner_Iter|    rms[Rho]|   rms[RhoU]|   rms[RhoV]|   rms[RhoE]|
+----------------------------------------------------------------+
|        1921|   -8.134990|   -4.826578|   -5.370448|   -2.642593|
|        1922|   -8.136092|   -4.830186|   -5.373565|   -2.647105|
|        1923|   -8.137009|   -4.833878|   -5.376724|   -2.651443|
|        1924|   -8.136384|   -4.837452|   -5.379679|   -2.654420|
|        1925|   -8.136824|   -4.841139|   -5.382702|   -2.658449|
|        1926|   -8.138006|   -4.844990|   -5.385850|   -2.663255|
|        1927|   -8.139208|   -4.848969|   -5.389070|   -2.668083|
|        1928|   -8.140154|   -4.853028|   -5.392310|   -2.672623|
|        1929|   -8.140999|   -4.857151|   -5.395580|   -2.677043|
|        1930|   -8.141927|   -4.861348|   -5.398906|   -2.681560|
+-----------------------------------------------------------------------+
|        File Writing Summary       |              Filename             |
+-----------------------------------------------------------------------+
|SU2 binary restart                 |restart_flow.dat                   |

Writing the forces breakdown file (forces_breakdown.dat).
+-----------------------------------------------------------------------+
+----------------------------------------------------------------+
|  Inner_Iter|    rms[Rho]|   rms[RhoU]|   rms[RhoV]|   rms[RhoE]|
+----------------------------------------------------------------+
|        1931|   -8.142957|   -4.865627|   -5.402291|   -2.686192|
|        1932|   -8.144012|   -4.869983|   -5.405716|   -2.690839|
|        1933|   -8.143478|   -4.874204|   -5.408792|   -2.693871|
|        1934|   -8.143910|   -4.878500|   -5.411874|   -2.697824|
|        1935|   -8.145090|   -4.882922|   -5.415048|   -2.702514|
|        1936|   -8.146402|   -4.887446|   -5.418276|   -2.707296|
|        1937|   -8.147575|   -4.892030|   -5.421517|   -2.711879|
|        1938|   -8.148700|   -4.896658|   -5.424783|   -2.716361|
|        1939|   -8.149912|   -4.901339|   -5.428097|   -2.720881|
|        1940|   -8.151223|   -4.906076|   -5.431453|   -2.725442|
+-----------------------------------------------------------------------+
|        File Writing Summary       |              Filename             |
+-----------------------------------------------------------------------+
|SU2 binary restart                 |restart_flow.dat                   |

Writing the forces breakdown file (forces_breakdown.dat).
+-----------------------------------------------------------------------+
+----------------------------------------------------------------+
|  Inner_Iter|    rms[Rho]|   rms[RhoU]|   rms[RhoV]|   rms[RhoE]|
+----------------------------------------------------------------+
|        1941|   -8.152578|   -4.910867|   -5.434830|   -2.729967|
|        1942|   -8.153948|   -4.915707|   -5.438209|   -2.734420|
|        1943|   -8.154709|   -4.920504|   -5.441379|   -2.738115|
|        1944|   -8.155930|   -4.925349|   -5.444543|   -2.742237|
|        1945|   -8.157517|   -4.930261|   -5.447748|   -2.746692|
|        1946|   -8.159217|   -4.935229|   -5.450980|   -2.751198|
|        1947|   -8.160914|   -4.940235|   -5.454221|   -2.755622|
|        1948|   -8.162634|   -4.945273|   -5.457472|   -2.759987|
|        1949|   -8.164423|   -4.950344|   -5.460735|   -2.764331|
|        1950|   -8.166283|   -4.955449|   -5.463998|   -2.768644|
+-----------------------------------------------------------------------+
|        File Writing Summary       |              Filename             |
+-----------------------------------------------------------------------+
|SU2 binary restart                 |restart_flow.dat                   |

Writing the forces breakdown file (forces_breakdown.dat).
+-----------------------------------------------------------------------+
+----------------------------------------------------------------+
|  Inner_Iter|    rms[Rho]|   rms[RhoU]|   rms[RhoV]|   rms[RhoE]|
+----------------------------------------------------------------+
|        1951|   -8.168197|   -4.960587|   -5.467252|   -2.772905|
|        1952|   -8.170159|   -4.965752|   -5.470489|   -2.777114|
|        1953|   -8.172182|   -4.970944|   -5.473710|   -2.781293|
|        1954|   -8.174279|   -4.976159|   -5.476917|   -2.785463|
|        1955|   -8.176453|   -4.981397|   -5.480110|   -2.789629|
|        1956|   -8.178698|   -4.986656|   -5.483285|   -2.793784|
|        1957|   -8.181006|   -4.991934|   -5.486440|   -2.797914|
|        1958|   -8.183369|   -4.997230|   -5.489572|   -2.802010|
|        1959|   -8.185786|   -5.002542|   -5.492678|   -2.806066|
|        1960|   -8.188253|   -5.007868|   -5.495755|   -2.810081|
+-----------------------------------------------------------------------+
|        File Writing Summary       |              Filename             |
+-----------------------------------------------------------------------+
|SU2 binary restart                 |restart_flow.dat                   |

Writing the forces breakdown file (forces_breakdown.dat).
+-----------------------------------------------------------------------+
+----------------------------------------------------------------+
|  Inner_Iter|    rms[Rho]|   rms[RhoU]|   rms[RhoV]|   rms[RhoE]|
+----------------------------------------------------------------+
|        1961|   -8.190770|   -5.013206|   -5.498802|   -2.814058|
|        1962|   -8.193338|   -5.018556|   -5.501821|   -2.817999|
|        1963|   -8.195954|   -5.023916|   -5.504812|   -2.821907|
|        1964|   -8.198617|   -5.029284|   -5.507775|   -2.825784|
|        1965|   -8.201324|   -5.034658|   -5.510710|   -2.829629|
|        1966|   -8.204074|   -5.040038|   -5.513617|   -2.833440|
|        1967|   -8.206863|   -5.045422|   -5.516494|   -2.837215|
|        1968|   -8.209690|   -5.050808|   -5.519340|   -2.840956|
|        1969|   -8.212555|   -5.056196|   -5.522155|   -2.844662|
|        1970|   -8.215455|   -5.061584|   -5.524939|   -2.848335|
+-----------------------------------------------------------------------+
|        File Writing Summary       |              Filename             |
+-----------------------------------------------------------------------+
|SU2 binary restart                 |restart_flow.dat                   |

Writing the forces breakdown file (forces_breakdown.dat).
+-----------------------------------------------------------------------+
+----------------------------------------------------------------+
|  Inner_Iter|    rms[Rho]|   rms[RhoU]|   rms[RhoV]|   rms[RhoE]|
+----------------------------------------------------------------+
|        1971|   -8.218388|   -5.066971|   -5.527694|   -2.851976|
|        1972|   -8.221351|   -5.072358|   -5.530423|   -2.855585|
|        1973|   -8.224340|   -5.077742|   -5.533129|   -2.859162|
|        1974|   -8.227352|   -5.083125|   -5.535815|   -2.862706|
|        1975|   -8.230385|   -5.088504|   -5.538484|   -2.866218|
|        1976|   -8.233438|   -5.093881|   -5.541138|   -2.869698|
|        1977|   -8.236510|   -5.099254|   -5.543777|   -2.873148|
|        1978|   -8.239601|   -5.104623|   -5.546405|   -2.876570|
|        1979|   -8.242712|   -5.109987|   -5.549022|   -2.879968|
|        1980|   -8.245841|   -5.115348|   -5.551631|   -2.883343|
+-----------------------------------------------------------------------+
|        File Writing Summary       |              Filename             |
+-----------------------------------------------------------------------+
|SU2 binary restart                 |restart_flow.dat                   |

Writing the forces breakdown file (forces_breakdown.dat).
+-----------------------------------------------------------------------+
+----------------------------------------------------------------+
|  Inner_Iter|    rms[Rho]|   rms[RhoU]|   rms[RhoV]|   rms[RhoE]|
+----------------------------------------------------------------+
|        1981|   -8.248989|   -5.120705|   -5.554236|   -2.886699|
|        1982|   -8.252155|   -5.126058|   -5.556839|   -2.890036|
|        1983|   -8.255337|   -5.131407|   -5.559444|   -2.893357|
|        1984|   -8.258533|   -5.136754|   -5.562055|   -2.896661|
|        1985|   -8.261744|   -5.142097|   -5.564675|   -2.899950|
|        1986|   -8.264969|   -5.147438|   -5.567307|   -2.903225|
|        1987|   -8.268208|   -5.152777|   -5.569954|   -2.906489|
|        1988|   -8.271460|   -5.158113|   -5.572619|   -2.909741|
|        1989|   -8.274727|   -5.163448|   -5.575303|   -2.912985|
|        1990|   -8.278008|   -5.168781|   -5.578009|   -2.916222|
+-----------------------------------------------------------------------+
|        File Writing Summary       |              Filename             |
+-----------------------------------------------------------------------+
|SU2 binary restart                 |restart_flow.dat                   |

Writing the forces breakdown file (forces_breakdown.dat).
+-----------------------------------------------------------------------+
+----------------------------------------------------------------+
|  Inner_Iter|    rms[Rho]|   rms[RhoU]|   rms[RhoV]|   rms[RhoE]|
+----------------------------------------------------------------+
|        1991|   -8.281303|   -5.174113|   -5.580741|   -2.919453|
|        1992|   -8.284614|   -5.179444|   -5.583498|   -2.922681|
|        1993|   -8.287941|   -5.184775|   -5.586284|   -2.925907|
|        1994|   -8.291284|   -5.190104|   -5.589101|   -2.929132|
|        1995|   -8.294644|   -5.195432|   -5.591951|   -2.932357|
|        1996|   -8.298020|   -5.200760|   -5.594835|   -2.935584|
|        1997|   -8.301415|   -5.206086|   -5.597755|   -2.938814|
|        1998|   -8.304827|   -5.211411|   -5.600714|   -2.942048|
|        1999|   -8.308257|   -5.216734|   -5.603713|   -2.945286|
|        2000|   -8.311706|   -5.222054|   -5.606753|   -2.948530|
+-----------------------------------------------------------------------+
|        File Writing Summary       |              Filename             |
+-----------------------------------------------------------------------+
|SU2 binary restart                 |restart_flow.dat                   |

Writing the forces breakdown file (forces_breakdown.dat).
|Paraview                           |flow.vtu                           |

Writing the forces breakdown file (forces_breakdown.dat).
|Paraview surface                   |surface_flow.vtu                   |

Writing the forces breakdown file (forces_breakdown.dat).
|CSV file                           |surface_flow.csv                   |

Writing the forces breakdown file (forces_breakdown.dat).
+-----------------------------------------------------------------------+
+----------------------------------------------------------------+
|  Inner_Iter|    rms[Rho]|   rms[RhoU]|   rms[RhoV]|   rms[RhoE]|
+----------------------------------------------------------------+
|        2001|   -8.315175|   -5.227371|   -5.609837|   -2.951779|
|        2002|   -8.318663|   -5.232685|   -5.612964|   -2.955034|
|        2003|   -8.322172|   -5.237994|   -5.616138|   -2.958298|
|        2004|   -8.325703|   -5.243296|   -5.619358|   -2.961569|
|        2005|   -8.329256|   -5.248592|   -5.622626|   -2.964850|
|        2006|   -8.332833|   -5.253879|   -5.625943|   -2.968140|
|        2007|   -8.336433|   -5.259156|   -5.629310|   -2.971441|
|        2008|   -8.340058|   -5.264421|   -5.632728|   -2.974752|
|        2009|   -8.343708|   -5.269672|   -5.636198|   -2.978075|
|        2010|   -8.347385|   -5.274908|   -5.639721|   -2.981408|
+-----------------------------------------------------------------------+
|        File Writing Summary       |              Filename             |
+-----------------------------------------------------------------------+
|SU2 binary restart                 |restart_flow.dat                   |

Writing the forces breakdown file (forces_breakdown.dat).
+-----------------------------------------------------------------------+
+----------------------------------------------------------------+
|  Inner_Iter|    rms[Rho]|   rms[RhoU]|   rms[RhoV]|   rms[RhoE]|
+----------------------------------------------------------------+
|        2011|   -8.351087|   -5.280126|   -5.643298|   -2.984753|
|        2012|   -8.354816|   -5.285323|   -5.646931|   -2.988110|
|        2013|   -8.358573|   -5.290497|   -5.650619|   -2.991478|
|        2014|   -8.362358|   -5.295646|   -5.654363|   -2.994857|
|        2015|   -8.366171|   -5.300767|   -5.658165|   -2.998248|
|        2016|   -8.370014|   -5.305856|   -5.662024|   -3.001650|
|        2017|   -8.373887|   -5.310910|   -5.665941|   -3.005064|
|        2018|   -8.377790|   -5.315927|   -5.669916|   -3.008488|
|        2019|   -8.381724|   -5.320902|   -5.673950|   -3.011924|
|        2020|   -8.385689|   -5.325831|   -5.678043|   -3.015371|
+-----------------------------------------------------------------------+
|        File Writing Summary       |              Filename             |
+-----------------------------------------------------------------------+
|SU2 binary restart                 |restart_flow.dat                   |

Writing the forces breakdown file (forces_breakdown.dat).
+-----------------------------------------------------------------------+
+----------------------------------------------------------------+
|  Inner_Iter|    rms[Rho]|   rms[RhoU]|   rms[RhoV]|   rms[RhoE]|
+----------------------------------------------------------------+
|        2021|   -8.389686|   -5.330712|   -5.682196|   -3.018828|
|        2022|   -8.393715|   -5.335540|   -5.686407|   -3.022295|
|        2023|   -8.397776|   -5.340311|   -5.690679|   -3.025772|
|        2024|   -8.401870|   -5.345021|   -5.695009|   -3.029257|
|        2025|   -8.405996|   -5.349666|   -5.699399|   -3.032749|
|        2026|   -8.410154|   -5.354242|   -5.703848|   -3.036250|
|        2027|   -8.414345|   -5.358744|   -5.708357|   -3.039756|
|        2028|   -8.418570|   -5.363169|   -5.712923|   -3.043269|
|        2029|   -8.422827|   -5.367512|   -5.717547|   -3.046787|
|        2030|   -8.427117|   -5.371768|   -5.722229|   -3.050309|
+-----------------------------------------------------------------------+
|        File Writing Summary       |              Filename             |
+-----------------------------------------------------------------------+
|SU2 binary restart                 |restart_flow.dat                   |

Writing the forces breakdown file (forces_breakdown.dat).
+-----------------------------------------------------------------------+
+----------------------------------------------------------------+
|  Inner_Iter|    rms[Rho]|   rms[RhoU]|   rms[RhoV]|   rms[RhoE]|
+----------------------------------------------------------------+
|        2031|   -8.431440|   -5.375933|   -5.726967|   -3.053834|
|        2032|   -8.435795|   -5.380004|   -5.731762|   -3.057362|
|        2033|   -8.440182|   -5.383976|   -5.736612|   -3.060891|
|        2034|   -8.444601|   -5.387845|   -5.741516|   -3.064421|
|        2035|   -8.449052|   -5.391608|   -5.746473|   -3.067950|
|        2036|   -8.453534|   -5.395261|   -5.751483|   -3.071477|
|        2037|   -8.458047|   -5.398801|   -5.756544|   -3.075001|
|        2038|   -8.462590|   -5.402224|   -5.761654|   -3.078521|
|        2039|   -8.467162|   -5.405528|   -5.766814|   -3.082036|
|        2040|   -8.471763|   -5.408709|   -5.772020|   -3.085545|
+-----------------------------------------------------------------------+
|        File Writing Summary       |              Filename             |
+-----------------------------------------------------------------------+
|SU2 binary restart                 |restart_flow.dat                   |

Writing the forces breakdown file (forces_breakdown.dat).
+-----------------------------------------------------------------------+
+----------------------------------------------------------------+
|  Inner_Iter|    rms[Rho]|   rms[RhoU]|   rms[RhoV]|   rms[RhoE]|
+----------------------------------------------------------------+
|        2041|   -8.476393|   -5.411767|   -5.777272|   -3.089047|
|        2042|   -8.481050|   -5.414698|   -5.782568|   -3.092540|
|        2043|   -8.485733|   -5.417501|   -5.787907|   -3.096024|
|        2044|   -8.490443|   -5.420175|   -5.793286|   -3.099497|
|        2045|   -8.495177|   -5.422718|   -5.798703|   -3.102958|
|        2046|   -8.499934|   -5.425132|   -5.804157|   -3.106407|
|        2047|   -8.504714|   -5.427414|   -5.809646|   -3.109841|
|        2048|   -8.509516|   -5.429565|   -5.815168|   -3.113261|
|        2049|   -8.514337|   -5.431587|   -5.820720|   -3.116664|
|        2050|   -8.519178|   -5.433480|   -5.826299|   -3.120050|
+-----------------------------------------------------------------------+
|        File Writing Summary       |              Filename             |
+-----------------------------------------------------------------------+
|SU2 binary restart                 |restart_flow.dat                   |

Writing the forces breakdown file (forces_breakdown.dat).
+-----------------------------------------------------------------------+
+----------------------------------------------------------------+
|  Inner_Iter|    rms[Rho]|   rms[RhoU]|   rms[RhoV]|   rms[RhoE]|
+----------------------------------------------------------------+
|        2051|   -8.524035|   -5.435245|   -5.831903|   -3.123418|
|        2052|   -8.528908|   -5.436884|   -5.837530|   -3.126766|
|        2053|   -8.533796|   -5.438399|   -5.843177|   -3.130094|
|        2054|   -8.538696|   -5.439793|   -5.848841|   -3.133401|
|        2055|   -8.543607|   -5.441068|   -5.854518|   -3.136685|
|        2056|   -8.548527|   -5.442228|   -5.860206|   -3.139946|
|        2057|   -8.553453|   -5.443275|   -5.865901|   -3.143183|
|        2058|   -8.558385|   -5.444214|   -5.871599|   -3.146396|
|        2059|   -8.563320|   -5.445048|   -5.877297|   -3.149582|
|        2060|   -8.568255|   -5.445782|   -5.882992|   -3.152742|
+-----------------------------------------------------------------------+
|        File Writing Summary       |              Filename             |
+-----------------------------------------------------------------------+
|SU2 binary restart                 |restart_flow.dat                   |

Writing the forces breakdown file (forces_breakdown.dat).
+-----------------------------------------------------------------------+
+----------------------------------------------------------------+
|  Inner_Iter|    rms[Rho]|   rms[RhoU]|   rms[RhoV]|   rms[RhoE]|
+----------------------------------------------------------------+
|        2061|   -8.573190|   -5.446419|   -5.888678|   -3.155875|
|        2062|   -8.578120|   -5.446963|   -5.894352|   -3.158979|
|        2063|   -8.583044|   -5.447421|   -5.900010|   -3.162056|
|        2064|   -8.587959|   -5.447796|   -5.905647|   -3.165102|
|        2065|   -8.592863|   -5.448092|   -5.911259|   -3.168120|
|        2066|   -8.597753|   -5.448316|   -5.916840|   -3.171106|
|        2067|   -8.602625|   -5.448471|   -5.922386|   -3.174062|
|        2068|   -8.607479|   -5.448563|   -5.927892|   -3.176987|
|        2069|   -8.612310|   -5.448596|   -5.933353|   -3.179881|
|        2070|   -8.617116|   -5.448576|   -5.938763|   -3.182742|
+-----------------------------------------------------------------------+
|        File Writing Summary       |              Filename             |
+-----------------------------------------------------------------------+
|SU2 binary restart                 |restart_flow.dat                   |

Writing the forces breakdown file (forces_breakdown.dat).
+-----------------------------------------------------------------------+
+----------------------------------------------------------------+
|  Inner_Iter|    rms[Rho]|   rms[RhoU]|   rms[RhoV]|   rms[RhoE]|
+----------------------------------------------------------------+
|        2071|   -8.621893|   -5.448507|   -5.944118|   -3.185572|
|        2072|   -8.626640|   -5.448394|   -5.949412|   -3.188370|
|        2073|   -8.631351|   -5.448242|   -5.954640|   -3.191136|
|        2074|   -8.636026|   -5.448056|   -5.959796|   -3.193870|
|        2075|   -8.640660|   -5.447839|   -5.964875|   -3.196571|
|        2076|   -8.645250|   -5.447598|   -5.969873|   -3.199240|
|        2077|   -8.649794|   -5.447335|   -5.974782|   -3.201878|
|        2078|   -8.654287|   -5.447056|   -5.979599|   -3.204483|
|        2079|   -8.658728|   -5.446764|   -5.984319|   -3.207057|
|        2080|   -8.663113|   -5.446463|   -5.988935|   -3.209600|
+-----------------------------------------------------------------------+
|        File Writing Summary       |              Filename             |
+-----------------------------------------------------------------------+
|SU2 binary restart                 |restart_flow.dat                   |

Writing the forces breakdown file (forces_breakdown.dat).
+-----------------------------------------------------------------------+
+----------------------------------------------------------------+
|  Inner_Iter|    rms[Rho]|   rms[RhoU]|   rms[RhoV]|   rms[RhoE]|
+----------------------------------------------------------------+
|        2081|   -8.667439|   -5.446158|   -5.993445|   -3.212113|
|        2082|   -8.671702|   -5.445853|   -5.997842|   -3.214594|
|        2083|   -8.675901|   -5.445549|   -6.002123|   -3.217046|
|        2084|   -8.680032|   -5.445252|   -6.006283|   -3.219469|
|        2085|   -8.684092|   -5.444965|   -6.010320|   -3.221862|
|        2086|   -8.688079|   -5.444690|   -6.014228|   -3.224228|
|        2087|   -8.691990|   -5.444431|   -6.018006|   -3.226565|
|        2088|   -8.695822|   -5.444191|   -6.021650|   -3.228876|
|        2089|   -8.699574|   -5.443972|   -6.025157|   -3.231161|
|        2090|   -8.703243|   -5.443777|   -6.028526|   -3.233419|
+-----------------------------------------------------------------------+
|        File Writing Summary       |              Filename             |
+-----------------------------------------------------------------------+
|SU2 binary restart                 |restart_flow.dat                   |

Writing the forces breakdown file (forces_breakdown.dat).
+-----------------------------------------------------------------------+
+----------------------------------------------------------------+
|  Inner_Iter|    rms[Rho]|   rms[RhoU]|   rms[RhoV]|   rms[RhoE]|
+----------------------------------------------------------------+
|        2091|   -8.706827|   -5.443609|   -6.031755|   -3.235653|
|        2092|   -8.710324|   -5.443470|   -6.034842|   -3.237863|
|        2093|   -8.713732|   -5.443361|   -6.037786|   -3.240050|
|        2094|   -8.717050|   -5.443287|   -6.040587|   -3.242213|
|        2095|   -8.720277|   -5.443247|   -6.043244|   -3.244355|
|        2096|   -8.723410|   -5.443245|   -6.045759|   -3.246476|
|        2097|   -8.726450|   -5.443281|   -6.048132|   -3.248577|
|        2098|   -8.729395|   -5.443358|   -6.050363|   -3.250658|
|        2099|   -8.732244|   -5.443478|   -6.052454|   -3.252720|
|        2100|   -8.734998|   -5.443640|   -6.054407|   -3.254765|
+-----------------------------------------------------------------------+
|        File Writing Summary       |              Filename             |
+-----------------------------------------------------------------------+
|SU2 binary restart                 |restart_flow.dat                   |

Writing the forces breakdown file (forces_breakdown.dat).
+-----------------------------------------------------------------------+
+----------------------------------------------------------------+
|  Inner_Iter|    rms[Rho]|   rms[RhoU]|   rms[RhoV]|   rms[RhoE]|
+----------------------------------------------------------------+
|        2101|   -8.737656|   -5.443848|   -6.056225|   -3.256793|
|        2102|   -8.740218|   -5.444101|   -6.057910|   -3.258804|
|        2103|   -8.742685|   -5.444402|   -6.059465|   -3.260801|
|        2104|   -8.745056|   -5.444752|   -6.060893|   -3.262782|
|        2105|   -8.747333|   -5.445150|   -6.062197|   -3.264750|
|        2106|   -8.749516|   -5.445599|   -6.063381|   -3.266705|
|        2107|   -8.751608|   -5.446099|   -6.064451|   -3.268649|
|        2108|   -8.753608|   -5.446651|   -6.065408|   -3.270581|
|        2109|   -8.755519|   -5.447255|   -6.066258|   -3.272503|
|        2110|   -8.757342|   -5.447913|   -6.067006|   -3.274416|
+-----------------------------------------------------------------------+
|        File Writing Summary       |              Filename             |
+-----------------------------------------------------------------------+
|SU2 binary restart                 |restart_flow.dat                   |

Writing the forces breakdown file (forces_breakdown.dat).
+-----------------------------------------------------------------------+
+----------------------------------------------------------------+
|  Inner_Iter|    rms[Rho]|   rms[RhoU]|   rms[RhoV]|   rms[RhoE]|
+----------------------------------------------------------------+
|        2111|   -8.759080|   -5.448625|   -6.067656|   -3.276321|
|        2112|   -8.760735|   -5.449392|   -6.068212|   -3.278218|
|        2113|   -8.762309|   -5.450214|   -6.068680|   -3.280109|
|        2114|   -8.763803|   -5.451092|   -6.069065|   -3.281994|
|        2115|   -8.765221|   -5.452026|   -6.069371|   -3.283874|
|        2116|   -8.766566|   -5.453016|   -6.069604|   -3.285750|
|        2117|   -8.767840|   -5.454064|   -6.069768|   -3.287622|
|        2118|   -8.769047|   -5.455169|   -6.069868|   -3.289493|
|        2119|   -8.770187|   -5.456333|   -6.069910|   -3.291362|
|        2120|   -8.771266|   -5.457555|   -6.069898|   -3.293230|
+-----------------------------------------------------------------------+
|        File Writing Summary       |              Filename             |
+-----------------------------------------------------------------------+
|SU2 binary restart                 |restart_flow.dat                   |

Writing the forces breakdown file (forces_breakdown.dat).
+-----------------------------------------------------------------------+
+----------------------------------------------------------------+
|  Inner_Iter|    rms[Rho]|   rms[RhoU]|   rms[RhoV]|   rms[RhoE]|
+----------------------------------------------------------------+
|        2121|   -8.772286|   -5.458835|   -6.069837|   -3.295099|
|        2122|   -8.776886|   -5.460677|   -6.070300|   -3.300436|
|        2123|   -8.782419|   -5.463036|   -6.071333|   -3.306748|
|        2124|   -8.787232|   -5.465753|   -6.072693|   -3.312357|
|        2125|   -8.791356|   -5.468726|   -6.074281|   -3.317279|
|        2126|   -8.795394|   -5.471937|   -6.076156|   -3.322169|
|        2127|   -8.799612|   -5.475398|   -6.078353|   -3.327351|
|        2128|   -8.802853|   -5.478931|   -6.080653|   -3.331651|
|        2129|   -8.804261|   -5.482306|   -6.082769|   -3.334151|
|        2130|   -8.805369|   -5.485599|   -6.084749|   -3.336385|
+-----------------------------------------------------------------------+
|        File Writing Summary       |              Filename             |
+-----------------------------------------------------------------------+
|SU2 binary restart                 |restart_flow.dat                   |

Writing the forces breakdown file (forces_breakdown.dat).
+-----------------------------------------------------------------------+
+----------------------------------------------------------------+
|  Inner_Iter|    rms[Rho]|   rms[RhoU]|   rms[RhoV]|   rms[RhoE]|
+----------------------------------------------------------------+
|        2131|   -8.807095|   -5.488921|   -6.086705|   -3.339330|
|        2132|   -8.809385|   -5.492326|   -6.088669|   -3.342932|
|        2133|   -8.811865|   -5.495820|   -6.090612|   -3.346759|
|        2134|   -8.814384|   -5.499393|   -6.092538|   -3.350620|
|        2135|   -8.817010|   -5.503048|   -6.094503|   -3.354588|
|        2136|   -8.819809|   -5.506791|   -6.096566|   -3.358754|
|        2137|   -8.822746|   -5.510624|   -6.098754|   -3.363085|
|        2138|   -8.825744|   -5.514541|   -6.101061|   -3.367477|
|        2139|   -8.828766|   -5.518532|   -6.103467|   -3.371861|
|        2140|   -8.831815|   -5.522585|   -6.105956|   -3.376227|
+-----------------------------------------------------------------------+
|        File Writing Summary       |              Filename             |
+-----------------------------------------------------------------------+
|SU2 binary restart                 |restart_flow.dat                   |

Writing the forces breakdown file (forces_breakdown.dat).
+-----------------------------------------------------------------------+
+----------------------------------------------------------------+
|  Inner_Iter|    rms[Rho]|   rms[RhoU]|   rms[RhoV]|   rms[RhoE]|
+----------------------------------------------------------------+
|        2141|   -8.834908|   -5.526694|   -6.108519|   -3.380603|
|        2142|   -8.838042|   -5.530848|   -6.111146|   -3.385001|
|        2143|   -8.841199|   -5.535036|   -6.113825|   -3.389415|
|        2144|   -8.844358|   -5.539245|   -6.116538|   -3.393824|
|        2145|   -8.847496|   -5.543464|   -6.119258|   -3.398203|
|        2146|   -8.850585|   -5.547681|   -6.121954|   -3.402524|
|        2147|   -8.853588|   -5.551885|   -6.124593|   -3.406757|
|        2148|   -8.856469|   -5.556065|   -6.127143|   -3.410861|
|        2149|   -8.859196|   -5.560212|   -6.129573|   -3.414801|
|        2150|   -8.861745|   -5.564315|   -6.131855|   -3.418547|
+-----------------------------------------------------------------------+
|        File Writing Summary       |              Filename             |
+-----------------------------------------------------------------------+
|SU2 binary restart                 |restart_flow.dat                   |

Writing the forces breakdown file (forces_breakdown.dat).
+-----------------------------------------------------------------------+
+----------------------------------------------------------------+
|  Inner_Iter|    rms[Rho]|   rms[RhoU]|   rms[RhoV]|   rms[RhoE]|
+----------------------------------------------------------------+
|        2151|   -8.864107|   -5.568366|   -6.133965|   -3.422086|
|        2152|   -8.866280|   -5.572357|   -6.135879|   -3.425414|
|        2153|   -8.868268|   -5.576282|   -6.137577|   -3.428538|
|        2154|   -8.870075|   -5.580134|   -6.139044|   -3.431464|
|        2155|   -8.871705|   -5.583909|   -6.140265|   -3.434199|
|        2156|   -8.873160|   -5.587603|   -6.141230|   -3.436747|
|        2157|   -8.874442|   -5.591215|   -6.141931|   -3.439109|
|        2158|   -8.875554|   -5.594742|   -6.142365|   -3.441290|
|        2159|   -8.876503|   -5.598184|   -6.142533|   -3.443293|
|        2160|   -8.877301|   -5.601541|   -6.142439|   -3.445130|
+-----------------------------------------------------------------------+
|        File Writing Summary       |              Filename             |
+-----------------------------------------------------------------------+
|SU2 binary restart                 |restart_flow.dat                   |

Writing the forces breakdown file (forces_breakdown.dat).
+-----------------------------------------------------------------------+
+----------------------------------------------------------------+
|  Inner_Iter|    rms[Rho]|   rms[RhoU]|   rms[RhoV]|   rms[RhoE]|
+----------------------------------------------------------------+
|        2161|   -8.877961|   -5.604816|   -6.142092|   -3.446814|
|        2162|   -8.878499|   -5.608011|   -6.141508|   -3.448359|
|        2163|   -8.878923|   -5.611130|   -6.140708|   -3.449778|
|        2164|   -8.879241|   -5.614178|   -6.139717|   -3.451082|
|        2165|   -8.879452|   -5.617159|   -6.138563|   -3.452275|
|        2166|   -8.879557|   -5.620080|   -6.137274|   -3.453362|
|        2167|   -8.887947|   -5.624698|   -6.138704|   -3.463877|
|        2168|   -8.891411|   -5.629053|   -6.140179|   -3.468730|
|        2169|   -8.891280|   -5.632954|   -6.140887|   -3.469208|
|        2170|   -8.898607|   -5.638277|   -6.143503|   -3.478262|
+-----------------------------------------------------------------------+
|        File Writing Summary       |              Filename             |
+-----------------------------------------------------------------------+
|SU2 binary restart                 |restart_flow.dat                   |

Writing the forces breakdown file (forces_breakdown.dat).
+-----------------------------------------------------------------------+
+----------------------------------------------------------------+
|  Inner_Iter|    rms[Rho]|   rms[RhoU]|   rms[RhoV]|   rms[RhoE]|
+----------------------------------------------------------------+
|        2171|   -8.909800|   -5.644962|   -6.148312|   -3.492031|
|        2172|   -8.913881|   -5.651017|   -6.152520|   -3.497393|
|        2173|   -8.913684|   -5.656342|   -6.155486|   -3.497417|
|        2174|   -8.913452|   -5.661230|   -6.157468|   -3.497329|
|        2175|   -8.922126|   -5.667604|   -6.161176|   -3.508112|
|        2176|   -8.934366|   -5.675291|   -6.166765|   -3.523606|
|        2177|   -8.939321|   -5.682327|   -6.171714|   -3.530226|
|        2178|   -8.939552|   -5.688589|   -6.175417|   -3.530634|
|        2179|   -8.939649|   -5.694380|   -6.178100|   -3.530605|
|        2180|   -8.941985|   -5.700054|   -6.180302|   -3.533425|
+-----------------------------------------------------------------------+
|        File Writing Summary       |              Filename             |
+-----------------------------------------------------------------------+
|SU2 binary restart                 |restart_flow.dat                   |

Writing the forces breakdown file (forces_breakdown.dat).
+-----------------------------------------------------------------------+
+----------------------------------------------------------------+
|  Inner_Iter|    rms[Rho]|   rms[RhoU]|   rms[RhoV]|   rms[RhoE]|
+----------------------------------------------------------------+
|        2181|   -8.945825|   -5.705752|   -6.182412|   -3.538444|
|        2182|   -8.949485|   -5.711420|   -6.184485|   -3.543563|
|        2183|   -8.952220|   -5.716982|   -6.186414|   -3.547630|
|        2184|   -8.954444|   -5.722443|   -6.188144|   -3.550962|
|        2185|   -8.956882|   -5.727875|   -6.189719|   -3.554428|
|        2186|   -8.959811|   -5.733342|   -6.191224|   -3.558473|
|        2187|   -8.959911|   -5.738153|   -6.191850|   -3.559032|
|        2188|   -8.961625|   -5.743085|   -6.192464|   -3.561733|
|        2189|   -8.964570|   -5.748190|   -6.193322|   -3.566140|
|        2190|   -8.967774|   -5.753418|   -6.194484|   -3.570954|
+-----------------------------------------------------------------------+
|        File Writing Summary       |              Filename             |
+-----------------------------------------------------------------------+
|SU2 binary restart                 |restart_flow.dat                   |

Writing the forces breakdown file (forces_breakdown.dat).
+-----------------------------------------------------------------------+
+----------------------------------------------------------------+
|  Inner_Iter|    rms[Rho]|   rms[RhoU]|   rms[RhoV]|   rms[RhoE]|
+----------------------------------------------------------------+
|        2191|   -8.970635|   -5.758690|   -6.195858|   -3.575294|
|        2192|   -8.970027|   -5.763241|   -6.196404|   -3.575129|
|        2193|   -8.971042|   -5.767894|   -6.196969|   -3.576996|
|        2194|   -8.973553|   -5.772742|   -6.197795|   -3.580875|
|        2195|   -8.976452|   -5.777730|   -6.198930|   -3.585364|
|        2196|   -8.978932|   -5.782748|   -6.200258|   -3.589330|
|        2197|   -8.980946|   -5.787730|   -6.201663|   -3.592615|
|        2198|   -8.979683|   -5.791913|   -6.202077|   -3.591573|
|        2199|   -8.980153|   -5.796164|   -6.202480|   -3.592782|
|        2200|   -8.981983|   -5.800561|   -6.203128|   -3.595878|
+-----------------------------------------------------------------------+
|        File Writing Summary       |              Filename             |
+-----------------------------------------------------------------------+
|SU2 binary restart                 |restart_flow.dat                   |

Writing the forces breakdown file (forces_breakdown.dat).
+-----------------------------------------------------------------------+
+----------------------------------------------------------------+
|  Inner_Iter|    rms[Rho]|   rms[RhoU]|   rms[RhoV]|   rms[RhoE]|
+----------------------------------------------------------------+
|        2201|   -8.983993|   -5.805032|   -6.204024|   -3.599313|
|        2202|   -8.985474|   -5.809468|   -6.205007|   -3.602063|
|        2203|   -8.986495|   -5.813820|   -6.205934|   -3.604145|
|        2204|   -8.987419|   -5.818101|   -6.206762|   -3.606041|
|        2205|   -8.988405|   -5.822327|   -6.207499|   -3.608013|
|        2206|   -8.986152|   -5.825672|   -6.207002|   -3.605760|
|        2207|   -8.985265|   -5.829017|   -6.206367|   -3.605416|
|        2208|   -8.985406|   -5.832432|   -6.205852|   -3.606552|
|        2209|   -8.985652|   -5.835863|   -6.205467|   -3.607891|
|        2210|   -8.985471|   -5.839230|   -6.205072|   -3.608653|
+-----------------------------------------------------------------------+
|        File Writing Summary       |              Filename             |
+-----------------------------------------------------------------------+
|SU2 binary restart                 |restart_flow.dat                   |

Writing the forces breakdown file (forces_breakdown.dat).
+-----------------------------------------------------------------------+
+----------------------------------------------------------------+
|  Inner_Iter|    rms[Rho]|   rms[RhoU]|   rms[RhoV]|   rms[RhoE]|
+----------------------------------------------------------------+
|        2211|   -8.984911|   -5.842502|   -6.204552|   -3.608876|
|        2212|   -8.984228|   -5.845694|   -6.203885|   -3.608920|
|        2213|   -8.983529|   -5.848820|   -6.203101|   -3.608955|
|        2214|   -8.986176|   -5.853120|   -6.203778|   -3.613523|
|        2215|   -8.990216|   -5.858350|   -6.205744|   -3.619973|
|        2216|   -8.997415|   -5.864788|   -6.209537|   -3.630605|
|        2217|   -9.004046|   -5.871549|   -6.214019|   -3.640191|
|        2218|   -9.008521|   -5.878023|   -6.218244|   -3.646392|
|        2219|   -9.010738|   -5.883963|   -6.221594|   -3.649158|
|        2220|   -9.011617|   -5.889307|   -6.223895|   -3.650011|
+-----------------------------------------------------------------------+
|        File Writing Summary       |              Filename             |
+-----------------------------------------------------------------------+
|SU2 binary restart                 |restart_flow.dat                   |

Writing the forces breakdown file (forces_breakdown.dat).
+-----------------------------------------------------------------------+
+----------------------------------------------------------------+
|  Inner_Iter|    rms[Rho]|   rms[RhoU]|   rms[RhoV]|   rms[RhoE]|
+----------------------------------------------------------------+
|        2221|   -9.012382|   -5.894226|   -6.225459|   -3.650857|
|        2222|   -9.013354|   -5.898846|   -6.226574|   -3.652211|
|        2223|   -9.014341|   -5.903217|   -6.227369|   -3.653759|
|        2224|   -9.015132|   -5.907364|   -6.227853|   -3.655116|
|        2225|   -9.015741|   -5.911334|   -6.228015|   -3.656253|
|        2226|   -9.016345|   -5.915187|   -6.227893|   -3.657409|
|        2227|   -9.017100|   -5.918980|   -6.227556|   -3.658797|
|        2228|   -9.018049|   -5.922743|   -6.227078|   -3.660452|
|        2229|   -9.019155|   -5.926480|   -6.226511|   -3.662275|
|        2230|   -9.020366|   -5.930188|   -6.225895|   -3.664174|
+-----------------------------------------------------------------------+
|        File Writing Summary       |              Filename             |
+-----------------------------------------------------------------------+
|SU2 binary restart                 |restart_flow.dat                   |

Writing the forces breakdown file (forces_breakdown.dat).
+-----------------------------------------------------------------------+
+----------------------------------------------------------------+
|  Inner_Iter|    rms[Rho]|   rms[RhoU]|   rms[RhoV]|   rms[RhoE]|
+----------------------------------------------------------------+
|        2231|   -9.021653|   -5.933867|   -6.225269|   -3.666121|
|        2232|   -9.022995|   -5.937521|   -6.224680|   -3.668136|
|        2233|   -9.024358|   -5.941159|   -6.224169|   -3.670225|
|        2234|   -9.025685|   -5.944788|   -6.223768|   -3.672347|
|        2235|   -9.026917|   -5.948412|   -6.223490|   -3.674429|
|        2236|   -9.028008|   -5.952036|   -6.223336|   -3.676396|
|        2237|   -9.028939|   -5.955662|   -6.223300|   -3.678205|
|        2238|   -9.029712|   -5.959292|   -6.223375|   -3.679835|
|        2239|   -9.030344|   -5.962926|   -6.223557|   -3.681289|
|        2240|   -9.030858|   -5.966561|   -6.223843|   -3.682576|
+-----------------------------------------------------------------------+
|        File Writing Summary       |              Filename             |
+-----------------------------------------------------------------------+
|SU2 binary restart                 |restart_flow.dat                   |

Writing the forces breakdown file (forces_breakdown.dat).
+-----------------------------------------------------------------------+
+----------------------------------------------------------------+
|  Inner_Iter|    rms[Rho]|   rms[RhoU]|   rms[RhoV]|   rms[RhoE]|
+----------------------------------------------------------------+
|        2241|   -9.031288|   -5.970190|   -6.224232|   -3.683726|
|        2242|   -9.031678|   -5.973806|   -6.224723|   -3.684782|
|        2243|   -9.032087|   -5.977400|   -6.225311|   -3.685812|
|        2244|   -9.032570|   -5.980971|   -6.225990|   -3.686886|
|        2245|   -9.033183|   -5.984516|   -6.226749|   -3.688076|
|        2246|   -9.033954|   -5.988038|   -6.227578|   -3.689427|
|        2247|   -9.034894|   -5.991539|   -6.228466|   -3.690957|
|        2248|   -9.035986|   -5.995022|   -6.229407|   -3.692660|
|        2249|   -9.037197|   -5.998488|   -6.230401|   -3.694506|
|        2250|   -9.038481|   -6.001936|   -6.231450|   -3.696453|
+-----------------------------------------------------------------------+
|        File Writing Summary       |              Filename             |
+-----------------------------------------------------------------------+
|SU2 binary restart                 |restart_flow.dat                   |

Writing the forces breakdown file (forces_breakdown.dat).
|Paraview                           |flow.vtu                           |

Writing the forces breakdown file (forces_breakdown.dat).
|Paraview surface                   |surface_flow.vtu                   |

Writing the forces breakdown file (forces_breakdown.dat).
|CSV file                           |surface_flow.csv                   |

Writing the forces breakdown file (forces_breakdown.dat).
+-----------------------------------------------------------------------+
+----------------------------------------------------------------+
|  Inner_Iter|    rms[Rho]|   rms[RhoU]|   rms[RhoV]|   rms[RhoE]|
+----------------------------------------------------------------+
|        2251|   -9.039786|   -6.005364|   -6.232563|   -3.698447|
|        2252|   -9.041066|   -6.008770|   -6.233745|   -3.700434|
|        2253|   -9.040211|   -6.011412|   -6.234214|   -3.699240|
|        2254|   -9.040128|   -6.014109|   -6.234783|   -3.699289|
|        2255|   -9.040755|   -6.016940|   -6.235555|   -3.700478|
|        2256|   -9.041657|   -6.019878|   -6.236542|   -3.702127|
|        2257|   -9.041377|   -6.022594|   -6.237329|   -3.701988|
|        2258|   -9.041480|   -6.025318|   -6.238205|   -3.702432|
|        2259|   -9.042052|   -6.028092|   -6.239200|   -3.703537|
|        2260|   -9.041977|   -6.030420|   -6.239844|   -3.703599|
+-----------------------------------------------------------------------+
|        File Writing Summary       |              Filename             |
+-----------------------------------------------------------------------+
|SU2 binary restart                 |restart_flow.dat                   |

Writing the forces breakdown file (forces_breakdown.dat).
+-----------------------------------------------------------------------+
+----------------------------------------------------------------+
|  Inner_Iter|    rms[Rho]|   rms[RhoU]|   rms[RhoV]|   rms[RhoE]|
+----------------------------------------------------------------+
|        2261|   -9.042404|   -6.032847|   -6.240632|   -3.704335|
|        2262|   -9.043200|   -6.035371|   -6.241595|   -3.705585|
|        2263|   -9.043022|   -6.037677|   -6.242366|   -3.705356|
|        2264|   -9.043299|   -6.040016|   -6.243316|   -3.705903|
|        2265|   -9.043917|   -6.042421|   -6.244490|   -3.707045|
|        2266|   -9.043622|   -6.044377|   -6.245377|   -3.706887|
|        2267|   -9.043551|   -6.046456|   -6.246480|   -3.707086|
|        2268|   -9.042506|   -6.048377|   -6.247405|   -3.705812|
|        2269|   -9.041983|   -6.050407|   -6.248531|   -3.705389|
|        2270|   -9.041859|   -6.052546|   -6.249877|   -3.705588|
+-----------------------------------------------------------------------+
|        File Writing Summary       |              Filename             |
+-----------------------------------------------------------------------+
|SU2 binary restart                 |restart_flow.dat                   |

Writing the forces breakdown file (forces_breakdown.dat).
+-----------------------------------------------------------------------+
+----------------------------------------------------------------+
|  Inner_Iter|    rms[Rho]|   rms[RhoU]|   rms[RhoV]|   rms[RhoE]|
+----------------------------------------------------------------+
|        2271|   -9.041933|   -6.054758|   -6.251404|   -3.706033|
|        2272|   -9.042130|   -6.057005|   -6.253048|   -3.706549|
|        2273|   -9.042497|   -6.059257|   -6.254761|   -3.707163|
|        2274|   -9.043105|   -6.061501|   -6.256518|   -3.707976|
|        2275|   -9.041911|   -6.062886|   -6.257351|   -3.705911|
|        2276|   -9.041783|   -6.064339|   -6.258275|   -3.705358|
|        2277|   -9.042620|   -6.065934|   -6.259409|   -3.706197|
|        2278|   -9.043952|   -6.067650|   -6.260785|   -3.707779|
|        2279|   -9.045370|   -6.069427|   -6.262372|   -3.709524|
|        2280|   -9.045590|   -6.070917|   -6.263698|   -3.709452|
+-----------------------------------------------------------------------+
|        File Writing Summary       |              Filename             |
+-----------------------------------------------------------------------+
|SU2 binary restart                 |restart_flow.dat                   |

Writing the forces breakdown file (forces_breakdown.dat).
+-----------------------------------------------------------------------+
+----------------------------------------------------------------+
|  Inner_Iter|    rms[Rho]|   rms[RhoU]|   rms[RhoV]|   rms[RhoE]|
+----------------------------------------------------------------+
|        2281|   -9.045284|   -6.071891|   -6.264627|   -3.708656|
|        2282|   -9.045741|   -6.073048|   -6.265854|   -3.708970|
|        2283|   -9.046708|   -6.074404|   -6.267439|   -3.710020|
|        2284|   -9.047802|   -6.075894|   -6.269362|   -3.711259|
|        2285|   -9.047679|   -6.077112|   -6.271117|   -3.710627|
|        2286|   -9.047014|   -6.077785|   -6.272525|   -3.709206|
|        2287|   -9.047206|   -6.078621|   -6.274283|   -3.708968|
|        2288|   -9.048095|   -6.079639|   -6.276430|   -3.709657|
|        2289|   -9.049328|   -6.080774|   -6.278936|   -3.710774|
|        2290|   -9.049542|   -6.081606|   -6.281272|   -3.710230|
+-----------------------------------------------------------------------+
|        File Writing Summary       |              Filename             |
+-----------------------------------------------------------------------+
|SU2 binary restart                 |restart_flow.dat                   |

Writing the forces breakdown file (forces_breakdown.dat).
+-----------------------------------------------------------------------+
+----------------------------------------------------------------+
|  Inner_Iter|    rms[Rho]|   rms[RhoU]|   rms[RhoV]|   rms[RhoE]|
+----------------------------------------------------------------+
|        2291|   -9.049330|   -6.081846|   -6.283248|   -3.708996|
|        2292|   -9.050026|   -6.082231|   -6.285598|   -3.708999|
|        2293|   -9.051424|   -6.082778|   -6.288370|   -3.709943|
|        2294|   -9.053148|   -6.083420|   -6.291545|   -3.711285|
|        2295|   -9.053830|   -6.083714|   -6.294574|   -3.710906|
|        2296|   -9.054047|   -6.083348|   -6.297233|   -3.709707|
|        2297|   -9.055172|   -6.083096|   -6.300274|   -3.709718|
|        2298|   -9.057024|   -6.082969|   -6.303748|   -3.710688|
|        2299|   -9.059254|   -6.082893|   -6.307635|   -3.712086|
|        2300|   -9.060496|   -6.082399|   -6.311370|   -3.711770|
+-----------------------------------------------------------------------+
|        File Writing Summary       |              Filename             |
+-----------------------------------------------------------------------+
|SU2 binary restart                 |restart_flow.dat                   |

Writing the forces breakdown file (forces_breakdown.dat).
+-----------------------------------------------------------------------+
+----------------------------------------------------------------+
|  Inner_Iter|    rms[Rho]|   rms[RhoU]|   rms[RhoV]|   rms[RhoE]|
+----------------------------------------------------------------+
|        2301|   -9.061274|   -6.081145|   -6.314695|   -3.710538|
|        2302|   -9.062956|   -6.079959|   -6.318394|   -3.710524|
|        2303|   -9.065334|   -6.078865|   -6.322545|   -3.711473|
|        2304|   -9.068022|   -6.077784|   -6.327142|   -3.712775|
|        2305|   -9.069623|   -6.076227|   -6.331598|   -3.712204|
|        2306|   -9.070606|   -6.073826|   -6.335592|   -3.710431|
|        2307|   -9.072425|   -6.071478|   -6.339921|   -3.709833|
|        2308|   -9.074905|   -6.069215|   -6.344684|   -3.710195|
|        2309|   -9.077685|   -6.066956|   -6.349869|   -3.710867|
|        2310|   -9.079381|   -6.064182|   -6.354857|   -3.709590|
+-----------------------------------------------------------------------+
|        File Writing Summary       |              Filename             |
+-----------------------------------------------------------------------+
|SU2 binary restart                 |restart_flow.dat                   |

Writing the forces breakdown file (forces_breakdown.dat).
+-----------------------------------------------------------------------+
+----------------------------------------------------------------+
|  Inner_Iter|    rms[Rho]|   rms[RhoU]|   rms[RhoV]|   rms[RhoE]|
+----------------------------------------------------------------+
|        2311|   -9.080423|   -6.060493|   -6.359221|   -3.706930|
|        2312|   -9.082393|   -6.056862|   -6.363780|   -3.705601|
|        2313|   -9.085122|   -6.053339|   -6.368674|   -3.705406|
|        2314|   -9.088217|   -6.049836|   -6.373906|   -3.705574|
|        2315|   -9.090234|   -6.045824|   -6.378831|   -3.703760|
|        2316|   -9.091500|   -6.040876|   -6.382922|   -3.700370|
|        2317|   -9.093739|   -6.036044|   -6.387038|   -3.698480|
|        2318|   -9.096768|   -6.031397|   -6.391407|   -3.697865|
|        2319|   -9.100125|   -6.026840|   -6.396058|   -3.697581|
|        2320|   -9.102292|   -6.021834|   -6.400328|   -3.695210|
+-----------------------------------------------------------------------+
|        File Writing Summary       |              Filename             |
+-----------------------------------------------------------------------+
|SU2 binary restart                 |restart_flow.dat                   |

Writing the forces breakdown file (forces_breakdown.dat).
+-----------------------------------------------------------------------+
+----------------------------------------------------------------+
|  Inner_Iter|    rms[Rho]|   rms[RhoU]|   rms[RhoV]|   rms[RhoE]|
+----------------------------------------------------------------+
|        2321|   -9.103508|   -6.015935|   -6.403580|   -3.691038|
|        2322|   -9.105743|   -6.010251|   -6.406715|   -3.688569|
|        2323|   -9.108799|   -6.004862|   -6.410057|   -3.687528|
|        2324|   -9.112149|   -5.999656|   -6.413639|   -3.686793|
|        2325|   -9.114206|   -5.994095|   -6.416783|   -3.683917|
|        2326|   -9.115141|   -5.987721|   -6.418740|   -3.679103|
|        2327|   -9.117241|   -5.981671|   -6.420435|   -3.676265|
|        2328|   -9.120278|   -5.976027|   -6.422297|   -3.675039|
|        2329|   -9.123628|   -5.970656|   -6.424359|   -3.674125|
|        2330|   -9.125616|   -5.965030|   -6.425964|   -3.671086|
+-----------------------------------------------------------------------+
|        File Writing Summary       |              Filename             |
+-----------------------------------------------------------------------+
|SU2 binary restart                 |restart_flow.dat                   |

Writing the forces breakdown file (forces_breakdown.dat).
+-----------------------------------------------------------------------+
+----------------------------------------------------------------+
|  Inner_Iter|    rms[Rho]|   rms[RhoU]|   rms[RhoV]|   rms[RhoE]|
+----------------------------------------------------------------+
|        2331|   -9.127735|   -5.959369|   -6.427005|   -3.668026|
|        2332|   -9.130684|   -5.954012|   -6.427824|   -3.666252|
|        2333|   -9.134160|   -5.948987|   -6.428649|   -3.665350|
|        2334|   -9.137718|   -5.944212|   -6.429471|   -3.664532|
|        2335|   -9.139812|   -5.939248|   -6.429822|   -3.661834|
|        2336|   -9.142465|   -5.934490|   -6.429855|   -3.659868|
|        2337|   -9.145824|   -5.930052|   -6.429805|   -3.658986|
|        2338|   -9.149499|   -5.925929|   -6.429788|   -3.658647|
|        2339|   -9.153107|   -5.922055|   -6.429750|   -3.658259|
|        2340|   -9.155161|   -5.918047|   -6.429334|   -3.656149|
+-----------------------------------------------------------------------+
|        File Writing Summary       |              Filename             |
+-----------------------------------------------------------------------+
|SU2 binary restart                 |restart_flow.dat                   |

Writing the forces breakdown file (forces_breakdown.dat).
+-----------------------------------------------------------------------+
+----------------------------------------------------------------+
|  Inner_Iter|    rms[Rho]|   rms[RhoU]|   rms[RhoV]|   rms[RhoE]|
+----------------------------------------------------------------+
|        2341|   -9.157863|   -5.914282|   -6.428716|   -3.654930|
|        2342|   -9.161330|   -5.910864|   -6.428146|   -3.654855|
|        2343|   -9.165084|   -5.907777|   -6.427714|   -3.655285|
|        2344|   -9.168713|   -5.904952|   -6.427348|   -3.655634|
|        2345|   -9.170700|   -5.902035|   -6.426752|   -3.654339|
|        2346|   -9.173393|   -5.899376|   -6.426085|   -3.653988|
|        2347|   -9.176887|   -5.897072|   -6.425574|   -3.654802|
|        2348|   -9.180624|   -5.895103|   -6.425284|   -3.656095|
|        2349|   -9.184160|   -5.893395|   -6.425134|   -3.657278|
|        2350|   -9.185954|   -5.891620|   -6.424869|   -3.656866|
+-----------------------------------------------------------------------+
|        File Writing Summary       |              Filename             |
+-----------------------------------------------------------------------+
|SU2 binary restart                 |restart_flow.dat                   |

Writing the forces breakdown file (forces_breakdown.dat).
+-----------------------------------------------------------------------+
+----------------------------------------------------------------+
|  Inner_Iter|    rms[Rho]|   rms[RhoU]|   rms[RhoV]|   rms[RhoE]|
+----------------------------------------------------------------+
|        2351|   -9.188488|   -5.890099|   -6.424630|   -3.657406|
|        2352|   -9.191833|   -5.888922|   -6.424602|   -3.659090|
|        2353|   -9.195367|   -5.888065|   -6.424825|   -3.661213|
|        2354|   -9.198630|   -5.887456|   -6.425217|   -3.663194|
|        2355|   -9.200080|   -5.886785|   -6.425553|   -3.663617|
|        2356|   -9.202311|   -5.886352|   -6.425962|   -3.664986|
|        2357|   -9.205360|   -5.886239|   -6.426603|   -3.667462|
|        2358|   -9.208555|   -5.886421|   -6.427488|   -3.670329|
|        2359|   -9.211430|   -5.886826|   -6.428537|   -3.673025|
|        2360|   -9.212455|   -5.887168|   -6.429549|   -3.674191|
+-----------------------------------------------------------------------+
|        File Writing Summary       |              Filename             |
+-----------------------------------------------------------------------+
|SU2 binary restart                 |restart_flow.dat                   |

Writing the forces breakdown file (forces_breakdown.dat).
+-----------------------------------------------------------------------+
+----------------------------------------------------------------+
|  Inner_Iter|    rms[Rho]|   rms[RhoU]|   rms[RhoV]|   rms[RhoE]|
+----------------------------------------------------------------+
|        2361|   -9.214308|   -5.887722|   -6.430658|   -3.676298|
|        2362|   -9.216976|   -5.888568|   -6.431990|   -3.679466|
|        2363|   -9.219752|   -5.889678|   -6.433542|   -3.682975|
|        2364|   -9.222179|   -5.890986|   -6.435237|   -3.686284|
|        2365|   -9.222746|   -5.892220|   -6.436883|   -3.688078|
|        2366|   -9.224183|   -5.893640|   -6.438626|   -3.690806|
|        2367|   -9.226435|   -5.895322|   -6.440572|   -3.694547|
|        2368|   -9.228765|   -5.897237|   -6.442704|   -3.698570|
|        2369|   -9.230740|   -5.899323|   -6.444950|   -3.702367|
|        2370|   -9.230870|   -5.901322|   -6.447115|   -3.704647|
+-----------------------------------------------------------------------+
|        File Writing Summary       |              Filename             |
+-----------------------------------------------------------------------+
|SU2 binary restart                 |restart_flow.dat                   |

Writing the forces breakdown file (forces_breakdown.dat).
+-----------------------------------------------------------------------+
+----------------------------------------------------------------+
|  Inner_Iter|    rms[Rho]|   rms[RhoU]|   rms[RhoV]|   rms[RhoE]|
+----------------------------------------------------------------+
|        2371|   -9.231914|   -5.903482|   -6.449370|   -3.707861|
|        2372|   -9.233771|   -5.905873|   -6.451809|   -3.712040|
|        2373|   -9.235697|   -5.908470|   -6.454405|   -3.716450|
|        2374|   -9.237273|   -5.911211|   -6.457088|   -3.720609|
|        2375|   -9.237033|   -5.913850|   -6.459649|   -3.723236|
|        2376|   -9.237747|   -5.916627|   -6.462290|   -3.726802|
|        2377|   -9.239274|   -5.919609|   -6.465095|   -3.731293|
|        2378|   -9.240865|   -5.922768|   -6.468026|   -3.735966|
|        2379|   -9.242132|   -5.926048|   -6.471017|   -3.740370|
|        2380|   -9.241613|   -5.929212|   -6.473831|   -3.743208|
+-----------------------------------------------------------------------+
|        File Writing Summary       |              Filename             |
+-----------------------------------------------------------------------+
|SU2 binary restart                 |restart_flow.dat                   |

Writing the forces breakdown file (forces_breakdown.dat).
+-----------------------------------------------------------------------+
+----------------------------------------------------------------+
|  Inner_Iter|    rms[Rho]|   rms[RhoU]|   rms[RhoV]|   rms[RhoE]|
+----------------------------------------------------------------+
|        2381|   -9.242083|   -5.932491|   -6.476710|   -3.746999|
|        2382|   -9.243369|   -5.935951|   -6.479736|   -3.751678|
|        2383|   -9.244723|   -5.939565|   -6.482863|   -3.756497|
|        2384|   -9.245780|   -5.943278|   -6.486028|   -3.761034|
|        2385|   -9.246657|   -5.947068|   -6.489229|   -3.765395|
|        2386|   -9.247574|   -5.950942|   -6.492494|   -3.769829|
|        2387|   -9.247011|   -5.954704|   -6.495536|   -3.772944|
|        2388|   -9.247440|   -5.958571|   -6.498624|   -3.777028|
|        2389|   -9.248553|   -5.962585|   -6.501814|   -3.781794|
|        2390|   -9.249706|   -5.966715|   -6.505063|   -3.786577|
+-----------------------------------------------------------------------+
|        File Writing Summary       |              Filename             |
+-----------------------------------------------------------------------+
|SU2 binary restart                 |restart_flow.dat                   |

Writing the forces breakdown file (forces_breakdown.dat).
+-----------------------------------------------------------------------+
+----------------------------------------------------------------+
|  Inner_Iter|    rms[Rho]|   rms[RhoU]|   rms[RhoV]|   rms[RhoE]|
+----------------------------------------------------------------+
|        2391|   -9.250660|   -5.970917|   -6.508325|   -3.791122|
|        2392|   -9.251549|   -5.975179|   -6.511612|   -3.795580|
|        2393|   -9.252524|   -5.979509|   -6.514949|   -3.800126|
|        2394|   -9.253594|   -5.983913|   -6.518338|   -3.804758|
|        2395|   -9.254689|   -5.988386|   -6.521759|   -3.809382|
|        2396|   -9.254206|   -5.992715|   -6.524799|   -3.812352|
|        2397|   -9.254693|   -5.997116|   -6.527837|   -3.816258|
|        2398|   -9.255930|   -6.001635|   -6.530963|   -3.820903|
|        2399|   -9.257305|   -6.006248|   -6.534144|   -3.825639|
|        2400|   -9.258555|   -6.010916|   -6.537336|   -3.830178|
+-----------------------------------------------------------------------+
|        File Writing Summary       |              Filename             |
+-----------------------------------------------------------------------+
|SU2 binary restart                 |restart_flow.dat                   |

Writing the forces breakdown file (forces_breakdown.dat).
+-----------------------------------------------------------------------+
+----------------------------------------------------------------+
|  Inner_Iter|    rms[Rho]|   rms[RhoU]|   rms[RhoV]|   rms[RhoE]|
+----------------------------------------------------------------+
|        2401|   -9.259764|   -6.015623|   -6.540552|   -3.834618|
|        2402|   -9.261061|   -6.020376|   -6.543812|   -3.839090|
|        2403|   -9.262457|   -6.025180|   -6.547112|   -3.843590|
|        2404|   -9.263897|   -6.030033|   -6.550426|   -3.848044|
|        2405|   -9.265353|   -6.034927|   -6.553737|   -3.852418|
|        2406|   -9.266197|   -6.039774|   -6.556822|   -3.856010|
|        2407|   -9.267501|   -6.044662|   -6.559897|   -3.860034|
|        2408|   -9.269167|   -6.049613|   -6.563010|   -3.864391|
|        2409|   -9.270948|   -6.054615|   -6.566151|   -3.868800|
|        2410|   -9.272727|   -6.059650|   -6.569301|   -3.873126|
+-----------------------------------------------------------------------+
|        File Writing Summary       |              Filename             |
+-----------------------------------------------------------------------+
|SU2 binary restart                 |restart_flow.dat                   |

Writing the forces breakdown file (forces_breakdown.dat).
+-----------------------------------------------------------------------+
+----------------------------------------------------------------+
|  Inner_Iter|    rms[Rho]|   rms[RhoU]|   rms[RhoV]|   rms[RhoE]|
+----------------------------------------------------------------+
|        2411|   -9.274531|   -6.064712|   -6.572458|   -3.877391|
|        2412|   -9.276399|   -6.069804|   -6.575625|   -3.881628|
|        2413|   -9.278336|   -6.074925|   -6.578789|   -3.885829|
|        2414|   -9.280324|   -6.080074|   -6.581940|   -3.889975|
|        2415|   -9.282361|   -6.085248|   -6.585073|   -3.894070|
|        2416|   -9.284457|   -6.090444|   -6.588190|   -3.898132|
|        2417|   -9.286625|   -6.095661|   -6.591291|   -3.902185|
|        2418|   -9.288870|   -6.100897|   -6.594376|   -3.906236|
|        2419|   -9.291181|   -6.106152|   -6.597445|   -3.910274|
|        2420|   -9.293553|   -6.111424|   -6.600496|   -3.914288|
+-----------------------------------------------------------------------+
|        File Writing Summary       |              Filename             |
+-----------------------------------------------------------------------+
|SU2 binary restart                 |restart_flow.dat                   |

Writing the forces breakdown file (forces_breakdown.dat).
+-----------------------------------------------------------------------+
+----------------------------------------------------------------+
|  Inner_Iter|    rms[Rho]|   rms[RhoU]|   rms[RhoV]|   rms[RhoE]|
+----------------------------------------------------------------+
|        2421|   -9.295977|   -6.116711|   -6.603525|   -3.918267|
|        2422|   -9.298454|   -6.122011|   -6.606530|   -3.922208|
|        2423|   -9.300979|   -6.127325|   -6.609509|   -3.926110|
|        2424|   -9.303551|   -6.132650|   -6.612461|   -3.929974|
|        2425|   -9.306172|   -6.137986|   -6.615388|   -3.933805|
|        2426|   -9.308841|   -6.143330|   -6.618290|   -3.937605|
|        2427|   -9.311557|   -6.148682|   -6.621167|   -3.941380|
|        2428|   -9.314314|   -6.154040|   -6.624022|   -3.945122|
|        2429|   -9.317114|   -6.159404|   -6.626855|   -3.948836|
|        2430|   -9.319951|   -6.164772|   -6.629663|   -3.952519|
+-----------------------------------------------------------------------+
|        File Writing Summary       |              Filename             |
+-----------------------------------------------------------------------+
|SU2 binary restart                 |restart_flow.dat                   |

Writing the forces breakdown file (forces_breakdown.dat).
+-----------------------------------------------------------------------+
+----------------------------------------------------------------+
|  Inner_Iter|    rms[Rho]|   rms[RhoU]|   rms[RhoV]|   rms[RhoE]|
+----------------------------------------------------------------+
|        2431|   -9.322827|   -6.170143|   -6.632445|   -3.956170|
|        2432|   -9.325739|   -6.175515|   -6.635203|   -3.959790|
|        2433|   -9.328686|   -6.180889|   -6.637935|   -3.963382|
|        2434|   -9.331665|   -6.186264|   -6.640648|   -3.966947|
|        2435|   -9.334675|   -6.191639|   -6.643341|   -3.970484|
|        2436|   -9.337712|   -6.197013|   -6.646018|   -3.973996|
|        2437|   -9.340770|   -6.202387|   -6.648683|   -3.977477|
|        2438|   -9.343851|   -6.207759|   -6.651338|   -3.980933|
|        2439|   -9.346951|   -6.213130|   -6.653986|   -3.984362|
|        2440|   -9.350072|   -6.218499|   -6.656628|   -3.987765|
+-----------------------------------------------------------------------+
|        File Writing Summary       |              Filename             |
+-----------------------------------------------------------------------+
|SU2 binary restart                 |restart_flow.dat                   |

Writing the forces breakdown file (forces_breakdown.dat).
+-----------------------------------------------------------------------+
+----------------------------------------------------------------+
|  Inner_Iter|    rms[Rho]|   rms[RhoU]|   rms[RhoV]|   rms[RhoE]|
+----------------------------------------------------------------+
|        2441|   -9.353211|   -6.223865|   -6.659264|   -3.991145|
|        2442|   -9.356372|   -6.229229|   -6.661897|   -3.994507|
|        2443|   -9.359553|   -6.234591|   -6.664530|   -3.997850|
|        2444|   -9.362752|   -6.239951|   -6.667166|   -4.001179|
|        2445|   -9.365969|   -6.245308|   -6.669808|   -4.004493|
|        2446|   -9.369204|   -6.250664|   -6.672458|   -4.007795|
|        2447|   -9.372452|   -6.256017|   -6.675120|   -4.011082|
|        2448|   -9.375718|   -6.261369|   -6.677798|   -4.014361|
|        2449|   -9.379000|   -6.266720|   -6.680494|   -4.017630|
|        2450|   -9.382296|   -6.272069|   -6.683209|   -4.020891|
+-----------------------------------------------------------------------+
|        File Writing Summary       |              Filename             |
+-----------------------------------------------------------------------+
|SU2 binary restart                 |restart_flow.dat                   |

Writing the forces breakdown file (forces_breakdown.dat).
+-----------------------------------------------------------------------+
+----------------------------------------------------------------+
|  Inner_Iter|    rms[Rho]|   rms[RhoU]|   rms[RhoV]|   rms[RhoE]|
+----------------------------------------------------------------+
|        2451|   -9.385606|   -6.277417|   -6.685947|   -4.024144|
|        2452|   -9.388932|   -6.282764|   -6.688710|   -4.027393|
|        2453|   -9.392272|   -6.288109|   -6.691499|   -4.030635|
|        2454|   -9.395630|   -6.293454|   -6.694318|   -4.033876|
|        2455|   -9.399003|   -6.298798|   -6.697166|   -4.037117|
|        2456|   -9.402394|   -6.304140|   -6.700047|   -4.040358|
|        2457|   -9.405802|   -6.309481|   -6.702962|   -4.043600|
|        2458|   -9.409226|   -6.314820|   -6.705912|   -4.046845|
|        2459|   -9.412670|   -6.320157|   -6.708902|   -4.050095|
|        2460|   -9.416133|   -6.325492|   -6.711930|   -4.053350|
+-----------------------------------------------------------------------+
|        File Writing Summary       |              Filename             |
+-----------------------------------------------------------------------+
|SU2 binary restart                 |restart_flow.dat                   |

Writing the forces breakdown file (forces_breakdown.dat).
+-----------------------------------------------------------------------+
+----------------------------------------------------------------+
|  Inner_Iter|    rms[Rho]|   rms[RhoU]|   rms[RhoV]|   rms[RhoE]|
+----------------------------------------------------------------+
|        2461|   -9.419615|   -6.330823|   -6.714999|   -4.056610|
|        2462|   -9.423115|   -6.336151|   -6.718110|   -4.059875|
|        2463|   -9.426637|   -6.341473|   -6.721264|   -4.063149|
|        2464|   -9.430178|   -6.346790|   -6.724466|   -4.066427|
|        2465|   -9.433741|   -6.352100|   -6.727713|   -4.069716|
|        2466|   -9.437326|   -6.357402|   -6.731008|   -4.073012|
|        2467|   -9.440934|   -6.362694|   -6.734352|   -4.076319|
|        2468|   -9.444563|   -6.367975|   -6.737747|   -4.079632|
|        2469|   -9.448220|   -6.373243|   -6.741191|   -4.082959|
|        2470|   -9.451901|   -6.378497|   -6.744688|   -4.086297|
+-----------------------------------------------------------------------+
|        File Writing Summary       |              Filename             |
+-----------------------------------------------------------------------+
|SU2 binary restart                 |restart_flow.dat                   |

Writing the forces breakdown file (forces_breakdown.dat).
+-----------------------------------------------------------------------+
+----------------------------------------------------------------+
|  Inner_Iter|    rms[Rho]|   rms[RhoU]|   rms[RhoV]|   rms[RhoE]|
+----------------------------------------------------------------+
|        2471|   -9.455607|   -6.383733|   -6.748237|   -4.089646|
|        2472|   -9.459340|   -6.388950|   -6.751840|   -4.093006|
|        2473|   -9.463099|   -6.394146|   -6.755499|   -4.096377|
|        2474|   -9.466885|   -6.399317|   -6.759211|   -4.099759|
|        2475|   -9.470700|   -6.404462|   -6.762981|   -4.103154|
|        2476|   -9.474543|   -6.409577|   -6.766808|   -4.106560|
|        2477|   -9.478414|   -6.414659|   -6.770692|   -4.109976|
|        2478|   -9.482314|   -6.419705|   -6.774635|   -4.113402|
|        2479|   -9.486245|   -6.424711|   -6.778634|   -4.116840|
|        2480|   -9.490206|   -6.429675|   -6.782694|   -4.120289|
+-----------------------------------------------------------------------+
|        File Writing Summary       |              Filename             |
+-----------------------------------------------------------------------+
|SU2 binary restart                 |restart_flow.dat                   |

Writing the forces breakdown file (forces_breakdown.dat).
+-----------------------------------------------------------------------+
+----------------------------------------------------------------+
|  Inner_Iter|    rms[Rho]|   rms[RhoU]|   rms[RhoV]|   rms[RhoE]|
+----------------------------------------------------------------+
|        2481|   -9.494196|   -6.434592|   -6.786812|   -4.123747|
|        2482|   -9.498219|   -6.439459|   -6.790989|   -4.127214|
|        2483|   -9.502273|   -6.444272|   -6.795223|   -4.130692|
|        2484|   -9.506359|   -6.449026|   -6.799517|   -4.134180|
|        2485|   -9.510476|   -6.453718|   -6.803872|   -4.137674|
|        2486|   -9.514625|   -6.458344|   -6.808285|   -4.141176|
|        2487|   -9.518809|   -6.462899|   -6.812755|   -4.144689|
|        2488|   -9.523021|   -6.467379|   -6.817286|   -4.148204|
|        2489|   -9.527267|   -6.471780|   -6.821872|   -4.151723|
|        2490|   -9.531544|   -6.476098|   -6.826518|   -4.155248|
+-----------------------------------------------------------------------+
|        File Writing Summary       |              Filename             |
+-----------------------------------------------------------------------+
|SU2 binary restart                 |restart_flow.dat                   |

Writing the forces breakdown file (forces_breakdown.dat).
+-----------------------------------------------------------------------+
+----------------------------------------------------------------+
|  Inner_Iter|    rms[Rho]|   rms[RhoU]|   rms[RhoV]|   rms[RhoE]|
+----------------------------------------------------------------+
|        2491|   -9.535854|   -6.480327|   -6.831219|   -4.158776|
|        2492|   -9.540196|   -6.484466|   -6.835977|   -4.162307|
|        2493|   -9.544572|   -6.488508|   -6.840789|   -4.165845|
|        2494|   -9.548979|   -6.492451|   -6.845658|   -4.169381|
|        2495|   -9.553416|   -6.496290|   -6.850580|   -4.172914|
|        2496|   -9.557884|   -6.500022|   -6.855554|   -4.176448|
|        2497|   -9.562382|   -6.503643|   -6.860579|   -4.179977|
|        2498|   -9.566910|   -6.507149|   -6.865657|   -4.183505|
|        2499|   -9.571468|   -6.510539|   -6.870783|   -4.187029|
|        2500|   -9.576053|   -6.513809|   -6.875957|   -4.190545|
+-----------------------------------------------------------------------+
|        File Writing Summary       |              Filename             |
+-----------------------------------------------------------------------+
|SU2 binary restart                 |restart_flow.dat                   |

Writing the forces breakdown file (forces_breakdown.dat).
|Paraview                           |flow.vtu                           |

Writing the forces breakdown file (forces_breakdown.dat).
|Paraview surface                   |surface_flow.vtu                   |

Writing the forces breakdown file (forces_breakdown.dat).
|CSV file                           |surface_flow.csv                   |

Writing the forces breakdown file (forces_breakdown.dat).
+-----------------------------------------------------------------------+
+----------------------------------------------------------------+
|  Inner_Iter|    rms[Rho]|   rms[RhoU]|   rms[RhoV]|   rms[RhoE]|
+----------------------------------------------------------------+
|        2501|   -9.580670|   -6.516956|   -6.881178|   -4.194057|
|        2502|   -9.585313|   -6.519978|   -6.886443|   -4.197561|
|        2503|   -9.589984|   -6.522874|   -6.891751|   -4.201056|
|        2504|   -9.594681|   -6.525643|   -6.897102|   -4.204544|
|        2505|   -9.599401|   -6.528281|   -6.902492|   -4.208016|
|        2506|   -9.604147|   -6.530790|   -6.907923|   -4.211480|
|        2507|   -9.608915|   -6.533169|   -6.913388|   -4.214929|
|        2508|   -9.613706|   -6.535417|   -6.918889|   -4.218364|
|        2509|   -9.618514|   -6.537534|   -6.924421|   -4.221780|
|        2510|   -9.623344|   -6.539522|   -6.929981|   -4.225183|
+-----------------------------------------------------------------------+
|        File Writing Summary       |              Filename             |
+-----------------------------------------------------------------------+
|SU2 binary restart                 |restart_flow.dat                   |

Writing the forces breakdown file (forces_breakdown.dat).
+-----------------------------------------------------------------------+
+----------------------------------------------------------------+
|  Inner_Iter|    rms[Rho]|   rms[RhoU]|   rms[RhoV]|   rms[RhoE]|
+----------------------------------------------------------------+
|        2511|   -9.628194|   -6.541382|   -6.935569|   -4.228569|
|        2512|   -9.633058|   -6.543115|   -6.941182|   -4.231936|
|        2513|   -9.637939|   -6.544723|   -6.946815|   -4.235284|
|        2514|   -9.642831|   -6.546207|   -6.952470|   -4.238609|
|        2515|   -9.647736|   -6.547572|   -6.958139|   -4.241914|
|        2516|   -9.652651|   -6.548819|   -6.963823|   -4.245195|
|        2517|   -9.657574|   -6.549951|   -6.969517|   -4.248452|
|        2518|   -9.662504|   -6.550972|   -6.975213|   -4.251688|
|        2519|   -9.667437|   -6.551886|   -6.980913|   -4.254897|
|        2520|   -9.672374|   -6.552696|   -6.986614|   -4.258080|
+-----------------------------------------------------------------------+
|        File Writing Summary       |              Filename             |
+-----------------------------------------------------------------------+
|SU2 binary restart                 |restart_flow.dat                   |

Writing the forces breakdown file (forces_breakdown.dat).
+-----------------------------------------------------------------------+
+----------------------------------------------------------------+
|  Inner_Iter|    rms[Rho]|   rms[RhoU]|   rms[RhoV]|   rms[RhoE]|
+----------------------------------------------------------------+
|        2521|   -9.677309|   -6.553407|   -6.992310|   -4.261234|
|        2522|   -9.682241|   -6.554022|   -6.997995|   -4.264362|
|        2523|   -9.687169|   -6.554547|   -7.003667|   -4.267460|
|        2524|   -9.692093|   -6.554986|   -7.009321|   -4.270535|
|        2525|   -9.697003|   -6.555343|   -7.014955|   -4.273573|
|        2526|   -9.701903|   -6.555624|   -7.020561|   -4.276585|
|        2527|   -9.706786|   -6.555832|   -7.026134|   -4.279562|
|        2528|   -9.711654|   -6.555974|   -7.031670|   -4.282516|
|        2529|   -9.716502|   -6.556054|   -7.037165|   -4.285435|
|        2530|   -9.721324|   -6.556077|   -7.042615|   -4.288322|
+-----------------------------------------------------------------------+
|        File Writing Summary       |              Filename             |
+-----------------------------------------------------------------------+
|SU2 binary restart                 |restart_flow.dat                   |

Writing the forces breakdown file (forces_breakdown.dat).
+-----------------------------------------------------------------------+
+----------------------------------------------------------------+
|  Inner_Iter|    rms[Rho]|   rms[RhoU]|   rms[RhoV]|   rms[RhoE]|
+----------------------------------------------------------------+
|        2531|   -9.726117|   -6.556046|   -7.048013|   -4.291172|
|        2532|   -9.730886|   -6.555969|   -7.053352|   -4.293997|
|        2533|   -9.735624|   -6.555849|   -7.058629|   -4.296791|
|        2534|   -9.740321|   -6.555692|   -7.063838|   -4.299545|
|        2535|   -9.744983|   -6.555500|   -7.068976|   -4.302273|
|        2536|   -9.749606|   -6.555280|   -7.074031|   -4.304970|
|        2537|   -9.754181|   -6.555036|   -7.079007|   -4.307632|
|        2538|   -9.758707|   -6.554772|   -7.083891|   -4.310260|
|        2539|   -9.763179|   -6.554492|   -7.088682|   -4.312852|
|        2540|   -9.767604|   -6.554200|   -7.093375|   -4.315419|
+-----------------------------------------------------------------------+
|        File Writing Summary       |              Filename             |
+-----------------------------------------------------------------------+
|SU2 binary restart                 |restart_flow.dat                   |

Writing the forces breakdown file (forces_breakdown.dat).
+-----------------------------------------------------------------------+
+----------------------------------------------------------------+
|  Inner_Iter|    rms[Rho]|   rms[RhoU]|   rms[RhoV]|   rms[RhoE]|
+----------------------------------------------------------------+
|        2541|   -9.771971|   -6.553901|   -7.097959|   -4.317956|
|        2542|   -9.776278|   -6.553599|   -7.102436|   -4.320462|
|        2543|   -9.780519|   -6.553296|   -7.106801|   -4.322936|
|        2544|   -9.784695|   -6.552997|   -7.111048|   -4.325378|
|        2545|   -9.788804|   -6.552704|   -7.115172|   -4.327792|
|        2546|   -9.792840|   -6.552422|   -7.119170|   -4.330177|
|        2547|   -9.796800|   -6.552154|   -7.123040|   -4.332532|
|        2548|   -9.800692|   -6.551901|   -7.126779|   -4.334867|
|        2549|   -9.804496|   -6.551668|   -7.130384|   -4.337166|
|        2550|   -9.808221|   -6.551457|   -7.133853|   -4.339442|
+-----------------------------------------------------------------------+
|        File Writing Summary       |              Filename             |
+-----------------------------------------------------------------------+
|SU2 binary restart                 |restart_flow.dat                   |

Writing the forces breakdown file (forces_breakdown.dat).
+-----------------------------------------------------------------------+
+----------------------------------------------------------------+
|  Inner_Iter|    rms[Rho]|   rms[RhoU]|   rms[RhoV]|   rms[RhoE]|
+----------------------------------------------------------------+
|        2551|   -9.811864|   -6.551271|   -7.137176|   -4.341691|
|        2552|   -9.815425|   -6.551111|   -7.140361|   -4.343921|
|        2553|   -9.818890|   -6.550981|   -7.143402|   -4.346119|
|        2554|   -9.822274|   -6.550883|   -7.146306|   -4.348302|
|        2555|   -9.825556|   -6.550818|   -7.149060|   -4.350451|
|        2556|   -9.828752|   -6.550789|   -7.151675|   -4.352583|
|        2557|   -9.831857|   -6.550798|   -7.154146|   -4.354698|
|        2558|   -9.834868|   -6.550846|   -7.156473|   -4.356791|
|        2559|   -9.837784|   -6.550935|   -7.158658|   -4.358866|
|        2560|   -9.840602|   -6.551066|   -7.160702|   -4.360918|
+-----------------------------------------------------------------------+
|        File Writing Summary       |              Filename             |
+-----------------------------------------------------------------------+
|SU2 binary restart                 |restart_flow.dat                   |

Writing the forces breakdown file (forces_breakdown.dat).
+-----------------------------------------------------------------------+
+----------------------------------------------------------------+
|  Inner_Iter|    rms[Rho]|   rms[RhoU]|   rms[RhoV]|   rms[RhoE]|
+----------------------------------------------------------------+
|        2561|   -9.843327|   -6.551241|   -7.162613|   -4.362959|
|        2562|   -9.845957|   -6.551461|   -7.164385|   -4.364979|
|        2563|   -9.848492|   -6.551728|   -7.166024|   -4.366985|
|        2564|   -9.850926|   -6.552042|   -7.167538|   -4.368978|
|        2565|   -9.853266|   -6.552404|   -7.168926|   -4.370949|
|        2566|   -9.855513|   -6.552816|   -7.170190|   -4.372911|
|        2567|   -9.857669|   -6.553278|   -7.171332|   -4.374859|
|        2568|   -9.859729|   -6.553792|   -7.172361|   -4.376796|
|        2569|   -9.861698|   -6.554358|   -7.173281|   -4.378721|
|        2570|   -9.863579|   -6.554977|   -7.174096|   -4.380636|
+-----------------------------------------------------------------------+
|        File Writing Summary       |              Filename             |
+-----------------------------------------------------------------------+
|SU2 binary restart                 |restart_flow.dat                   |

Writing the forces breakdown file (forces_breakdown.dat).
+-----------------------------------------------------------------------+
+----------------------------------------------------------------+
|  Inner_Iter|    rms[Rho]|   rms[RhoU]|   rms[RhoV]|   rms[RhoE]|
+----------------------------------------------------------------+
|        2571|   -9.865383|   -6.555649|   -7.174805|   -4.382550|
|        2572|   -9.867091|   -6.556375|   -7.175425|   -4.384447|
|        2573|   -9.868717|   -6.557156|   -7.175947|   -4.386336|
|        2574|   -9.870267|   -6.557993|   -7.176386|   -4.388225|
|        2575|   -9.871735|   -6.558886|   -7.176740|   -4.390102|
|        2576|   -9.873131|   -6.559835|   -7.177016|   -4.391977|
|        2577|   -9.874455|   -6.560842|   -7.177221|   -4.393852|
|        2578|   -9.875707|   -6.561905|   -7.177359|   -4.395719|
|        2579|   -9.876894|   -6.563025|   -7.177434|   -4.397587|
|        2580|   -9.881599|   -6.564710|   -7.177972|   -4.402870|
+-----------------------------------------------------------------------+
|        File Writing Summary       |              Filename             |
+-----------------------------------------------------------------------+
|SU2 binary restart                 |restart_flow.dat                   |

Writing the forces breakdown file (forces_breakdown.dat).
+-----------------------------------------------------------------------+
+----------------------------------------------------------------+
|  Inner_Iter|    rms[Rho]|   rms[RhoU]|   rms[RhoV]|   rms[RhoE]|
+----------------------------------------------------------------+
|        2581|   -9.887234|   -6.566913|   -7.179018|   -4.409129|
|        2582|   -9.892156|   -6.569476|   -7.180346|   -4.414695|
|        2583|   -9.896385|   -6.572294|   -7.181862|   -4.419573|
|        2584|   -9.900508|   -6.575349|   -7.183632|   -4.424407|
|        2585|   -9.904801|   -6.578655|   -7.185704|   -4.429528|
|        2586|   -9.908100|   -6.582031|   -7.187881|   -4.433773|
|        2587|   -9.909547|   -6.585245|   -7.189889|   -4.436212|
|        2588|   -9.910674|   -6.588377|   -7.191775|   -4.438382|
|        2589|   -9.912405|   -6.591534|   -7.193650|   -4.441251|
|        2590|   -9.914709|   -6.594774|   -7.195540|   -4.444791|
+-----------------------------------------------------------------------+
|        File Writing Summary       |              Filename             |
+-----------------------------------------------------------------------+
|SU2 binary restart                 |restart_flow.dat                   |

Writing the forces breakdown file (forces_breakdown.dat).
+-----------------------------------------------------------------------+
+----------------------------------------------------------------+
|  Inner_Iter|    rms[Rho]|   rms[RhoU]|   rms[RhoV]|   rms[RhoE]|
+----------------------------------------------------------------+
|        2591|   -9.917199|   -6.598102|   -7.197415|   -4.448559|
|        2592|   -9.919728|   -6.601510|   -7.199278|   -4.452366|
|        2593|   -9.922358|   -6.604998|   -7.201187|   -4.456275|
|        2594|   -9.925163|   -6.608575|   -7.203201|   -4.460385|
|        2595|   -9.928103|   -6.612241|   -7.205346|   -4.464663|
|        2596|   -9.931106|   -6.615992|   -7.207615|   -4.469011|
|        2597|   -9.934133|   -6.619817|   -7.209990|   -4.473356|
|        2598|   -9.937172|   -6.623705|   -7.212457|   -4.477674|
|        2599|   -9.940253|   -6.627649|   -7.215004|   -4.482004|
|        2600|   -9.943373|   -6.631639|   -7.217625|   -4.486358|
+-----------------------------------------------------------------------+
|        File Writing Summary       |              Filename             |
+-----------------------------------------------------------------------+
|SU2 binary restart                 |restart_flow.dat                   |

Writing the forces breakdown file (forces_breakdown.dat).
+-----------------------------------------------------------------------+
+----------------------------------------------------------------+
|  Inner_Iter|    rms[Rho]|   rms[RhoU]|   rms[RhoV]|   rms[RhoE]|
+----------------------------------------------------------------+
|        2601|   -9.946515|   -6.635664|   -7.220304|   -4.490730|
|        2602|   -9.949661|   -6.639712|   -7.223024|   -4.495098|
|        2603|   -9.952771|   -6.643771|   -7.225758|   -4.499429|
|        2604|   -9.955835|   -6.647829|   -7.228480|   -4.503710|
|        2605|   -9.958816|   -6.651876|   -7.231150|   -4.507902|
|        2606|   -9.961674|   -6.655901|   -7.233741|   -4.511972|
|        2607|   -9.964382|   -6.659894|   -7.236218|   -4.515878|
|        2608|   -9.966914|   -6.663845|   -7.238553|   -4.519593|
|        2609|   -9.969267|   -6.667747|   -7.240718|   -4.523116|
|        2610|   -9.971438|   -6.671590|   -7.242693|   -4.526434|
+-----------------------------------------------------------------------+
|        File Writing Summary       |              Filename             |
+-----------------------------------------------------------------------+
|SU2 binary restart                 |restart_flow.dat                   |

Writing the forces breakdown file (forces_breakdown.dat).
+-----------------------------------------------------------------------+
+----------------------------------------------------------------+
|  Inner_Iter|    rms[Rho]|   rms[RhoU]|   rms[RhoV]|   rms[RhoE]|
+----------------------------------------------------------------+
|        2611|   -9.973427|   -6.675369|   -7.244455|   -4.529554|
|        2612|   -9.975236|   -6.679077|   -7.245981|   -4.532478|
|        2613|   -9.976871|   -6.682711|   -7.247263|   -4.535214|
|        2614|   -9.978334|   -6.686265|   -7.248286|   -4.537769|
|        2615|   -9.979627|   -6.689738|   -7.249036|   -4.540137|
|        2616|   -9.980754|   -6.693129|   -7.249513|   -4.542327|
|        2617|   -9.981714|   -6.696437|   -7.249716|   -4.544341|
|        2618|   -9.982521|   -6.699661|   -7.249653|   -4.546189|
|        2619|   -9.991704|   -6.704509|   -7.251875|   -4.557242|
|        2620|   -9.995755|   -6.709069|   -7.254072|   -4.562592|
+-----------------------------------------------------------------------+
|        File Writing Summary       |              Filename             |
+-----------------------------------------------------------------------+
|SU2 binary restart                 |restart_flow.dat                   |

Writing the forces breakdown file (forces_breakdown.dat).
+-----------------------------------------------------------------------+
+----------------------------------------------------------------+
|  Inner_Iter|    rms[Rho]|   rms[RhoU]|   rms[RhoV]|   rms[RhoE]|
+----------------------------------------------------------------+
|        2621|   -9.996052|   -6.713159|   -7.255389|   -4.563505|
|        2622|   -9.995858|   -6.716927|   -7.255884|   -4.563793|
|        2623|   -9.996697|   -6.720579|   -7.256006|   -4.565414|
|        2624|  -10.006210|   -6.725869|   -7.258501|   -4.577060|
|        2625|  -10.010551|   -6.730861|   -7.261034|   -4.582950|
|        2626|  -10.010726|   -6.735340|   -7.262723|   -4.583780|
|        2627|  -10.010244|   -6.739464|   -7.263548|   -4.583635|
|        2628|  -10.011080|   -6.743479|   -7.263950|   -4.585109|
|        2629|  -10.020624|   -6.749140|   -7.266589|   -4.596922|
|        2630|  -10.025444|   -6.754546|   -7.269310|   -4.603472|
+-----------------------------------------------------------------------+
|        File Writing Summary       |              Filename             |
+-----------------------------------------------------------------------+
|SU2 binary restart                 |restart_flow.dat                   |

Writing the forces breakdown file (forces_breakdown.dat).
+-----------------------------------------------------------------------+
+----------------------------------------------------------------+
|  Inner_Iter|    rms[Rho]|   rms[RhoU]|   rms[RhoV]|   rms[RhoE]|
+----------------------------------------------------------------+
|        2631|  -10.026120|   -6.759466|   -7.271331|   -4.604946|
|        2632|  -10.025921|   -6.764033|   -7.272589|   -4.605127|
|        2633|  -10.027029|   -6.768496|   -7.273446|   -4.606850|
|        2634|  -10.029241|   -6.772973|   -7.274213|   -4.610109|
|        2635|  -10.038852|   -6.779051|   -7.277114|   -4.622387|
|        2636|  -10.043742|   -6.784863|   -7.280012|   -4.629121|
|        2637|  -10.044891|   -6.790227|   -7.282282|   -4.631042|
|        2638|  -10.045390|   -6.795284|   -7.283904|   -4.631909|
|        2639|  -10.047166|   -6.800266|   -7.285223|   -4.634342|
|        2640|  -10.049989|   -6.805277|   -7.286518|   -4.638298|
+-----------------------------------------------------------------------+
|        File Writing Summary       |              Filename             |
+-----------------------------------------------------------------------+
|SU2 binary restart                 |restart_flow.dat                   |

Writing the forces breakdown file (forces_breakdown.dat).
+-----------------------------------------------------------------------+
+----------------------------------------------------------------+
|  Inner_Iter|    rms[Rho]|   rms[RhoU]|   rms[RhoV]|   rms[RhoE]|
+----------------------------------------------------------------+
|        2641|  -10.052760|   -6.810283|   -7.287848|   -4.642443|
|        2642|  -10.054927|   -6.815225|   -7.289146|   -4.645919|
|        2643|  -10.056747|   -6.820097|   -7.290354|   -4.648891|
|        2644|  -10.058685|   -6.824939|   -7.291480|   -4.651891|
|        2645|  -10.060915|   -6.829790|   -7.292557|   -4.655222|
|        2646|  -10.059942|   -6.833910|   -7.292628|   -4.654658|
|        2647|  -10.060708|   -6.838121|   -7.292654|   -4.656343|
|        2648|  -10.062819|   -6.842491|   -7.292937|   -4.659846|
|        2649|  -10.065168|   -6.846964|   -7.293506|   -4.663717|
|        2650|  -10.067112|   -6.851454|   -7.294229|   -4.667036|
+-----------------------------------------------------------------------+
|        File Writing Summary       |              Filename             |
+-----------------------------------------------------------------------+
|SU2 binary restart                 |restart_flow.dat                   |

Writing the forces breakdown file (forces_breakdown.dat).
+-----------------------------------------------------------------------+
+----------------------------------------------------------------+
|  Inner_Iter|    rms[Rho]|   rms[RhoU]|   rms[RhoV]|   rms[RhoE]|
+----------------------------------------------------------------+
|        2651|  -10.068687|   -6.855924|   -7.294984|   -4.669805|
|        2652|  -10.070216|   -6.860386|   -7.295727|   -4.672469|
|        2653|  -10.071829|   -6.864850|   -7.296474|   -4.675269|
|        2654|  -10.070059|   -6.868522|   -7.296138|   -4.673874|
|        2655|  -10.069899|   -6.872252|   -7.295767|   -4.674598|
|        2656|  -10.070968|   -6.876109|   -7.295627|   -4.676986|
|        2657|  -10.072220|   -6.880033|   -7.295720|   -4.679635|
|        2658|  -10.073015|   -6.883935|   -7.295891|   -4.681657|
|        2659|  -10.073431|   -6.887781|   -7.296003|   -4.683125|
|        2660|  -10.073774|   -6.891581|   -7.296034|   -4.684471|
+-----------------------------------------------------------------------+
|        File Writing Summary       |              Filename             |
+-----------------------------------------------------------------------+
|SU2 binary restart                 |restart_flow.dat                   |

Writing the forces breakdown file (forces_breakdown.dat).
+-----------------------------------------------------------------------+
+----------------------------------------------------------------+
|  Inner_Iter|    rms[Rho]|   rms[RhoU]|   rms[RhoV]|   rms[RhoE]|
+----------------------------------------------------------------+
|        2661|  -10.074156|   -6.895345|   -7.296006|   -4.685884|
|        2662|  -10.074506|   -6.899062|   -7.295933|   -4.687290|
|        2663|  -10.074694|   -6.902710|   -7.295807|   -4.688513|
|        2664|  -10.074705|   -6.906273|   -7.295601|   -4.689503|
|        2665|  -10.074591|   -6.909754|   -7.295290|   -4.690317|
|        2666|  -10.074397|   -6.913158|   -7.294863|   -4.691027|
|        2667|  -10.074126|   -6.916489|   -7.294314|   -4.691649|
|        2668|  -10.073765|   -6.919749|   -7.293647|   -4.692164|
|        2669|  -10.073319|   -6.922936|   -7.292864|   -4.692566|
|        2670|  -10.079410|   -6.927858|   -7.294530|   -4.701595|
+-----------------------------------------------------------------------+
|        File Writing Summary       |              Filename             |
+-----------------------------------------------------------------------+
|SU2 binary restart                 |restart_flow.dat                   |

Writing the forces breakdown file (forces_breakdown.dat).
+-----------------------------------------------------------------------+
+----------------------------------------------------------------+
|  Inner_Iter|    rms[Rho]|   rms[RhoU]|   rms[RhoV]|   rms[RhoE]|
+----------------------------------------------------------------+
|        2671|  -10.088139|   -6.934238|   -7.298391|   -4.714131|
|        2672|  -10.091310|   -6.939968|   -7.301633|   -4.718923|
|        2673|  -10.096618|   -6.946603|   -7.305810|   -4.726370|
|        2674|  -10.101563|   -6.953382|   -7.310004|   -4.733176|
|        2675|  -10.104028|   -6.959504|   -7.313303|   -4.736451|
|        2676|  -10.105225|   -6.965054|   -7.315768|   -4.737945|
|        2677|  -10.106218|   -6.970197|   -7.317589|   -4.739253|
|        2678|  -10.107462|   -6.975080|   -7.318974|   -4.741076|
|        2679|  -10.108787|   -6.979783|   -7.320064|   -4.743181|
|        2680|  -10.109982|   -6.984334|   -7.320899|   -4.745209|
+-----------------------------------------------------------------------+
|        File Writing Summary       |              Filename             |
+-----------------------------------------------------------------------+
|SU2 binary restart                 |restart_flow.dat                   |

Writing the forces breakdown file (forces_breakdown.dat).
+-----------------------------------------------------------------------+
+----------------------------------------------------------------+
|  Inner_Iter|    rms[Rho]|   rms[RhoU]|   rms[RhoV]|   rms[RhoE]|
+----------------------------------------------------------------+
|        2681|  -10.110953|   -6.988756|   -7.321488|   -4.746969|
|        2682|  -10.111867|   -6.993087|   -7.321844|   -4.748639|
|        2683|  -10.112879|   -6.997367|   -7.322016|   -4.750414|
|        2684|  -10.114068|   -7.001624|   -7.322069|   -4.752396|
|        2685|  -10.115436|   -7.005865|   -7.322059|   -4.754576|
|        2686|  -10.116919|   -7.010088|   -7.322040|   -4.756892|
|        2687|  -10.118457|   -7.014289|   -7.322041|   -4.759271|
|        2688|  -10.120031|   -7.018470|   -7.322102|   -4.761701|
|        2689|  -10.121613|   -7.022638|   -7.322232|   -4.764173|
|        2690|  -10.123189|   -7.026800|   -7.322440|   -4.766694|
+-----------------------------------------------------------------------+
|        File Writing Summary       |              Filename             |
+-----------------------------------------------------------------------+
|SU2 binary restart                 |restart_flow.dat                   |

Writing the forces breakdown file (forces_breakdown.dat).
+-----------------------------------------------------------------------+
+----------------------------------------------------------------+
|  Inner_Iter|    rms[Rho]|   rms[RhoU]|   rms[RhoV]|   rms[RhoE]|
+----------------------------------------------------------------+
|        2691|  -10.124692|   -7.030963|   -7.322735|   -4.769175|
|        2692|  -10.126114|   -7.035129|   -7.323112|   -4.771605|
|        2693|  -10.127414|   -7.039295|   -7.323570|   -4.773907|
|        2694|  -10.128598|   -7.043460|   -7.324105|   -4.776084|
|        2695|  -10.129655|   -7.047619|   -7.324728|   -4.778087|
|        2696|  -10.130594|   -7.051764|   -7.325443|   -4.779920|
|        2697|  -10.131449|   -7.055889|   -7.326254|   -4.781604|
|        2698|  -10.130007|   -7.059258|   -7.326350|   -4.779889|
|        2699|  -10.129564|   -7.062675|   -7.326542|   -4.779638|
|        2700|  -10.130077|   -7.066220|   -7.326940|   -4.780795|
+-----------------------------------------------------------------------+
|        File Writing Summary       |              Filename             |
+-----------------------------------------------------------------------+
|SU2 binary restart                 |restart_flow.dat                   |

Writing the forces breakdown file (forces_breakdown.dat).
+-----------------------------------------------------------------------+
+----------------------------------------------------------------+
|  Inner_Iter|    rms[Rho]|   rms[RhoU]|   rms[RhoV]|   rms[RhoE]|
+----------------------------------------------------------------+
|        2701|  -10.131067|   -7.069864|   -7.327559|   -4.782641|
|        2702|  -10.132073|   -7.073539|   -7.328338|   -4.784463|
|        2703|  -10.133022|   -7.077198|   -7.329197|   -4.786139|
|        2704|  -10.134013|   -7.080838|   -7.330109|   -4.787813|
|        2705|  -10.135149|   -7.084471|   -7.331079|   -4.789660|
|        2706|  -10.136393|   -7.088099|   -7.332128|   -4.791660|
|        2707|  -10.137630|   -7.091713|   -7.333259|   -4.793675|
|        2708|  -10.138735|   -7.095294|   -7.334471|   -4.795540|
|        2709|  -10.138552|   -7.098572|   -7.335396|   -4.795530|
|        2710|  -10.138743|   -7.101821|   -7.336376|   -4.796152|
+-----------------------------------------------------------------------+
|        File Writing Summary       |              Filename             |
+-----------------------------------------------------------------------+
|SU2 binary restart                 |restart_flow.dat                   |

Writing the forces breakdown file (forces_breakdown.dat).
+-----------------------------------------------------------------------+
+----------------------------------------------------------------+
|  Inner_Iter|    rms[Rho]|   rms[RhoU]|   rms[RhoV]|   rms[RhoE]|
+----------------------------------------------------------------+
|        2711|  -10.138246|   -7.104588|   -7.336977|   -4.795805|
|        2712|  -10.138262|   -7.107448|   -7.337695|   -4.796233|
|        2713|  -10.138575|   -7.110398|   -7.338542|   -4.797080|
|        2714|  -10.138997|   -7.113394|   -7.339483|   -4.798073|
|        2715|  -10.139443|   -7.116388|   -7.340478|   -4.799061|
|        2716|  -10.138799|   -7.119083|   -7.341131|   -4.798341|
|        2717|  -10.138803|   -7.121767|   -7.341828|   -4.798565|
|        2718|  -10.139427|   -7.124494|   -7.342658|   -4.799688|
|        2719|  -10.140314|   -7.127259|   -7.343643|   -4.801193|
|        2720|  -10.140112|   -7.129508|   -7.344248|   -4.801104|
+-----------------------------------------------------------------------+
|        File Writing Summary       |              Filename             |
+-----------------------------------------------------------------------+
|SU2 binary restart                 |restart_flow.dat                   |

Writing the forces breakdown file (forces_breakdown.dat).
+-----------------------------------------------------------------------+
+----------------------------------------------------------------+
|  Inner_Iter|    rms[Rho]|   rms[RhoU]|   rms[RhoV]|   rms[RhoE]|
+----------------------------------------------------------------+
|        2721|  -10.140095|   -7.131812|   -7.344984|   -4.801338|
|        2722|  -10.139103|   -7.133916|   -7.345489|   -4.800147|
|        2723|  -10.138669|   -7.136114|   -7.346158|   -4.799894|
|        2724|  -10.138600|   -7.138417|   -7.347028|   -4.800254|
|        2725|  -10.138637|   -7.140796|   -7.348060|   -4.800776|
|        2726|  -10.138656|   -7.143204|   -7.349198|   -4.801227|
|        2727|  -10.138716|   -7.145622|   -7.350395|   -4.801640|
|        2728|  -10.138919|   -7.148031|   -7.351632|   -4.802125|
|        2729|  -10.139358|   -7.150426|   -7.352902|   -4.802821|
|        2730|  -10.140036|   -7.152795|   -7.354195|   -4.803749|
+-----------------------------------------------------------------------+
|        File Writing Summary       |              Filename             |
+-----------------------------------------------------------------------+
|SU2 binary restart                 |restart_flow.dat                   |

Writing the forces breakdown file (forces_breakdown.dat).
+-----------------------------------------------------------------------+
+----------------------------------------------------------------+
|  Inner_Iter|    rms[Rho]|   rms[RhoU]|   rms[RhoV]|   rms[RhoE]|
+----------------------------------------------------------------+
|        2731|  -10.138808|   -7.154302|   -7.354547|   -4.801713|
|        2732|  -10.138599|   -7.155876|   -7.354980|   -4.801164|
|        2733|  -10.139299|   -7.157605|   -7.355640|   -4.801967|
|        2734|  -10.140442|   -7.159471|   -7.356549|   -4.803470|
|        2735|  -10.141624|   -7.161410|   -7.357684|   -4.805078|
|        2736|  -10.141542|   -7.163075|   -7.358567|   -4.804802|
|        2737|  -10.141905|   -7.164791|   -7.359627|   -4.805227|
|        2738|  -10.141755|   -7.166068|   -7.360371|   -4.804897|
|        2739|  -10.142146|   -7.167527|   -7.361439|   -4.805299|
|        2740|  -10.142859|   -7.169146|   -7.362840|   -4.806134|
+-----------------------------------------------------------------------+
|        File Writing Summary       |              Filename             |
+-----------------------------------------------------------------------+
|SU2 binary restart                 |restart_flow.dat                   |

Writing the forces breakdown file (forces_breakdown.dat).
+-----------------------------------------------------------------------+
+----------------------------------------------------------------+
|  Inner_Iter|    rms[Rho]|   rms[RhoU]|   rms[RhoV]|   rms[RhoE]|
+----------------------------------------------------------------+
|        2741|  -10.142513|   -7.170543|   -7.364087|   -4.805320|
|        2742|  -10.142715|   -7.171999|   -7.365607|   -4.805344|
|        2743|  -10.142460|   -7.172976|   -7.366825|   -4.804666|
|        2744|  -10.142914|   -7.174120|   -7.368400|   -4.804913|
|        2745|  -10.143918|   -7.175424|   -7.370330|   -4.805856|
|        2746|  -10.144062|   -7.176494|   -7.372115|   -4.805383|
|        2747|  -10.144827|   -7.177624|   -7.374214|   -4.805819|
|        2748|  -10.145133|   -7.178241|   -7.376037|   -4.805525|
|        2749|  -10.146088|   -7.179018|   -7.378276|   -4.806092|
|        2750|  -10.147506|   -7.179939|   -7.380933|   -4.807246|
+-----------------------------------------------------------------------+
|        File Writing Summary       |              Filename             |
+-----------------------------------------------------------------------+
|SU2 binary restart                 |restart_flow.dat                   |

Writing the forces breakdown file (forces_breakdown.dat).
|Paraview                           |flow.vtu                           |

Writing the forces breakdown file (forces_breakdown.dat).
|Paraview surface                   |surface_flow.vtu                   |

Writing the forces breakdown file (forces_breakdown.dat).
|CSV file                           |surface_flow.csv                   |

Writing the forces breakdown file (forces_breakdown.dat).
+-----------------------------------------------------------------------+
+----------------------------------------------------------------+
|  Inner_Iter|    rms[Rho]|   rms[RhoU]|   rms[RhoV]|   rms[RhoE]|
+----------------------------------------------------------------+
|        2751|  -10.147994|   -7.180593|   -7.383485|   -4.806873|
|        2752|  -10.149079|   -7.181282|   -7.386390|   -4.807328|
|        2753|  -10.149691|   -7.181398|   -7.389020|   -4.806981|
|        2754|  -10.150984|   -7.181640|   -7.392060|   -4.807494|
|        2755|  -10.152798|   -7.181983|   -7.395524|   -4.808646|
|        2756|  -10.153759|   -7.181987|   -7.398880|   -4.808315|
|        2757|  -10.155374|   -7.181973|   -7.402577|   -4.808846|
|        2758|  -10.156517|   -7.181285|   -7.405962|   -4.808505|
|        2759|  -10.158318|   -7.180675|   -7.409761|   -4.809007|
|        2760|  -10.160600|   -7.180128|   -7.414001|   -4.810114|
+-----------------------------------------------------------------------+
|        File Writing Summary       |              Filename             |
+-----------------------------------------------------------------------+
|SU2 binary restart                 |restart_flow.dat                   |

Writing the forces breakdown file (forces_breakdown.dat).
+-----------------------------------------------------------------------+
+----------------------------------------------------------------+
|  Inner_Iter|    rms[Rho]|   rms[RhoU]|   rms[RhoV]|   rms[RhoE]|
+----------------------------------------------------------------+
|        2761|  -10.161956|   -7.179179|   -7.418143|   -4.809648|
|        2762|  -10.163854|   -7.178170|   -7.422622|   -4.809866|
|        2763|  -10.165179|   -7.176404|   -7.426744|   -4.808999|
|        2764|  -10.167128|   -7.174692|   -7.431249|   -4.808956|
|        2765|  -10.169540|   -7.173016|   -7.436166|   -4.809495|
|        2766|  -10.171050|   -7.170886|   -7.440938|   -4.808449|
|        2767|  -10.173124|   -7.168664|   -7.445978|   -4.808034|
|        2768|  -10.174633|   -7.165605|   -7.450511|   -4.806462|
|        2769|  -10.176828|   -7.162591|   -7.455316|   -4.805803|
|        2770|  -10.179563|   -7.159614|   -7.460439|   -4.805853|
+-----------------------------------------------------------------------+
|        File Writing Summary       |              Filename             |
+-----------------------------------------------------------------------+
|SU2 binary restart                 |restart_flow.dat                   |

Writing the forces breakdown file (forces_breakdown.dat).
+-----------------------------------------------------------------------+
+----------------------------------------------------------------+
|  Inner_Iter|    rms[Rho]|   rms[RhoU]|   rms[RhoV]|   rms[RhoE]|
+----------------------------------------------------------------+
|        2771|  -10.181410|   -7.156176|   -7.465339|   -4.804332|
|        2772|  -10.183830|   -7.152648|   -7.470382|   -4.803409|
|        2773|  -10.185591|   -7.148263|   -7.474751|   -4.801149|
|        2774|  -10.188054|   -7.143964|   -7.479265|   -4.799930|
|        2775|  -10.191037|   -7.139766|   -7.484034|   -4.799467|
|        2776|  -10.193066|   -7.135161|   -7.488511|   -4.797411|
|        2777|  -10.195636|   -7.130523|   -7.493019|   -4.795901|
|        2778|  -10.197379|   -7.125071|   -7.496726|   -4.792858|
|        2779|  -10.199841|   -7.119796|   -7.500435|   -4.790991|
|        2780|  -10.202849|   -7.114721|   -7.504330|   -4.790005|
+-----------------------------------------------------------------------+
|        File Writing Summary       |              Filename             |
+-----------------------------------------------------------------------+
|SU2 binary restart                 |restart_flow.dat                   |

Writing the forces breakdown file (forces_breakdown.dat).
+-----------------------------------------------------------------------+
+----------------------------------------------------------------+
|  Inner_Iter|    rms[Rho]|   rms[RhoU]|   rms[RhoV]|   rms[RhoE]|
+----------------------------------------------------------------+
|        2781|  -10.204877|   -7.109337|   -7.507889|   -4.787477|
|        2782|  -10.207428|   -7.104008|   -7.511370|   -4.785446|
|        2783|  -10.209028|   -7.097942|   -7.513887|   -4.781791|
|        2784|  -10.211474|   -7.092161|   -7.516286|   -4.779537|
|        2785|  -10.214547|   -7.086688|   -7.518801|   -4.778315|
|        2786|  -10.216597|   -7.081016|   -7.520967|   -4.775595|
|        2787|  -10.219213|   -7.075490|   -7.522955|   -4.773418|
|        2788|  -10.222068|   -7.070013|   -7.524653|   -4.771464|
|        2789|  -10.225399|   -7.064800|   -7.526247|   -4.770203|
|        2790|  -10.228922|   -7.059826|   -7.527781|   -4.769229|
+-----------------------------------------------------------------------+
|        File Writing Summary       |              Filename             |
+-----------------------------------------------------------------------+
|SU2 binary restart                 |restart_flow.dat                   |

Writing the forces breakdown file (forces_breakdown.dat).
+-----------------------------------------------------------------------+
+----------------------------------------------------------------+
|  Inner_Iter|    rms[Rho]|   rms[RhoU]|   rms[RhoV]|   rms[RhoE]|
+----------------------------------------------------------------+
|        2791|  -10.231171|   -7.054658|   -7.528818|   -4.766613|
|        2792|  -10.233974|   -7.049686|   -7.529596|   -4.764713|
|        2793|  -10.237462|   -7.045005|   -7.530292|   -4.763816|
|        2794|  -10.241240|   -7.040608|   -7.530983|   -4.763358|
|        2795|  -10.244978|   -7.036436|   -7.531596|   -4.762837|
|        2796|  -10.247274|   -7.032100|   -7.531745|   -4.760627|
|        2797|  -10.250173|   -7.027992|   -7.531669|   -4.759281|
|        2798|  -10.253831|   -7.024215|   -7.531588|   -4.759072|
|        2799|  -10.257775|   -7.020755|   -7.531603|   -4.759351|
|        2800|  -10.261618|   -7.017537|   -7.531642|   -4.759518|
+-----------------------------------------------------------------------+
|        File Writing Summary       |              Filename             |
+-----------------------------------------------------------------------+
|SU2 binary restart                 |restart_flow.dat                   |

Writing the forces breakdown file (forces_breakdown.dat).
+-----------------------------------------------------------------------+
+----------------------------------------------------------------+
|  Inner_Iter|    rms[Rho]|   rms[RhoU]|   rms[RhoV]|   rms[RhoE]|
+----------------------------------------------------------------+
|        2801|  -10.263888|   -7.014204|   -7.531376|   -4.758030|
|        2802|  -10.266847|   -7.011119|   -7.530985|   -4.757470|
|        2803|  -10.270544|   -7.008380|   -7.530714|   -4.758030|
|        2804|  -10.274526|   -7.005969|   -7.530611|   -4.759101|
|        2805|  -10.278343|   -7.003813|   -7.530611|   -4.760059|
|        2806|  -10.280459|   -7.001568|   -7.530438|   -4.759381|
|        2807|  -10.283289|   -6.999573|   -7.530226|   -4.759645|
|        2808|  -10.286888|   -6.997921|   -7.530204|   -4.761039|
|        2809|  -10.290725|   -6.996586|   -7.530405|   -4.762900|
|        2810|  -10.294295|   -6.995500|   -7.530756|   -4.764598|
+-----------------------------------------------------------------------+
|        File Writing Summary       |              Filename             |
+-----------------------------------------------------------------------+
|SU2 binary restart                 |restart_flow.dat                   |

Writing the forces breakdown file (forces_breakdown.dat).
+-----------------------------------------------------------------------+
+----------------------------------------------------------------+
|  Inner_Iter|    rms[Rho]|   rms[RhoU]|   rms[RhoV]|   rms[RhoE]|
+----------------------------------------------------------------+
|        2811|  -10.296105|   -6.994338|   -7.531002|   -4.764722|
|        2812|  -10.298645|   -6.993415|   -7.531280|   -4.765780|
|        2813|  -10.302000|   -6.992815|   -7.531768|   -4.767962|
|        2814|  -10.305514|   -6.992514|   -7.532490|   -4.770539|
|        2815|  -10.308717|   -6.992439|   -7.533362|   -4.772954|
|        2816|  -10.310086|   -6.992294|   -7.534190|   -4.773807|
|        2817|  -10.312246|   -6.992364|   -7.535084|   -4.775591|
|        2818|  -10.315239|   -6.992734|   -7.536178|   -4.778478|
|        2819|  -10.318318|   -6.993376|   -7.537495|   -4.781699|
|        2820|  -10.321049|   -6.994222|   -7.538954|   -4.784714|
+-----------------------------------------------------------------------+
|        File Writing Summary       |              Filename             |
+-----------------------------------------------------------------------+
|SU2 binary restart                 |restart_flow.dat                   |

Writing the forces breakdown file (forces_breakdown.dat).
+-----------------------------------------------------------------------+
+----------------------------------------------------------------+
|  Inner_Iter|    rms[Rho]|   rms[RhoU]|   rms[RhoV]|   rms[RhoE]|
+----------------------------------------------------------------+
|        2821|  -10.321928|   -6.994990|   -7.540365|   -4.786197|
|        2822|  -10.323674|   -6.995950|   -7.541852|   -4.788644|
|        2823|  -10.326210|   -6.997183|   -7.543546|   -4.792115|
|        2824|  -10.328824|   -6.998660|   -7.545432|   -4.795873|
|        2825|  -10.331088|   -7.000312|   -7.547445|   -4.799414|
|        2826|  -10.331469|   -7.001880|   -7.549387|   -4.801422|
|        2827|  -10.332749|   -7.003614|   -7.551399|   -4.804361|
|        2828|  -10.334849|   -7.005592|   -7.553601|   -4.808312|
|        2829|  -10.337000|   -7.007785|   -7.555975|   -4.812484|
|        2830|  -10.338814|   -7.010130|   -7.558429|   -4.816429|
+-----------------------------------------------------------------------+
|        File Writing Summary       |              Filename             |
+-----------------------------------------------------------------------+
|SU2 binary restart                 |restart_flow.dat                   |

Writing the forces breakdown file (forces_breakdown.dat).
+-----------------------------------------------------------------------+
+----------------------------------------------------------------+
|  Inner_Iter|    rms[Rho]|   rms[RhoU]|   rms[RhoV]|   rms[RhoE]|
+----------------------------------------------------------------+
|        2831|  -10.338769|   -7.012376|   -7.560784|   -4.818826|
|        2832|  -10.339660|   -7.014767|   -7.563233|   -4.822170|
|        2833|  -10.341368|   -7.017373|   -7.565839|   -4.826460|
|        2834|  -10.343127|   -7.020167|   -7.568568|   -4.830940|
|        2835|  -10.344548|   -7.023090|   -7.571379|   -4.835162|
|        2836|  -10.344170|   -7.025899|   -7.574040|   -4.837842|
|        2837|  -10.344747|   -7.028832|   -7.576759|   -4.841446|
|        2838|  -10.346143|   -7.031954|   -7.579622|   -4.845968|
|        2839|  -10.347588|   -7.035240|   -7.582598|   -4.850633|
|        2840|  -10.348729|   -7.038634|   -7.585616|   -4.855030|
+-----------------------------------------------------------------------+
|        File Writing Summary       |              Filename             |
+-----------------------------------------------------------------------+
|SU2 binary restart                 |restart_flow.dat                   |

Writing the forces breakdown file (forces_breakdown.dat).
+-----------------------------------------------------------------------+
+----------------------------------------------------------------+
|  Inner_Iter|    rms[Rho]|   rms[RhoU]|   rms[RhoV]|   rms[RhoE]|
+----------------------------------------------------------------+
|        2841|  -10.349673|   -7.042111|   -7.588666|   -4.859246|
|        2842|  -10.349053|   -7.045467|   -7.591528|   -4.862111|
|        2843|  -10.349500|   -7.048938|   -7.594464|   -4.866027|
|        2844|  -10.350690|   -7.052575|   -7.597514|   -4.870734|
|        2845|  -10.351878|   -7.056341|   -7.600626|   -4.875457|
|        2846|  -10.352806|   -7.060188|   -7.603757|   -4.879876|
|        2847|  -10.353612|   -7.064100|   -7.606906|   -4.884177|
|        2848|  -10.354489|   -7.068090|   -7.610113|   -4.888570|
|        2849|  -10.355479|   -7.072162|   -7.613368|   -4.893108|
|        2850|  -10.356496|   -7.076312|   -7.616677|   -4.897662|
+-----------------------------------------------------------------------+
|        File Writing Summary       |              Filename             |
+-----------------------------------------------------------------------+
|SU2 binary restart                 |restart_flow.dat                   |

Writing the forces breakdown file (forces_breakdown.dat).
+-----------------------------------------------------------------------+
+----------------------------------------------------------------+
|  Inner_Iter|    rms[Rho]|   rms[RhoU]|   rms[RhoV]|   rms[RhoE]|
+----------------------------------------------------------------+
|        2851|  -10.355907|   -7.080328|   -7.619641|   -4.900620|
|        2852|  -10.356272|   -7.084422|   -7.622625|   -4.904485|
|        2853|  -10.357390|   -7.088644|   -7.625683|   -4.909096|
|        2854|  -10.358631|   -7.092971|   -7.628801|   -4.913796|
|        2855|  -10.359740|   -7.097359|   -7.631935|   -4.918307|
|        2856|  -10.360778|   -7.101795|   -7.635075|   -4.922682|
|        2857|  -10.361908|   -7.106287|   -7.638259|   -4.927135|
|        2858|  -10.363115|   -7.110837|   -7.641513|   -4.931615|
|        2859|  -10.364366|   -7.115445|   -7.644767|   -4.936063|
|        2860|  -10.365661|   -7.120105|   -7.648027|   -4.940483|
+-----------------------------------------------------------------------+
|        File Writing Summary       |              Filename             |
+-----------------------------------------------------------------------+
|SU2 binary restart                 |restart_flow.dat                   |

Writing the forces breakdown file (forces_breakdown.dat).
+-----------------------------------------------------------------------+
+----------------------------------------------------------------+
|  Inner_Iter|    rms[Rho]|   rms[RhoU]|   rms[RhoV]|   rms[RhoE]|
+----------------------------------------------------------------+
|        2861|  -10.366964|   -7.124811|   -7.651308|   -4.944827|
|        2862|  -10.367674|   -7.129477|   -7.654364|   -4.948448|
|        2863|  -10.368878|   -7.134195|   -7.657427|   -4.952544|
|        2864|  -10.370429|   -7.138981|   -7.660539|   -4.956954|
|        2865|  -10.372088|   -7.143824|   -7.663678|   -4.961417|
|        2866|  -10.373727|   -7.148708|   -7.666820|   -4.965765|
|        2867|  -10.375405|   -7.153626|   -7.669955|   -4.970070|
|        2868|  -10.377128|   -7.158578|   -7.673111|   -4.974331|
|        2869|  -10.378932|   -7.163568|   -7.676271|   -4.978578|
|        2870|  -10.380801|   -7.168591|   -7.679409|   -4.982791|
+-----------------------------------------------------------------------+
|        File Writing Summary       |              Filename             |
+-----------------------------------------------------------------------+
|SU2 binary restart                 |restart_flow.dat                   |

Writing the forces breakdown file (forces_breakdown.dat).
+-----------------------------------------------------------------------+
+----------------------------------------------------------------+
|  Inner_Iter|    rms[Rho]|   rms[RhoU]|   rms[RhoV]|   rms[RhoE]|
+----------------------------------------------------------------+
|        2871|  -10.382712|   -7.173642|   -7.682531|   -4.986956|
|        2872|  -10.384673|   -7.178723|   -7.685652|   -4.991080|
|        2873|  -10.386722|   -7.183828|   -7.688737|   -4.995212|
|        2874|  -10.388831|   -7.188956|   -7.691829|   -4.999328|
|        2875|  -10.391013|   -7.194107|   -7.694895|   -5.003436|
|        2876|  -10.393250|   -7.199280|   -7.697925|   -5.007523|
|        2877|  -10.395542|   -7.204469|   -7.700948|   -5.011556|
|        2878|  -10.397862|   -7.209677|   -7.703941|   -5.015534|
|        2879|  -10.400269|   -7.214901|   -7.706897|   -5.019512|
|        2880|  -10.402705|   -7.220136|   -7.709819|   -5.023433|
+-----------------------------------------------------------------------+
|        File Writing Summary       |              Filename             |
+-----------------------------------------------------------------------+
|SU2 binary restart                 |restart_flow.dat                   |

Writing the forces breakdown file (forces_breakdown.dat).
+-----------------------------------------------------------------------+
+----------------------------------------------------------------+
|  Inner_Iter|    rms[Rho]|   rms[RhoU]|   rms[RhoV]|   rms[RhoE]|
+----------------------------------------------------------------+
|        2881|  -10.405191|   -7.225386|   -7.712718|   -5.027326|
|        2882|  -10.407707|   -7.230645|   -7.715595|   -5.031162|
|        2883|  -10.410282|   -7.235914|   -7.718444|   -5.034987|
|        2884|  -10.412887|   -7.241192|   -7.721247|   -5.038770|
|        2885|  -10.415522|   -7.246474|   -7.724049|   -5.042508|
|        2886|  -10.418228|   -7.251764|   -7.726790|   -5.046228|
|        2887|  -10.420967|   -7.257055|   -7.729520|   -5.049919|
|        2888|  -10.423733|   -7.262351|   -7.732210|   -5.053583|
|        2889|  -10.426540|   -7.267648|   -7.734878|   -5.057207|
|        2890|  -10.429372|   -7.272949|   -7.737522|   -5.060800|
+-----------------------------------------------------------------------+
|        File Writing Summary       |              Filename             |
+-----------------------------------------------------------------------+
|SU2 binary restart                 |restart_flow.dat                   |

Writing the forces breakdown file (forces_breakdown.dat).
+-----------------------------------------------------------------------+
+----------------------------------------------------------------+
|  Inner_Iter|    rms[Rho]|   rms[RhoU]|   rms[RhoV]|   rms[RhoE]|
+----------------------------------------------------------------+
|        2891|  -10.432220|   -7.278248|   -7.740137|   -5.064346|
|        2892|  -10.435111|   -7.283548|   -7.742729|   -5.067878|
|        2893|  -10.438015|   -7.288847|   -7.745311|   -5.071363|
|        2894|  -10.440941|   -7.294146|   -7.747874|   -5.074825|
|        2895|  -10.443892|   -7.299445|   -7.750431|   -5.078256|
|        2896|  -10.446856|   -7.304744|   -7.752970|   -5.081656|
|        2897|  -10.449847|   -7.310040|   -7.755508|   -5.085035|
|        2898|  -10.452849|   -7.315335|   -7.758032|   -5.088381|
|        2899|  -10.455881|   -7.320628|   -7.760550|   -5.091721|
|        2900|  -10.458928|   -7.325919|   -7.763073|   -5.095034|
+-----------------------------------------------------------------------+
|        File Writing Summary       |              Filename             |
+-----------------------------------------------------------------------+
|SU2 binary restart                 |restart_flow.dat                   |

Writing the forces breakdown file (forces_breakdown.dat).
+-----------------------------------------------------------------------+
+----------------------------------------------------------------+
|  Inner_Iter|    rms[Rho]|   rms[RhoU]|   rms[RhoV]|   rms[RhoE]|
+----------------------------------------------------------------+
|        2901|  -10.461977|   -7.331213|   -7.765579|   -5.098305|
|        2902|  -10.465072|   -7.336503|   -7.768098|   -5.101597|
|        2903|  -10.468171|   -7.341793|   -7.770628|   -5.104872|
|        2904|  -10.471274|   -7.347084|   -7.773175|   -5.108126|
|        2905|  -10.474390|   -7.352374|   -7.775713|   -5.111349|
|        2906|  -10.477541|   -7.357668|   -7.778283|   -5.114578|
|        2907|  -10.480697|   -7.362960|   -7.780871|   -5.117809|
|        2908|  -10.483854|   -7.368254|   -7.783471|   -5.121003|
|        2909|  -10.487026|   -7.373551|   -7.786100|   -5.124182|
|        2910|  -10.490216|   -7.378848|   -7.788755|   -5.127365|
+-----------------------------------------------------------------------+
|        File Writing Summary       |              Filename             |
+-----------------------------------------------------------------------+
|SU2 binary restart                 |restart_flow.dat                   |

Writing the forces breakdown file (forces_breakdown.dat).
+-----------------------------------------------------------------------+
+----------------------------------------------------------------+
|  Inner_Iter|    rms[Rho]|   rms[RhoU]|   rms[RhoV]|   rms[RhoE]|
+----------------------------------------------------------------+
|        2911|  -10.493434|   -7.384148|   -7.791432|   -5.130568|
|        2912|  -10.496681|   -7.389451|   -7.794137|   -5.133772|
|        2913|  -10.499925|   -7.394753|   -7.796872|   -5.136955|
|        2914|  -10.503187|   -7.400061|   -7.799636|   -5.140136|
|        2915|  -10.506466|   -7.405368|   -7.802438|   -5.143331|
|        2916|  -10.509769|   -7.410681|   -7.805282|   -5.146523|
|        2917|  -10.513086|   -7.415991|   -7.808165|   -5.149709|
|        2918|  -10.516432|   -7.421307|   -7.811088|   -5.152922|
|        2919|  -10.519777|   -7.426619|   -7.814041|   -5.156120|
|        2920|  -10.523161|   -7.431935|   -7.817041|   -5.159340|
+-----------------------------------------------------------------------+
|        File Writing Summary       |              Filename             |
+-----------------------------------------------------------------------+
|SU2 binary restart                 |restart_flow.dat                   |

Writing the forces breakdown file (forces_breakdown.dat).
+-----------------------------------------------------------------------+
+----------------------------------------------------------------+
|  Inner_Iter|    rms[Rho]|   rms[RhoU]|   rms[RhoV]|   rms[RhoE]|
+----------------------------------------------------------------+
|        2921|  -10.526569|   -7.437250|   -7.820088|   -5.162574|
|        2922|  -10.529984|   -7.442563|   -7.823186|   -5.165782|
|        2923|  -10.533434|   -7.447871|   -7.826324|   -5.169030|
|        2924|  -10.536905|   -7.453180|   -7.829516|   -5.172277|
|        2925|  -10.540405|   -7.458483|   -7.832743|   -5.175541|
|        2926|  -10.543905|   -7.463778|   -7.836029|   -5.178787|
|        2927|  -10.547461|   -7.469063|   -7.839373|   -5.182083|
|        2928|  -10.551032|   -7.474342|   -7.842763|   -5.185382|
|        2929|  -10.554653|   -7.479611|   -7.846202|   -5.188713|
|        2930|  -10.558247|   -7.484862|   -7.849699|   -5.191985|
+-----------------------------------------------------------------------+
|        File Writing Summary       |              Filename             |
+-----------------------------------------------------------------------+
|SU2 binary restart                 |restart_flow.dat                   |

Writing the forces breakdown file (forces_breakdown.dat).
+-----------------------------------------------------------------------+
+----------------------------------------------------------------+
|  Inner_Iter|    rms[Rho]|   rms[RhoU]|   rms[RhoV]|   rms[RhoE]|
+----------------------------------------------------------------+
|        2931|  -10.561903|   -7.490098|   -7.853273|   -5.195305|
|        2932|  -10.565580|   -7.495314|   -7.856875|   -5.198655|
|        2933|  -10.569305|   -7.500513|   -7.860544|   -5.202032|
|        2934|  -10.573051|   -7.505685|   -7.864275|   -5.205400|
|        2935|  -10.576816|   -7.510829|   -7.868056|   -5.208767|
|        2936|  -10.580620|   -7.515944|   -7.871909|   -5.212166|
|        2937|  -10.584448|   -7.521025|   -7.875813|   -5.215554|
|        2938|  -10.588315|   -7.526072|   -7.879775|   -5.218969|
|        2939|  -10.592220|   -7.531074|   -7.883782|   -5.222410|
|        2940|  -10.596132|   -7.536036|   -7.887878|   -5.225819|
+-----------------------------------------------------------------------+
|        File Writing Summary       |              Filename             |
+-----------------------------------------------------------------------+
|SU2 binary restart                 |restart_flow.dat                   |

Writing the forces breakdown file (forces_breakdown.dat).
+-----------------------------------------------------------------------+
+----------------------------------------------------------------+
|  Inner_Iter|    rms[Rho]|   rms[RhoU]|   rms[RhoV]|   rms[RhoE]|
+----------------------------------------------------------------+
|        2941|  -10.600101|   -7.540949|   -7.892017|   -5.229268|
|        2942|  -10.604130|   -7.545811|   -7.896215|   -5.232767|
|        2943|  -10.608169|   -7.550615|   -7.900473|   -5.236249|
|        2944|  -10.612224|   -7.555358|   -7.904797|   -5.239706|
|        2945|  -10.616314|   -7.560038|   -7.909163|   -5.243191|
|        2946|  -10.620433|   -7.564650|   -7.913624|   -5.246665|
|        2947|  -10.624616|   -7.569188|   -7.918116|   -5.250187|
|        2948|  -10.628802|   -7.573647|   -7.922676|   -5.253671|
|        2949|  -10.633039|   -7.578027|   -7.927279|   -5.257195|
|        2950|  -10.637328|   -7.582317|   -7.931947|   -5.260740|
+-----------------------------------------------------------------------+
|        File Writing Summary       |              Filename             |
+-----------------------------------------------------------------------+
|SU2 binary restart                 |restart_flow.dat                   |

Writing the forces breakdown file (forces_breakdown.dat).
+-----------------------------------------------------------------------+
+----------------------------------------------------------------+
|  Inner_Iter|    rms[Rho]|   rms[RhoU]|   rms[RhoV]|   rms[RhoE]|
+----------------------------------------------------------------+
|        2951|  -10.641614|   -7.586520|   -7.936685|   -5.264243|
|        2952|  -10.645956|   -7.590626|   -7.941479|   -5.267771|
|        2953|  -10.650331|   -7.594633|   -7.946315|   -5.271294|
|        2954|  -10.654717|   -7.598541|   -7.951195|   -5.274788|
|        2955|  -10.659159|   -7.602335|   -7.956155|   -5.278336|
|        2956|  -10.663607|   -7.606025|   -7.961151|   -5.281833|
|        2957|  -10.668117|   -7.609598|   -7.966198|   -5.285378|
|        2958|  -10.672636|   -7.613051|   -7.971310|   -5.288875|
|        2959|  -10.677190|   -7.616388|   -7.976448|   -5.292369|
|        2960|  -10.681765|   -7.619600|   -7.981638|   -5.295863|
+-----------------------------------------------------------------------+
|        File Writing Summary       |              Filename             |
+-----------------------------------------------------------------------+
|SU2 binary restart                 |restart_flow.dat                   |

Writing the forces breakdown file (forces_breakdown.dat).
+-----------------------------------------------------------------------+
+----------------------------------------------------------------+
|  Inner_Iter|    rms[Rho]|   rms[RhoU]|   rms[RhoV]|   rms[RhoE]|
+----------------------------------------------------------------+
|        2961|  -10.686383|   -7.622692|   -7.986860|   -5.299369|
|        2962|  -10.691030|   -7.625653|   -7.992157|   -5.302855|
|        2963|  -10.695705|   -7.628488|   -7.997463|   -5.306335|
|        2964|  -10.700417|   -7.631188|   -8.002831|   -5.309822|
|        2965|  -10.705152|   -7.633759|   -8.008253|   -5.313291|
|        2966|  -10.709900|   -7.636201|   -8.013691|   -5.316749|
|        2967|  -10.714675|   -7.638511|   -8.019178|   -5.320194|
|        2968|  -10.719454|   -7.640687|   -8.024687|   -5.323578|
|        2969|  -10.724278|   -7.642732|   -8.030238|   -5.326983|
|        2970|  -10.729121|   -7.644648|   -8.035805|   -5.330381|
+-----------------------------------------------------------------------+
|        File Writing Summary       |              Filename             |
+-----------------------------------------------------------------------+
|SU2 binary restart                 |restart_flow.dat                   |

Writing the forces breakdown file (forces_breakdown.dat).
+-----------------------------------------------------------------------+
+----------------------------------------------------------------+
|  Inner_Iter|    rms[Rho]|   rms[RhoU]|   rms[RhoV]|   rms[RhoE]|
+----------------------------------------------------------------+
|        2971|  -10.733974|   -7.646435|   -8.041418|   -5.333748|
|        2972|  -10.738836|   -7.648091|   -8.047046|   -5.337079|
|        2973|  -10.743725|   -7.649624|   -8.052682|   -5.340420|
|        2974|  -10.748603|   -7.651035|   -8.058336|   -5.343712|
|        2975|  -10.753512|   -7.652331|   -8.064012|   -5.346977|
|        2976|  -10.758452|   -7.653510|   -8.069675|   -5.350275|
|        2977|  -10.763334|   -7.654575|   -8.075377|   -5.353466|
|        2978|  -10.768293|   -7.655520|   -8.081063|   -5.356697|
|        2979|  -10.773247|   -7.656368|   -8.086764|   -5.359933|
|        2980|  -10.778175|   -7.657113|   -8.092489|   -5.363073|
+-----------------------------------------------------------------------+
|        File Writing Summary       |              Filename             |
+-----------------------------------------------------------------------+
|SU2 binary restart                 |restart_flow.dat                   |

Writing the forces breakdown file (forces_breakdown.dat).
+-----------------------------------------------------------------------+
+----------------------------------------------------------------+
|  Inner_Iter|    rms[Rho]|   rms[RhoU]|   rms[RhoV]|   rms[RhoE]|
+----------------------------------------------------------------+
|        2981|  -10.783096|   -7.657759|   -8.098148|   -5.366188|
|        2982|  -10.788046|   -7.658313|   -8.103798|   -5.369307|
|        2983|  -10.792947|   -7.658781|   -8.109480|   -5.372365|
|        2984|  -10.797905|   -7.659162|   -8.115116|   -5.375431|
|        2985|  -10.802819|   -7.659465|   -8.120760|   -5.378475|
|        2986|  -10.807702|   -7.659696|   -8.126336|   -5.381455|
|        2987|  -10.812575|   -7.659858|   -8.131913|   -5.384425|
|        2988|  -10.817461|   -7.659950|   -8.137419|   -5.387387|
|        2989|  -10.822273|   -7.659983|   -8.142909|   -5.390241|
|        2990|  -10.827079|   -7.659966|   -8.148309|   -5.393101|
+-----------------------------------------------------------------------+
|        File Writing Summary       |              Filename             |
+-----------------------------------------------------------------------+
|SU2 binary restart                 |restart_flow.dat                   |

Writing the forces breakdown file (forces_breakdown.dat).
+-----------------------------------------------------------------------+
+----------------------------------------------------------------+
|  Inner_Iter|    rms[Rho]|   rms[RhoU]|   rms[RhoV]|   rms[RhoE]|
+----------------------------------------------------------------+
|        2991|  -10.831865|   -7.659899|   -8.153685|   -5.395933|
|        2992|  -10.836612|   -7.659785|   -8.158984|   -5.398720|
|        2993|  -10.841340|   -7.659638|   -8.164219|   -5.401498|
|        2994|  -10.845998|   -7.659458|   -8.169370|   -5.404198|
|        2995|  -10.850711|   -7.659239|   -8.174450|   -5.406966|
|        2996|  -10.855307|   -7.659001|   -8.179511|   -5.409676|
|        2997|  -10.859844|   -7.658736|   -8.184451|   -5.412287|

----------------------------- Solver Exit -------------------------------
All convergence criteria satisfied.
+-----------------------------------------------------------------------+
|      Convergence Field     |     Value    |   Criterion  |  Converged |
+-----------------------------------------------------------------------+
|                  Cauchy[CD]|   9.97579e-11|       < 1e-10|         Yes|
+-----------------------------------------------------------------------+
-------------------------------------------------------------------------
+-----------------------------------------------------------------------+
|        File Writing Summary       |              Filename             |
+-----------------------------------------------------------------------+
|SU2 binary restart                 |restart_flow.dat                   |

Writing the forces breakdown file (forces_breakdown.dat).
|Paraview                           |flow.vtu                           |

Writing the forces breakdown file (forces_breakdown.dat).
|Paraview surface                   |surface_flow.vtu                   |

Writing the forces breakdown file (forces_breakdown.dat).
|CSV file                           |surface_flow.csv                   |

Writing the forces breakdown file (forces_breakdown.dat).
+-----------------------------------------------------------------------+

--------------------------- Finalizing Solver ---------------------------
Deleted CNumerics container.
Deleted CIntegration container.
Deleted CSolver container.
Deleted CIteration container.
Deleted CInterface container.
Deleted CGeometry container.
Deleted CFreeFormDefBox class.
Deleted CSurfaceMovement class.
Deleted CVolumetricMovement class.
Deleted CConfig container.
Deleted nInst container.
Deleted COutput class.
-------------------------------------------------------------------------

------------------------- Exit Success (SU2_CFD) ------------------------

