"Time_Iter","Outer_Iter","Inner_Iter",    "rms[Rho]"    ,    "rms[RhoU]"   ,    "rms[RhoV]"   ,    "rms[RhoE]"   
          0,           0,           0,      -1.284604319,      0.6680754695,     0.01271880048,       4.161582363
          0,           0,           1,      -1.663043412,      0.6806461087,      0.9134386743,       3.795349618
          0,           0,           2,      -1.626774253,       0.830320541,      0.9020183751,       3.832117169
          0,           0,           3,      -1.628701939,      0.9291692044,      0.9766610606,       3.825201429
          0,           0,           4,      -1.598991679,      0.9610063297,      0.9798404533,       3.846264121
          0,           0,           5,      -1.573579625,      0.9452223551,      0.9522323238,       3.871374006
          0,           0,           6,      -1.561352463,      0.9246738304,      0.9421424251,       3.891214371
          0,           0,           7,      -1.566323885,      0.9100044354,      0.9672161338,       3.887940836
          0,           0,           8,      -1.564425978,      0.8973058564,      0.9795306639,       3.881181216
          0,           0,           9,      -1.560327389,      0.9048532649,      0.9679084819,       3.880997327
          0,           0,          10,      -1.562403288,       0.931348364,      0.9623361396,       3.884227216
          0,           0,          11,      -1.565752985,      0.9466535885,      0.9687746199,       3.883651171
          0,           0,          12,      -1.577394494,      0.9401400174,      0.9575781858,       3.865931901
          0,           0,          13,      -1.601806598,      0.9158902815,      0.9082506594,       3.833909583
          0,           0,          14,      -1.638747627,      0.8800211105,      0.8334895138,        3.79710373
          0,           0,          15,      -1.675615384,      0.8491456405,       0.775714359,         3.7680997
          0,           0,          16,      -1.714379055,      0.8353410033,      0.7647856931,        3.73763247
          0,           0,          17,      -1.747378009,      0.8414131621,      0.7879319904,       3.707268281
          0,           0,          18,      -1.767386998,      0.8545171524,      0.8124225736,       3.680464436
          0,           0,          19,      -1.777106855,      0.8579173995,      0.8170598624,       3.658093353
          0,           0,          20,      -1.786983441,      0.8461910747,       0.798746377,       3.638324608
          0,           0,          21,       -1.80660123,      0.8207369405,      0.7655146622,       3.614951475
          0,           0,          22,      -1.834600601,      0.7885433413,      0.7257783051,       3.587559741
          0,           0,          23,      -1.866685596,      0.7560641239,       0.681046672,       3.561182785
          0,           0,          24,      -1.900612749,      0.7271712657,      0.6370860416,       3.536008054
          0,           0,          25,      -1.932358313,      0.7048846481,       0.601524394,       3.513414385
          0,           0,          26,      -1.958894978,      0.6911477964,      0.5822051307,       3.493526692
          0,           0,          27,      -1.979665724,      0.6864185594,      0.5820314011,       3.474923345
          0,           0,          28,       -1.99519457,      0.6903867816,      0.5977180237,       3.456868827
          0,           0,          29,       -2.00759615,      0.6987672299,      0.6191457604,       3.437716233
          0,           0,          30,      -2.016933964,      0.7073887197,      0.6382267272,       3.419311374
          0,           0,          31,      -2.022475451,      0.7128754298,      0.6504907846,       3.405011572
          0,           0,          32,      -2.024348644,      0.7130730604,      0.6542271449,       3.397145909
          0,           0,          33,      -2.023402258,      0.7073517267,      0.6494291047,       3.396246107
          0,           0,          34,      -2.023901449,      0.6943690905,      0.6357162674,       3.397144227
          0,           0,          35,      -2.028221507,      0.6742135421,      0.6137584652,       3.396231088
          0,           0,          36,      -2.037549257,      0.6477730771,      0.5850094624,       3.391387521
          0,           0,          37,      -2.051986654,      0.6170579448,      0.5524518433,       3.382054457
          0,           0,          38,      -2.070416636,      0.5856713558,       0.521104099,       3.369590878
          0,           0,          39,      -2.091768801,      0.5590041674,      0.4985859003,       3.354315756
          0,           0,          40,       -2.11378855,      0.5419977966,      0.4899277523,       3.337672494
          0,           0,          41,      -2.133692034,      0.5364553128,      0.4942178609,       3.321263012
          0,           0,          42,      -2.149166755,      0.5398690541,      0.5053825545,       3.306338673
          0,           0,          43,      -2.158335874,       0.548564225,      0.5175474006,       3.294799352
          0,           0,          44,      -2.164128021,      0.5563624422,       0.524322524,       3.284011519
          0,           0,          45,      -2.169192535,      0.5598647377,      0.5230153359,       3.272834019
          0,           0,          46,      -2.175786867,      0.5576113368,      0.5128460094,       3.260588208
          0,           0,          47,      -2.185024138,      0.5494179445,      0.4941512367,       3.247415758
          0,           0,          48,      -2.196051702,      0.5363636939,       0.467846213,       3.235349015
          0,           0,          49,       -2.20863412,      0.5192279024,      0.4361814617,       3.224769125
          0,           0,          50,      -2.221170574,      0.5004426886,      0.4031333738,       3.217039083
          0,           0,          51,      -2.232494209,      0.4835812352,      0.3747417918,       3.212367478
          0,           0,          52,      -2.242510477,      0.4723929645,      0.3576872029,       3.209252647
          0,           0,          53,       -2.25076133,      0.4700208074,      0.3563016524,       3.206848031
          0,           0,          54,      -2.259693919,      0.4741703541,      0.3666394374,       3.200161114
          0,           0,          55,       -2.26939714,      0.4801994064,      0.3795362778,       3.187933478
          0,           0,          56,      -2.278774884,      0.4831522972,      0.3862763125,       3.171327069
          0,           0,          57,      -2.286386779,      0.4794872316,      0.3812836978,       3.153708425
          0,           0,          58,      -2.290485784,      0.4681127712,      0.3621381857,        3.14078645
          0,           0,          59,      -2.293770325,      0.4491806274,      0.3301796365,       3.133810947
          0,           0,          60,      -2.298766523,      0.4262751891,       0.292265771,       3.131772236
          0,           0,          61,      -2.307949117,      0.4047776707,      0.2604564607,       3.130359897
          0,           0,          62,      -2.322910588,      0.3895127491,      0.2458580426,       3.124356116
          0,           0,          63,      -2.343101744,      0.3827843668,      0.2495865173,       3.111295785
          0,           0,          64,      -2.368138503,      0.3812818435,      0.2589502136,       3.088092146
          0,           0,          65,      -2.395129887,      0.3800038168,      0.2611013957,       3.056984321
          0,           0,          66,      -2.420595749,      0.3752473964,      0.2495078016,       3.023690743
          0,           0,          67,      -2.441736203,      0.3657108326,      0.2236716802,        2.99583224
          0,           0,          68,      -2.456452354,      0.3525677415,      0.1877807802,       2.980465205
          0,           0,          69,      -2.466691312,      0.3375343112,      0.1519242979,       2.975641436
          0,           0,          70,      -2.474626431,      0.3231153881,      0.1274125116,       2.975352542
          0,           0,          71,      -2.483022645,      0.3110734678,      0.1191004744,       2.972790867
          0,           0,          72,      -2.494560526,       0.301626451,      0.1214164212,       2.963361432
          0,           0,          73,      -2.509887729,      0.2942601364,      0.1251117361,       2.946845507
          0,           0,          74,      -2.530185547,      0.2866508113,      0.1213108246,       2.922818616
          0,           0,          75,      -2.552417922,      0.2776424251,      0.1072366755,        2.89615908
          0,           0,          76,      -2.570711309,      0.2673376362,      0.0848341761,       2.874595727
          0,           0,          77,      -2.579508846,      0.2566933741,     0.05968789388,       2.864629126
          0,           0,          78,      -2.576190418,      0.2471952363,     0.03964533513,       2.868690283
          0,           0,          79,      -2.567890366,      0.2386051269,     0.03014151533,       2.877880135
          0,           0,          80,      -2.562290218,      0.2303067151,     0.03032796118,       2.884001123
          0,           0,          81,      -2.565130905,      0.2214476107,     0.03465579407,       2.881617837
          0,           0,          82,      -2.578742657,      0.2114093603,     0.03710004577,       2.868900032
          0,           0,          83,      -2.600934762,      0.2006672328,     0.03444682523,       2.848760156
          0,           0,          84,      -2.628288691,      0.1892956391,     0.02473792569,        2.82399225
          0,           0,          85,      -2.652733508,      0.1779340705,    0.009128312836,       2.801778394
          0,           0,          86,      -2.666864497,      0.1671946569,   -0.009203612323,       2.788422955
          0,           0,          87,      -2.669918222,      0.1572117802,    -0.02602056072,       2.784402291
          0,           0,          88,      -2.667184548,       0.147842287,    -0.03739025385,       2.785364038
          0,           0,          89,       -2.66831355,      0.1379477975,    -0.04266830322,       2.782439004
          0,           0,          90,      -2.678729548,      0.1268276365,     -0.0447588513,       2.770826233
          0,           0,          91,      -2.699385745,      0.1142338655,     -0.0484933454,       2.749894267
          0,           0,          92,      -2.726906939,      0.1004376662,    -0.05835617303,       2.723213331
          0,           0,          93,      -2.753352264,     0.08640407881,    -0.07651247121,       2.698808829
          0,           0,          94,      -2.771785343,     0.07333632414,     -0.1021698521,       2.682825726
          0,           0,          95,      -2.777609609,     0.06245933065,     -0.1301783464,       2.678525345
          0,           0,          96,      -2.773620544,     0.05448013033,     -0.1518794352,         2.6821184
          0,           0,          97,      -2.767531248,     0.04898500279,     -0.1599953364,       2.685893413
          0,           0,          98,      -2.765370937,     0.04461068914,     -0.1546205463,       2.684504063
          0,           0,          99,      -2.772865723,     0.03890658179,     -0.1446110513,       2.673148051
          0,           0,         100,      -2.790872843,      0.0299848451,     -0.1396760953,       2.652252545
          0,           0,         101,      -2.816693021,     0.01712604947,     -0.1456735456,       2.626179702
          0,           0,         102,       -2.84468141,    0.001074595378,     -0.1637977978,       2.601978656
          0,           0,         103,      -2.867206801,    -0.01592218452,     -0.1905627276,       2.586972156
          0,           0,         104,      -2.880927441,     -0.0312121516,     -0.2176253386,       2.580965134
          0,           0,         105,      -2.886720498,    -0.04271552509,     -0.2346233124,       2.579172246
          0,           0,         106,      -2.890188752,    -0.05012107973,      -0.236255705,        2.57451598
          0,           0,         107,      -2.897246251,    -0.05517648539,     -0.2275593793,       2.562015809
          0,           0,         108,      -2.909467528,     -0.0604183291,     -0.2188273125,       2.542185161
          0,           0,         109,      -2.928148472,    -0.06852083908,     -0.2200507478,       2.516510877
          0,           0,         110,      -2.949175957,    -0.08053181304,     -0.2362760978,       2.492291449
          0,           0,         111,      -2.966568666,    -0.09567314097,      -0.268036457,       2.477539983
          0,           0,         112,      -2.976820476,     -0.1115991757,     -0.3107766785,       2.474279877
          0,           0,         113,      -2.980827748,     -0.1251439321,     -0.3531740095,       2.477581091
          0,           0,         114,      -2.984687106,     -0.1342969028,     -0.3789516286,       2.477685785
          0,           0,         115,      -2.993839785,     -0.1391758232,     -0.3803534126,       2.468192906
          0,           0,         116,      -3.011271924,     -0.1419951748,     -0.3668515755,       2.446919147
          0,           0,         117,      -3.036686874,     -0.1458144344,     -0.3546114006,       2.415995764
          0,           0,         118,      -3.065462745,     -0.1528020514,     -0.3542091777,        2.38292642
          0,           0,         119,       -3.09540108,     -0.1640522424,     -0.3696786677,       2.353250554
          0,           0,         120,      -3.122122779,     -0.1785851989,     -0.3984473959,       2.332822316
          0,           0,         121,      -3.144008941,     -0.1939009016,     -0.4318077244,       2.320925648
          0,           0,         122,      -3.162747331,      -0.207228127,     -0.4570498136,        2.31125374
          0,           0,         123,      -3.178938505,     -0.2168619068,     -0.4652369363,       2.299364872
          0,           0,         124,      -3.193944922,     -0.2236357166,      -0.460802648,        2.28204034
          0,           0,         125,      -3.205354793,     -0.2298033729,     -0.4561508213,       2.262570191
          0,           0,         126,      -3.210109298,     -0.2376047098,     -0.4614038917,       2.247669204
          0,           0,         127,       -3.20852991,     -0.2481042719,     -0.4806484369,       2.241861046
          0,           0,         128,      -3.204327658,     -0.2607455917,     -0.5121070381,       2.244081519
          0,           0,         129,      -3.204741806,     -0.2741197197,     -0.5488027318,       2.246214772
          0,           0,         130,      -3.213589412,     -0.2864969257,     -0.5797178947,       2.242252852
          0,           0,         131,      -3.231868982,     -0.2968621699,     -0.5962369374,       2.229390008
          0,           0,         132,      -3.257406747,     -0.3054306447,     -0.5994346255,       2.208614344
          0,           0,         133,      -3.283684136,     -0.3130563554,     -0.5976000201,       2.185642497
          0,           0,         134,      -3.307852657,     -0.3211587585,     -0.5994419572,       2.162914605
          0,           0,         135,      -3.327528923,     -0.3304500587,     -0.6086617644,       2.143185697
          0,           0,         136,      -3.344450986,     -0.3408192985,     -0.6243236312,       2.125636919
          0,           0,         137,      -3.362796778,     -0.3517237197,     -0.6430970969,       2.106865825
          0,           0,         138,       -3.38381373,     -0.3625505043,     -0.6617177587,       2.085772445
          0,           0,         139,      -3.408178763,     -0.3735176315,     -0.6799182531,        2.06123376
          0,           0,         140,      -3.429948037,     -0.3849619769,     -0.6997914432,       2.038432592
          0,           0,         141,      -3.441562404,     -0.3971015497,     -0.7235206823,       2.024451493
          0,           0,         142,      -3.441129662,     -0.4097632069,     -0.7509680693,       2.021638961
          0,           0,         143,      -3.433726109,      -0.422240103,     -0.7783705866,       2.026052908
          0,           0,         144,      -3.430067996,       -0.43402134,     -0.8006895523,       2.027762225
          0,           0,         145,        -3.4368376,     -0.4447880568,     -0.8147649043,       2.020691414
          0,           0,         146,      -3.456510565,     -0.4546691244,     -0.8223397636,       2.003014653
          0,           0,         147,      -3.487610237,     -0.4641318384,     -0.8286888478,       1.976903687
          0,           0,         148,      -3.523945846,     -0.4734417925,     -0.8382313869,       1.948777329
          0,           0,         149,       -3.56096102,     -0.4829189498,     -0.8528823381,       1.921810212
          0,           0,         150,      -3.593184206,     -0.4924582635,     -0.8709071212,       1.898547589
          0,           0,         151,       -3.61972151,     -0.5017320929,     -0.8888424525,       1.877344106
          0,           0,         152,      -3.644055165,     -0.5105985867,     -0.9045074042,       1.854236217
          0,           0,         153,      -3.667803588,     -0.5191042034,     -0.9187198428,       1.828474304
          0,           0,         154,      -3.693774183,     -0.5280630604,     -0.9357039083,       1.798972746
          0,           0,         155,      -3.717331436,     -0.5379564107,     -0.9593088202,       1.771739907
          0,           0,         156,      -3.731780509,     -0.5487485954,     -0.9901418464,       1.754587617
          0,           0,         157,      -3.735529183,     -0.5598990687,      -1.024013395,       1.749645062
          0,           0,         158,      -3.733641749,     -0.5705742654,      -1.052569103,       1.751718636
          0,           0,         159,      -3.734519911,      -0.580237285,      -1.068343983,       1.752198242
          0,           0,         160,      -3.743633874,     -0.5887287149,      -1.071164097,       1.745918208
          0,           0,         161,       -3.76255555,     -0.5962871141,       -1.06804515,       1.731944398
          0,           0,         162,      -3.789627783,     -0.6033312834,      -1.066741007,       1.712410582
          0,           0,         163,      -3.821173953,     -0.6102073647,      -1.071200552,       1.690729836
          0,           0,         164,      -3.852983763,        -0.6170576,      -1.081187149,       1.669793691
          0,           0,         165,      -3.881929764,     -0.6238570538,      -1.093885791,       1.650807833
          0,           0,         166,      -3.906823195,     -0.6305558544,       -1.10618556,       1.633453128
          0,           0,         167,      -3.927840697,     -0.6372045765,      -1.116772266,        1.61706597
          0,           0,         168,      -3.945174172,     -0.6439643153,      -1.126702014,       1.601765682
          0,           0,         169,      -3.958320299,     -0.6510114982,      -1.138079976,        1.58865816
          0,           0,         170,      -3.966589855,     -0.6584224699,      -1.152112325,       1.579048569
          0,           0,         171,       -3.97014062,     -0.6661118726,      -1.167942765,       1.573361492
          0,           0,         172,      -3.970608683,     -0.6738735523,      -1.182865657,        1.57055268
          0,           0,         173,      -3.970797093,     -0.6814994251,      -1.193910791,       1.568455903
          0,           0,         174,       -3.97369676,     -0.6888963639,      -1.199932658,       1.564762747
          0,           0,         175,      -3.981492242,     -0.6961238478,        -1.2024303,       1.557964083
          0,           0,         176,      -3.994890928,     -0.7033330995,      -1.204303717,       1.547861342
          0,           0,         177,      -4.012799495,     -0.7106568339,      -1.207871961,       1.535568977
          0,           0,         178,      -4.032442351,     -0.7181273566,      -1.213740871,       1.523000395
          0,           0,         179,      -4.050250897,     -0.7256741925,      -1.220922827,       1.511922046
          0,           0,         180,      -4.063594285,     -0.7331940362,        -1.2278588,       1.503005743
          0,           0,         181,      -4.072337785,     -0.7406414339,       -1.23369069,       1.495551349
          0,           0,         182,      -4.078711013,     -0.7480769887,      -1.238927986,       1.488130952
          0,           0,         183,      -4.085532748,     -0.7556386505,      -1.245036647,        1.47962986
          0,           0,         184,      -4.094387497,     -0.7634588919,      -1.253369481,       1.469944497
          0,           0,         185,      -4.104929979,     -0.7715857157,      -1.264244873,       1.459955405
          0,           0,         186,      -4.115464895,     -0.7799582092,      -1.276667012,       1.450819929
          0,           0,         187,      -4.124355149,     -0.7884509512,      -1.288796709,       1.443056209
          0,           0,         188,      -4.131378926,      -0.796957294,      -1.298971502,       1.436090983
          0,           0,         189,      -4.138021808,     -0.8054575665,       -1.30667575,       1.428610709
          0,           0,         190,      -4.146509376,      -0.814028901,      -1.312731715,       1.419403477
          0,           0,         191,      -4.158420204,     -0.8227923289,      -1.318587051,       1.408091232
          0,           0,         192,      -4.173772516,     -0.8318348519,      -1.325337618,       1.395351528
          0,           0,         193,      -4.190913067,     -0.8411567333,       -1.33317351,       1.382550224
          0,           0,         194,      -4.207225639,     -0.8506726115,      -1.341472847,       1.370974569
          0,           0,         195,      -4.220447057,     -0.8602599272,      -1.349379257,       1.361120951
          0,           0,         196,      -4.229891352,     -0.8698232323,      -1.356472917,       1.352518152
          0,           0,         197,      -4.236655142,     -0.8793364384,      -1.363091302,       1.344172342
          0,           0,         198,      -4.242675557,     -0.8888396944,      -1.370102557,        1.33524493
          0,           0,         199,       -4.24952762,     -0.8983984182,      -1.378351177,       1.325487531
          0,           0,         200,      -4.257802846,     -0.9080554718,      -1.388169817,       1.315230002
          0,           0,         201,      -4.267215853,     -0.9178061165,      -1.399208521,        1.30501961
          0,           0,         202,      -4.277140441,     -0.9276070342,      -1.410619394,       1.295182534
          0,           0,         203,      -4.287171435,     -0.9374091743,      -1.421478448,       1.285598596
          0,           0,         204,      -4.297397234,     -0.9471913685,      -1.431220689,       1.275805912
          0,           0,         205,      -4.308274365,     -0.9569744811,      -1.439839843,       1.265317712
          0,           0,         206,      -4.320245091,     -0.9668087203,      -1.447760363,       1.253925121
          0,           0,         207,      -4.333362426,     -0.9767442747,      -1.455512524,       1.241819849
          0,           0,         208,      -4.347125368,     -0.9868040097,      -1.463445649,        1.22950275
          0,           0,         209,      -4.360584402,     -0.9969728929,      -1.471626782,       1.217557415
          0,           0,         210,      -4.372663037,      -1.007206701,      -1.479928245,       1.206421597
          0,           0,         211,      -4.382553437,      -1.017451866,      -1.488201679,       1.196271194
          0,           0,         212,      -4.390010425,      -1.027664531,      -1.496415747,        1.18704183
          0,           0,         213,      -4.395411961,      -1.037820019,      -1.504680009,       1.178526927
          0,           0,         214,      -4.399587094,      -1.047910509,      -1.513161208,       1.170468038
          0,           0,         215,      -4.403533562,      -1.057935885,      -1.521963764,       1.162595511
          0,           0,         216,      -4.408160916,      -1.067895186,      -1.531053263,       1.154634144
          0,           0,         217,       -4.41412642,      -1.077783701,      -1.540262046,        1.14631262
          0,           0,         218,      -4.421764195,      -1.087596153,      -1.549365386,       1.137399056
          0,           0,         219,      -4.431083917,      -1.097332425,       -1.55818093,       1.127753054
          0,           0,         220,       -4.44181662,      -1.107001467,      -1.566639755,       1.117366859
          0,           0,         221,      -4.453490212,      -1.116620893,      -1.574799617,       1.106374154
          0,           0,         222,      -4.465517069,       -1.12621241,      -1.582805268,       1.095024195
          0,           0,         223,      -4.477277678,      -1.135795537,      -1.590825264,       1.083634454
          0,           0,         224,       -4.48819247,      -1.145382375,      -1.598996584,       1.072538438
          0,           0,         225,      -4.497786017,      -1.154975267,      -1.607393306,       1.062038508
          0,           0,         226,      -4.505754251,      -1.164566913,      -1.616019085,        1.05236297
          0,           0,         227,      -4.512033432,      -1.174142014,      -1.624815309,       1.043624823
          0,           0,         228,      -4.516847779,      -1.183679773,      -1.633678345,       1.035786311
          0,           0,         229,      -4.520699382,      -1.193156595,      -1.642482672,       1.028644784
          0,           0,         230,      -4.524279475,      -1.202549332,      -1.651109642,       1.021861011
          0,           0,         231,       -4.52832088,      -1.211838864,      -1.659476684,        1.01502952
          0,           0,         232,      -4.533438628,      -1.221013125,      -1.667558174,       1.007773124
          0,           0,         233,       -4.54000707,      -1.230069002,      -1.675390329,      0.9998289866
          0,           0,         234,      -4.548100272,      -1.239012047,      -1.683057676,      0.9910996983
          0,           0,         235,      -4.557500032,      -1.247854455,      -1.690667517,      0.9816577415
          0,           0,         236,      -4.567760623,      -1.256612029,      -1.698323896,      0.9717093941
          0,           0,         237,      -4.578312197,      -1.265301344,        -1.7061102,      0.9615345397
          0,           0,         238,      -4.588576431,      -1.273937564,      -1.714082585,      0.9514266102
          0,           0,         239,      -4.598071896,      -1.282533038,      -1.722269643,      0.9416447615
          0,           0,         240,      -4.606490637,      -1.291096399,      -1.730671232,      0.9323832474
          0,           0,         241,      -4.613734776,      -1.299631414,      -1.739254249,      0.9237532494
          0,           0,         242,      -4.619912601,      -1.308136007,      -1.747948111,      0.9157732434
          0,           0,         243,      -4.625301159,      -1.316601868,      -1.756647202,      0.9083670272
          0,           0,         244,      -4.630284292,      -1.325015253,      -1.765225882,      0.9013743692
          0,           0,         245,      -4.635277267,      -1.333359276,      -1.773565308,      0.8945790712
          0,           0,         246,       -4.64065166,      -1.341617131,      -1.781583842,      0.8877521492
          0,           0,         247,      -4.646674942,      -1.349775278,      -1.789259303,      0.8806987996
          0,           0,         248,      -4.653474925,      -1.357826001,      -1.796633551,      0.8732954799
          0,           0,         249,      -4.661033809,       -1.36576803,       -1.80379909,      0.8655070826
          0,           0,         250,      -4.669207782,      -1.373605931,      -1.810873261,      0.8573825933
          0,           0,         251,      -4.677765901,      -1.381348518,      -1.817970727,      0.8490339694
          0,           0,         252,      -4.686438138,      -1.389006747,      -1.825182421,      0.8406069068
          0,           0,         253,      -4.694963775,      -1.396591763,      -1.832564027,      0.8322513161
          0,           0,         254,      -4.703133125,      -1.404113339,      -1.840132799,      0.8240963067
          0,           0,         255,      -4.710817591,      -1.411578783,      -1.847869838,      0.8162318792
          0,           0,         256,      -4.717984697,      -1.418992331,      -1.855725729,       0.808698087
          0,           0,         257,      -4.724695895,       -1.42635508,      -1.863629038,      0.8014825738
          0,           0,         258,      -4.731087396,      -1.433665413,      -1.871497662,      0.7945270292
          0,           0,         259,      -4.737338337,      -1.440919827,      -1.879252403,        0.78774153
          0,           0,         260,      -4.743629932,      -1.448114025,      -1.886830544,      0.7810268466
          0,           0,         261,      -4.750107998,      -1.455243856,      -1.894195939,      0.7742965963
          0,           0,         262,      -4.756857023,      -1.462306017,      -1.901343048,      0.7674938169
          0,           0,         263,      -4.763891054,      -1.469298505,      -1.908294282,      0.7605982483
          0,           0,         264,      -4.771162009,      -1.476220732,       -1.91509254,      0.7536233139
          0,           0,         265,      -4.778581298,      -1.483073574,      -1.921791636,       0.746605506
          0,           0,         266,      -4.786047457,      -1.489859353,      -1.928447323,      0.7395904904
          0,           0,         267,      -4.793471506,      -1.496581607,      -1.935110021,      0.7326205778
          0,           0,         268,      -4.800793396,      -1.503245039,      -1.941819244,      0.7257270026
          0,           0,         269,      -4.807987331,       -1.50985474,      -1.948599266,      0.7189268541
          0,           0,         270,      -4.815058624,      -1.516415735,      -1.955456388,      0.7122229749
          0,           0,         271,      -4.822034276,        -1.5229326,      -1.962378892,      0.7056062596
          0,           0,         272,      -4.828953412,      -1.529409143,      -1.969339757,      0.6990583374
          0,           0,         273,      -4.835858246,       -1.53584838,       -1.97630278,      0.6925548308
          0,           0,         274,      -4.842787206,      -1.542253029,      -1.983230939,      0.6860696584
          0,           0,         275,      -4.849769268,      -1.548625781,      -1.990094155,      0.6795803204
          0,           0,         276,      -4.856819133,      -1.554969517,      -1.996874533,      0.6730731839
          0,           0,         277,       -4.86393317,      -1.561287428,      -2.003567524,      0.6665479576
          0,           0,         278,      -4.871089371,      -1.567582431,      -2.010179666,      0.6600173292
          0,           0,         279,      -4.878251137,      -1.573856945,      -2.016724246,      0.6535035494
          0,           0,         280,      -4.885375732,      -1.580112659,      -2.023217316,      0.6470316864
          0,           0,         281,      -4.892425647,      -1.586350529,      -2.029675097,      0.6406219799
          0,           0,         282,      -4.899379396,      -1.592571125,      -2.036112957,      0.6342837178
          0,           0,         283,       -4.90623816,      -1.598774961,      -2.042545248,      0.6280125349
          0,           0,         284,      -4.913025823,      -1.604962882,       -2.04898492,      0.6217917785
          0,           0,         285,      -4.919782619,      -1.611136274,      -2.055442448,      0.6155969022
          0,           0,         286,      -4.926554823,      -1.617297096,      -2.061924329,      0.6094010809
          0,           0,         287,      -4.933383927,      -1.623447797,      -2.068431964,       0.603180315
          0,           0,         288,      -4.940298325,      -1.629591198,      -2.074961678,      0.5969169925
          0,           0,         289,      -4.947309158,      -1.635730414,      -2.081506234,       0.590601592
          0,           0,         290,      -4.954410151,      -1.641868768,      -2.088057169,      0.5842331549
          0,           0,         291,      -4.961580445,      -1.648009619,      -2.094607243,      0.5778188429
          0,           0,         292,      -4.968789263,      -1.654156475,      -2.101151899,       0.571372126
          0,           0,         293,      -4.976000832,      -1.660312578,      -2.107689754,      0.5649111402
          0,           0,         294,      -4.983179127,      -1.666480585,      -2.114221827,      0.5584562692
          0,           0,         295,       -4.99029281,      -1.672662335,      -2.120750148,      0.5520268888
          0,           0,         296,      -4.997319773,      -1.678858741,      -2.127276777,      0.5456376993
          0,           0,         297,      -5.004250906,      -1.685069863,      -2.133803316,      0.5392957484
          0,           0,         298,      -5.011092026,      -1.691295267,      -2.140331142,      0.5329991381
          0,           0,         299,      -5.017863398,      -1.697534078,      -2.146861761,      0.5267371394
          0,           0,         300,      -5.024596685,       -1.70378539,       -2.15339732,      0.5204921119
          0,           0,         301,      -5.031329664,      -1.710048551,      -2.159940659,      0.5142426676
          0,           0,         302,      -5.038099722,      -1.716323361,      -2.166495021,      0.5079673739
          0,           0,         303,      -5.044937576,      -1.722610107,      -2.173063653,      0.5016479858
          0,           0,         304,      -5.051862334,      -1.728909648,      -2.179649465,      0.4952721425
          0,           0,         305,      -5.058878871,      -1.735223205,      -2.186254731,      0.4888347073
          0,           0,         306,      -5.065977924,      -1.741552407,      -2.192881129,      0.4823379055
          0,           0,         307,      -5.073138502,      -1.747899085,      -2.199529822,      0.4757903048
          0,           0,         308,       -5.08033177,      -1.754265054,      -2.206201501,      0.4692053064
          0,           0,         309,      -5.087525806,      -1.760651935,      -2.212896272,      0.4625990182
          0,           0,         310,      -5.094690547,      -1.767060977,      -2.219613461,      0.4559877792
          0,           0,         311,      -5.101802163,      -1.773492951,      -2.226351411,      0.4493857349
          0,           0,         312,      -5.108846365,      -1.779948062,      -2.233107474,      0.4428026973
          0,           0,         313,      -5.115819672,      -1.786425922,      -2.239878237,      0.4362431081
          0,           0,         314,      -5.122729617,      -1.792925685,      -2.246659895,      0.4297055743
          0,           0,         315,      -5.129593202,      -1.799446183,      -2.253448897,      0.4231832291
          0,           0,         316,      -5.136433992,      -1.805986095,       -2.26024261,      0.4166649742
          0,           0,         317,      -5.143278331,      -1.812544119,       -2.26703981,      0.4101373438
          0,           0,         318,      -5.150151281,       -1.81911916,      -2.273841041,      0.4035867448
          0,           0,         319,      -5.157072835,      -1.825710443,      -2.280648542,      0.3970015233
          0,           0,         320,      -5.164055131,      -1.832317579,      -2.287465918,      0.3903736182
          0,           0,         321,      -5.171101004,      -1.838940562,      -2.294297579,      0.3836995861
          0,           0,         322,      -5.178204074,       -1.84557971,      -2.301148032,      0.3769808578
          0,           0,         323,      -5.185350329,      -1.852235556,      -2.308021173,      0.3702231845
          0,           0,         324,      -5.192520785,       -1.85890873,      -2.314919672,       0.363435473
          0,           0,         325,      -5.199694795,      -1.865599827,      -2.321844565,       0.356628199
          0,           0,         326,      -5.206853383,      -1.872309287,       -2.32879509,      0.3498117267
          0,           0,         327,      -5.213982054,      -1.879037313,      -2.335768781,      0.3429948037
          0,           0,         328,      -5.221072657,      -1.885783813,      -2.342761784,      0.3361834428
          0,           0,         329,      -5.228124075,      -1.892548383,      -2.349769384,       0.329380309
          0,           0,         330,      -5.235141765,      -1.899330337,      -2.356786642,       0.322584668
          0,           0,         331,      -5.242136333,      -1.906128769,      -2.363809057,      0.3157928358
          0,           0,         332,      -5.249121392,      -1.912942615,      -2.370833167,      0.3089990159
          0,           0,         333,      -5.256111238,      -1.919770803,      -2.377857107,      0.3021963445
          0,           0,         334,       -5.26311835,      -1.926612362,      -2.384880782,      0.2953783463
          0,           0,         335,       -5.27015192,      -1.933466428,      -2.391905712,      0.2885397318
          0,           0,         336,       -5.27721695,      -1.940332325,      -2.398934772,      0.2816769777
          0,           0,         337,      -5.284313906,      -1.947209628,      -2.405971622,      0.2747887357
          0,           0,         338,        -5.2914391,      -1.954098112,      -2.413020092,      0.2678759066
          0,           0,         339,      -5.298585699,      -1.960997704,      -2.420083512,      0.2609413048
          0,           0,         340,      -5.305745161,      -1.967908427,      -2.427164173,      0.2539890015
          0,           0,         341,      -5.312908757,      -1.974830353,      -2.434262988,      0.2470235479
          0,           0,         342,      -5.320068846,      -1.981763535,       -2.44137938,      0.2400493333
          0,           0,         343,      -5.327219866,      -1.988707949,      -2.448511408,      0.2330700146
          0,           0,         344,      -5.334358903,       -1.99566346,      -2.455656088,      0.2260881107
          0,           0,         345,      -5.341485769,      -2.002629811,      -2.462809859,      0.2191048237
          0,           0,         346,      -5.348602602,      -2.009606615,      -2.469969102,      0.2121201014
          0,           0,         347,      -5.355713104,      -2.016593379,      -2.477130625,      0.2051329227
          0,           0,         348,      -5.362821612,      -2.023589553,      -2.484291986,      0.1981417586
          0,           0,         349,      -5.369932294,      -2.030594522,      -2.491451793,      0.1911449105
          0,           0,         350,      -5.377048542,      -2.037607663,      -2.498609757,      0.1841407979
          0,           0,         351,      -5.384172628,      -2.044628386,      -2.505766595,      0.1771281891
          0,           0,         352,      -5.391305637,      -2.051656157,      -2.512923808,      0.1701063283
          0,           0,         353,      -5.398447628,      -2.058690517,      -2.520083353,      0.1630749415
          0,           0,         354,      -5.405597937,      -2.065731093,      -2.527247291,      0.1560341557
          0,           0,         355,       -5.41275551,        -2.0727776,      -2.534417437,      0.1489843788
          0,           0,         356,      -5.419919182,      -2.079829827,      -2.541595086,      0.1419261827
          0,           0,         357,       -5.42708787,       -2.08688763,      -2.548780838,       0.134860211
          0,           0,         358,      -5.434260664,      -2.093950904,      -2.555974514,       0.127787127
          0,           0,         359,      -5.441436961,      -2.101019601,      -2.563175241,      0.1207075304
          0,           0,         360,      -5.448615991,       -2.10809363,      -2.570381691,      0.1136220455
          0,           0,         361,      -5.455797132,      -2.115172911,      -2.577592211,      0.1065312218
          0,           0,         362,      -5.462979511,      -2.122257318,      -2.584805048,     0.09943586771
          0,           0,         363,      -5.470162198,      -2.129346674,      -2.592018595,     0.09233683818
          0,           0,         364,      -5.477344287,      -2.136440769,      -2.599231517,     0.08523491815
          0,           0,         365,      -5.484524949,      -2.143539357,      -2.606442881,     0.07813077827
          0,           0,         366,      -5.491703513,      -2.150642161,      -2.613652199,     0.07102496501
          0,           0,         367,      -5.498879604,      -2.157748872,      -2.620859427,     0.06391786572
          0,           0,         368,      -5.506053286,      -2.164859152,      -2.628064888,     0.05680965497
          0,           0,         369,      -5.513225183,      -2.171972666,      -2.635269157,     0.04970020863
          0,           0,         370,      -5.520396508,      -2.179089099,      -2.642472935,     0.04258904719
          0,           0,         371,      -5.527568902,      -2.186208167,      -2.649676944,     0.03547542874
          0,           0,         372,      -5.534744183,      -2.193329637,      -2.656881829,     0.02835846259
          0,           0,         373,      -5.541924049,      -2.200453339,      -2.664088041,     0.02123725551
          0,           0,         374,      -5.549109765,      -2.207579156,      -2.671295835,     0.01411114682
          0,           0,         375,      -5.556301939,      -2.214707016,      -2.678505221,    0.006979785212
          0,           0,         376,      -5.563500408,      -2.221836892,      -2.685715995,  -0.0001568359715
          0,           0,         377,      -5.570704285,      -2.228968808,      -2.692927807,   -0.007298360532
          0,           0,         378,      -5.577911962,      -2.236102809,      -2.700140134,    -0.01444400805
          0,           0,         379,      -5.585121365,      -2.243238926,      -2.707352406,    -0.02159275062
          0,           0,         380,      -5.592330169,      -2.250377113,      -2.714564065,    -0.02874321145
          0,           0,         381,       -5.59953623,      -2.257517299,      -2.721774511,      -0.035893968
          0,           0,         382,       -5.60673788,      -2.264659415,      -2.728983264,    -0.04304401211
          0,           0,         383,      -5.613934204,      -2.271803358,      -2.736189959,    -0.05019271814
          0,           0,         384,      -5.621125124,      -2.278948981,      -2.743394349,    -0.05733982471
          0,           0,         385,      -5.628311361,      -2.286096105,       -2.75059633,    -0.06448549059
          0,           0,         386,      -5.635494326,      -2.293244545,      -2.757795944,    -0.07163026497
          0,           0,         387,      -5.642675884,      -2.300394117,      -2.764993371,    -0.07877499181
          0,           0,         388,      -5.649858061,      -2.307544651,      -2.772188909,    -0.08592066786
          0,           0,         389,      -5.657042705,      -2.314696026,      -2.779382907,    -0.09306823385
          0,           0,         390,      -5.664231244,      -2.321848161,      -2.786575734,     -0.1002184871
          0,           0,         391,      -5.671424488,      -2.329001017,      -2.793767742,     -0.1073719681
          0,           0,         392,       -5.67862252,      -2.336154597,      -2.800959225,     -0.1145288737
          0,           0,         393,      -5.685824705,      -2.343308936,      -2.808150384,     -0.1216890352
          0,           0,         394,      -5.693029806,      -2.350464092,        -2.8153413,     -0.1288519464
          0,           0,         395,      -5.700236182,      -2.357620128,      -2.822531925,     -0.1360168432
          0,           0,         396,      -5.707442038,      -2.364777106,      -2.829722088,     -0.1431828219
          0,           0,         397,      -5.714645682,      -2.371935068,       -2.83691152,     -0.1503489671
          0,           0,         398,       -5.72184575,      -2.379094032,      -2.844099881,     -0.1575144742
          0,           0,         399,      -5.729041383,      -2.386253984,      -2.851286806,     -0.1646787545
          0,           0,         400,      -5.736232305,      -2.393414882,      -2.858471943,     -0.1718414966
          0,           0,         401,      -5.743418833,      -2.400576659,      -2.865655003,     -0.1790026963
          0,           0,         402,      -5.750601783,       -2.40773923,      -2.872835791,     -0.1861626296
          0,           0,         403,      -5.757782328,      -2.414902504,      -2.880014232,      -0.193321795
          0,           0,         404,      -5.764961811,      -2.422066393,      -2.887190381,     -0.2004808457
          0,           0,         405,      -5.772141516,      -2.429230822,      -2.894364414,     -0.2076404385
          0,           0,         406,      -5.779322505,      -2.436395735,      -2.901536614,     -0.2148011635
          0,           0,         407,      -5.786505471,      -2.443561104,       -2.90870732,     -0.2219634659
          0,           0,         408,      -5.793690693,      -2.450726918,      -2.915876903,     -0.2291276187
          0,           0,         409,      -5.800877999,      -2.457893195,      -2.923045694,     -0.2362936535
          0,           0,         410,      -5.808066823,      -2.465059971,      -2.930213955,     -0.2434613909
          0,           0,         411,       -5.81525631,      -2.472227297,      -2.937381851,     -0.2506304775
          0,           0,         412,      -5.822445451,      -2.479395223,      -2.944549432,     -0.2578004458
          0,           0,         413,      -5.829633226,      -2.486563798,       -2.95171663,     -0.2649707796
          0,           0,         414,      -5.836818748,      -2.493733059,      -2.958883272,      -0.272140987
          0,           0,         415,       -5.84400138,      -2.500903025,      -2.966049114,     -0.2793106689
          0,           0,         416,       -5.85118079,      -2.508073697,      -2.973213874,     -0.2864795625
          0,           0,         417,      -5.858356977,      -2.515245057,      -2.980377274,     -0.2936475669
          0,           0,         418,      -5.865530228,      -2.522417074,      -2.987539079,     -0.3008147317
          0,           0,         419,      -5.872701057,      -2.529589701,      -2.994699132,     -0.3079812388
          0,           0,         420,      -5.879870109,      -2.536762887,      -3.001857367,      -0.315147365
          0,           0,         421,      -5.887038065,       -2.54393658,      -3.009013825,     -0.3223134382
          0,           0,         422,      -5.894205545,      -2.551110731,      -3.016168636,     -0.3294797853
          0,           0,         423,      -5.901373023,      -2.558285304,      -3.023322011,     -0.3366466853
          0,           0,         424,      -5.908540789,       -2.56546027,      -3.030474201,      -0.343814339
          0,           0,         425,      -5.915708916,      -2.572635616,      -3.037625465,      -0.350982846
          0,           0,         426,      -5.922877282,       -2.57981134,      -3.044776042,      -0.358152203
          0,           0,         427,      -5.930045601,       -2.58698745,       -3.05192611,     -0.3653223136
          0,           0,         428,      -5.937213477,      -2.594163959,      -3.059075778,      -0.372493007
          0,           0,         429,      -5.944380465,      -2.601340881,      -3.066225065,     -0.3796640655
          0,           0,         430,      -5.951546131,      -2.608518231,      -3.073373912,     -0.3868352545
          0,           0,         431,      -5.958710114,      -2.615696015,      -3.080522195,     -0.3940063581
          0,           0,         432,      -5.965872143,      -2.622874233,       -3.08766974,     -0.4011771929
          0,           0,         433,      -5.973032075,      -2.630052872,      -3.094816355,     -0.4083476291
          0,           0,         434,      -5.980189884,       -2.63723191,       -3.10196186,     -0.4155175904
          0,           0,         435,      -5.987345655,      -2.644411315,      -3.109106106,     -0.4226870596
          0,           0,         436,      -5.994499561,      -2.651591046,      -3.116248995,     -0.4298560723
          0,           0,         437,      -6.001651833,      -2.658771059,      -3.123390488,     -0.4370247074
          0,           0,         438,      -6.008802721,      -2.665951305,      -3.130530613,     -0.4441930681
          0,           0,         439,      -6.015952474,      -2.673131736,      -3.137669449,     -0.4513612669
          0,           0,         440,      -6.023101296,      -2.680312303,      -3.144807113,     -0.4585294108
          0,           0,         441,      -6.030249357,       -2.68749297,      -3.151943748,     -0.4656975822
          0,           0,         442,       -6.03739676,      -2.694673703,      -3.159079492,     -0.4728658409
          0,           0,         443,      -6.044543547,      -2.701854472,      -3.166214466,     -0.4800342142
          0,           0,         444,      -6.051689689,      -2.709035256,       -3.17334876,     -0.4872026945
          0,           0,         445,        -6.0588351,      -2.716216034,      -3.180482422,     -0.4943712358
          0,           0,         446,       -6.06597964,      -2.723396789,      -3.187615457,     -0.5015397545
          0,           0,         447,      -6.073123138,      -2.730577505,      -3.194747826,     -0.5087081426
          0,           0,         448,      -6.080265413,      -2.737758163,      -3.201879454,     -0.5158762816
          0,           0,         449,      -6.087406292,      -2.744938741,      -3.209010245,     -0.5230440517
          0,           0,         450,       -6.09454563,      -2.752119212,      -3.216140097,     -0.5302113389
          0,           0,         451,      -6.101683321,      -2.759299544,      -3.223268908,     -0.5373780465
          0,           0,         452,      -6.108819307,      -2.766479696,      -3.230396597,     -0.5445440979
          0,           0,         453,       -6.11595355,      -2.773659623,      -3.237523109,     -0.5517094042
          0,           0,         454,      -6.123086123,      -2.780839277,       -3.24464841,      -0.558873971
          0,           0,         455,      -6.130217128,      -2.788018609,      -3.251772499,     -0.5660378209
          0,           0,         456,      -6.137346698,      -2.795197567,      -3.258895403,     -0.5732009883
          0,           0,         457,      -6.144474981,      -2.802376099,       -3.26601717,     -0.5803635128
          0,           0,         458,      -6.151602133,      -2.809554153,      -3.273137863,     -0.5875254419
          0,           0,         459,      -6.158728294,      -2.816731682,      -3.280257546,     -0.5946868237
          0,           0,         460,      -6.165853585,      -2.823908653,      -3.287376279,     -0.6018476888
          0,           0,         461,      -6.172978285,      -2.831085147,      -3.294494136,     -0.6090080684
          0,           0,         462,      -6.180102296,      -2.838261028,      -3.301611109,     -0.6161681917
          0,           0,         463,      -6.187225478,      -2.845436251,      -3.308727253,     -0.6233278729
          0,           0,         464,      -6.194347676,      -2.852610763,      -3.315842558,     -0.6304868867
          0,           0,         465,      -6.201468773,      -2.859784525,      -3.322956977,     -0.6376451209
          0,           0,         466,      -6.208588669,      -2.866957508,      -3.330070447,     -0.6448025438
          0,           0,         467,      -6.215707232,      -2.874129688,      -3.337182915,     -0.6519590977
          0,           0,         468,      -6.222824316,      -2.881301031,      -3.344294329,     -0.6591146711
          0,           0,         469,      -6.229939791,      -2.888471495,      -3.351404648,     -0.6662691273
          0,           0,         470,      -6.237053604,      -2.895641032,      -3.358513833,     -0.6734223768
          0,           0,         471,      -6.244165784,      -2.902809597,      -3.365621852,     -0.6805743973
          0,           0,         472,      -6.251276416,      -2.909977144,      -3.372728686,     -0.6877252029
          0,           0,         473,      -6.258385621,      -2.917143627,      -3.379834326,     -0.6948748266
          0,           0,         474,      -6.265493534,      -2.924308998,      -3.386938782,     -0.7020232993
          0,           0,         475,      -6.272600297,      -2.931473212,       -3.39404207,     -0.7091706556
          0,           0,         476,      -6.279706031,      -2.938636226,      -3.401144223,     -0.7163169234
          0,           0,         477,      -6.286810828,      -2.945797997,      -3.408245274,     -0.7234621251
          0,           0,         478,      -6.293914766,      -2.952958496,      -3.415345254,      -0.730606311
          0,           0,         479,       -6.30101792,      -2.960117695,      -3.422444194,     -0.7377495584
          0,           0,         480,      -6.308120209,      -2.967275562,      -3.429542129,     -0.7448917534
          0,           0,         481,      -6.315221505,       -2.97443206,      -3.436639061,      -0.752032744
          0,           0,         482,      -6.322321716,      -2.981587157,      -3.443734973,     -0.7591724649
          0,           0,         483,       -6.32942077,      -2.988740833,      -3.450829844,     -0.7663108896
          0,           0,         484,      -6.336518586,      -2.995893069,      -3.457923658,     -0.7734479772
          0,           0,         485,      -6.343615086,      -3.003043839,      -3.465016391,     -0.7805836622
          0,           0,         486,      -6.350710213,      -3.010193119,      -3.472108023,     -0.7877178739
          0,           0,         487,      -6.357803929,      -3.017340879,      -3.479198526,     -0.7948505434
          0,           0,         488,       -6.36489626,      -3.024487089,      -3.486287877,     -0.8019816553
          0,           0,         489,      -6.371987264,      -3.031631722,      -3.493376062,     -0.8091112147
          0,           0,         490,      -6.379077021,      -3.038774749,      -3.500463075,     -0.8162392387
          0,           0,         491,      -6.386165628,      -3.045916143,      -3.507548921,     -0.8233657511
          0,           0,         492,      -6.393253177,      -3.053055877,      -3.514633619,     -0.8304907798
          0,           0,         493,      -6.400339751,      -3.060193929,      -3.521717193,     -0.8376143534
          0,           0,         494,      -6.407425418,      -3.067330277,      -3.528799676,     -0.8447364976
          0,           0,         495,      -6.414510207,      -3.074464904,      -3.535881101,     -0.8518572157
          0,           0,         496,      -6.421594128,      -3.081597794,      -3.542961495,     -0.8589765018
          0,           0,         497,      -6.428677169,      -3.088728936,      -3.550040882,     -0.8660943427
          0,           0,         498,        -6.4357593,      -3.095858318,      -3.557119276,      -0.873210719
          0,           0,         499,      -6.442840482,      -3.102985933,      -3.564196686,     -0.8803256027
          0,           0,         500,      -6.449920667,      -3.110111775,      -3.571273114,     -0.8874389617
          0,           0,         501,       -6.45699981,      -3.117235838,      -3.578348554,      -0.894550762
          0,           0,         502,      -6.464077866,      -3.124358116,      -3.585422997,     -0.9016609619
          0,           0,         503,      -6.471154816,      -3.131478604,       -3.59249643,     -0.9087695421
          0,           0,         504,       -6.47823066,      -3.138597296,      -3.599568839,     -0.9158764854
          0,           0,         505,       -6.48530541,      -3.145714187,      -3.606640218,     -0.9229817858
          0,           0,         506,      -6.492379106,      -3.152829272,      -3.613710561,     -0.9300854512
          0,           0,         507,      -6.499451794,      -3.159942547,      -3.620779872,     -0.9371874973
          0,           0,         508,      -6.506523529,      -3.167054007,      -3.627848163,     -0.9442879427
          0,           0,         509,      -6.513594377,      -3.174163652,      -3.634915452,     -0.9513868207
          0,           0,         510,      -6.520664384,       -3.18127148,      -3.641981764,     -0.9584841524
          0,           0,         511,      -6.527733604,      -3.188377494,      -3.649047129,     -0.9655799679
          0,           0,         512,      -6.534802057,      -3.195481696,      -3.656111577,      -0.972674278
          0,           0,         513,      -6.541869767,      -3.202584095,      -3.663175137,     -0.9797670984
          0,           0,         514,      -6.548936747,      -3.209684697,      -3.670237836,     -0.9868584486
          0,           0,         515,      -6.556002994,      -3.216783514,      -3.677299696,     -0.9939483259
          0,           0,         516,      -6.563068487,      -3.223880556,       -3.68436074,      -1.001036727
          0,           0,         517,      -6.570133218,      -3.230975837,       -3.69142098,       -1.00812365
          0,           0,         518,      -6.577197171,       -3.23806937,      -3.698480426,      -1.015209095
          0,           0,         519,      -6.584260333,       -3.24516117,       -3.70553908,      -1.022293055
          0,           0,         520,      -6.591322701,      -3.252251253,       -3.71259695,      -1.029375533
          0,           0,         521,      -6.598384273,      -3.259339632,      -3.719654039,      -1.036456529
          0,           0,         522,       -6.60544507,      -3.266426326,      -3.726710352,       -1.04353606
          0,           0,         523,      -6.612505104,      -3.273511348,      -3.733765899,      -1.050614135
          0,           0,         524,      -6.619564412,      -3.280594715,      -3.740820689,      -1.057690777
          0,           0,         525,      -6.626623031,      -3.287676446,      -3.747874741,      -1.064766019
          0,           0,         526,      -6.633680996,      -3.294756557,      -3.754928076,      -1.071839885
          0,           0,         527,      -6.640738345,      -3.301835069,      -3.761980717,      -1.078912405
          0,           0,         528,      -6.647795119,      -3.308912001,      -3.769032692,      -1.085983612
          0,           0,         529,      -6.654851347,      -3.315987374,      -3.776084028,      -1.093053534
          0,           0,         530,      -6.661907056,      -3.323061211,      -3.783134752,      -1.100122204
          0,           0,         531,      -6.668962258,      -3.330133536,      -3.790184892,      -1.107189638
          0,           0,         532,      -6.676016971,      -3.337204376,      -3.797234475,      -1.114255867
          0,           0,         533,      -6.683071202,      -3.344273756,      -3.804283516,      -1.121320902
          0,           0,         534,      -6.690124948,      -3.351341702,      -3.811332039,      -1.128384765
          0,           0,         535,      -6.697178228,      -3.358408243,      -3.818380058,      -1.135447479
          0,           0,         536,      -6.704231018,      -3.365473407,      -3.825427589,      -1.142509043
          0,           0,         537,      -6.711283338,      -3.372537222,      -3.832474642,      -1.149569487
          0,           0,         538,       -6.71833518,      -3.379599717,      -3.839521233,      -1.156628818
          0,           0,         539,      -6.725386557,      -3.386660918,      -3.846567372,      -1.163687057
          0,           0,         540,      -6.732437485,      -3.393720857,      -3.853613077,      -1.170744231
          0,           0,         541,      -6.739487981,       -3.40077956,      -3.860658361,      -1.177800362
          0,           0,         542,      -6.746538087,      -3.407837057,      -3.867703243,      -1.184855486
          0,           0,         543,      -6.753587817,      -3.414893375,      -3.874747748,      -1.191909631
          0,           0,         544,      -6.760637198,      -3.421948544,      -3.881791893,      -1.198962825
          0,           0,         545,      -6.767686272,      -3.429002594,      -3.888835705,      -1.206015108
          0,           0,         546,      -6.774735054,      -3.436055554,      -3.895879207,      -1.213066506
          0,           0,         547,      -6.781783578,      -3.443107455,      -3.902922424,      -1.220117058
          0,           0,         548,      -6.788831868,      -3.450158327,      -3.909965383,      -1.227166799
          0,           0,         549,       -6.79587994,      -3.457208203,      -3.917008103,      -1.234215753
          0,           0,         550,      -6.802927801,      -3.464257114,      -3.924050607,      -1.241263946
          0,           0,         551,      -6.809975469,       -3.47130509,      -3.931092915,      -1.248311405
          0,           0,         552,      -6.817022933,      -3.478352165,      -3.938135052,      -1.255358146
          0,           0,         553,      -6.824070212,       -3.48539837,      -3.945177021,      -1.262404197
          0,           0,         554,      -6.831117308,      -3.492443738,       -3.95221885,      -1.269449579
          0,           0,         555,       -6.83816422,      -3.499488299,      -3.959260547,       -1.27649431
          0,           0,         556,       -6.84521097,      -3.506532085,      -3.966302129,      -1.283538416
          0,           0,         557,      -6.852257549,      -3.513575126,      -3.973343611,      -1.290581912
          0,           0,         558,      -6.859303998,      -3.520617454,      -3.980385006,      -1.297624841
          0,           0,         559,      -6.866350312,      -3.527659096,      -3.987426334,      -1.304667214
          0,           0,         560,      -6.873396533,      -3.534700084,      -3.994467607,      -1.311709071
          0,           0,         561,      -6.880442664,      -3.541740447,      -4.001508846,       -1.31875043
          0,           0,         562,       -6.88748874,      -3.548780215,      -4.008550072,      -1.325791333
          0,           0,         563,      -6.894534785,      -3.555819415,      -4.015591295,      -1.332831804
          0,           0,         564,      -6.901580809,      -3.562858078,      -4.022632545,      -1.339871877
          0,           0,         565,      -6.908626847,      -3.569896233,      -4.029673835,      -1.346911583
          0,           0,         566,      -6.915672898,      -3.576933907,      -4.036715185,      -1.353950942
          0,           0,         567,      -6.922718983,       -3.58397113,      -4.043756612,      -1.360989982
          0,           0,         568,      -6.929765096,       -3.59100793,      -4.050798137,      -1.368028715
          0,           0,         569,      -6.936811265,      -3.598044335,      -4.057839765,      -1.375067176
          0,           0,         570,      -6.943857471,      -3.605080374,      -4.064881517,      -1.382105376
          0,           0,         571,      -6.950903732,      -3.612116073,      -4.071923404,       -1.38914334
          0,           0,         572,      -6.957950071,       -3.61915146,      -4.078965435,      -1.396181099
          0,           0,         573,      -6.964996465,      -3.626186561,      -4.086007623,      -1.403218649
          0,           0,         574,      -6.972042928,      -3.633221401,      -4.093049981,      -1.410256017
          0,           0,         575,      -6.979089474,      -3.640256005,      -4.100092513,      -1.417293227
          0,           0,         576,      -6.986136126,      -3.647290398,      -4.107135233,      -1.424330307
          0,           0,         577,      -6.993182876,      -3.654324606,      -4.114178154,      -1.431367259
          0,           0,         578,      -7.000229772,      -3.661358649,      -4.121221284,      -1.438404139
          0,           0,         579,      -7.007276814,      -3.668392551,      -4.128264642,      -1.445440949
          0,           0,         580,      -7.014324013,      -3.675426336,      -4.135308239,       -1.45247771
          0,           0,         581,      -7.021371377,      -3.682460026,      -4.142352078,      -1.459514444
          0,           0,         582,       -7.02841892,       -3.68949364,      -4.149396179,      -1.466551174
          0,           0,         583,      -7.035466667,      -3.696527204,       -4.15644055,       -1.47358793
          0,           0,         584,      -7.042514597,      -3.703560735,      -4.163485207,      -1.480624701
          0,           0,         585,      -7.049562747,      -3.710594256,      -4.170530149,      -1.487661536
          0,           0,         586,      -7.056611121,      -3.717627788,      -4.177575391,      -1.494698449
          0,           0,         587,      -7.063659697,      -3.724661349,      -4.184620948,      -1.501735431
          0,           0,         588,      -7.070708499,      -3.731694959,      -4.191666821,      -1.508772514
          0,           0,         589,      -7.077757513,      -3.738728636,      -4.198713016,      -1.515809697
          0,           0,         590,      -7.084806771,        -3.7457624,      -4.205759533,      -1.522847015
          0,           0,         591,      -7.091856243,      -3.752796266,      -4.212806388,       -1.52988446
          0,           0,         592,      -7.098905968,      -3.759830252,      -4.219853587,      -1.536922068
          0,           0,         593,      -7.105955919,      -3.766864375,      -4.226901117,      -1.543959823
          0,           0,         594,      -7.113006134,      -3.773898651,      -4.233948997,      -1.550997767
          0,           0,         595,      -7.120056586,      -3.780933094,      -4.240997233,      -1.558035891
          0,           0,         596,      -7.127107338,       -3.78796772,      -4.248045821,      -1.565074242
          0,           0,         597,      -7.134158363,      -3.795002543,      -4.255094779,      -1.572112808
          0,           0,         598,      -7.141209659,      -3.802037576,      -4.262144103,      -1.579151604
          0,           0,         599,      -7.148261242,      -3.809072835,      -4.269193809,      -1.586190643
          0,           0,         600,      -7.155313128,      -3.816108332,      -4.276243885,      -1.593229942
          0,           0,         601,      -7.162365321,      -3.823144078,      -4.283294342,      -1.600269514
          0,           0,         602,      -7.169417798,      -3.830180086,      -4.290345188,      -1.607309352
          0,           0,         603,      -7.176470592,      -3.837216369,      -4.297396429,      -1.614349491
          0,           0,         604,      -7.183523708,       -3.84425294,      -4.304448058,      -1.621389934
          0,           0,         605,      -7.190577111,      -3.851289806,      -4.311500086,       -1.62843068
          0,           0,         606,      -7.197630822,      -3.858326981,        -4.3185525,      -1.635471727
          0,           0,         607,      -7.204684833,      -3.865364474,      -4.325605311,      -1.642513091
          0,           0,         608,      -7.211739159,      -3.872402294,      -4.332658518,      -1.649554786
          0,           0,         609,      -7.218793792,      -3.879440451,       -4.33971212,      -1.656596809
          0,           0,         610,      -7.225848749,      -3.886478954,      -4.346766122,      -1.663639189
          0,           0,         611,      -7.232903999,      -3.893517813,      -4.353820511,      -1.670681889
          0,           0,         612,      -7.239959588,      -3.900557032,      -4.360875297,      -1.677724965
          0,           0,         613,      -7.247015515,      -3.907596621,      -4.367930479,      -1.684768409
          0,           0,         614,      -7.254071717,      -3.914636587,      -4.374986064,      -1.691812191
          0,           0,         615,      -7.261128277,      -3.921676935,      -4.382042035,      -1.698856362
          0,           0,         616,       -7.26818517,      -3.928717674,      -4.389098405,      -1.705900916
          0,           0,         617,      -7.275242388,      -3.935758811,      -4.396155172,      -1.712945862
          0,           0,         618,       -7.28229993,      -3.942800345,      -4.403212335,      -1.719991188
          0,           0,         619,      -7.289357807,       -3.94984229,      -4.410269886,      -1.727036909
          0,           0,         620,      -7.296416012,      -3.956884648,      -4.417327834,      -1.734083024
          0,           0,         621,      -7.303474534,      -3.963927422,      -4.424386173,      -1.741129535
          0,           0,         622,      -7.310533389,      -3.970970621,      -4.431444894,      -1.748176453
          0,           0,         623,      -7.317592562,      -3.978014245,      -4.438504002,      -1.755223774
          0,           0,         624,      -7.324652074,      -3.985058301,      -4.445563488,      -1.762271511
          0,           0,         625,      -7.331711927,      -3.992102791,      -4.452623353,      -1.769319666
          0,           0,         626,      -7.338772078,      -3.999147719,      -4.459683602,       -1.77636823
          0,           0,         627,      -7.345832545,      -4.006193087,       -4.46674423,      -1.783417193
          0,           0,         628,      -7.352893328,        -4.0132389,      -4.473805223,      -1.790466572
          0,           0,         629,      -7.359954435,       -4.02028516,      -4.480866582,      -1.797516389
          0,           0,         630,      -7.367015855,      -4.027331865,      -4.487928309,      -1.804566612
          0,           0,         631,      -7.374077569,      -4.034379021,      -4.494990394,      -1.811617231
          0,           0,         632,      -7.381139624,      -4.041426631,      -4.502052841,      -1.818668298
          0,           0,         633,      -7.388201992,      -4.048474696,      -4.509115637,      -1.825719783
          0,           0,         634,      -7.395264663,      -4.055523215,      -4.516178788,      -1.832771692
          0,           0,         635,      -7.402327637,      -4.062572188,      -4.523242278,       -1.83982402
          0,           0,         636,      -7.409390936,      -4.069621621,      -4.530306115,      -1.846876771
          0,           0,         637,      -7.416454537,      -4.076671511,      -4.537370295,      -1.853929955
          0,           0,         638,      -7.423518464,      -4.083721857,      -4.544434809,      -1.860983575
          0,           0,         639,      -7.430582666,      -4.090772661,      -4.551499655,      -1.868037604
          0,           0,         640,      -7.437647153,      -4.097823926,      -4.558564824,      -1.875092032
          0,           0,         641,      -7.444711947,      -4.104875644,      -4.565630331,      -1.882146905
          0,           0,         642,      -7.451777043,      -4.111927823,      -4.572696139,      -1.889202199
          0,           0,         643,      -7.458842376,       -4.11898046,      -4.579762271,      -1.896257882
          0,           0,         644,       -7.46590802,      -4.126033555,       -4.58682872,       -1.90331401
          0,           0,         645,      -7.472973962,      -4.133087101,       -4.59389546,      -1.910370545
          0,           0,         646,      -7.480040171,      -4.140141104,      -4.600962515,      -1.917427493
          0,           0,         647,       -7.48710667,      -4.147195562,      -4.608029848,      -1.924484873
          0,           0,         648,       -7.49417337,       -4.15425047,      -4.615097477,      -1.931542607
          0,           0,         649,      -7.501240419,      -4.161305827,      -4.622165384,        -1.9386008
          0,           0,         650,      -7.508307689,      -4.168361637,       -4.62923359,      -1.945659376
          0,           0,         651,      -7.515375211,      -4.175417889,      -4.636302059,      -1.952718345
          0,           0,         652,      -7.522443018,      -4.182474591,      -4.643370802,      -1.959777727
          0,           0,         653,      -7.529511086,       -4.18953173,      -4.650439824,      -1.966837517
          0,           0,         654,      -7.536579392,      -4.196589311,      -4.657509093,      -1.973897684
          0,           0,         655,      -7.543647917,      -4.203647328,      -4.664578629,      -1.980958234
          0,           0,         656,      -7.550716712,      -4.210705784,      -4.671648406,      -1.988019182
          0,           0,         657,      -7.557785776,       -4.21776467,      -4.678718436,      -1.995080561
          0,           0,         658,      -7.564855053,      -4.224823987,      -4.685788727,      -2.002142292
          0,           0,         659,      -7.571924525,      -4.231883729,      -4.692859238,      -2.009204372
          0,           0,         660,      -7.578994254,      -4.238943893,      -4.699929999,      -2.016266861
          0,           0,         661,      -7.586064171,       -4.24600448,      -4.707000975,      -2.023329696
          0,           0,         662,      -7.593134341,      -4.253065486,      -4.714072177,       -2.03039294
          0,           0,         663,      -7.600204757,      -4.260126904,      -4.721143584,      -2.037456549
          0,           0,         664,      -7.607275309,      -4.267188733,      -4.728215232,      -2.044520474
          0,           0,         665,        -7.6143461,      -4.274250967,       -4.73528708,      -2.051584787
          0,           0,         666,      -7.621417079,      -4.281313604,      -4.742359114,      -2.058649434
          0,           0,         667,      -7.628488284,      -4.288376642,      -4.749431358,      -2.065714456
          0,           0,         668,       -7.63555964,      -4.295440073,      -4.756503784,      -2.072779797
          0,           0,         669,       -7.64263126,        -4.3025039,      -4.763576399,       -2.07984552
          0,           0,         670,      -7.649702988,       -4.30956811,      -4.770649209,      -2.086911555
          0,           0,         671,      -7.656774921,      -4.316632699,      -4.777722203,      -2.093977916
          0,           0,         672,      -7.663847089,      -4.323697669,      -4.784795363,      -2.101044654
          0,           0,         673,      -7.670919383,       -4.33076302,      -4.791868712,      -2.108111686
          0,           0,         674,       -7.67799183,      -4.337828733,      -4.798942218,      -2.115179026
          0,           0,         675,      -7.685064428,      -4.344894811,      -4.806015866,      -2.122246681
          0,           0,         676,      -7.692137204,      -4.351961254,      -4.813089694,      -2.129314628
          0,           0,         677,      -7.699210126,      -4.359028049,      -4.820163674,      -2.136382883
          0,           0,         678,      -7.706283248,      -4.366095198,      -4.827237763,      -2.143451508
          0,           0,         679,      -7.713356508,      -4.373162695,      -4.834312015,      -2.150520397
          0,           0,         680,      -7.720429928,      -4.380230535,      -4.841386404,      -2.157589598
          0,           0,         681,      -7.727503415,      -4.387298707,      -4.848460961,      -2.164659034
          0,           0,         682,      -7.734577073,      -4.394367212,      -4.855535609,      -2.171728794
          0,           0,         683,      -7.741650859,      -4.401436042,      -4.862610396,      -2.178798817
          0,           0,         684,       -7.74872476,      -4.408505196,      -4.869685277,      -2.185869109
          0,           0,         685,      -7.755798778,       -4.41557467,      -4.876760306,      -2.192939696
          0,           0,         686,      -7.762872913,      -4.422644449,      -4.883835438,      -2.200010495
          0,           0,         687,      -7.769947193,      -4.429714536,       -4.89091066,      -2.207081595
          0,           0,         688,      -7.777021602,      -4.436784928,      -4.897985972,      -2.214152944
          0,           0,         689,      -7.784096057,      -4.443855606,      -4.905061408,       -2.22122454
          0,           0,         690,      -7.791170647,      -4.450926582,      -4.912136934,      -2.228296389
          0,           0,         691,      -7.798245294,       -4.45799784,      -4.919212514,      -2.235368428
          0,           0,         692,      -7.805320129,      -4.465069376,      -4.926288212,      -2.242440752
          0,           0,         693,      -7.812395007,      -4.472141189,      -4.933363973,        -2.2495133
          0,           0,         694,       -7.81946996,      -4.479213265,      -4.940439801,      -2.256586042
          0,           0,         695,      -7.826545006,      -4.486285604,      -4.947515748,      -2.263659058
          0,           0,         696,      -7.833620149,      -4.493358196,      -4.954591774,      -2.270732231
          0,           0,         697,      -7.840695295,      -4.500431039,      -4.961667851,      -2.277805606
          0,           0,         698,      -7.847770485,      -4.507504134,      -4.968743959,      -2.284879147
          0,           0,         699,      -7.854845879,      -4.514577465,      -4.975820102,       -2.29195301
          0,           0,         700,      -7.861921273,      -4.521651037,      -4.982896327,      -2.299026974
          0,           0,         701,       -7.86899672,       -4.52872483,      -4.989972575,      -2.306101137
          0,           0,         702,      -7.876072214,      -4.535798849,      -4.997048895,      -2.313175491
          0,           0,         703,      -7.883147781,      -4.542873084,      -5.004125252,      -2.320250026
          0,           0,         704,       -7.89022338,      -4.549947529,      -5.011201653,      -2.327324685
          0,           0,         705,      -7.897299034,      -4.557022184,      -5.018278048,       -2.33439958
          0,           0,         706,      -7.904374719,      -4.564097034,      -5.025354484,      -2.341474603
          0,           0,         707,      -7.911450522,      -4.571172077,       -5.03243099,      -2.348549837
          0,           0,         708,      -7.918526268,      -4.578247307,      -5.039507495,      -2.355625142
          0,           0,         709,      -7.925602048,      -4.585322722,      -5.046584032,      -2.362700628
          0,           0,         710,      -7.932677839,      -4.592398313,       -5.05366061,      -2.369776232
          0,           0,         711,      -7.939753644,      -4.599474074,      -5.060737131,      -2.376851917
          0,           0,         712,      -7.946829497,      -4.606550001,      -5.067813699,      -2.383927802
          0,           0,         713,      -7.953905386,       -4.61362609,      -5.074890214,      -2.391003807
          0,           0,         714,      -7.960981396,      -4.620702337,      -5.081966828,      -2.398080029
          0,           0,         715,      -7.968057235,      -4.627778725,      -5.089043404,       -2.40515622
          0,           0,         716,      -7.975133099,      -4.634855253,      -5.096119982,      -2.412232522
          0,           0,         717,      -7.982209058,      -4.641931922,      -5.103196519,      -2.419308944
          0,           0,         718,      -7.989285011,      -4.649008718,      -5.110273039,      -2.426385492
          0,           0,         719,      -7.996360993,      -4.656085648,        -5.1173496,      -2.433462175
          0,           0,         720,      -8.003436888,      -4.663162687,      -5.124426121,       -2.44053887
          0,           0,         721,      -8.010512854,       -4.67023985,      -5.131502643,      -2.447615742
          0,           0,         722,      -8.017588807,       -4.67731711,      -5.138579128,      -2.454692704
          0,           0,         723,      -8.024664674,      -4.684394482,      -5.145655599,      -2.461769613
          0,           0,         724,       -8.03174041,       -4.69147195,      -5.152732039,      -2.468846563
          0,           0,         725,      -8.038816351,      -4.698549527,      -5.159808369,      -2.475923692
          0,           0,         726,      -8.045892204,      -4.705627178,      -5.166884767,      -2.483000907
          0,           0,         727,      -8.052968044,      -4.712704904,      -5.173961095,      -2.490078127
          0,           0,         728,      -8.060043889,      -4.719782717,      -5.181037396,      -2.497155426
          0,           0,         729,      -8.067119618,      -4.726860588,      -5.188113672,      -2.504232685
          0,           0,         730,      -8.074195414,      -4.733938548,      -5.195189861,      -2.511310113
          0,           0,         731,      -8.081271099,      -4.741016548,      -5.202266011,      -2.518387513
          0,           0,         732,      -8.088346861,      -4.748094622,      -5.209342159,      -2.525464993
          0,           0,         733,      -8.095422437,       -4.75517274,      -5.216418268,      -2.532542387
          0,           0,         734,       -8.10249813,      -4.762250891,        -5.2234943,       -2.53961991
          0,           0,         735,      -8.109573745,      -4.769329101,      -5.230570282,       -2.54669747
          0,           0,         736,      -8.116649232,      -4.776407358,      -5.237646201,      -2.553774992
          0,           0,         737,      -8.123724618,      -4.783485619,      -5.244722026,      -2.560852432
          0,           0,         738,      -8.130800066,      -4.790563916,       -5.25179786,      -2.567930039
          0,           0,         739,       -8.13787541,      -4.797642247,      -5.258873591,      -2.575007558
          0,           0,         740,        -8.1449508,       -4.80472059,       -5.26594928,       -2.58208511
          0,           0,         741,      -8.152026211,      -4.811798944,      -5.273024903,      -2.589162744
          0,           0,         742,       -8.15910141,       -4.81887731,       -5.28010041,       -2.59624028
          0,           0,         743,      -8.166176607,      -4.825955679,      -5.287175977,      -2.603317817
          0,           0,         744,      -8.173251682,      -4.833034043,      -5.294251386,      -2.610395337
          0,           0,         745,      -8.180326758,      -4.840112407,      -5.301326704,      -2.617472809
          0,           0,         746,      -8.187401868,      -4.847190771,      -5.308401968,      -2.624550346
          0,           0,         747,      -8.194476742,      -4.854269114,      -5.315477225,      -2.631627798
          0,           0,         748,      -8.201551552,       -4.86134745,      -5.322552343,      -2.638705246
          0,           0,         749,      -8.208626383,      -4.868425757,      -5.329627417,      -2.645782683
          0,           0,         750,      -8.215701221,      -4.875504042,      -5.336702451,       -2.65286007
          0,           0,         751,      -8.222775799,       -4.88258229,      -5.343777294,      -2.659937374
          0,           0,         752,      -8.229850457,      -4.889660524,      -5.350852082,      -2.667014622
          0,           0,         753,      -8.236925161,       -4.89673872,      -5.357926746,      -2.674092018
          0,           0,         754,      -8.243999561,      -4.903816871,      -5.365001456,      -2.681169176
          0,           0,         755,      -8.251073931,      -4.910894986,      -5.372076017,      -2.688246222
          0,           0,         756,      -8.258148211,      -4.917973056,      -5.379150541,      -2.695323335
          0,           0,         757,      -8.265222499,      -4.925051083,      -5.386224907,      -2.702400419
          0,           0,         758,      -8.272296863,      -4.932129056,      -5.393299187,      -2.709477564
          0,           0,         759,      -8.279370892,      -4.939206956,      -5.400373475,      -2.716554389
          0,           0,         760,      -8.286444915,       -4.94628481,      -5.407447621,      -2.723631236
          0,           0,         761,      -8.293518988,      -4.953362614,      -5.414521651,      -2.730708037
          0,           0,         762,      -8.300593063,      -4.960440354,      -5.421595678,      -2.737784994
          0,           0,         763,      -8.307666682,         -4.967518,      -5.428669566,      -2.744861548
          0,           0,         764,        -8.3147405,      -4.974595595,      -5.435743432,      -2.751938198
          0,           0,         765,      -8.321814158,      -4.981673114,      -5.442817137,      -2.759014617
          0,           0,         766,      -8.328887729,      -4.988750569,      -5.449890704,       -2.76609106
          0,           0,         767,      -8.335961324,       -4.99582794,      -5.456964273,      -2.773167505
          0,           0,         768,      -8.343034802,      -5.002905232,      -5.464037673,      -2.780243835
          0,           0,         769,      -8.350108204,      -5.009982452,      -5.471111038,      -2.787320087
          0,           0,         770,      -8.357181403,      -5.017059572,      -5.478184375,      -2.794396209
          0,           0,         771,      -8.364254737,      -5.024136618,      -5.485257425,      -2.801472353
          0,           0,         772,       -8.37132763,      -5.031213553,      -5.492330643,      -2.808548191
          0,           0,         773,       -8.37840086,      -5.038290409,      -5.499403678,      -2.815624238
          0,           0,         774,      -8.385473704,      -5.045367179,      -5.506476541,      -2.822699819
          0,           0,         775,      -8.392546568,      -5.052443871,      -5.513549367,      -2.829775496
          0,           0,         776,      -8.399619167,       -5.05952043,      -5.520622035,      -2.836851016
          0,           0,         777,      -8.406692048,      -5.066596931,      -5.527694629,      -2.843926666
          0,           0,         778,      -8.413764746,      -5.073673334,      -5.534767223,      -2.851002251
          0,           0,         779,      -8.420837339,        -5.0807496,      -5.541839763,      -2.858077588
          0,           0,         780,      -8.427909741,      -5.087825805,      -5.548912017,       -2.86515277
          0,           0,         781,      -8.434982155,      -5.094901876,      -5.555984319,      -2.872227893
          0,           0,         782,      -8.442054436,      -5.101977848,      -5.563056603,      -2.879302862
          0,           0,         783,      -8.449126417,      -5.109053719,      -5.570128749,      -2.886377684
          0,           0,         784,      -8.456198536,       -5.11612947,       -5.57720075,       -2.89345243
          0,           0,         785,      -8.463271011,       -5.12320514,      -5.584272516,      -2.900527436
          0,           0,         786,      -8.470342971,      -5.130280711,      -5.591344377,      -2.907601909
          0,           0,         787,      -8.477415083,      -5.137356162,      -5.598415984,      -2.914676546
          0,           0,         788,      -8.484486945,      -5.144431472,      -5.605487797,       -2.92175108
          0,           0,         789,         -8.491559,      -5.151506678,        -5.6125594,      -2.928825492
          0,           0,         790,        -8.4986308,      -5.158581779,      -5.619631041,      -2.935899929
          0,           0,         791,      -8.505702017,       -5.16565675,      -5.626702643,      -2.942973816
          0,           0,         792,      -8.512773349,      -5.172731641,      -5.633773999,      -2.950047701
          0,           0,         793,      -8.519844652,      -5.179806431,      -5.640845183,      -2.957121537
          0,           0,         794,      -8.526916173,      -5.186881051,      -5.647916325,      -2.964195389
          0,           0,         795,      -8.533987542,      -5.193955616,      -5.654987402,      -2.971268996
          0,           0,         796,       -8.54105877,      -5.201030046,      -5.662058368,       -2.97834261
          0,           0,         797,      -8.548130014,      -5.208104381,      -5.669129285,      -2.985416244
          0,           0,         798,      -8.555201689,      -5.215178582,       -5.67620007,      -2.992490037
          0,           0,         799,      -8.562272471,      -5.222252654,      -5.683270949,      -2.999563189
          0,           0,         800,      -8.569343247,      -5.229326621,      -5.690341613,      -3.006636152
          0,           0,         801,       -8.57641406,      -5.236400472,      -5.697412147,      -3.013709262
          0,           0,         802,      -8.583484908,      -5.243474197,      -5.704482641,      -3.020782223
          0,           0,         803,      -8.590555817,      -5.250547876,      -5.711553199,      -3.027855469
          0,           0,         804,      -8.597626709,      -5.257621389,      -5.718623538,      -3.034928304
          0,           0,         805,      -8.604697163,      -5.264694743,      -5.725694076,      -3.042000802
          0,           0,         806,      -8.611767814,      -5.271768024,      -5.732764348,      -3.049073383
          0,           0,         807,      -8.618838523,      -5.278841184,      -5.739834575,      -3.056145963
          0,           0,         808,      -8.625908613,       -5.28591422,      -5.746904829,      -3.063218178
          0,           0,         809,      -8.632978887,      -5.292987191,      -5.753974924,        -3.0702905
          0,           0,         810,      -8.640049151,      -5.300060018,      -5.761044766,      -3.077362719
          0,           0,         811,       -8.64711935,       -5.30713277,      -5.768114761,      -3.084434663
          0,           0,         812,      -8.654189427,      -5.314205355,      -5.775184582,       -3.09150662
          0,           0,         813,      -8.661259586,      -5.321277885,      -5.782254338,      -3.098578515
          0,           0,         814,      -8.668330114,        -5.3283503,      -5.789324099,      -3.105650608
          0,           0,         815,      -8.675400156,      -5.335422572,      -5.796393676,      -3.112722167
          0,           0,         816,      -8.682470557,      -5.342494749,      -5.803463493,      -3.119794037
          0,           0,         817,      -8.689540154,      -5.349566795,      -5.810533162,      -3.126865364
          0,           0,         818,      -8.696610166,      -5.356638779,      -5.817602762,      -3.133936865
          0,           0,         819,      -8.703679408,      -5.363710618,      -5.824672235,      -3.141007944
          0,           0,         820,      -8.710749042,      -5.370782371,      -5.831741708,      -3.148079197
          0,           0,         821,      -8.717818795,      -5.377853999,      -5.838810897,      -3.155150481
          0,           0,         822,      -8.724887907,      -5.384925572,      -5.845880408,      -3.162221046
          0,           0,         823,      -8.731957587,      -5.391997014,      -5.852949497,      -3.169292094
          0,           0,         824,      -8.739027003,      -5.399068354,      -5.860018676,      -3.176362806
          0,           0,         825,      -8.746096705,      -5.406139616,       -5.86708788,      -3.183433849
          0,           0,         826,      -8.753166445,      -5.413210775,       -5.87415685,       -3.19050474
          0,           0,         827,      -8.760236209,      -5.420281837,      -5.881225929,      -3.197575641
          0,           0,         828,      -8.767305259,      -5.427352784,      -5.888295262,      -3.204645972
          0,           0,         829,      -8.774374526,      -5.434423596,      -5.895364134,      -3.211716133
          0,           0,         830,      -8.781443713,      -5.441494404,      -5.902433152,      -3.218786326
          0,           0,         831,      -8.788513576,      -5.448565058,      -5.909501842,      -3.225857128
          0,           0,         832,      -8.795582033,      -5.455635647,       -5.91657094,      -3.232927003
          0,           0,         833,      -8.802651661,      -5.462706125,      -5.923639893,       -3.23999739
          0,           0,         834,      -8.809720762,      -5.469776559,      -5.930708483,      -3.247067616
          0,           0,         835,      -8.816789854,      -5.476846872,       -5.93777728,      -3.254137625
          0,           0,         836,      -8.823858313,       -5.48391711,      -5.944846114,      -3.261206894
          0,           0,         837,      -8.830927699,      -5.490987278,      -5.951914455,      -3.268277096
          0,           0,         838,      -8.837996377,      -5.498057355,      -5.958983112,      -3.275346783
          0,           0,         839,      -8.845066166,       -5.50512736,      -5.966051679,      -3.282416992
          0,           0,         840,      -8.852135344,      -5.512197281,      -5.973120288,      -3.289487008
          0,           0,         841,      -8.859204251,      -5.519267082,      -5.980188935,      -3.296556761
          0,           0,         842,      -8.866272138,      -5.526336808,      -5.987257835,      -3.303625487
          0,           0,         843,      -8.873340575,      -5.533406528,      -5.994326053,      -3.310694774
          0,           0,         844,      -8.880409063,      -5.540476123,      -6.001394448,      -3.317763846
          0,           0,         845,      -8.887478318,      -5.547545634,      -6.008463079,      -3.324833359
          0,           0,         846,      -8.894547683,       -5.55461513,      -6.015531543,      -3.331903123
          0,           0,         847,       -8.90161559,      -5.561684536,      -6.022600146,      -3.338971929
          0,           0,         848,      -8.908684505,      -5.568753828,      -6.029668546,      -3.346041029
          0,           0,         849,      -8.915753474,      -5.575823103,      -6.036736458,      -3.353110532
          0,           0,         850,      -8.922822351,      -5.582892318,      -6.043804763,      -3.360179633
          0,           0,         851,      -8.929892013,      -5.589961416,      -6.050873351,      -3.367249057
          0,           0,         852,      -8.936960347,      -5.597030392,      -6.057942157,      -3.374317644
          0,           0,         853,       -8.94402787,       -5.60409951,      -6.065010412,      -3.381386074
          0,           0,         854,      -8.951096436,      -5.611168425,      -6.072078552,      -3.388455033
          0,           0,         855,      -8.958165333,      -5.618237367,      -6.079146748,      -3.395524192
          0,           0,         856,      -8.965233165,      -5.625306208,      -6.086215028,      -3.402592205
          0,           0,         857,      -8.972302244,       -5.63237501,      -6.093283037,      -3.409661275
          0,           0,         858,      -8.979370583,      -5.639443754,       -6.10035127,      -3.416730077
          0,           0,         859,      -8.986439329,      -5.646512387,       -6.10741958,      -3.423798818
          0,           0,         860,      -8.993507481,      -5.653581066,      -6.114487794,      -3.430867037
          0,           0,         861,      -9.000575853,      -5.660649635,      -6.121555816,      -3.437935201
          0,           0,         862,       -9.00764425,      -5.667718198,      -6.128624347,      -3.445003974
          0,           0,         863,      -9.014713175,       -5.67478667,      -6.135692599,      -3.452072423
          0,           0,         864,      -9.021782332,       -5.68185508,      -6.142760598,      -3.459141456
          0,           0,         865,      -9.028851268,      -5.688923529,      -6.149828648,      -3.466210261
          0,           0,         866,      -9.035919679,      -5.695991905,      -6.156897299,      -3.473278421
          0,           0,         867,      -9.042987246,      -5.703060216,      -6.163965375,       -3.48034642
          0,           0,         868,      -9.050056242,      -5.710128523,      -6.171033669,      -3.487415002
          0,           0,         869,      -9.057123635,      -5.717196759,        -6.1781022,      -3.494482918
          0,           0,         870,       -9.06419203,       -5.72426488,       -6.18517064,      -3.501550784
          0,           0,         871,      -9.071260065,      -5.731333056,      -6.192238834,      -3.508618633
          0,           0,         872,      -9.078329473,      -5.738401285,      -6.199306636,      -3.515687422
          0,           0,         873,      -9.085398003,      -5.745469431,      -6.206375317,      -3.522755931
          0,           0,         874,      -9.092466444,      -5.752537495,      -6.213443706,      -3.529824334
          0,           0,         875,      -9.099534786,      -5.759605512,      -6.220512038,       -3.53689229
          0,           0,         876,       -9.10660315,      -5.766673586,      -6.227579963,      -3.543960477
          0,           0,         877,      -9.113671142,      -5.773741694,      -6.234647863,      -3.551028507
          0,           0,         878,      -9.120739718,      -5.780809677,      -6.241715846,      -3.558096181
          0,           0,         879,      -9.127808546,       -5.78787765,      -6.248784035,      -3.565164707
          0,           0,         880,      -9.134875709,      -5.794945516,      -6.255853061,      -3.572231814
          0,           0,         881,      -9.141945765,      -5.802013484,      -6.262920701,      -3.579301081
          0,           0,         882,      -9.149014343,      -5.809081413,       -6.26998907,      -3.586369395
          0,           0,         883,      -9.156083168,      -5.816149231,      -6.277057714,      -3.593437878
          0,           0,         884,      -9.163151458,      -5.823217132,      -6.284126178,      -3.600505254
          0,           0,         885,       -9.17021954,      -5.830285065,       -6.29119463,      -3.607573511
          0,           0,         886,      -9.177287068,      -5.837352829,      -6.298262745,      -3.614640577
          0,           0,         887,      -9.184355615,      -5.844420747,      -6.305330421,      -3.621708135
          0,           0,         888,      -9.191425187,      -5.851488588,      -6.312399312,      -3.628777285
          0,           0,         889,      -9.198493235,      -5.858556308,      -6.319467256,      -3.635845078
          0,           0,         890,      -9.205562702,      -5.865624169,      -6.326535947,      -3.642913394
          0,           0,         891,       -9.21263121,      -5.872692072,      -6.333604115,      -3.649981791
          0,           0,         892,      -9.219697896,       -5.87975991,      -6.340672901,      -3.657048859
          0,           0,         893,      -9.226767889,      -5.886827658,      -6.347741244,      -3.664117778
          0,           0,         894,      -9.233835427,      -5.893895438,      -6.354809395,      -3.671184461
          0,           0,         895,      -9.240903371,      -5.900963185,      -6.361878171,       -3.67825177
          0,           0,         896,      -9.247972029,      -5.908031008,      -6.368945919,      -3.685319495
          0,           0,         897,      -9.255041618,       -5.91509874,      -6.376014536,      -3.692388751
          0,           0,         898,      -9.262112135,      -5.922166625,       -6.38308315,      -3.699458735
          0,           0,         899,      -9.269177623,      -5.929234362,      -6.390152468,      -3.706524601
          0,           0,         900,      -9.276246135,       -5.93630225,      -6.397220682,      -3.713592186
          0,           0,         901,      -9.283314631,      -5.943369841,      -6.404288981,      -3.720659452
          0,           0,         902,      -9.290386382,      -5.950437713,      -6.411357505,      -3.727729333
          0,           0,         903,      -9.297455015,      -5.957505572,      -6.418427142,      -3.734797758
          0,           0,         904,      -9.304522432,      -5.964573374,      -6.425494743,      -3.741864527
          0,           0,         905,      -9.311592672,       -5.97164109,      -6.432564134,      -3.748933978
          0,           0,         906,      -9.318659374,      -5.978708869,      -6.439632324,      -3.756001171
          0,           0,         907,      -9.325728155,      -5.985776908,      -6.446701408,      -3.763069091
          0,           0,         908,      -9.332798151,      -5.992844808,      -6.453769905,      -3.770138423
          0,           0,         909,      -9.339866516,      -5.999912525,      -6.460838955,      -3.777205772
          0,           0,         910,      -9.346932766,      -6.006980375,      -6.467907224,      -3.784272443
          0,           0,         911,      -9.354001957,      -6.014048387,      -6.474975857,      -3.791340123
          0,           0,         912,      -9.361073694,      -6.021116277,      -6.482044733,       -3.79840995
          0,           0,         913,      -9.368139924,      -6.028184205,      -6.489113512,      -3.805476222
          0,           0,         914,      -9.375211202,      -6.035252175,       -6.49618159,      -3.812546175
          0,           0,         915,      -9.382280143,      -6.042320203,      -6.503251283,      -3.819615175
          0,           0,         916,      -9.389348766,      -6.049388111,      -6.510319874,      -3.826683369
          0,           0,         917,      -9.396417327,      -6.056456035,      -6.517389198,      -3.833751325
          0,           0,         918,      -9.403484889,      -6.063523837,      -6.524458593,      -3.840817864
          0,           0,         919,      -9.410555158,      -6.070591858,      -6.531526993,       -3.84788797
          0,           0,         920,       -9.41762186,      -6.077660002,      -6.538597191,      -3.854954682
          0,           0,         921,      -9.424690568,      -6.084728068,      -6.545665312,      -3.862021439
          0,           0,         922,      -9.431760821,      -6.091796082,      -6.552734439,      -3.869090728
          0,           0,         923,      -9.438832057,       -6.09886429,      -6.559802842,      -3.876160315
          0,           0,         924,      -9.445900964,      -6.105932394,      -6.566872196,       -3.88322908
          0,           0,         925,      -9.452969118,      -6.113000221,      -6.573942318,      -3.890297049
          0,           0,         926,      -9.460035665,      -6.120068494,      -6.581010784,      -3.897363117
          0,           0,         927,      -9.467105001,      -6.127136702,      -6.588079934,      -3.904432105
          0,           0,         928,      -9.474176453,      -6.134205048,       -6.59514795,      -3.911502015
          0,           0,         929,      -9.481243678,      -6.141273227,      -6.602217079,      -3.918568727
          0,           0,         930,      -9.488314102,      -6.148341209,      -6.609286686,      -3.925638649
          0,           0,         931,      -9.495384537,      -6.155409624,      -6.616355457,      -3.932706993
          0,           0,         932,      -9.502454389,      -6.162478177,      -6.623425092,      -3.939777134
          0,           0,         933,      -9.509523544,      -6.169546264,      -6.630494587,      -3.946845906
          0,           0,         934,      -9.516594524,      -6.176614971,      -6.637564061,      -3.953915019
          0,           0,         935,      -9.523662236,      -6.183683049,      -6.644633423,      -3.960982018
          0,           0,         936,      -9.530730451,      -6.190751536,      -6.651702476,      -3.968050304
          0,           0,         937,      -9.537801322,      -6.197819716,      -6.658771893,      -3.975119349
          0,           0,         938,      -9.544870233,      -6.204888216,      -6.665841703,      -3.982187667
          0,           0,         939,      -9.551937333,      -6.211956437,      -6.672911113,      -3.989255175
          0,           0,         940,      -9.559008976,      -6.219025233,      -6.679979423,      -3.996325324
          0,           0,         941,      -9.566076367,      -6.226094011,      -6.687047638,       -4.00339475
          0,           0,         942,      -9.573148138,      -6.233162378,      -6.694117424,      -4.010464176
          0,           0,         943,      -9.580219382,      -6.240230859,      -6.701188749,      -4.017533782
          0,           0,         944,      -9.587285594,       -6.24729941,      -6.708259898,      -4.024600507
          0,           0,         945,       -9.59435465,      -6.254367936,      -6.715328938,       -4.03166849
          0,           0,         946,      -9.601423836,      -6.261436544,      -6.722399104,      -4.038737747
          0,           0,         947,      -9.608494778,      -6.268505344,      -6.729467704,      -4.045807235
          0,           0,         948,       -9.61555817,      -6.275574147,      -6.736537432,      -4.052873035
          0,           0,         949,      -9.622627803,      -6.282642965,      -6.743606544,      -4.059942804
          0,           0,         950,      -9.629696918,      -6.289711612,      -6.750674565,      -4.067010371
          0,           0,         951,         -9.636773,      -6.296780303,      -6.757743965,      -4.074083399
          0,           0,         952,       -9.64384333,      -6.303849012,      -6.764813309,       -4.08115182
          0,           0,         953,      -9.650911157,      -6.310918022,       -6.77188423,      -4.088220588
          0,           0,         954,      -9.657981453,      -6.317986528,       -6.77895384,       -4.09529103
          0,           0,         955,      -9.665051352,      -6.325056104,      -6.786023866,      -4.102361171
          0,           0,         956,      -9.672115815,      -6.332124643,      -6.793094445,      -4.109426811
          0,           0,         957,      -9.679183902,      -6.339193639,      -6.800162059,      -4.116493427
          0,           0,         958,      -9.686260644,      -6.346262823,      -6.807231823,      -4.123568288
          0,           0,         959,      -9.693329624,      -6.353331659,      -6.814302144,       -4.13063751
          0,           0,         960,        -9.7003966,      -6.360401124,      -6.821372126,      -4.137703346
          0,           0,         961,      -9.707468279,      -6.367469674,      -6.828440401,      -4.144771301
          0,           0,         962,      -9.714535597,      -6.374539053,      -6.835511387,      -4.151840785
          0,           0,         963,      -9.721613452,      -6.381608226,      -6.842580263,      -4.158915386
          0,           0,         964,      -9.728679907,      -6.388677153,      -6.849653409,      -4.165984461
          0,           0,         965,      -9.735744319,      -6.395745953,      -6.856722136,      -4.173047779
          0,           0,         966,      -9.742810396,      -6.402815536,      -6.863792591,        -4.1801158
          0,           0,         967,       -9.74988667,      -6.409884938,      -6.870861265,      -4.187190629
          0,           0,         968,       -9.75696058,      -6.416954042,      -6.877930376,      -4.194261609
          0,           0,         969,      -9.764029895,      -6.424023777,       -6.88499998,      -4.201330529
          0,           0,         970,      -9.771094573,      -6.431092858,      -6.892071344,         -4.208394
          0,           0,         971,      -9.778170477,      -6.438161878,      -6.899142049,      -4.215471539
          0,           0,         972,      -9.785241663,      -6.445231457,       -6.90621026,      -4.222541057
          0,           0,         973,      -9.792308513,      -6.452300769,      -6.913279679,      -4.229608935
          0,           0,         974,      -9.799373569,      -6.459370248,      -6.920351726,      -4.236673356
          0,           0,         975,      -9.806443673,      -6.466439522,      -6.927422617,      -4.243743531
          0,           0,         976,      -9.813511217,      -6.473508905,      -6.934492343,        -4.2508139
          0,           0,         977,       -9.82058247,      -6.480578793,      -6.941561232,      -4.257882836
          0,           0,         978,      -9.827651125,      -6.487648282,       -6.94863115,      -4.264951706
          0,           0,         979,      -9.834727354,      -6.494717898,      -6.955702648,      -4.272023268
          0,           0,         980,      -9.841795387,      -6.501787246,      -6.962774206,       -4.27909109
          0,           0,         981,      -9.848866706,      -6.508856841,      -6.969841483,      -4.286161512
          0,           0,         982,      -9.855941251,      -6.515926331,      -6.976911201,      -4.293235029
          0,           0,         983,      -9.863010035,      -6.522996544,       -6.98397988,       -4.30030588
          0,           0,         984,      -9.870083911,      -6.530065852,       -6.99104804,       -4.30737674
          0,           0,         985,      -9.877155905,      -6.537135367,      -6.998122577,      -4.314445493
          0,           0,         986,      -9.884217057,      -6.544205339,      -7.005193426,      -4.321513002
          0,           0,         987,       -9.89128679,      -6.551274776,      -7.012265116,      -4.328580236
          0,           0,         988,      -9.898355082,      -6.558344625,      -7.019333403,      -4.335651551
          0,           0,         989,      -9.905420537,      -6.565414862,      -7.026402746,      -4.342720544
          0,           0,         990,      -9.912491421,      -6.572484441,      -7.033471586,      -4.349789449
          0,           0,         991,      -9.919558342,       -6.57955377,       -7.04054466,       -4.35685663
          0,           0,         992,      -9.926639904,      -6.586624057,      -7.047612221,      -4.363933081
          0,           0,         993,      -9.933712727,         -6.593694,      -7.054683496,      -4.371006259
          0,           0,         994,      -9.940780889,      -6.600764019,       -7.06175761,        -4.3780738
          0,           0,         995,      -9.947849029,      -6.607833055,       -7.06882446,      -4.385140302
          0,           0,         996,       -9.95491251,      -6.614903324,      -7.075895763,       -4.39220958
          0,           0,         997,      -9.961986354,      -6.621973995,      -7.082964618,        -4.3992828
          0,           0,         998,      -9.969055235,      -6.629043556,      -7.090035599,      -4.406351125
          0,           0,         999,      -9.976124408,      -6.636113351,      -7.097100719,      -4.413416725
          0,           0,        1000,       -9.98320246,      -6.643184109,      -7.104171089,      -4.420494888
          0,           0,        1001,      -9.990269137,      -6.650253232,      -7.111242942,      -4.427560776
          0,           0,        1002,      -9.997343321,      -6.657323247,      -7.118315174,      -4.434630696
          0,           0,        1003,      -10.00441232,      -6.664393145,      -7.125384878,      -4.441699242
          0,           0,        1004,      -10.01148316,      -6.671462967,      -7.132460308,      -4.448773216
          0,           0,        1005,      -10.01854747,      -6.678533242,      -7.139527718,      -4.455838826
          0,           0,        1006,      -10.02561878,      -6.685603483,      -7.146599634,      -4.462912615
          0,           0,        1007,      -10.03270313,      -6.692673027,      -7.153669073,      -4.469988093
          0,           0,        1008,      -10.03976502,      -6.699743015,      -7.160739309,      -4.477054267
          0,           0,        1009,      -10.04683125,      -6.706813019,      -7.167809496,      -4.484120959
          0,           0,        1010,      -10.05390057,       -6.71388365,      -7.174874909,      -4.491191079
          0,           0,        1011,       -10.0609732,      -6.720954294,      -7.181950069,      -4.498266432
          0,           0,        1012,      -10.06803881,      -6.728024888,      -7.189017216,      -4.505331378
          0,           0,        1013,      -10.07510981,      -6.735095263,      -7.196088712,       -4.51239924
          0,           0,        1014,      -10.08217948,      -6.742164511,       -7.20315669,      -4.519476361
          0,           0,        1015,        -10.089241,      -6.749235801,      -7.210223927,      -4.526538996
          0,           0,        1016,      -10.09632504,      -6.756305889,      -7.217299308,      -4.533618327
          0,           0,        1017,      -10.10338911,      -6.763376258,      -7.224369961,      -4.540679824
          0,           0,        1018,      -10.11046107,      -6.770445703,      -7.231438854,      -4.547750094
          0,           0,        1019,      -10.11752291,      -6.777515782,      -7.238507305,      -4.554813461
          0,           0,        1020,      -10.12460051,       -6.78458635,      -7.245575239,      -4.561891664
          0,           0,        1021,      -10.13168262,       -6.79165638,      -7.252644037,      -4.568973937
          0,           0,        1022,      -10.13875341,      -6.798726222,      -7.259724719,       -4.57604626
          0,           0,        1023,      -10.14581985,      -6.805796911,      -7.266792504,      -4.583109707
          0,           0,        1024,      -10.15288928,      -6.812867493,      -7.273858522,      -4.590181166
          0,           0,        1025,      -10.15995438,       -6.81993733,      -7.280932365,      -4.597246224
          0,           0,        1026,      -10.16700948,      -6.827008728,      -7.288003691,       -4.60430715
          0,           0,        1027,      -10.17409452,      -6.834078419,      -7.295069436,      -4.611389044
          0,           0,        1028,      -10.18116077,      -6.841148991,      -7.302141869,      -4.618456689
          0,           0,        1029,      -10.18824243,      -6.848218952,       -7.30921525,      -4.625530152
          0,           0,        1030,      -10.19530549,      -6.855288924,      -7.316283302,      -4.632596846
          0,           0,        1031,      -10.20237339,      -6.862360711,       -7.32335314,       -4.63966399
          0,           0,        1032,      -10.20944783,      -6.869430695,      -7.330425169,      -4.646740815
          0,           0,        1033,      -10.21652761,      -6.876499762,      -7.337493599,      -4.653816125
          0,           0,        1034,      -10.22359358,      -6.883570256,      -7.344564574,      -4.660880016
          0,           0,        1035,      -10.23065988,      -6.890640438,       -7.35164668,      -4.667950564
          0,           0,        1036,      -10.23773744,      -6.897711252,      -7.358708024,       -4.67502837
          0,           0,        1037,      -10.24479768,      -6.904780739,      -7.365784104,       -4.68208466
          0,           0,        1038,      -10.25186444,      -6.911852544,      -7.372847915,      -4.689155945
          0,           0,        1039,       -10.2589256,      -6.918922924,      -7.379919367,      -4.696222119
          0,           0,        1040,      -10.26600938,      -6.925993356,      -7.386986844,      -4.703305942
          0,           0,        1041,      -10.27307602,      -6.933062016,      -7.394059775,       -4.71036746
          0,           0,        1042,      -10.28014181,      -6.940132886,      -7.401126139,      -4.717436073
          0,           0,        1043,      -10.28722229,      -6.947203114,      -7.408195228,      -4.724514929
          0,           0,        1044,      -10.29428949,      -6.954273987,      -7.415264309,      -4.731576976
          0,           0,        1045,      -10.30135191,       -6.96134623,      -7.422334358,      -4.738655108
          0,           0,        1046,      -10.30843438,      -6.968415347,      -7.429405304,      -4.745726317
          0,           0,        1047,      -10.31549856,      -6.975485094,      -7.436477046,      -4.752792903
          0,           0,        1048,      -10.32257267,      -6.982555335,      -7.443541894,       -4.75986375
          0,           0,        1049,      -10.32962863,      -6.989625927,      -7.450613649,      -4.766926606
          0,           0,        1050,      -10.33668915,      -6.996696089,      -7.457692845,      -4.773992355
          0,           0,        1051,      -10.34378263,      -7.003767331,      -7.464758738,      -4.781074426
          0,           0,        1052,      -10.35086388,      -7.010838688,      -7.471830178,      -4.788157807
          0,           0,        1053,       -10.3579133,       -7.01790749,      -7.478903267,      -4.795214625
          0,           0,        1054,      -10.36499538,      -7.024979083,      -7.485970441,      -4.802285617
          0,           0,        1055,      -10.37205014,      -7.032047407,      -7.493042076,       -4.80934671
          0,           0,        1056,      -10.37911436,      -7.039119382,      -7.500107152,      -4.816415929
          0,           0,        1057,      -10.38621716,      -7.046190513,      -7.507177735,        -4.8235106
          0,           0,        1058,      -10.39326872,      -7.053260298,      -7.514250919,      -4.830567012
          0,           0,        1059,      -10.40034804,      -7.060329052,      -7.521324456,      -4.837634535
          0,           0,        1060,      -10.40742017,      -7.067400606,      -7.528397834,      -4.844713002
          0,           0,        1061,      -10.41449878,       -7.07447279,      -7.535463859,      -4.851796169
          0,           0,        1062,      -10.42153518,      -7.081540706,      -7.542543691,      -4.858838623
          0,           0,        1063,      -10.42861844,      -7.088609989,      -7.549612034,      -4.865910099
          0,           0,        1064,      -10.43567516,      -7.095683468,      -7.556667429,      -4.872972104
          0,           0,        1065,      -10.44274744,      -7.102753862,      -7.563731218,      -4.880044569
          0,           0,        1066,      -10.44987649,      -7.109824933,      -7.570803753,       -4.88714901
          0,           0,        1067,      -10.45691107,      -7.116896146,      -7.577878856,      -4.894213532
          0,           0,        1068,      -10.46397878,      -7.123965248,      -7.584945783,      -4.901285296
          0,           0,        1069,      -10.47102916,        -7.1310351,       -7.59202456,      -4.908344919
          0,           0,        1070,      -10.47811452,      -7.138107009,      -7.599089953,      -4.915412617
          0,           0,        1071,      -10.48517034,      -7.145172109,      -7.606168608,      -4.922465628
          0,           0,        1072,      -10.49227122,       -7.15224468,      -7.613234927,      -4.929571783
          0,           0,        1073,      -10.49931948,      -7.159316504,      -7.620300856,      -4.936625352
          0,           0,        1074,      -10.50636804,       -7.16638642,      -7.627374375,      -4.943670959
          0,           0,        1075,      -10.51345713,      -7.173455045,      -7.634446403,      -4.950761759
          0,           0,        1076,      -10.52051785,      -7.180527134,      -7.641519385,      -4.957831321
          0,           0,        1077,       -10.5275879,      -7.187596913,      -7.648582121,      -4.964897385
          0,           0,        1078,      -10.53467276,      -7.194668331,       -7.65563827,      -4.971972472
          0,           0,        1079,      -10.54174656,      -7.201738693,       -7.66271677,      -4.979045247
          0,           0,        1080,      -10.54880677,      -7.208807661,      -7.669797303,      -4.986106219
          0,           0,        1081,      -10.55586799,      -7.215878986,       -7.67686868,      -4.993172767
          0,           0,        1082,      -10.56294274,      -7.222949447,      -7.683934223,      -5.000250435
          0,           0,        1083,      -10.57004985,      -7.230020457,      -7.691000854,      -5.007339282
          0,           0,        1084,      -10.57710172,      -7.237090152,      -7.698075941,      -5.014402568
          0,           0,        1085,      -10.58419896,      -7.244157991,       -7.70515646,      -5.021485319
          0,           0,        1086,      -10.59126126,      -7.251229871,      -7.712237371,      -5.028550769
          0,           0,        1087,      -10.59830155,      -7.258299418,      -7.719298886,      -5.035604501
          0,           0,        1088,      -10.60535395,      -7.265367872,      -7.726366675,      -5.042651556
          0,           0,        1089,      -10.61241063,      -7.272441577,       -7.73341374,      -5.049716677
          0,           0,        1090,      -10.61953342,      -7.279515319,      -7.740482997,      -5.056833957
          0,           0,        1091,      -10.62660002,      -7.286583893,      -7.747560748,      -5.063909862
          0,           0,        1092,      -10.63360285,      -7.293651328,      -7.754637273,      -5.070929721
          0,           0,        1093,      -10.64071698,      -7.300723597,      -7.761709241,      -5.078035508
          0,           0,        1094,       -10.6477673,      -7.307794774,      -7.768776844,      -5.085076738
          0,           0,        1095,      -10.65488692,      -7.314864021,      -7.775845732,      -5.092180245
          0,           0,        1096,      -10.66193215,      -7.321932212,      -7.782911638,       -5.09923643
          0,           0,        1097,      -10.66898932,      -7.329003812,      -7.789987623,      -5.106291907
          0,           0,        1098,      -10.67606875,      -7.336073358,      -7.797053636,      -5.113377369
          0,           0,        1099,      -10.68314485,      -7.343141678,      -7.804132969,      -5.120450148
          0,           0,        1100,      -10.69018888,      -7.350211178,       -7.81119581,      -5.127503357
          0,           0,        1101,      -10.69725697,      -7.357283139,      -7.818271467,      -5.134572902
          0,           0,        1102,      -10.70434437,      -7.364352293,      -7.825327927,      -5.141650641
          0,           0,        1103,      -10.71142158,      -7.371423001,      -7.832395972,      -5.148713272
          0,           0,        1104,      -10.71852998,      -7.378496607,      -7.839468741,      -5.155824939
          0,           0,        1105,      -10.72555004,      -7.385568906,      -7.846538734,      -5.162866792
          0,           0,        1106,      -10.73264703,      -7.392634054,      -7.853603624,      -5.169955665
          0,           0,        1107,       -10.7397077,      -7.399707995,      -7.860671934,      -5.177026996
          0,           0,        1108,      -10.74678106,      -7.406775382,      -7.867743504,      -5.184098539
          0,           0,        1109,       -10.7538333,        -7.4138427,      -7.874812214,      -5.191144954
          0,           0,        1110,      -10.76092971,      -7.420915476,       -7.88188547,      -5.198238927
          0,           0,        1111,      -10.76797738,      -7.427986793,      -7.888955718,      -5.205312325
          0,           0,        1112,      -10.77501997,      -7.435055269,      -7.896039055,      -5.212338814
          0,           0,        1113,      -10.78208972,      -7.442123991,      -7.903091534,      -5.219418668
          0,           0,        1114,      -10.78915594,      -7.449194971,      -7.910180964,      -5.226482942
          0,           0,        1115,      -10.79621899,      -7.456262573,      -7.917247389,       -5.23353267
          0,           0,        1116,      -10.80327432,      -7.463335524,      -7.924297193,      -5.240609489
          0,           0,        1117,      -10.81037451,       -7.47040904,      -7.931398481,      -5.247718631
          0,           0,        1118,      -10.81735947,      -7.477472607,      -7.938476614,       -5.25470945
          0,           0,        1119,      -10.82452868,      -7.484544101,       -7.94551218,      -5.261834124
          0,           0,        1120,      -10.83156217,      -7.491615346,      -7.952595316,      -5.268878009
          0,           0,        1121,      -10.83867959,      -7.498691003,       -7.95963227,      -5.275995192
          0,           0,        1122,      -10.84582963,      -7.505753609,      -7.966725252,      -5.283120181
          0,           0,        1123,      -10.85283344,      -7.512828669,      -7.973796411,      -5.290142616
          0,           0,        1124,      -10.85989432,       -7.51989578,      -7.980849793,      -5.297193746
          0,           0,        1125,      -10.86699683,      -7.526965866,       -7.98792134,      -5.304276547
          0,           0,        1126,      -10.87407381,      -7.534037716,      -7.994995304,      -5.311363616
          0,           0,        1127,      -10.88114118,      -7.541107946,      -8.002088976,       -5.31843949
          0,           0,        1128,      -10.88821978,      -7.548180525,      -8.009169999,      -5.325517334
          0,           0,        1129,      -10.89528839,      -7.555250258,      -8.016254519,      -5.332572735
          0,           0,        1130,      -10.90230552,      -7.562309918,      -8.023328311,      -5.339576461
          0,           0,        1131,       -10.9094612,      -7.569380818,      -8.030373835,       -5.34673165
          0,           0,        1132,      -10.91640019,      -7.576453161,      -8.037447619,      -5.353723965
          0,           0,        1133,      -10.92346489,      -7.583524633,      -8.044515434,      -5.360796066
          0,           0,        1134,      -10.93064521,      -7.590604102,      -8.051548968,      -5.367934625
          0,           0,        1135,      -10.93770589,        -7.5976687,      -8.058606576,      -5.374970732
          0,           0,        1136,      -10.94483433,      -7.604737203,      -8.065687226,      -5.382074232
          0,           0,        1137,      -10.95186238,       -7.61180945,      -8.072800574,      -5.389131408
          0,           0,        1138,      -10.95880756,      -7.618879789,      -8.079861489,       -5.39613428
          0,           0,        1139,       -10.9659735,      -7.625951066,      -8.086901894,      -5.403253036
          0,           0,        1140,      -10.97300463,      -7.633011148,      -8.093980935,      -5.410288685
          0,           0,        1141,      -10.98007746,      -7.640081037,      -8.101092564,      -5.417411307
          0,           0,        1142,      -10.98718133,      -7.647159273,      -8.108171419,      -5.424494409
          0,           0,        1143,        -10.994319,      -7.654221102,      -8.115245684,      -5.431604483
          0,           0,        1144,      -11.00129602,      -7.661290836,      -8.122292988,      -5.438595339
          0,           0,        1145,      -11.00824975,      -7.668361937,      -8.129394664,      -5.445586286
          0,           0,        1146,      -11.01535172,      -7.675432734,      -8.136407862,      -5.452681574
          0,           0,        1147,      -11.02251531,      -7.682500193,      -8.143481695,      -5.459806905
          0,           0,        1148,      -11.02960242,      -7.689586154,      -8.150554239,      -5.466891285
          0,           0,        1149,      -11.03670796,      -7.696644159,      -8.157598686,      -5.474018866
          0,           0,        1150,      -11.04370971,      -7.703721362,      -8.164676673,      -5.481005352
          0,           0,        1151,      -11.05079886,      -7.710791142,      -8.171744174,      -5.488102518
          0,           0,        1152,      -11.05785505,      -7.717859075,      -8.178799169,      -5.495148171
          0,           0,        1153,      -11.06485704,      -7.724925929,      -8.185892301,      -5.502207139
          0,           0,        1154,      -11.07208395,      -7.731996815,       -8.19292359,      -5.509335222
          0,           0,        1155,      -11.07904303,      -7.739066721,      -8.200049987,      -5.516363262
          0,           0,        1156,      -11.08612124,      -7.746129109,      -8.207126584,      -5.523448252
          0,           0,        1157,      -11.09307204,       -7.75319288,      -8.214232535,      -5.530379319
          0,           0,        1158,      -11.10020371,      -7.760263122,      -8.221239008,      -5.537547578
          0,           0,        1159,      -11.10729391,      -7.767348743,      -8.228314554,      -5.544594763
          0,           0,        1160,      -11.11437465,      -7.774417594,      -8.235366104,      -5.551700762
          0,           0,        1161,      -11.12149097,      -7.781498118,      -8.242420219,      -5.558861389
          0,           0,        1162,      -11.12869845,      -7.788562631,      -8.249483305,      -5.565993032
          0,           0,        1163,      -11.13563883,      -7.795622414,      -8.256567377,       -5.57290712
          0,           0,        1164,      -11.14268707,      -7.802687908,      -8.263690536,      -5.580005047
          0,           0,        1165,      -11.14972892,      -7.809762583,      -8.270716899,      -5.587017098
          0,           0,        1166,      -11.15682012,      -7.816841169,      -8.277784101,      -5.594156007
          0,           0,        1167,      -11.16383055,      -7.823915665,      -8.284877306,      -5.601196049
          0,           0,        1168,      -11.17089265,      -7.830974194,      -8.291968658,      -5.608222709
          0,           0,        1169,      -11.17800293,      -7.838032808,      -8.299049497,      -5.615307721
          0,           0,        1170,      -11.18509335,       -7.84511199,      -8.306101014,      -5.622421647
          0,           0,        1171,      -11.19217885,      -7.852181875,      -8.313210756,      -5.629512246
          0,           0,        1172,      -11.19932284,      -7.859249054,      -8.320238434,      -5.636613359
          0,           0,        1173,      -11.20635808,       -7.86631851,      -8.327309547,      -5.643689276
          0,           0,        1174,       -11.2132546,      -7.873386312,       -8.33437464,      -5.650575112
          0,           0,        1175,      -11.22032883,      -7.880462571,      -8.341412427,       -5.65767556
          0,           0,        1176,      -11.22755712,      -7.887535039,       -8.34846592,      -5.664907791
          0,           0,        1177,      -11.23461879,      -7.894606627,      -8.355518118,      -5.671961066
          0,           0,        1178,      -11.24172264,      -7.901682728,       -8.36258836,      -5.679050632
          0,           0,        1179,       -11.2487262,      -7.908741496,       -8.36960715,      -5.686040667
          0,           0,        1180,      -11.25586978,      -7.915797439,       -8.37676606,      -5.693177788
          0,           0,        1181,      -11.26283716,      -7.922873789,      -8.383892425,      -5.700152893
          0,           0,        1182,      -11.26990313,      -7.929937013,      -8.390944883,      -5.707224603
