
-------------------------------------------------------------------------
|    ___ _   _ ___                                                      |
|   / __| | | |_  )   Release 8.5.0 "Harrier"                           |
|   \__ \ |_| |/ /                                                      |
|   |___/\___//___|   Suite (Computational Fluid Dynamics Code)         |
|                                                                       |
-------------------------------------------------------------------------
| SU2 Project Website: https://su2code.github.io                        |
|                                                                       |
| The SU2 Project is maintained by the SU2 Foundation                   |
| (http://su2foundation.org)                                            |
-------------------------------------------------------------------------
| Copyright 2012-2026, SU2 Contributors                                 |
|                                                                       |
| SU2 is free software; you can redistribute it and/or                  |
| modify it under the terms of the GNU Lesser General Public            |
| License as published by the Free Software Foundation; either          |
| version 2.1 of the License, or (at your option) any later version.    |
|                                                                       |
| SU2 is distributed in the hope that it will be useful,                |
| but WITHOUT ANY WARRANTY; without even the implied warranty of        |
| MERCHANTABILITY or FITNESS FOR A PARTICULAR PURPOSE. See the GNU      |
| Lesser General Public License for more details.                       |
|                                                                       |
| You should have received a copy of the GNU Lesser General Public      |
| License along with SU2. If not, see <http://www.gnu.org/licenses/>.   |
-------------------------------------------------------------------------

Parsing config file for zone 0

----------------- Physical Case Definition ( Zone 0 ) -------------------
Compressible Euler equations.
Mach number: 0.3.
Angle of attack (AoA): 8 deg, and angle of sideslip (AoS): 0 deg.
No restart solution, use the values at infinity (freestream).
Dimensional simulation.
The reference area is 1 m^2.
The semi-span will be computed using the max y(3D) value.
The reference length is 1 m.
Reference origin for moment evaluation is (0.25, 0, 0).
Surface(s) where the force coefficients are evaluated: airfoil.

Surface(s) where the objective function is evaluated: airfoil.
Surface(s) plotted in the output file: airfoil.
Input mesh file name: mesh_NACA0012_inv.su2

--------------- Space Numerical Integration ( Zone 0 ) ------------------
Jameson-Schmidt-Turkel scheme (2nd order in space) for the flow inviscid terms.
JST viscous coefficients (2nd & 4th): 0.5, 0.02.
The method includes a grid stretching correction (p = 0.3).
Gradient for upwind reconstruction: inverse-distance weighted Least-Squares.
Gradient for viscous and source terms: inverse-distance weighted Least-Squares.

--------------- Time Numerical Integration  ( Zone 0 ) ------------------
Local time stepping (steady state simulation).
Euler implicit method for the flow equations.
FGMRES is used for solving the linear system.
Using a LU-SGS preconditioning.
Convergence criteria of the linear solver: 1e-06.
Max number of linear iterations: 5.
W Multigrid Cycle, with 3 multigrid levels.
Damping factor for the residual restriction: 1.
Damping factor for the correction prolongation: 1.
No CFL adaptation.
+-------------------------------------------+
|  MG Level| Presmooth|PostSmooth|CorrectSmo|
+-------------------------------------------+
|         0|         1|         0|         0|
|         1|         2|         0|         0|
|         2|         3|         0|         0|
|         3|         3|         0|         0|
+-------------------------------------------+
Courant-Friedrichs-Lewy number:        4

------------------ Convergence Criteria  ( Zone 0 ) ---------------------
Maximum number of solver subiterations: 9999.
Begin convergence monitoring at iteration 10.
Residual minimum value: 1e-8.
Cauchy series min. value: 1e-10.
Number of Cauchy elements: 100.
Begin windowed time average at iteration 0.

-------------------- Output Information ( Zone 0 ) ----------------------
File writing frequency: 
+------------------------------------+
|                     File| Frequency|
+------------------------------------+
|                  RESTART|        10|
|                 PARAVIEW|       250|
|         SURFACE_PARAVIEW|       250|
|              SURFACE_CSV|       250|
+------------------------------------+
Writing the convergence history file every 1 inner iterations.
Writing the screen convergence history every 1 inner iterations.
The tabular file format is CSV (.csv).
Convergence history file name: history.
Forces breakdown file name: forces_breakdown.dat.
Surface file name: surface_flow.
Volume file name: flow.
Restart file name: restart_flow.

------------- Config File Boundary Information ( Zone 0 ) ---------------
+-----------------------------------------------------------------------+
|                        Marker Type|                        Marker Name|
+-----------------------------------------------------------------------+
|                         Euler wall|                            airfoil|
+-----------------------------------------------------------------------+
|                          Far-field|                           farfield|
+-----------------------------------------------------------------------+

-------------------- Output Preprocessing ( Zone 0 ) --------------------

WARNING: SURFACE_PRESSURE_DROP can only be computed for at least 2 surfaces (outlet, inlet, ...)

Screen output fields: INNER_ITER, RMS_DENSITY, RMS_MOMENTUM-X, RMS_MOMENTUM-Y, RMS_ENERGY
History output group(s): ITER, RMS_RES
Convergence field(s): DRAG
Warning: No (valid) fields chosen for time convergence monitoring. Time convergence monitoring inactive.
Volume output fields: COORDINATES, SOLUTION, PRIMITIVE

------------------- Geometry Preprocessing ( Zone 0 ) -------------------
Two dimensional problem.
5233 grid points before partitioning.
10216 volume elements before partitioning.
2 surface markers.
200 boundary elements in index 0 (Marker = airfoil).
50 boundary elements in index 1 (Marker = farfield).
Executing the partitioning functions.
Building the graph adjacency structure.
Calling ParMETIS... graph partitioning complete (316 edge cuts).
Distributing ParMETIS coloring.
Rebalancing vertices.
Rebalancing volume element connectivity.
Rebalancing markers and surface elements.
5555 vertices including ghost points. 
10532 interior elements including halo cells. 
10532 triangles.
Establishing MPI communication patterns.
Setting point connectivity.
Renumbering points (Reverse Cuthill McKee Ordering).
Recomputing point connectivity.
Setting element connectivity.
Checking the numerical grid orientation.
All volume elements are correctly oriented.
All surface elements are correctly oriented.
Identifying edges and vertices.
Setting the control volume structure.
Area of the computational grid: 1255.76.
Searching for the closest normal neighbors to the surfaces.
Storing a mapping from global to local point index.
Compute the surface curvature.
Max K: 7835.1. Mean K: 34.8252. Standard deviation K: 494.448.
Computing mesh quality statistics for the dual control volumes.
+--------------------------------------------------------------+
|           Mesh Quality Metric|        Minimum|        Maximum|
+--------------------------------------------------------------+
|    Orthogonality Angle (deg.)|        62.6714|        89.7089|
|     CV Face Area Aspect Ratio|        1.00001|        7.18337|
|           CV Sub-Volume Ratio|        1.00285|        6.47826|
+--------------------------------------------------------------+
Setting the multigrid structure. NMG=3
+-------------------------------------------+
|  MG Level|       CVs|Aggl. Rate|       CFL|
+-------------------------------------------+
|         0|      5233|    1/1.00|         4|
|         1|      1659|    1/3.15|   2.66667|

Euler Wall Agglomeration Statistics (45° curvature threshold):
----------------------------------------------------------------
  Marker: airfoil
    Seeds agglomerated:       37 (100.0%)
    Seeds rejected (>45° curv): 0 (0.0%)
----------------------------------------------------------------
|         2|       563|    1/2.95|  1.777778|

Euler Wall Agglomeration Statistics (45° curvature threshold):
----------------------------------------------------------------
  Marker: airfoil
    Seeds agglomerated:       18 (100.0%)
    Seeds rejected (>45° curv): 0 (0.0%)
----------------------------------------------------------------
MG level 3 has only 209 CVs (< MG_MIN_MESHSIZE=500). Reducing MG levels to 2.

Euler Wall Agglomeration Statistics (45° curvature threshold):
----------------------------------------------------------------
  Marker: airfoil
    Seeds agglomerated:       9 (100.0%)
    Seeds rejected (>45° curv): 0 (0.0%)
----------------------------------------------------------------
Finding max control volume width.
Communicating number of neighbors.
Wetted area = 2.0 m.
Area projection in the x-plane = 0.1 m, y-plane = 1.0 m.
Max. coordinate in the x-direction = 1.0 m, y-direction = 0.1 m.
Min. coordinate in the x-direction = 0.0 m, y-direction = -0.1 m.
Computing wall distances.

-------------------- Solver Preprocessing ( Zone 0 ) --------------------
Inviscid flow: Computing density based on free-stream
temperature and pressure using the ideal gas law.
Force coefficients computed using free-stream values.

-- Models:
+------------------------------------------------------------------------------+
|          Viscosity Model|        Conductivity Model|              Fluid Model|
+------------------------------------------------------------------------------+
|                        -|                         -|             STANDARD_AIR|
+------------------------------------------------------------------------------+
-- Fluid properties:
+------------------------------------------------------------------------------+
|                  Name|    Dim. value|    Ref. value|      Unit|Non-dim. value|
+------------------------------------------------------------------------------+
|          Gas Constant|       287.058|             1|  N.m/kg.K|       287.058|
|      Spec. Heat Ratio|             -|             -|         -|           1.4|
+------------------------------------------------------------------------------+
-- Initial and free-stream conditions:
+------------------------------------------------------------------------------+
|                  Name|    Dim. value|    Ref. value|      Unit|Non-dim. value|
+------------------------------------------------------------------------------+
|       Static Pressure|        101325|             1|        Pa|        101325|
|               Density|       1.29225|             1|    kg/m^3|       1.29225|
|           Temperature|        273.15|             1|         K|        273.15|
|          Total Energy|        200965|             1|   m^2/s^2|        200965|
|            Velocity-X|       98.4291|             1|       m/s|       98.4291|
|            Velocity-Y|       13.8333|             1|       m/s|       13.8333|
|    Velocity Magnitude|       99.3964|             1|       m/s|       99.3964|
+------------------------------------------------------------------------------+
|           Mach Number|             -|             -|         -|           0.3|
+------------------------------------------------------------------------------+
Initialize Jacobian structure (Euler). MG level: 0.
Initialize Jacobian structure (Euler). MG level: 1.
Initialize Jacobian structure (Euler). MG level: 2.

------------------- Numerics Preprocessing ( Zone 0 ) -------------------

----------------- Integration Preprocessing ( Zone 0 ) ------------------

------------------- Iteration Preprocessing ( Zone 0 ) ------------------
Euler/Navier-Stokes/RANS fluid iteration.

------------------------------ Begin Solver -----------------------------

Simulation Run using the Single-zone Driver
WARNING: SU2 was not compiled for an AVX-capable architecture. Performance could be better,
         see https://su2code.github.io/docs_v7/Build-SU2-Linux-MacOS/#compiler-optimizations
WARNING: SU2 was not compiled for an AVX-capable architecture. Performance could be better,
         see https://su2code.github.io/docs_v7/Build-SU2-Linux-MacOS/#compiler-optimizations
WARNING: SU2 was not compiled for an AVX-capable architecture. Performance could be better,
         see https://su2code.github.io/docs_v7/Build-SU2-Linux-MacOS/#compiler-optimizations
+----------------------------------------------------------------+
|  Inner_Iter|    rms[Rho]|   rms[RhoU]|   rms[RhoV]|   rms[RhoE]|
+----------------------------------------------------------------+
|           0|   -1.284604|    0.668075|    0.012719|    4.161582|
|           1|   -1.663043|    0.680646|    0.913439|    3.795350|
|           2|   -1.626774|    0.830321|    0.902018|    3.832117|
|           3|   -1.628702|    0.929169|    0.976661|    3.825201|
|           4|   -1.598992|    0.961006|    0.979840|    3.846264|
|           5|   -1.573580|    0.945222|    0.952232|    3.871374|
|           6|   -1.561352|    0.924674|    0.942142|    3.891214|
|           7|   -1.566324|    0.910004|    0.967216|    3.887941|
|           8|   -1.564426|    0.897306|    0.979531|    3.881181|
|           9|   -1.560327|    0.904853|    0.967908|    3.880997|
|          10|   -1.562403|    0.931348|    0.962336|    3.884227|
+-----------------------------------------------------------------------+
|        File Writing Summary       |              Filename             |
+-----------------------------------------------------------------------+
|SU2 binary restart                 |restart_flow.dat                   |

Writing the forces breakdown file (forces_breakdown.dat).
+-----------------------------------------------------------------------+
+----------------------------------------------------------------+
|  Inner_Iter|    rms[Rho]|   rms[RhoU]|   rms[RhoV]|   rms[RhoE]|
+----------------------------------------------------------------+
|          11|   -1.565753|    0.946654|    0.968775|    3.883651|
|          12|   -1.577394|    0.940140|    0.957578|    3.865932|
|          13|   -1.601807|    0.915890|    0.908251|    3.833910|
|          14|   -1.638748|    0.880021|    0.833490|    3.797104|
|          15|   -1.675615|    0.849146|    0.775714|    3.768100|
|          16|   -1.714379|    0.835341|    0.764786|    3.737632|
|          17|   -1.747378|    0.841413|    0.787932|    3.707268|
|          18|   -1.767387|    0.854517|    0.812423|    3.680464|
|          19|   -1.777107|    0.857917|    0.817060|    3.658093|
|          20|   -1.786983|    0.846191|    0.798746|    3.638325|
+-----------------------------------------------------------------------+
|        File Writing Summary       |              Filename             |
+-----------------------------------------------------------------------+
|SU2 binary restart                 |restart_flow.dat                   |

Writing the forces breakdown file (forces_breakdown.dat).
+-----------------------------------------------------------------------+
+----------------------------------------------------------------+
|  Inner_Iter|    rms[Rho]|   rms[RhoU]|   rms[RhoV]|   rms[RhoE]|
+----------------------------------------------------------------+
|          21|   -1.806601|    0.820737|    0.765515|    3.614951|
|          22|   -1.834601|    0.788543|    0.725778|    3.587560|
|          23|   -1.866686|    0.756064|    0.681047|    3.561183|
|          24|   -1.900613|    0.727171|    0.637086|    3.536008|
|          25|   -1.932358|    0.704885|    0.601524|    3.513414|
|          26|   -1.958895|    0.691148|    0.582205|    3.493527|
|          27|   -1.979666|    0.686419|    0.582031|    3.474923|
|          28|   -1.995195|    0.690387|    0.597718|    3.456869|
|          29|   -2.007596|    0.698767|    0.619146|    3.437716|
|          30|   -2.016934|    0.707389|    0.638227|    3.419311|
+-----------------------------------------------------------------------+
|        File Writing Summary       |              Filename             |
+-----------------------------------------------------------------------+
|SU2 binary restart                 |restart_flow.dat                   |

Writing the forces breakdown file (forces_breakdown.dat).
+-----------------------------------------------------------------------+
+----------------------------------------------------------------+
|  Inner_Iter|    rms[Rho]|   rms[RhoU]|   rms[RhoV]|   rms[RhoE]|
+----------------------------------------------------------------+
|          31|   -2.022475|    0.712875|    0.650491|    3.405012|
|          32|   -2.024349|    0.713073|    0.654227|    3.397146|
|          33|   -2.023402|    0.707352|    0.649429|    3.396246|
|          34|   -2.023901|    0.694369|    0.635716|    3.397144|
|          35|   -2.028222|    0.674214|    0.613758|    3.396231|
|          36|   -2.037549|    0.647773|    0.585009|    3.391388|
|          37|   -2.051987|    0.617058|    0.552452|    3.382054|
|          38|   -2.070417|    0.585671|    0.521104|    3.369591|
|          39|   -2.091769|    0.559004|    0.498586|    3.354316|
|          40|   -2.113789|    0.541998|    0.489928|    3.337672|
+-----------------------------------------------------------------------+
|        File Writing Summary       |              Filename             |
+-----------------------------------------------------------------------+
|SU2 binary restart                 |restart_flow.dat                   |

Writing the forces breakdown file (forces_breakdown.dat).
+-----------------------------------------------------------------------+
+----------------------------------------------------------------+
|  Inner_Iter|    rms[Rho]|   rms[RhoU]|   rms[RhoV]|   rms[RhoE]|
+----------------------------------------------------------------+
|          41|   -2.133692|    0.536455|    0.494218|    3.321263|
|          42|   -2.149167|    0.539869|    0.505383|    3.306339|
|          43|   -2.158336|    0.548564|    0.517547|    3.294799|
|          44|   -2.164128|    0.556362|    0.524323|    3.284012|
|          45|   -2.169193|    0.559865|    0.523015|    3.272834|
|          46|   -2.175787|    0.557611|    0.512846|    3.260588|
|          47|   -2.185024|    0.549418|    0.494151|    3.247416|
|          48|   -2.196052|    0.536364|    0.467846|    3.235349|
|          49|   -2.208634|    0.519228|    0.436181|    3.224769|
|          50|   -2.221171|    0.500443|    0.403133|    3.217039|
+-----------------------------------------------------------------------+
|        File Writing Summary       |              Filename             |
+-----------------------------------------------------------------------+
|SU2 binary restart                 |restart_flow.dat                   |

Writing the forces breakdown file (forces_breakdown.dat).
+-----------------------------------------------------------------------+
+----------------------------------------------------------------+
|  Inner_Iter|    rms[Rho]|   rms[RhoU]|   rms[RhoV]|   rms[RhoE]|
+----------------------------------------------------------------+
|          51|   -2.232494|    0.483581|    0.374742|    3.212367|
|          52|   -2.242510|    0.472393|    0.357687|    3.209253|
|          53|   -2.250761|    0.470021|    0.356302|    3.206848|
|          54|   -2.259694|    0.474170|    0.366639|    3.200161|
|          55|   -2.269397|    0.480199|    0.379536|    3.187933|
|          56|   -2.278775|    0.483152|    0.386276|    3.171327|
|          57|   -2.286387|    0.479487|    0.381284|    3.153708|
|          58|   -2.290486|    0.468113|    0.362138|    3.140786|
|          59|   -2.293770|    0.449181|    0.330180|    3.133811|
|          60|   -2.298767|    0.426275|    0.292266|    3.131772|
+-----------------------------------------------------------------------+
|        File Writing Summary       |              Filename             |
+-----------------------------------------------------------------------+
|SU2 binary restart                 |restart_flow.dat                   |

Writing the forces breakdown file (forces_breakdown.dat).
+-----------------------------------------------------------------------+
+----------------------------------------------------------------+
|  Inner_Iter|    rms[Rho]|   rms[RhoU]|   rms[RhoV]|   rms[RhoE]|
+----------------------------------------------------------------+
|          61|   -2.307949|    0.404778|    0.260456|    3.130360|
|          62|   -2.322911|    0.389513|    0.245858|    3.124356|
|          63|   -2.343102|    0.382784|    0.249587|    3.111296|
|          64|   -2.368139|    0.381282|    0.258950|    3.088092|
|          65|   -2.395130|    0.380004|    0.261101|    3.056984|
|          66|   -2.420596|    0.375247|    0.249508|    3.023691|
|          67|   -2.441736|    0.365711|    0.223672|    2.995832|
|          68|   -2.456452|    0.352568|    0.187781|    2.980465|
|          69|   -2.466691|    0.337534|    0.151924|    2.975641|
|          70|   -2.474626|    0.323115|    0.127413|    2.975353|
+-----------------------------------------------------------------------+
|        File Writing Summary       |              Filename             |
+-----------------------------------------------------------------------+
|SU2 binary restart                 |restart_flow.dat                   |

Writing the forces breakdown file (forces_breakdown.dat).
+-----------------------------------------------------------------------+
+----------------------------------------------------------------+
|  Inner_Iter|    rms[Rho]|   rms[RhoU]|   rms[RhoV]|   rms[RhoE]|
+----------------------------------------------------------------+
|          71|   -2.483023|    0.311073|    0.119100|    2.972791|
|          72|   -2.494561|    0.301626|    0.121416|    2.963361|
|          73|   -2.509888|    0.294260|    0.125112|    2.946846|
|          74|   -2.530186|    0.286651|    0.121311|    2.922819|
|          75|   -2.552418|    0.277642|    0.107237|    2.896159|
|          76|   -2.570711|    0.267338|    0.084834|    2.874596|
|          77|   -2.579509|    0.256693|    0.059688|    2.864629|
|          78|   -2.576190|    0.247195|    0.039645|    2.868690|
|          79|   -2.567890|    0.238605|    0.030142|    2.877880|
|          80|   -2.562290|    0.230307|    0.030328|    2.884001|
+-----------------------------------------------------------------------+
|        File Writing Summary       |              Filename             |
+-----------------------------------------------------------------------+
|SU2 binary restart                 |restart_flow.dat                   |

Writing the forces breakdown file (forces_breakdown.dat).
+-----------------------------------------------------------------------+
+----------------------------------------------------------------+
|  Inner_Iter|    rms[Rho]|   rms[RhoU]|   rms[RhoV]|   rms[RhoE]|
+----------------------------------------------------------------+
|          81|   -2.565131|    0.221448|    0.034656|    2.881618|
|          82|   -2.578743|    0.211409|    0.037100|    2.868900|
|          83|   -2.600935|    0.200667|    0.034447|    2.848760|
|          84|   -2.628289|    0.189296|    0.024738|    2.823992|
|          85|   -2.652734|    0.177934|    0.009128|    2.801778|
|          86|   -2.666864|    0.167195|   -0.009204|    2.788423|
|          87|   -2.669918|    0.157212|   -0.026021|    2.784402|
|          88|   -2.667185|    0.147842|   -0.037390|    2.785364|
|          89|   -2.668314|    0.137948|   -0.042668|    2.782439|
|          90|   -2.678730|    0.126828|   -0.044759|    2.770826|
+-----------------------------------------------------------------------+
|        File Writing Summary       |              Filename             |
+-----------------------------------------------------------------------+
|SU2 binary restart                 |restart_flow.dat                   |

Writing the forces breakdown file (forces_breakdown.dat).
+-----------------------------------------------------------------------+
+----------------------------------------------------------------+
|  Inner_Iter|    rms[Rho]|   rms[RhoU]|   rms[RhoV]|   rms[RhoE]|
+----------------------------------------------------------------+
|          91|   -2.699386|    0.114234|   -0.048493|    2.749894|
|          92|   -2.726907|    0.100438|   -0.058356|    2.723213|
|          93|   -2.753352|    0.086404|   -0.076512|    2.698809|
|          94|   -2.771785|    0.073336|   -0.102170|    2.682826|
|          95|   -2.777610|    0.062459|   -0.130178|    2.678525|
|          96|   -2.773621|    0.054480|   -0.151879|    2.682118|
|          97|   -2.767531|    0.048985|   -0.159995|    2.685893|
|          98|   -2.765371|    0.044611|   -0.154621|    2.684504|
|          99|   -2.772866|    0.038907|   -0.144611|    2.673148|
|         100|   -2.790873|    0.029985|   -0.139676|    2.652253|
+-----------------------------------------------------------------------+
|        File Writing Summary       |              Filename             |
+-----------------------------------------------------------------------+
|SU2 binary restart                 |restart_flow.dat                   |

Writing the forces breakdown file (forces_breakdown.dat).
+-----------------------------------------------------------------------+
+----------------------------------------------------------------+
|  Inner_Iter|    rms[Rho]|   rms[RhoU]|   rms[RhoV]|   rms[RhoE]|
+----------------------------------------------------------------+
|         101|   -2.816693|    0.017126|   -0.145674|    2.626180|
|         102|   -2.844681|    0.001075|   -0.163798|    2.601979|
|         103|   -2.867207|   -0.015922|   -0.190563|    2.586972|
|         104|   -2.880927|   -0.031212|   -0.217625|    2.580965|
|         105|   -2.886720|   -0.042716|   -0.234623|    2.579172|
|         106|   -2.890189|   -0.050121|   -0.236256|    2.574516|
|         107|   -2.897246|   -0.055176|   -0.227559|    2.562016|
|         108|   -2.909468|   -0.060418|   -0.218827|    2.542185|
|         109|   -2.928148|   -0.068521|   -0.220051|    2.516511|
|         110|   -2.949176|   -0.080532|   -0.236276|    2.492291|
+-----------------------------------------------------------------------+
|        File Writing Summary       |              Filename             |
+-----------------------------------------------------------------------+
|SU2 binary restart                 |restart_flow.dat                   |

Writing the forces breakdown file (forces_breakdown.dat).
+-----------------------------------------------------------------------+
+----------------------------------------------------------------+
|  Inner_Iter|    rms[Rho]|   rms[RhoU]|   rms[RhoV]|   rms[RhoE]|
+----------------------------------------------------------------+
|         111|   -2.966569|   -0.095673|   -0.268036|    2.477540|
|         112|   -2.976820|   -0.111599|   -0.310777|    2.474280|
|         113|   -2.980828|   -0.125144|   -0.353174|    2.477581|
|         114|   -2.984687|   -0.134297|   -0.378952|    2.477686|
|         115|   -2.993840|   -0.139176|   -0.380353|    2.468193|
|         116|   -3.011272|   -0.141995|   -0.366852|    2.446919|
|         117|   -3.036687|   -0.145814|   -0.354611|    2.415996|
|         118|   -3.065463|   -0.152802|   -0.354209|    2.382926|
|         119|   -3.095401|   -0.164052|   -0.369679|    2.353251|
|         120|   -3.122123|   -0.178585|   -0.398447|    2.332822|
+-----------------------------------------------------------------------+
|        File Writing Summary       |              Filename             |
+-----------------------------------------------------------------------+
|SU2 binary restart                 |restart_flow.dat                   |

Writing the forces breakdown file (forces_breakdown.dat).
+-----------------------------------------------------------------------+
+----------------------------------------------------------------+
|  Inner_Iter|    rms[Rho]|   rms[RhoU]|   rms[RhoV]|   rms[RhoE]|
+----------------------------------------------------------------+
|         121|   -3.144009|   -0.193901|   -0.431808|    2.320926|
|         122|   -3.162747|   -0.207228|   -0.457050|    2.311254|
|         123|   -3.178939|   -0.216862|   -0.465237|    2.299365|
|         124|   -3.193945|   -0.223636|   -0.460803|    2.282040|
|         125|   -3.205355|   -0.229803|   -0.456151|    2.262570|
|         126|   -3.210109|   -0.237605|   -0.461404|    2.247669|
|         127|   -3.208530|   -0.248104|   -0.480648|    2.241861|
|         128|   -3.204328|   -0.260746|   -0.512107|    2.244082|
|         129|   -3.204742|   -0.274120|   -0.548803|    2.246215|
|         130|   -3.213589|   -0.286497|   -0.579718|    2.242253|
+-----------------------------------------------------------------------+
|        File Writing Summary       |              Filename             |
+-----------------------------------------------------------------------+
|SU2 binary restart                 |restart_flow.dat                   |

Writing the forces breakdown file (forces_breakdown.dat).
+-----------------------------------------------------------------------+
+----------------------------------------------------------------+
|  Inner_Iter|    rms[Rho]|   rms[RhoU]|   rms[RhoV]|   rms[RhoE]|
+----------------------------------------------------------------+
|         131|   -3.231869|   -0.296862|   -0.596237|    2.229390|
|         132|   -3.257407|   -0.305431|   -0.599435|    2.208614|
|         133|   -3.283684|   -0.313056|   -0.597600|    2.185642|
|         134|   -3.307853|   -0.321159|   -0.599442|    2.162915|
|         135|   -3.327529|   -0.330450|   -0.608662|    2.143186|
|         136|   -3.344451|   -0.340819|   -0.624324|    2.125637|
|         137|   -3.362797|   -0.351724|   -0.643097|    2.106866|
|         138|   -3.383814|   -0.362551|   -0.661718|    2.085772|
|         139|   -3.408179|   -0.373518|   -0.679918|    2.061234|
|         140|   -3.429948|   -0.384962|   -0.699791|    2.038433|
+-----------------------------------------------------------------------+
|        File Writing Summary       |              Filename             |
+-----------------------------------------------------------------------+
|SU2 binary restart                 |restart_flow.dat                   |

Writing the forces breakdown file (forces_breakdown.dat).
+-----------------------------------------------------------------------+
+----------------------------------------------------------------+
|  Inner_Iter|    rms[Rho]|   rms[RhoU]|   rms[RhoV]|   rms[RhoE]|
+----------------------------------------------------------------+
|         141|   -3.441562|   -0.397102|   -0.723521|    2.024451|
|         142|   -3.441130|   -0.409763|   -0.750968|    2.021639|
|         143|   -3.433726|   -0.422240|   -0.778371|    2.026053|
|         144|   -3.430068|   -0.434021|   -0.800690|    2.027762|
|         145|   -3.436838|   -0.444788|   -0.814765|    2.020691|
|         146|   -3.456511|   -0.454669|   -0.822340|    2.003015|
|         147|   -3.487610|   -0.464132|   -0.828689|    1.976904|
|         148|   -3.523946|   -0.473442|   -0.838231|    1.948777|
|         149|   -3.560961|   -0.482919|   -0.852882|    1.921810|
|         150|   -3.593184|   -0.492458|   -0.870907|    1.898548|
+-----------------------------------------------------------------------+
|        File Writing Summary       |              Filename             |
+-----------------------------------------------------------------------+
|SU2 binary restart                 |restart_flow.dat                   |

Writing the forces breakdown file (forces_breakdown.dat).
+-----------------------------------------------------------------------+
+----------------------------------------------------------------+
|  Inner_Iter|    rms[Rho]|   rms[RhoU]|   rms[RhoV]|   rms[RhoE]|
+----------------------------------------------------------------+
|         151|   -3.619722|   -0.501732|   -0.888842|    1.877344|
|         152|   -3.644055|   -0.510599|   -0.904507|    1.854236|
|         153|   -3.667804|   -0.519104|   -0.918720|    1.828474|
|         154|   -3.693774|   -0.528063|   -0.935704|    1.798973|
|         155|   -3.717331|   -0.537956|   -0.959309|    1.771740|
|         156|   -3.731781|   -0.548749|   -0.990142|    1.754588|
|         157|   -3.735529|   -0.559899|   -1.024013|    1.749645|
|         158|   -3.733642|   -0.570574|   -1.052569|    1.751719|
|         159|   -3.734520|   -0.580237|   -1.068344|    1.752198|
|         160|   -3.743634|   -0.588729|   -1.071164|    1.745918|
+-----------------------------------------------------------------------+
|        File Writing Summary       |              Filename             |
+-----------------------------------------------------------------------+
|SU2 binary restart                 |restart_flow.dat                   |

Writing the forces breakdown file (forces_breakdown.dat).
+-----------------------------------------------------------------------+
+----------------------------------------------------------------+
|  Inner_Iter|    rms[Rho]|   rms[RhoU]|   rms[RhoV]|   rms[RhoE]|
+----------------------------------------------------------------+
|         161|   -3.762556|   -0.596287|   -1.068045|    1.731944|
|         162|   -3.789628|   -0.603331|   -1.066741|    1.712411|
|         163|   -3.821174|   -0.610207|   -1.071201|    1.690730|
|         164|   -3.852984|   -0.617058|   -1.081187|    1.669794|
|         165|   -3.881930|   -0.623857|   -1.093886|    1.650808|
|         166|   -3.906823|   -0.630556|   -1.106186|    1.633453|
|         167|   -3.927841|   -0.637205|   -1.116772|    1.617066|
|         168|   -3.945174|   -0.643964|   -1.126702|    1.601766|
|         169|   -3.958320|   -0.651011|   -1.138080|    1.588658|
|         170|   -3.966590|   -0.658422|   -1.152112|    1.579049|
+-----------------------------------------------------------------------+
|        File Writing Summary       |              Filename             |
+-----------------------------------------------------------------------+
|SU2 binary restart                 |restart_flow.dat                   |

Writing the forces breakdown file (forces_breakdown.dat).
+-----------------------------------------------------------------------+
+----------------------------------------------------------------+
|  Inner_Iter|    rms[Rho]|   rms[RhoU]|   rms[RhoV]|   rms[RhoE]|
+----------------------------------------------------------------+
|         171|   -3.970141|   -0.666112|   -1.167943|    1.573361|
|         172|   -3.970609|   -0.673874|   -1.182866|    1.570553|
|         173|   -3.970797|   -0.681499|   -1.193911|    1.568456|
|         174|   -3.973697|   -0.688896|   -1.199933|    1.564763|
|         175|   -3.981492|   -0.696124|   -1.202430|    1.557964|
|         176|   -3.994891|   -0.703333|   -1.204304|    1.547861|
|         177|   -4.012799|   -0.710657|   -1.207872|    1.535569|
|         178|   -4.032442|   -0.718127|   -1.213741|    1.523000|
|         179|   -4.050251|   -0.725674|   -1.220923|    1.511922|
|         180|   -4.063594|   -0.733194|   -1.227859|    1.503006|
+-----------------------------------------------------------------------+
|        File Writing Summary       |              Filename             |
+-----------------------------------------------------------------------+
|SU2 binary restart                 |restart_flow.dat                   |

Writing the forces breakdown file (forces_breakdown.dat).
+-----------------------------------------------------------------------+
+----------------------------------------------------------------+
|  Inner_Iter|    rms[Rho]|   rms[RhoU]|   rms[RhoV]|   rms[RhoE]|
+----------------------------------------------------------------+
|         181|   -4.072338|   -0.740641|   -1.233691|    1.495551|
|         182|   -4.078711|   -0.748077|   -1.238928|    1.488131|
|         183|   -4.085533|   -0.755639|   -1.245037|    1.479630|
|         184|   -4.094387|   -0.763459|   -1.253369|    1.469944|
|         185|   -4.104930|   -0.771586|   -1.264245|    1.459955|
|         186|   -4.115465|   -0.779958|   -1.276667|    1.450820|
|         187|   -4.124355|   -0.788451|   -1.288797|    1.443056|
|         188|   -4.131379|   -0.796957|   -1.298972|    1.436091|
|         189|   -4.138022|   -0.805458|   -1.306676|    1.428611|
|         190|   -4.146509|   -0.814029|   -1.312732|    1.419403|
+-----------------------------------------------------------------------+
|        File Writing Summary       |              Filename             |
+-----------------------------------------------------------------------+
|SU2 binary restart                 |restart_flow.dat                   |

Writing the forces breakdown file (forces_breakdown.dat).
+-----------------------------------------------------------------------+
+----------------------------------------------------------------+
|  Inner_Iter|    rms[Rho]|   rms[RhoU]|   rms[RhoV]|   rms[RhoE]|
+----------------------------------------------------------------+
|         191|   -4.158420|   -0.822792|   -1.318587|    1.408091|
|         192|   -4.173773|   -0.831835|   -1.325338|    1.395352|
|         193|   -4.190913|   -0.841157|   -1.333174|    1.382550|
|         194|   -4.207226|   -0.850673|   -1.341473|    1.370975|
|         195|   -4.220447|   -0.860260|   -1.349379|    1.361121|
|         196|   -4.229891|   -0.869823|   -1.356473|    1.352518|
|         197|   -4.236655|   -0.879336|   -1.363091|    1.344172|
|         198|   -4.242676|   -0.888840|   -1.370103|    1.335245|
|         199|   -4.249528|   -0.898398|   -1.378351|    1.325488|
|         200|   -4.257803|   -0.908055|   -1.388170|    1.315230|
+-----------------------------------------------------------------------+
|        File Writing Summary       |              Filename             |
+-----------------------------------------------------------------------+
|SU2 binary restart                 |restart_flow.dat                   |

Writing the forces breakdown file (forces_breakdown.dat).
+-----------------------------------------------------------------------+
+----------------------------------------------------------------+
|  Inner_Iter|    rms[Rho]|   rms[RhoU]|   rms[RhoV]|   rms[RhoE]|
+----------------------------------------------------------------+
|         201|   -4.267216|   -0.917806|   -1.399209|    1.305020|
|         202|   -4.277140|   -0.927607|   -1.410619|    1.295183|
|         203|   -4.287171|   -0.937409|   -1.421478|    1.285599|
|         204|   -4.297397|   -0.947191|   -1.431221|    1.275806|
|         205|   -4.308274|   -0.956974|   -1.439840|    1.265318|
|         206|   -4.320245|   -0.966809|   -1.447760|    1.253925|
|         207|   -4.333362|   -0.976744|   -1.455513|    1.241820|
|         208|   -4.347125|   -0.986804|   -1.463446|    1.229503|
|         209|   -4.360584|   -0.996973|   -1.471627|    1.217557|
|         210|   -4.372663|   -1.007207|   -1.479928|    1.206422|
+-----------------------------------------------------------------------+
|        File Writing Summary       |              Filename             |
+-----------------------------------------------------------------------+
|SU2 binary restart                 |restart_flow.dat                   |

Writing the forces breakdown file (forces_breakdown.dat).
+-----------------------------------------------------------------------+
+----------------------------------------------------------------+
|  Inner_Iter|    rms[Rho]|   rms[RhoU]|   rms[RhoV]|   rms[RhoE]|
+----------------------------------------------------------------+
|         211|   -4.382553|   -1.017452|   -1.488202|    1.196271|
|         212|   -4.390010|   -1.027665|   -1.496416|    1.187042|
|         213|   -4.395412|   -1.037820|   -1.504680|    1.178527|
|         214|   -4.399587|   -1.047911|   -1.513161|    1.170468|
|         215|   -4.403534|   -1.057936|   -1.521964|    1.162596|
|         216|   -4.408161|   -1.067895|   -1.531053|    1.154634|
|         217|   -4.414126|   -1.077784|   -1.540262|    1.146313|
|         218|   -4.421764|   -1.087596|   -1.549365|    1.137399|
|         219|   -4.431084|   -1.097332|   -1.558181|    1.127753|
|         220|   -4.441817|   -1.107001|   -1.566640|    1.117367|
+-----------------------------------------------------------------------+
|        File Writing Summary       |              Filename             |
+-----------------------------------------------------------------------+
|SU2 binary restart                 |restart_flow.dat                   |

Writing the forces breakdown file (forces_breakdown.dat).
+-----------------------------------------------------------------------+
+----------------------------------------------------------------+
|  Inner_Iter|    rms[Rho]|   rms[RhoU]|   rms[RhoV]|   rms[RhoE]|
+----------------------------------------------------------------+
|         221|   -4.453490|   -1.116621|   -1.574800|    1.106374|
|         222|   -4.465517|   -1.126212|   -1.582805|    1.095024|
|         223|   -4.477278|   -1.135796|   -1.590825|    1.083634|
|         224|   -4.488192|   -1.145382|   -1.598997|    1.072538|
|         225|   -4.497786|   -1.154975|   -1.607393|    1.062039|
|         226|   -4.505754|   -1.164567|   -1.616019|    1.052363|
|         227|   -4.512033|   -1.174142|   -1.624815|    1.043625|
|         228|   -4.516848|   -1.183680|   -1.633678|    1.035786|
|         229|   -4.520699|   -1.193157|   -1.642483|    1.028645|
|         230|   -4.524279|   -1.202549|   -1.651110|    1.021861|
+-----------------------------------------------------------------------+
|        File Writing Summary       |              Filename             |
+-----------------------------------------------------------------------+
|SU2 binary restart                 |restart_flow.dat                   |

Writing the forces breakdown file (forces_breakdown.dat).
+-----------------------------------------------------------------------+
+----------------------------------------------------------------+
|  Inner_Iter|    rms[Rho]|   rms[RhoU]|   rms[RhoV]|   rms[RhoE]|
+----------------------------------------------------------------+
|         231|   -4.528321|   -1.211839|   -1.659477|    1.015030|
|         232|   -4.533439|   -1.221013|   -1.667558|    1.007773|
|         233|   -4.540007|   -1.230069|   -1.675390|    0.999829|
|         234|   -4.548100|   -1.239012|   -1.683058|    0.991100|
|         235|   -4.557500|   -1.247854|   -1.690668|    0.981658|
|         236|   -4.567761|   -1.256612|   -1.698324|    0.971709|
|         237|   -4.578312|   -1.265301|   -1.706110|    0.961535|
|         238|   -4.588576|   -1.273938|   -1.714083|    0.951427|
|         239|   -4.598072|   -1.282533|   -1.722270|    0.941645|
|         240|   -4.606491|   -1.291096|   -1.730671|    0.932383|
+-----------------------------------------------------------------------+
|        File Writing Summary       |              Filename             |
+-----------------------------------------------------------------------+
|SU2 binary restart                 |restart_flow.dat                   |

Writing the forces breakdown file (forces_breakdown.dat).
+-----------------------------------------------------------------------+
+----------------------------------------------------------------+
|  Inner_Iter|    rms[Rho]|   rms[RhoU]|   rms[RhoV]|   rms[RhoE]|
+----------------------------------------------------------------+
|         241|   -4.613735|   -1.299631|   -1.739254|    0.923753|
|         242|   -4.619913|   -1.308136|   -1.747948|    0.915773|
|         243|   -4.625301|   -1.316602|   -1.756647|    0.908367|
|         244|   -4.630284|   -1.325015|   -1.765226|    0.901374|
|         245|   -4.635277|   -1.333359|   -1.773565|    0.894579|
|         246|   -4.640652|   -1.341617|   -1.781584|    0.887752|
|         247|   -4.646675|   -1.349775|   -1.789259|    0.880699|
|         248|   -4.653475|   -1.357826|   -1.796634|    0.873295|
|         249|   -4.661034|   -1.365768|   -1.803799|    0.865507|
|         250|   -4.669208|   -1.373606|   -1.810873|    0.857383|
+-----------------------------------------------------------------------+
|        File Writing Summary       |              Filename             |
+-----------------------------------------------------------------------+
|SU2 binary restart                 |restart_flow.dat                   |

Writing the forces breakdown file (forces_breakdown.dat).
|Paraview                           |flow.vtu                           |

Writing the forces breakdown file (forces_breakdown.dat).
|Paraview surface                   |surface_flow.vtu                   |

Writing the forces breakdown file (forces_breakdown.dat).
|CSV file                           |surface_flow.csv                   |

Writing the forces breakdown file (forces_breakdown.dat).
+-----------------------------------------------------------------------+
+----------------------------------------------------------------+
|  Inner_Iter|    rms[Rho]|   rms[RhoU]|   rms[RhoV]|   rms[RhoE]|
+----------------------------------------------------------------+
|         251|   -4.677766|   -1.381349|   -1.817971|    0.849034|
|         252|   -4.686438|   -1.389007|   -1.825182|    0.840607|
|         253|   -4.694964|   -1.396592|   -1.832564|    0.832251|
|         254|   -4.703133|   -1.404113|   -1.840133|    0.824096|
|         255|   -4.710818|   -1.411579|   -1.847870|    0.816232|
|         256|   -4.717985|   -1.418992|   -1.855726|    0.808698|
|         257|   -4.724696|   -1.426355|   -1.863629|    0.801483|
|         258|   -4.731087|   -1.433665|   -1.871498|    0.794527|
|         259|   -4.737338|   -1.440920|   -1.879252|    0.787742|
|         260|   -4.743630|   -1.448114|   -1.886831|    0.781027|
+-----------------------------------------------------------------------+
|        File Writing Summary       |              Filename             |
+-----------------------------------------------------------------------+
|SU2 binary restart                 |restart_flow.dat                   |

Writing the forces breakdown file (forces_breakdown.dat).
+-----------------------------------------------------------------------+
+----------------------------------------------------------------+
|  Inner_Iter|    rms[Rho]|   rms[RhoU]|   rms[RhoV]|   rms[RhoE]|
+----------------------------------------------------------------+
|         261|   -4.750108|   -1.455244|   -1.894196|    0.774297|
|         262|   -4.756857|   -1.462306|   -1.901343|    0.767494|
|         263|   -4.763891|   -1.469299|   -1.908294|    0.760598|
|         264|   -4.771162|   -1.476221|   -1.915093|    0.753623|
|         265|   -4.778581|   -1.483074|   -1.921792|    0.746606|
|         266|   -4.786047|   -1.489859|   -1.928447|    0.739590|
|         267|   -4.793472|   -1.496582|   -1.935110|    0.732621|
|         268|   -4.800793|   -1.503245|   -1.941819|    0.725727|
|         269|   -4.807987|   -1.509855|   -1.948599|    0.718927|
|         270|   -4.815059|   -1.516416|   -1.955456|    0.712223|
+-----------------------------------------------------------------------+
|        File Writing Summary       |              Filename             |
+-----------------------------------------------------------------------+
|SU2 binary restart                 |restart_flow.dat                   |

Writing the forces breakdown file (forces_breakdown.dat).
+-----------------------------------------------------------------------+
+----------------------------------------------------------------+
|  Inner_Iter|    rms[Rho]|   rms[RhoU]|   rms[RhoV]|   rms[RhoE]|
+----------------------------------------------------------------+
|         271|   -4.822034|   -1.522933|   -1.962379|    0.705606|
|         272|   -4.828953|   -1.529409|   -1.969340|    0.699058|
|         273|   -4.835858|   -1.535848|   -1.976303|    0.692555|
|         274|   -4.842787|   -1.542253|   -1.983231|    0.686070|
|         275|   -4.849769|   -1.548626|   -1.990094|    0.679580|
|         276|   -4.856819|   -1.554970|   -1.996875|    0.673073|
|         277|   -4.863933|   -1.561287|   -2.003568|    0.666548|
|         278|   -4.871089|   -1.567582|   -2.010180|    0.660017|
|         279|   -4.878251|   -1.573857|   -2.016724|    0.653504|
|         280|   -4.885376|   -1.580113|   -2.023217|    0.647032|
+-----------------------------------------------------------------------+
|        File Writing Summary       |              Filename             |
+-----------------------------------------------------------------------+
|SU2 binary restart                 |restart_flow.dat                   |

Writing the forces breakdown file (forces_breakdown.dat).
+-----------------------------------------------------------------------+
+----------------------------------------------------------------+
|  Inner_Iter|    rms[Rho]|   rms[RhoU]|   rms[RhoV]|   rms[RhoE]|
+----------------------------------------------------------------+
|         281|   -4.892426|   -1.586351|   -2.029675|    0.640622|
|         282|   -4.899379|   -1.592571|   -2.036113|    0.634284|
|         283|   -4.906238|   -1.598775|   -2.042545|    0.628013|
|         284|   -4.913026|   -1.604963|   -2.048985|    0.621792|
|         285|   -4.919783|   -1.611136|   -2.055442|    0.615597|
|         286|   -4.926555|   -1.617297|   -2.061924|    0.609401|
|         287|   -4.933384|   -1.623448|   -2.068432|    0.603180|
|         288|   -4.940298|   -1.629591|   -2.074962|    0.596917|
|         289|   -4.947309|   -1.635730|   -2.081506|    0.590602|
|         290|   -4.954410|   -1.641869|   -2.088057|    0.584233|
+-----------------------------------------------------------------------+
|        File Writing Summary       |              Filename             |
+-----------------------------------------------------------------------+
|SU2 binary restart                 |restart_flow.dat                   |

Writing the forces breakdown file (forces_breakdown.dat).
+-----------------------------------------------------------------------+
+----------------------------------------------------------------+
|  Inner_Iter|    rms[Rho]|   rms[RhoU]|   rms[RhoV]|   rms[RhoE]|
+----------------------------------------------------------------+
|         291|   -4.961580|   -1.648010|   -2.094607|    0.577819|
|         292|   -4.968789|   -1.654156|   -2.101152|    0.571372|
|         293|   -4.976001|   -1.660313|   -2.107690|    0.564911|
|         294|   -4.983179|   -1.666481|   -2.114222|    0.558456|
|         295|   -4.990293|   -1.672662|   -2.120750|    0.552027|
|         296|   -4.997320|   -1.678859|   -2.127277|    0.545638|
|         297|   -5.004251|   -1.685070|   -2.133803|    0.539296|
|         298|   -5.011092|   -1.691295|   -2.140331|    0.532999|
|         299|   -5.017863|   -1.697534|   -2.146862|    0.526737|
|         300|   -5.024597|   -1.703785|   -2.153397|    0.520492|
+-----------------------------------------------------------------------+
|        File Writing Summary       |              Filename             |
+-----------------------------------------------------------------------+
|SU2 binary restart                 |restart_flow.dat                   |

Writing the forces breakdown file (forces_breakdown.dat).
+-----------------------------------------------------------------------+
+----------------------------------------------------------------+
|  Inner_Iter|    rms[Rho]|   rms[RhoU]|   rms[RhoV]|   rms[RhoE]|
+----------------------------------------------------------------+
|         301|   -5.031330|   -1.710049|   -2.159941|    0.514243|
|         302|   -5.038100|   -1.716323|   -2.166495|    0.507967|
|         303|   -5.044938|   -1.722610|   -2.173064|    0.501648|
|         304|   -5.051862|   -1.728910|   -2.179649|    0.495272|
|         305|   -5.058879|   -1.735223|   -2.186255|    0.488835|
|         306|   -5.065978|   -1.741552|   -2.192881|    0.482338|
|         307|   -5.073139|   -1.747899|   -2.199530|    0.475790|
|         308|   -5.080332|   -1.754265|   -2.206202|    0.469205|
|         309|   -5.087526|   -1.760652|   -2.212896|    0.462599|
|         310|   -5.094691|   -1.767061|   -2.219613|    0.455988|
+-----------------------------------------------------------------------+
|        File Writing Summary       |              Filename             |
+-----------------------------------------------------------------------+
|SU2 binary restart                 |restart_flow.dat                   |

Writing the forces breakdown file (forces_breakdown.dat).
+-----------------------------------------------------------------------+
+----------------------------------------------------------------+
|  Inner_Iter|    rms[Rho]|   rms[RhoU]|   rms[RhoV]|   rms[RhoE]|
+----------------------------------------------------------------+
|         311|   -5.101802|   -1.773493|   -2.226351|    0.449386|
|         312|   -5.108846|   -1.779948|   -2.233107|    0.442803|
|         313|   -5.115820|   -1.786426|   -2.239878|    0.436243|
|         314|   -5.122730|   -1.792926|   -2.246660|    0.429706|
|         315|   -5.129593|   -1.799446|   -2.253449|    0.423183|
|         316|   -5.136434|   -1.805986|   -2.260243|    0.416665|
|         317|   -5.143278|   -1.812544|   -2.267040|    0.410137|
|         318|   -5.150151|   -1.819119|   -2.273841|    0.403587|
|         319|   -5.157073|   -1.825710|   -2.280649|    0.397002|
|         320|   -5.164055|   -1.832318|   -2.287466|    0.390374|
+-----------------------------------------------------------------------+
|        File Writing Summary       |              Filename             |
+-----------------------------------------------------------------------+
|SU2 binary restart                 |restart_flow.dat                   |

Writing the forces breakdown file (forces_breakdown.dat).
+-----------------------------------------------------------------------+
+----------------------------------------------------------------+
|  Inner_Iter|    rms[Rho]|   rms[RhoU]|   rms[RhoV]|   rms[RhoE]|
+----------------------------------------------------------------+
|         321|   -5.171101|   -1.838941|   -2.294298|    0.383700|
|         322|   -5.178204|   -1.845580|   -2.301148|    0.376981|
|         323|   -5.185350|   -1.852236|   -2.308021|    0.370223|
|         324|   -5.192521|   -1.858909|   -2.314920|    0.363435|
|         325|   -5.199695|   -1.865600|   -2.321845|    0.356628|
|         326|   -5.206853|   -1.872309|   -2.328795|    0.349812|
|         327|   -5.213982|   -1.879037|   -2.335769|    0.342995|
|         328|   -5.221073|   -1.885784|   -2.342762|    0.336183|
|         329|   -5.228124|   -1.892548|   -2.349769|    0.329380|
|         330|   -5.235142|   -1.899330|   -2.356787|    0.322585|
+-----------------------------------------------------------------------+
|        File Writing Summary       |              Filename             |
+-----------------------------------------------------------------------+
|SU2 binary restart                 |restart_flow.dat                   |

Writing the forces breakdown file (forces_breakdown.dat).
+-----------------------------------------------------------------------+
+----------------------------------------------------------------+
|  Inner_Iter|    rms[Rho]|   rms[RhoU]|   rms[RhoV]|   rms[RhoE]|
+----------------------------------------------------------------+
|         331|   -5.242136|   -1.906129|   -2.363809|    0.315793|
|         332|   -5.249121|   -1.912943|   -2.370833|    0.308999|
|         333|   -5.256111|   -1.919771|   -2.377857|    0.302196|
|         334|   -5.263118|   -1.926612|   -2.384881|    0.295378|
|         335|   -5.270152|   -1.933466|   -2.391906|    0.288540|
|         336|   -5.277217|   -1.940332|   -2.398935|    0.281677|
|         337|   -5.284314|   -1.947210|   -2.405972|    0.274789|
|         338|   -5.291439|   -1.954098|   -2.413020|    0.267876|
|         339|   -5.298586|   -1.960998|   -2.420084|    0.260941|
|         340|   -5.305745|   -1.967908|   -2.427164|    0.253989|
+-----------------------------------------------------------------------+
|        File Writing Summary       |              Filename             |
+-----------------------------------------------------------------------+
|SU2 binary restart                 |restart_flow.dat                   |

Writing the forces breakdown file (forces_breakdown.dat).
+-----------------------------------------------------------------------+
+----------------------------------------------------------------+
|  Inner_Iter|    rms[Rho]|   rms[RhoU]|   rms[RhoV]|   rms[RhoE]|
+----------------------------------------------------------------+
|         341|   -5.312909|   -1.974830|   -2.434263|    0.247024|
|         342|   -5.320069|   -1.981764|   -2.441379|    0.240049|
|         343|   -5.327220|   -1.988708|   -2.448511|    0.233070|
|         344|   -5.334359|   -1.995663|   -2.455656|    0.226088|
|         345|   -5.341486|   -2.002630|   -2.462810|    0.219105|
|         346|   -5.348603|   -2.009607|   -2.469969|    0.212120|
|         347|   -5.355713|   -2.016593|   -2.477131|    0.205133|
|         348|   -5.362822|   -2.023590|   -2.484292|    0.198142|
|         349|   -5.369932|   -2.030595|   -2.491452|    0.191145|
|         350|   -5.377049|   -2.037608|   -2.498610|    0.184141|
+-----------------------------------------------------------------------+
|        File Writing Summary       |              Filename             |
+-----------------------------------------------------------------------+
|SU2 binary restart                 |restart_flow.dat                   |

Writing the forces breakdown file (forces_breakdown.dat).
+-----------------------------------------------------------------------+
+----------------------------------------------------------------+
|  Inner_Iter|    rms[Rho]|   rms[RhoU]|   rms[RhoV]|   rms[RhoE]|
+----------------------------------------------------------------+
|         351|   -5.384173|   -2.044628|   -2.505767|    0.177128|
|         352|   -5.391306|   -2.051656|   -2.512924|    0.170106|
|         353|   -5.398448|   -2.058691|   -2.520083|    0.163075|
|         354|   -5.405598|   -2.065731|   -2.527247|    0.156034|
|         355|   -5.412756|   -2.072778|   -2.534417|    0.148984|
|         356|   -5.419919|   -2.079830|   -2.541595|    0.141926|
|         357|   -5.427088|   -2.086888|   -2.548781|    0.134860|
|         358|   -5.434261|   -2.093951|   -2.555975|    0.127787|
|         359|   -5.441437|   -2.101020|   -2.563175|    0.120708|
|         360|   -5.448616|   -2.108094|   -2.570382|    0.113622|
+-----------------------------------------------------------------------+
|        File Writing Summary       |              Filename             |
+-----------------------------------------------------------------------+
|SU2 binary restart                 |restart_flow.dat                   |

Writing the forces breakdown file (forces_breakdown.dat).
+-----------------------------------------------------------------------+
+----------------------------------------------------------------+
|  Inner_Iter|    rms[Rho]|   rms[RhoU]|   rms[RhoV]|   rms[RhoE]|
+----------------------------------------------------------------+
|         361|   -5.455797|   -2.115173|   -2.577592|    0.106531|
|         362|   -5.462980|   -2.122257|   -2.584805|    0.099436|
|         363|   -5.470162|   -2.129347|   -2.592019|    0.092337|
|         364|   -5.477344|   -2.136441|   -2.599232|    0.085235|
|         365|   -5.484525|   -2.143539|   -2.606443|    0.078131|
|         366|   -5.491704|   -2.150642|   -2.613652|    0.071025|
|         367|   -5.498880|   -2.157749|   -2.620859|    0.063918|
|         368|   -5.506053|   -2.164859|   -2.628065|    0.056810|
|         369|   -5.513225|   -2.171973|   -2.635269|    0.049700|
|         370|   -5.520397|   -2.179089|   -2.642473|    0.042589|
+-----------------------------------------------------------------------+
|        File Writing Summary       |              Filename             |
+-----------------------------------------------------------------------+
|SU2 binary restart                 |restart_flow.dat                   |

Writing the forces breakdown file (forces_breakdown.dat).
+-----------------------------------------------------------------------+
+----------------------------------------------------------------+
|  Inner_Iter|    rms[Rho]|   rms[RhoU]|   rms[RhoV]|   rms[RhoE]|
+----------------------------------------------------------------+
|         371|   -5.527569|   -2.186208|   -2.649677|    0.035475|
|         372|   -5.534744|   -2.193330|   -2.656882|    0.028358|
|         373|   -5.541924|   -2.200453|   -2.664088|    0.021237|
|         374|   -5.549110|   -2.207579|   -2.671296|    0.014111|
|         375|   -5.556302|   -2.214707|   -2.678505|    0.006980|
|         376|   -5.563500|   -2.221837|   -2.685716|   -0.000157|
|         377|   -5.570704|   -2.228969|   -2.692928|   -0.007298|
|         378|   -5.577912|   -2.236103|   -2.700140|   -0.014444|
|         379|   -5.585121|   -2.243239|   -2.707352|   -0.021593|
|         380|   -5.592330|   -2.250377|   -2.714564|   -0.028743|
+-----------------------------------------------------------------------+
|        File Writing Summary       |              Filename             |
+-----------------------------------------------------------------------+
|SU2 binary restart                 |restart_flow.dat                   |

Writing the forces breakdown file (forces_breakdown.dat).
+-----------------------------------------------------------------------+
+----------------------------------------------------------------+
|  Inner_Iter|    rms[Rho]|   rms[RhoU]|   rms[RhoV]|   rms[RhoE]|
+----------------------------------------------------------------+
|         381|   -5.599536|   -2.257517|   -2.721775|   -0.035894|
|         382|   -5.606738|   -2.264659|   -2.728983|   -0.043044|
|         383|   -5.613934|   -2.271803|   -2.736190|   -0.050193|
|         384|   -5.621125|   -2.278949|   -2.743394|   -0.057340|
|         385|   -5.628311|   -2.286096|   -2.750596|   -0.064485|
|         386|   -5.635494|   -2.293245|   -2.757796|   -0.071630|
|         387|   -5.642676|   -2.300394|   -2.764993|   -0.078775|
|         388|   -5.649858|   -2.307545|   -2.772189|   -0.085921|
|         389|   -5.657043|   -2.314696|   -2.779383|   -0.093068|
|         390|   -5.664231|   -2.321848|   -2.786576|   -0.100218|
+-----------------------------------------------------------------------+
|        File Writing Summary       |              Filename             |
+-----------------------------------------------------------------------+
|SU2 binary restart                 |restart_flow.dat                   |

Writing the forces breakdown file (forces_breakdown.dat).
+-----------------------------------------------------------------------+
+----------------------------------------------------------------+
|  Inner_Iter|    rms[Rho]|   rms[RhoU]|   rms[RhoV]|   rms[RhoE]|
+----------------------------------------------------------------+
|         391|   -5.671424|   -2.329001|   -2.793768|   -0.107372|
|         392|   -5.678623|   -2.336155|   -2.800959|   -0.114529|
|         393|   -5.685825|   -2.343309|   -2.808150|   -0.121689|
|         394|   -5.693030|   -2.350464|   -2.815341|   -0.128852|
|         395|   -5.700236|   -2.357620|   -2.822532|   -0.136017|
|         396|   -5.707442|   -2.364777|   -2.829722|   -0.143183|
|         397|   -5.714646|   -2.371935|   -2.836912|   -0.150349|
|         398|   -5.721846|   -2.379094|   -2.844100|   -0.157514|
|         399|   -5.729041|   -2.386254|   -2.851287|   -0.164679|
|         400|   -5.736232|   -2.393415|   -2.858472|   -0.171841|
+-----------------------------------------------------------------------+
|        File Writing Summary       |              Filename             |
+-----------------------------------------------------------------------+
|SU2 binary restart                 |restart_flow.dat                   |

Writing the forces breakdown file (forces_breakdown.dat).
+-----------------------------------------------------------------------+
+----------------------------------------------------------------+
|  Inner_Iter|    rms[Rho]|   rms[RhoU]|   rms[RhoV]|   rms[RhoE]|
+----------------------------------------------------------------+
|         401|   -5.743419|   -2.400577|   -2.865655|   -0.179003|
|         402|   -5.750602|   -2.407739|   -2.872836|   -0.186163|
|         403|   -5.757782|   -2.414903|   -2.880014|   -0.193322|
|         404|   -5.764962|   -2.422066|   -2.887190|   -0.200481|
|         405|   -5.772142|   -2.429231|   -2.894364|   -0.207640|
|         406|   -5.779323|   -2.436396|   -2.901537|   -0.214801|
|         407|   -5.786505|   -2.443561|   -2.908707|   -0.221963|
|         408|   -5.793691|   -2.450727|   -2.915877|   -0.229128|
|         409|   -5.800878|   -2.457893|   -2.923046|   -0.236294|
|         410|   -5.808067|   -2.465060|   -2.930214|   -0.243461|
+-----------------------------------------------------------------------+
|        File Writing Summary       |              Filename             |
+-----------------------------------------------------------------------+
|SU2 binary restart                 |restart_flow.dat                   |

Writing the forces breakdown file (forces_breakdown.dat).
+-----------------------------------------------------------------------+
+----------------------------------------------------------------+
|  Inner_Iter|    rms[Rho]|   rms[RhoU]|   rms[RhoV]|   rms[RhoE]|
+----------------------------------------------------------------+
|         411|   -5.815256|   -2.472227|   -2.937382|   -0.250630|
|         412|   -5.822445|   -2.479395|   -2.944549|   -0.257800|
|         413|   -5.829633|   -2.486564|   -2.951717|   -0.264971|
|         414|   -5.836819|   -2.493733|   -2.958883|   -0.272141|
|         415|   -5.844001|   -2.500903|   -2.966049|   -0.279311|
|         416|   -5.851181|   -2.508074|   -2.973214|   -0.286480|
|         417|   -5.858357|   -2.515245|   -2.980377|   -0.293648|
|         418|   -5.865530|   -2.522417|   -2.987539|   -0.300815|
|         419|   -5.872701|   -2.529590|   -2.994699|   -0.307981|
|         420|   -5.879870|   -2.536763|   -3.001857|   -0.315147|
+-----------------------------------------------------------------------+
|        File Writing Summary       |              Filename             |
+-----------------------------------------------------------------------+
|SU2 binary restart                 |restart_flow.dat                   |

Writing the forces breakdown file (forces_breakdown.dat).
+-----------------------------------------------------------------------+
+----------------------------------------------------------------+
|  Inner_Iter|    rms[Rho]|   rms[RhoU]|   rms[RhoV]|   rms[RhoE]|
+----------------------------------------------------------------+
|         421|   -5.887038|   -2.543937|   -3.009014|   -0.322313|
|         422|   -5.894206|   -2.551111|   -3.016169|   -0.329480|
|         423|   -5.901373|   -2.558285|   -3.023322|   -0.336647|
|         424|   -5.908541|   -2.565460|   -3.030474|   -0.343814|
|         425|   -5.915709|   -2.572636|   -3.037625|   -0.350983|
|         426|   -5.922877|   -2.579811|   -3.044776|   -0.358152|
|         427|   -5.930046|   -2.586987|   -3.051926|   -0.365322|
|         428|   -5.937213|   -2.594164|   -3.059076|   -0.372493|
|         429|   -5.944380|   -2.601341|   -3.066225|   -0.379664|
|         430|   -5.951546|   -2.608518|   -3.073374|   -0.386835|
+-----------------------------------------------------------------------+
|        File Writing Summary       |              Filename             |
+-----------------------------------------------------------------------+
|SU2 binary restart                 |restart_flow.dat                   |

Writing the forces breakdown file (forces_breakdown.dat).
+-----------------------------------------------------------------------+
+----------------------------------------------------------------+
|  Inner_Iter|    rms[Rho]|   rms[RhoU]|   rms[RhoV]|   rms[RhoE]|
+----------------------------------------------------------------+
|         431|   -5.958710|   -2.615696|   -3.080522|   -0.394006|
|         432|   -5.965872|   -2.622874|   -3.087670|   -0.401177|
|         433|   -5.973032|   -2.630053|   -3.094816|   -0.408348|
|         434|   -5.980190|   -2.637232|   -3.101962|   -0.415518|
|         435|   -5.987346|   -2.644411|   -3.109106|   -0.422687|
|         436|   -5.994500|   -2.651591|   -3.116249|   -0.429856|
|         437|   -6.001652|   -2.658771|   -3.123390|   -0.437025|
|         438|   -6.008803|   -2.665951|   -3.130531|   -0.444193|
|         439|   -6.015952|   -2.673132|   -3.137669|   -0.451361|
|         440|   -6.023101|   -2.680312|   -3.144807|   -0.458529|
+-----------------------------------------------------------------------+
|        File Writing Summary       |              Filename             |
+-----------------------------------------------------------------------+
|SU2 binary restart                 |restart_flow.dat                   |

Writing the forces breakdown file (forces_breakdown.dat).
+-----------------------------------------------------------------------+
+----------------------------------------------------------------+
|  Inner_Iter|    rms[Rho]|   rms[RhoU]|   rms[RhoV]|   rms[RhoE]|
+----------------------------------------------------------------+
|         441|   -6.030249|   -2.687493|   -3.151944|   -0.465698|
|         442|   -6.037397|   -2.694674|   -3.159079|   -0.472866|
|         443|   -6.044544|   -2.701854|   -3.166214|   -0.480034|
|         444|   -6.051690|   -2.709035|   -3.173349|   -0.487203|
|         445|   -6.058835|   -2.716216|   -3.180482|   -0.494371|
|         446|   -6.065980|   -2.723397|   -3.187615|   -0.501540|
|         447|   -6.073123|   -2.730578|   -3.194748|   -0.508708|
|         448|   -6.080265|   -2.737758|   -3.201879|   -0.515876|
|         449|   -6.087406|   -2.744939|   -3.209010|   -0.523044|
|         450|   -6.094546|   -2.752119|   -3.216140|   -0.530211|
+-----------------------------------------------------------------------+
|        File Writing Summary       |              Filename             |
+-----------------------------------------------------------------------+
|SU2 binary restart                 |restart_flow.dat                   |

Writing the forces breakdown file (forces_breakdown.dat).
+-----------------------------------------------------------------------+
+----------------------------------------------------------------+
|  Inner_Iter|    rms[Rho]|   rms[RhoU]|   rms[RhoV]|   rms[RhoE]|
+----------------------------------------------------------------+
|         451|   -6.101683|   -2.759300|   -3.223269|   -0.537378|
|         452|   -6.108819|   -2.766480|   -3.230397|   -0.544544|
|         453|   -6.115954|   -2.773660|   -3.237523|   -0.551709|
|         454|   -6.123086|   -2.780839|   -3.244648|   -0.558874|
|         455|   -6.130217|   -2.788019|   -3.251772|   -0.566038|
|         456|   -6.137347|   -2.795198|   -3.258895|   -0.573201|
|         457|   -6.144475|   -2.802376|   -3.266017|   -0.580364|
|         458|   -6.151602|   -2.809554|   -3.273138|   -0.587525|
|         459|   -6.158728|   -2.816732|   -3.280258|   -0.594687|
|         460|   -6.165854|   -2.823909|   -3.287376|   -0.601848|
+-----------------------------------------------------------------------+
|        File Writing Summary       |              Filename             |
+-----------------------------------------------------------------------+
|SU2 binary restart                 |restart_flow.dat                   |

Writing the forces breakdown file (forces_breakdown.dat).
+-----------------------------------------------------------------------+
+----------------------------------------------------------------+
|  Inner_Iter|    rms[Rho]|   rms[RhoU]|   rms[RhoV]|   rms[RhoE]|
+----------------------------------------------------------------+
|         461|   -6.172978|   -2.831085|   -3.294494|   -0.609008|
|         462|   -6.180102|   -2.838261|   -3.301611|   -0.616168|
|         463|   -6.187225|   -2.845436|   -3.308727|   -0.623328|
|         464|   -6.194348|   -2.852611|   -3.315843|   -0.630487|
|         465|   -6.201469|   -2.859785|   -3.322957|   -0.637645|
|         466|   -6.208589|   -2.866958|   -3.330070|   -0.644803|
|         467|   -6.215707|   -2.874130|   -3.337183|   -0.651959|
|         468|   -6.222824|   -2.881301|   -3.344294|   -0.659115|
|         469|   -6.229940|   -2.888471|   -3.351405|   -0.666269|
|         470|   -6.237054|   -2.895641|   -3.358514|   -0.673422|
+-----------------------------------------------------------------------+
|        File Writing Summary       |              Filename             |
+-----------------------------------------------------------------------+
|SU2 binary restart                 |restart_flow.dat                   |

Writing the forces breakdown file (forces_breakdown.dat).
+-----------------------------------------------------------------------+
+----------------------------------------------------------------+
|  Inner_Iter|    rms[Rho]|   rms[RhoU]|   rms[RhoV]|   rms[RhoE]|
+----------------------------------------------------------------+
|         471|   -6.244166|   -2.902810|   -3.365622|   -0.680574|
|         472|   -6.251276|   -2.909977|   -3.372729|   -0.687725|
|         473|   -6.258386|   -2.917144|   -3.379834|   -0.694875|
|         474|   -6.265494|   -2.924309|   -3.386939|   -0.702023|
|         475|   -6.272600|   -2.931473|   -3.394042|   -0.709171|
|         476|   -6.279706|   -2.938636|   -3.401144|   -0.716317|
|         477|   -6.286811|   -2.945798|   -3.408245|   -0.723462|
|         478|   -6.293915|   -2.952958|   -3.415345|   -0.730606|
|         479|   -6.301018|   -2.960118|   -3.422444|   -0.737750|
|         480|   -6.308120|   -2.967276|   -3.429542|   -0.744892|
+-----------------------------------------------------------------------+
|        File Writing Summary       |              Filename             |
+-----------------------------------------------------------------------+
|SU2 binary restart                 |restart_flow.dat                   |

Writing the forces breakdown file (forces_breakdown.dat).
+-----------------------------------------------------------------------+
+----------------------------------------------------------------+
|  Inner_Iter|    rms[Rho]|   rms[RhoU]|   rms[RhoV]|   rms[RhoE]|
+----------------------------------------------------------------+
|         481|   -6.315222|   -2.974432|   -3.436639|   -0.752033|
|         482|   -6.322322|   -2.981587|   -3.443735|   -0.759172|
|         483|   -6.329421|   -2.988741|   -3.450830|   -0.766311|
|         484|   -6.336519|   -2.995893|   -3.457924|   -0.773448|
|         485|   -6.343615|   -3.003044|   -3.465016|   -0.780584|
|         486|   -6.350710|   -3.010193|   -3.472108|   -0.787718|
|         487|   -6.357804|   -3.017341|   -3.479199|   -0.794851|
|         488|   -6.364896|   -3.024487|   -3.486288|   -0.801982|
|         489|   -6.371987|   -3.031632|   -3.493376|   -0.809111|
|         490|   -6.379077|   -3.038775|   -3.500463|   -0.816239|
+-----------------------------------------------------------------------+
|        File Writing Summary       |              Filename             |
+-----------------------------------------------------------------------+
|SU2 binary restart                 |restart_flow.dat                   |

Writing the forces breakdown file (forces_breakdown.dat).
+-----------------------------------------------------------------------+
+----------------------------------------------------------------+
|  Inner_Iter|    rms[Rho]|   rms[RhoU]|   rms[RhoV]|   rms[RhoE]|
+----------------------------------------------------------------+
|         491|   -6.386166|   -3.045916|   -3.507549|   -0.823366|
|         492|   -6.393253|   -3.053056|   -3.514634|   -0.830491|
|         493|   -6.400340|   -3.060194|   -3.521717|   -0.837614|
|         494|   -6.407425|   -3.067330|   -3.528800|   -0.844736|
|         495|   -6.414510|   -3.074465|   -3.535881|   -0.851857|
|         496|   -6.421594|   -3.081598|   -3.542961|   -0.858977|
|         497|   -6.428677|   -3.088729|   -3.550041|   -0.866094|
|         498|   -6.435759|   -3.095858|   -3.557119|   -0.873211|
|         499|   -6.442840|   -3.102986|   -3.564197|   -0.880326|
|         500|   -6.449921|   -3.110112|   -3.571273|   -0.887439|
+-----------------------------------------------------------------------+
|        File Writing Summary       |              Filename             |
+-----------------------------------------------------------------------+
|SU2 binary restart                 |restart_flow.dat                   |

Writing the forces breakdown file (forces_breakdown.dat).
|Paraview                           |flow.vtu                           |

Writing the forces breakdown file (forces_breakdown.dat).
|Paraview surface                   |surface_flow.vtu                   |

Writing the forces breakdown file (forces_breakdown.dat).
|CSV file                           |surface_flow.csv                   |

Writing the forces breakdown file (forces_breakdown.dat).
+-----------------------------------------------------------------------+
+----------------------------------------------------------------+
|  Inner_Iter|    rms[Rho]|   rms[RhoU]|   rms[RhoV]|   rms[RhoE]|
+----------------------------------------------------------------+
|         501|   -6.457000|   -3.117236|   -3.578349|   -0.894551|
|         502|   -6.464078|   -3.124358|   -3.585423|   -0.901661|
|         503|   -6.471155|   -3.131479|   -3.592496|   -0.908770|
|         504|   -6.478231|   -3.138597|   -3.599569|   -0.915876|
|         505|   -6.485305|   -3.145714|   -3.606640|   -0.922982|
|         506|   -6.492379|   -3.152829|   -3.613711|   -0.930085|
|         507|   -6.499452|   -3.159943|   -3.620780|   -0.937187|
|         508|   -6.506524|   -3.167054|   -3.627848|   -0.944288|
|         509|   -6.513594|   -3.174164|   -3.634915|   -0.951387|
|         510|   -6.520664|   -3.181271|   -3.641982|   -0.958484|
+-----------------------------------------------------------------------+
|        File Writing Summary       |              Filename             |
+-----------------------------------------------------------------------+
|SU2 binary restart                 |restart_flow.dat                   |

Writing the forces breakdown file (forces_breakdown.dat).
+-----------------------------------------------------------------------+
+----------------------------------------------------------------+
|  Inner_Iter|    rms[Rho]|   rms[RhoU]|   rms[RhoV]|   rms[RhoE]|
+----------------------------------------------------------------+
|         511|   -6.527734|   -3.188377|   -3.649047|   -0.965580|
|         512|   -6.534802|   -3.195482|   -3.656112|   -0.972674|
|         513|   -6.541870|   -3.202584|   -3.663175|   -0.979767|
|         514|   -6.548937|   -3.209685|   -3.670238|   -0.986858|
|         515|   -6.556003|   -3.216784|   -3.677300|   -0.993948|
|         516|   -6.563068|   -3.223881|   -3.684361|   -1.001037|
|         517|   -6.570133|   -3.230976|   -3.691421|   -1.008124|
|         518|   -6.577197|   -3.238069|   -3.698480|   -1.015209|
|         519|   -6.584260|   -3.245161|   -3.705539|   -1.022293|
|         520|   -6.591323|   -3.252251|   -3.712597|   -1.029376|
+-----------------------------------------------------------------------+
|        File Writing Summary       |              Filename             |
+-----------------------------------------------------------------------+
|SU2 binary restart                 |restart_flow.dat                   |

Writing the forces breakdown file (forces_breakdown.dat).
+-----------------------------------------------------------------------+
+----------------------------------------------------------------+
|  Inner_Iter|    rms[Rho]|   rms[RhoU]|   rms[RhoV]|   rms[RhoE]|
+----------------------------------------------------------------+
|         521|   -6.598384|   -3.259340|   -3.719654|   -1.036457|
|         522|   -6.605445|   -3.266426|   -3.726710|   -1.043536|
|         523|   -6.612505|   -3.273511|   -3.733766|   -1.050614|
|         524|   -6.619564|   -3.280595|   -3.740821|   -1.057691|
|         525|   -6.626623|   -3.287676|   -3.747875|   -1.064766|
|         526|   -6.633681|   -3.294757|   -3.754928|   -1.071840|
|         527|   -6.640738|   -3.301835|   -3.761981|   -1.078912|
|         528|   -6.647795|   -3.308912|   -3.769033|   -1.085984|
|         529|   -6.654851|   -3.315987|   -3.776084|   -1.093054|
|         530|   -6.661907|   -3.323061|   -3.783135|   -1.100122|
+-----------------------------------------------------------------------+
|        File Writing Summary       |              Filename             |
+-----------------------------------------------------------------------+
|SU2 binary restart                 |restart_flow.dat                   |

Writing the forces breakdown file (forces_breakdown.dat).
+-----------------------------------------------------------------------+
+----------------------------------------------------------------+
|  Inner_Iter|    rms[Rho]|   rms[RhoU]|   rms[RhoV]|   rms[RhoE]|
+----------------------------------------------------------------+
|         531|   -6.668962|   -3.330134|   -3.790185|   -1.107190|
|         532|   -6.676017|   -3.337204|   -3.797234|   -1.114256|
|         533|   -6.683071|   -3.344274|   -3.804284|   -1.121321|
|         534|   -6.690125|   -3.351342|   -3.811332|   -1.128385|
|         535|   -6.697178|   -3.358408|   -3.818380|   -1.135447|
|         536|   -6.704231|   -3.365473|   -3.825428|   -1.142509|
|         537|   -6.711283|   -3.372537|   -3.832475|   -1.149569|
|         538|   -6.718335|   -3.379600|   -3.839521|   -1.156629|
|         539|   -6.725387|   -3.386661|   -3.846567|   -1.163687|
|         540|   -6.732437|   -3.393721|   -3.853613|   -1.170744|
+-----------------------------------------------------------------------+
|        File Writing Summary       |              Filename             |
+-----------------------------------------------------------------------+
|SU2 binary restart                 |restart_flow.dat                   |

Writing the forces breakdown file (forces_breakdown.dat).
+-----------------------------------------------------------------------+
+----------------------------------------------------------------+
|  Inner_Iter|    rms[Rho]|   rms[RhoU]|   rms[RhoV]|   rms[RhoE]|
+----------------------------------------------------------------+
|         541|   -6.739488|   -3.400780|   -3.860658|   -1.177800|
|         542|   -6.746538|   -3.407837|   -3.867703|   -1.184855|
|         543|   -6.753588|   -3.414893|   -3.874748|   -1.191910|
|         544|   -6.760637|   -3.421949|   -3.881792|   -1.198963|
|         545|   -6.767686|   -3.429003|   -3.888836|   -1.206015|
|         546|   -6.774735|   -3.436056|   -3.895879|   -1.213067|
|         547|   -6.781784|   -3.443107|   -3.902922|   -1.220117|
|         548|   -6.788832|   -3.450158|   -3.909965|   -1.227167|
|         549|   -6.795880|   -3.457208|   -3.917008|   -1.234216|
|         550|   -6.802928|   -3.464257|   -3.924051|   -1.241264|
+-----------------------------------------------------------------------+
|        File Writing Summary       |              Filename             |
+-----------------------------------------------------------------------+
|SU2 binary restart                 |restart_flow.dat                   |

Writing the forces breakdown file (forces_breakdown.dat).
+-----------------------------------------------------------------------+
+----------------------------------------------------------------+
|  Inner_Iter|    rms[Rho]|   rms[RhoU]|   rms[RhoV]|   rms[RhoE]|
+----------------------------------------------------------------+
|         551|   -6.809975|   -3.471305|   -3.931093|   -1.248311|
|         552|   -6.817023|   -3.478352|   -3.938135|   -1.255358|
|         553|   -6.824070|   -3.485398|   -3.945177|   -1.262404|
|         554|   -6.831117|   -3.492444|   -3.952219|   -1.269450|
|         555|   -6.838164|   -3.499488|   -3.959261|   -1.276494|
|         556|   -6.845211|   -3.506532|   -3.966302|   -1.283538|
|         557|   -6.852258|   -3.513575|   -3.973344|   -1.290582|
|         558|   -6.859304|   -3.520617|   -3.980385|   -1.297625|
|         559|   -6.866350|   -3.527659|   -3.987426|   -1.304667|
|         560|   -6.873397|   -3.534700|   -3.994468|   -1.311709|
+-----------------------------------------------------------------------+
|        File Writing Summary       |              Filename             |
+-----------------------------------------------------------------------+
|SU2 binary restart                 |restart_flow.dat                   |

Writing the forces breakdown file (forces_breakdown.dat).
+-----------------------------------------------------------------------+
+----------------------------------------------------------------+
|  Inner_Iter|    rms[Rho]|   rms[RhoU]|   rms[RhoV]|   rms[RhoE]|
+----------------------------------------------------------------+
|         561|   -6.880443|   -3.541740|   -4.001509|   -1.318750|
|         562|   -6.887489|   -3.548780|   -4.008550|   -1.325791|
|         563|   -6.894535|   -3.555819|   -4.015591|   -1.332832|
|         564|   -6.901581|   -3.562858|   -4.022633|   -1.339872|
|         565|   -6.908627|   -3.569896|   -4.029674|   -1.346912|
|         566|   -6.915673|   -3.576934|   -4.036715|   -1.353951|
|         567|   -6.922719|   -3.583971|   -4.043757|   -1.360990|
|         568|   -6.929765|   -3.591008|   -4.050798|   -1.368029|
|         569|   -6.936811|   -3.598044|   -4.057840|   -1.375067|
|         570|   -6.943857|   -3.605080|   -4.064882|   -1.382105|
+-----------------------------------------------------------------------+
|        File Writing Summary       |              Filename             |
+-----------------------------------------------------------------------+
|SU2 binary restart                 |restart_flow.dat                   |

Writing the forces breakdown file (forces_breakdown.dat).
+-----------------------------------------------------------------------+
+----------------------------------------------------------------+
|  Inner_Iter|    rms[Rho]|   rms[RhoU]|   rms[RhoV]|   rms[RhoE]|
+----------------------------------------------------------------+
|         571|   -6.950904|   -3.612116|   -4.071923|   -1.389143|
|         572|   -6.957950|   -3.619151|   -4.078965|   -1.396181|
|         573|   -6.964996|   -3.626187|   -4.086008|   -1.403219|
|         574|   -6.972043|   -3.633221|   -4.093050|   -1.410256|
|         575|   -6.979089|   -3.640256|   -4.100093|   -1.417293|
|         576|   -6.986136|   -3.647290|   -4.107135|   -1.424330|
|         577|   -6.993183|   -3.654325|   -4.114178|   -1.431367|
|         578|   -7.000230|   -3.661359|   -4.121221|   -1.438404|
|         579|   -7.007277|   -3.668393|   -4.128265|   -1.445441|
|         580|   -7.014324|   -3.675426|   -4.135308|   -1.452478|
+-----------------------------------------------------------------------+
|        File Writing Summary       |              Filename             |
+-----------------------------------------------------------------------+
|SU2 binary restart                 |restart_flow.dat                   |

Writing the forces breakdown file (forces_breakdown.dat).
+-----------------------------------------------------------------------+
+----------------------------------------------------------------+
|  Inner_Iter|    rms[Rho]|   rms[RhoU]|   rms[RhoV]|   rms[RhoE]|
+----------------------------------------------------------------+
|         581|   -7.021371|   -3.682460|   -4.142352|   -1.459514|
|         582|   -7.028419|   -3.689494|   -4.149396|   -1.466551|
|         583|   -7.035467|   -3.696527|   -4.156441|   -1.473588|
|         584|   -7.042515|   -3.703561|   -4.163485|   -1.480625|
|         585|   -7.049563|   -3.710594|   -4.170530|   -1.487662|
|         586|   -7.056611|   -3.717628|   -4.177575|   -1.494698|
|         587|   -7.063660|   -3.724661|   -4.184621|   -1.501735|
|         588|   -7.070708|   -3.731695|   -4.191667|   -1.508773|
|         589|   -7.077758|   -3.738729|   -4.198713|   -1.515810|
|         590|   -7.084807|   -3.745762|   -4.205760|   -1.522847|
+-----------------------------------------------------------------------+
|        File Writing Summary       |              Filename             |
+-----------------------------------------------------------------------+
|SU2 binary restart                 |restart_flow.dat                   |

Writing the forces breakdown file (forces_breakdown.dat).
+-----------------------------------------------------------------------+
+----------------------------------------------------------------+
|  Inner_Iter|    rms[Rho]|   rms[RhoU]|   rms[RhoV]|   rms[RhoE]|
+----------------------------------------------------------------+
|         591|   -7.091856|   -3.752796|   -4.212806|   -1.529884|
|         592|   -7.098906|   -3.759830|   -4.219854|   -1.536922|
|         593|   -7.105956|   -3.766864|   -4.226901|   -1.543960|
|         594|   -7.113006|   -3.773899|   -4.233949|   -1.550998|
|         595|   -7.120057|   -3.780933|   -4.240997|   -1.558036|
|         596|   -7.127107|   -3.787968|   -4.248046|   -1.565074|
|         597|   -7.134158|   -3.795003|   -4.255095|   -1.572113|
|         598|   -7.141210|   -3.802038|   -4.262144|   -1.579152|
|         599|   -7.148261|   -3.809073|   -4.269194|   -1.586191|
|         600|   -7.155313|   -3.816108|   -4.276244|   -1.593230|
+-----------------------------------------------------------------------+
|        File Writing Summary       |              Filename             |
+-----------------------------------------------------------------------+
|SU2 binary restart                 |restart_flow.dat                   |

Writing the forces breakdown file (forces_breakdown.dat).
+-----------------------------------------------------------------------+
+----------------------------------------------------------------+
|  Inner_Iter|    rms[Rho]|   rms[RhoU]|   rms[RhoV]|   rms[RhoE]|
+----------------------------------------------------------------+
|         601|   -7.162365|   -3.823144|   -4.283294|   -1.600270|
|         602|   -7.169418|   -3.830180|   -4.290345|   -1.607309|
|         603|   -7.176471|   -3.837216|   -4.297396|   -1.614349|
|         604|   -7.183524|   -3.844253|   -4.304448|   -1.621390|
|         605|   -7.190577|   -3.851290|   -4.311500|   -1.628431|
|         606|   -7.197631|   -3.858327|   -4.318553|   -1.635472|
|         607|   -7.204685|   -3.865364|   -4.325605|   -1.642513|
|         608|   -7.211739|   -3.872402|   -4.332659|   -1.649555|
|         609|   -7.218794|   -3.879440|   -4.339712|   -1.656597|
|         610|   -7.225849|   -3.886479|   -4.346766|   -1.663639|
+-----------------------------------------------------------------------+
|        File Writing Summary       |              Filename             |
+-----------------------------------------------------------------------+
|SU2 binary restart                 |restart_flow.dat                   |

Writing the forces breakdown file (forces_breakdown.dat).
+-----------------------------------------------------------------------+
+----------------------------------------------------------------+
|  Inner_Iter|    rms[Rho]|   rms[RhoU]|   rms[RhoV]|   rms[RhoE]|
+----------------------------------------------------------------+
|         611|   -7.232904|   -3.893518|   -4.353821|   -1.670682|
|         612|   -7.239960|   -3.900557|   -4.360875|   -1.677725|
|         613|   -7.247016|   -3.907597|   -4.367930|   -1.684768|
|         614|   -7.254072|   -3.914637|   -4.374986|   -1.691812|
|         615|   -7.261128|   -3.921677|   -4.382042|   -1.698856|
|         616|   -7.268185|   -3.928718|   -4.389098|   -1.705901|
|         617|   -7.275242|   -3.935759|   -4.396155|   -1.712946|
|         618|   -7.282300|   -3.942800|   -4.403212|   -1.719991|
|         619|   -7.289358|   -3.949842|   -4.410270|   -1.727037|
|         620|   -7.296416|   -3.956885|   -4.417328|   -1.734083|
+-----------------------------------------------------------------------+
|        File Writing Summary       |              Filename             |
+-----------------------------------------------------------------------+
|SU2 binary restart                 |restart_flow.dat                   |

Writing the forces breakdown file (forces_breakdown.dat).
+-----------------------------------------------------------------------+
+----------------------------------------------------------------+
|  Inner_Iter|    rms[Rho]|   rms[RhoU]|   rms[RhoV]|   rms[RhoE]|
+----------------------------------------------------------------+
|         621|   -7.303475|   -3.963927|   -4.424386|   -1.741130|
|         622|   -7.310533|   -3.970971|   -4.431445|   -1.748176|
|         623|   -7.317593|   -3.978014|   -4.438504|   -1.755224|
|         624|   -7.324652|   -3.985058|   -4.445563|   -1.762272|
|         625|   -7.331712|   -3.992103|   -4.452623|   -1.769320|
|         626|   -7.338772|   -3.999148|   -4.459684|   -1.776368|
|         627|   -7.345833|   -4.006193|   -4.466744|   -1.783417|
|         628|   -7.352893|   -4.013239|   -4.473805|   -1.790467|
|         629|   -7.359954|   -4.020285|   -4.480867|   -1.797516|
|         630|   -7.367016|   -4.027332|   -4.487928|   -1.804567|
+-----------------------------------------------------------------------+
|        File Writing Summary       |              Filename             |
+-----------------------------------------------------------------------+
|SU2 binary restart                 |restart_flow.dat                   |

Writing the forces breakdown file (forces_breakdown.dat).
+-----------------------------------------------------------------------+
+----------------------------------------------------------------+
|  Inner_Iter|    rms[Rho]|   rms[RhoU]|   rms[RhoV]|   rms[RhoE]|
+----------------------------------------------------------------+
|         631|   -7.374078|   -4.034379|   -4.494990|   -1.811617|
|         632|   -7.381140|   -4.041427|   -4.502053|   -1.818668|
|         633|   -7.388202|   -4.048475|   -4.509116|   -1.825720|
|         634|   -7.395265|   -4.055523|   -4.516179|   -1.832772|
|         635|   -7.402328|   -4.062572|   -4.523242|   -1.839824|
|         636|   -7.409391|   -4.069622|   -4.530306|   -1.846877|
|         637|   -7.416455|   -4.076672|   -4.537370|   -1.853930|
|         638|   -7.423518|   -4.083722|   -4.544435|   -1.860984|
|         639|   -7.430583|   -4.090773|   -4.551500|   -1.868038|
|         640|   -7.437647|   -4.097824|   -4.558565|   -1.875092|
+-----------------------------------------------------------------------+
|        File Writing Summary       |              Filename             |
+-----------------------------------------------------------------------+
|SU2 binary restart                 |restart_flow.dat                   |

Writing the forces breakdown file (forces_breakdown.dat).
+-----------------------------------------------------------------------+
+----------------------------------------------------------------+
|  Inner_Iter|    rms[Rho]|   rms[RhoU]|   rms[RhoV]|   rms[RhoE]|
+----------------------------------------------------------------+
|         641|   -7.444712|   -4.104876|   -4.565630|   -1.882147|
|         642|   -7.451777|   -4.111928|   -4.572696|   -1.889202|
|         643|   -7.458842|   -4.118980|   -4.579762|   -1.896258|
|         644|   -7.465908|   -4.126034|   -4.586829|   -1.903314|
|         645|   -7.472974|   -4.133087|   -4.593895|   -1.910371|
|         646|   -7.480040|   -4.140141|   -4.600963|   -1.917427|
|         647|   -7.487107|   -4.147196|   -4.608030|   -1.924485|
|         648|   -7.494173|   -4.154250|   -4.615097|   -1.931543|
|         649|   -7.501240|   -4.161306|   -4.622165|   -1.938601|
|         650|   -7.508308|   -4.168362|   -4.629234|   -1.945659|
+-----------------------------------------------------------------------+
|        File Writing Summary       |              Filename             |
+-----------------------------------------------------------------------+
|SU2 binary restart                 |restart_flow.dat                   |

Writing the forces breakdown file (forces_breakdown.dat).
+-----------------------------------------------------------------------+
+----------------------------------------------------------------+
|  Inner_Iter|    rms[Rho]|   rms[RhoU]|   rms[RhoV]|   rms[RhoE]|
+----------------------------------------------------------------+
|         651|   -7.515375|   -4.175418|   -4.636302|   -1.952718|
|         652|   -7.522443|   -4.182475|   -4.643371|   -1.959778|
|         653|   -7.529511|   -4.189532|   -4.650440|   -1.966838|
|         654|   -7.536579|   -4.196589|   -4.657509|   -1.973898|
|         655|   -7.543648|   -4.203647|   -4.664579|   -1.980958|
|         656|   -7.550717|   -4.210706|   -4.671648|   -1.988019|
|         657|   -7.557786|   -4.217765|   -4.678718|   -1.995081|
|         658|   -7.564855|   -4.224824|   -4.685789|   -2.002142|
|         659|   -7.571925|   -4.231884|   -4.692859|   -2.009204|
|         660|   -7.578994|   -4.238944|   -4.699930|   -2.016267|
+-----------------------------------------------------------------------+
|        File Writing Summary       |              Filename             |
+-----------------------------------------------------------------------+
|SU2 binary restart                 |restart_flow.dat                   |

Writing the forces breakdown file (forces_breakdown.dat).
+-----------------------------------------------------------------------+
+----------------------------------------------------------------+
|  Inner_Iter|    rms[Rho]|   rms[RhoU]|   rms[RhoV]|   rms[RhoE]|
+----------------------------------------------------------------+
|         661|   -7.586064|   -4.246004|   -4.707001|   -2.023330|
|         662|   -7.593134|   -4.253065|   -4.714072|   -2.030393|
|         663|   -7.600205|   -4.260127|   -4.721144|   -2.037457|
|         664|   -7.607275|   -4.267189|   -4.728215|   -2.044520|
|         665|   -7.614346|   -4.274251|   -4.735287|   -2.051585|
|         666|   -7.621417|   -4.281314|   -4.742359|   -2.058649|
|         667|   -7.628488|   -4.288377|   -4.749431|   -2.065714|
|         668|   -7.635560|   -4.295440|   -4.756504|   -2.072780|
|         669|   -7.642631|   -4.302504|   -4.763576|   -2.079846|
|         670|   -7.649703|   -4.309568|   -4.770649|   -2.086912|
+-----------------------------------------------------------------------+
|        File Writing Summary       |              Filename             |
+-----------------------------------------------------------------------+
|SU2 binary restart                 |restart_flow.dat                   |

Writing the forces breakdown file (forces_breakdown.dat).
+-----------------------------------------------------------------------+
+----------------------------------------------------------------+
|  Inner_Iter|    rms[Rho]|   rms[RhoU]|   rms[RhoV]|   rms[RhoE]|
+----------------------------------------------------------------+
|         671|   -7.656775|   -4.316633|   -4.777722|   -2.093978|
|         672|   -7.663847|   -4.323698|   -4.784795|   -2.101045|
|         673|   -7.670919|   -4.330763|   -4.791869|   -2.108112|
|         674|   -7.677992|   -4.337829|   -4.798942|   -2.115179|
|         675|   -7.685064|   -4.344895|   -4.806016|   -2.122247|
|         676|   -7.692137|   -4.351961|   -4.813090|   -2.129315|
|         677|   -7.699210|   -4.359028|   -4.820164|   -2.136383|
|         678|   -7.706283|   -4.366095|   -4.827238|   -2.143452|
|         679|   -7.713357|   -4.373163|   -4.834312|   -2.150520|
|         680|   -7.720430|   -4.380231|   -4.841386|   -2.157590|
+-----------------------------------------------------------------------+
|        File Writing Summary       |              Filename             |
+-----------------------------------------------------------------------+
|SU2 binary restart                 |restart_flow.dat                   |

Writing the forces breakdown file (forces_breakdown.dat).
+-----------------------------------------------------------------------+
+----------------------------------------------------------------+
|  Inner_Iter|    rms[Rho]|   rms[RhoU]|   rms[RhoV]|   rms[RhoE]|
+----------------------------------------------------------------+
|         681|   -7.727503|   -4.387299|   -4.848461|   -2.164659|
|         682|   -7.734577|   -4.394367|   -4.855536|   -2.171729|
|         683|   -7.741651|   -4.401436|   -4.862610|   -2.178799|
|         684|   -7.748725|   -4.408505|   -4.869685|   -2.185869|
|         685|   -7.755799|   -4.415575|   -4.876760|   -2.192940|
|         686|   -7.762873|   -4.422644|   -4.883835|   -2.200010|
|         687|   -7.769947|   -4.429715|   -4.890911|   -2.207082|
|         688|   -7.777022|   -4.436785|   -4.897986|   -2.214153|
|         689|   -7.784096|   -4.443856|   -4.905061|   -2.221225|
|         690|   -7.791171|   -4.450927|   -4.912137|   -2.228296|
+-----------------------------------------------------------------------+
|        File Writing Summary       |              Filename             |
+-----------------------------------------------------------------------+
|SU2 binary restart                 |restart_flow.dat                   |

Writing the forces breakdown file (forces_breakdown.dat).
+-----------------------------------------------------------------------+
+----------------------------------------------------------------+
|  Inner_Iter|    rms[Rho]|   rms[RhoU]|   rms[RhoV]|   rms[RhoE]|
+----------------------------------------------------------------+
|         691|   -7.798245|   -4.457998|   -4.919213|   -2.235368|
|         692|   -7.805320|   -4.465069|   -4.926288|   -2.242441|
|         693|   -7.812395|   -4.472141|   -4.933364|   -2.249513|
|         694|   -7.819470|   -4.479213|   -4.940440|   -2.256586|
|         695|   -7.826545|   -4.486286|   -4.947516|   -2.263659|
|         696|   -7.833620|   -4.493358|   -4.954592|   -2.270732|
|         697|   -7.840695|   -4.500431|   -4.961668|   -2.277806|
|         698|   -7.847770|   -4.507504|   -4.968744|   -2.284879|
|         699|   -7.854846|   -4.514577|   -4.975820|   -2.291953|
|         700|   -7.861921|   -4.521651|   -4.982896|   -2.299027|
+-----------------------------------------------------------------------+
|        File Writing Summary       |              Filename             |
+-----------------------------------------------------------------------+
|SU2 binary restart                 |restart_flow.dat                   |

Writing the forces breakdown file (forces_breakdown.dat).
+-----------------------------------------------------------------------+
+----------------------------------------------------------------+
|  Inner_Iter|    rms[Rho]|   rms[RhoU]|   rms[RhoV]|   rms[RhoE]|
+----------------------------------------------------------------+
|         701|   -7.868997|   -4.528725|   -4.989973|   -2.306101|
|         702|   -7.876072|   -4.535799|   -4.997049|   -2.313175|
|         703|   -7.883148|   -4.542873|   -5.004125|   -2.320250|
|         704|   -7.890223|   -4.549948|   -5.011202|   -2.327325|
|         705|   -7.897299|   -4.557022|   -5.018278|   -2.334400|
|         706|   -7.904375|   -4.564097|   -5.025354|   -2.341475|
|         707|   -7.911451|   -4.571172|   -5.032431|   -2.348550|
|         708|   -7.918526|   -4.578247|   -5.039507|   -2.355625|
|         709|   -7.925602|   -4.585323|   -5.046584|   -2.362701|
|         710|   -7.932678|   -4.592398|   -5.053661|   -2.369776|
+-----------------------------------------------------------------------+
|        File Writing Summary       |              Filename             |
+-----------------------------------------------------------------------+
|SU2 binary restart                 |restart_flow.dat                   |

Writing the forces breakdown file (forces_breakdown.dat).
+-----------------------------------------------------------------------+
+----------------------------------------------------------------+
|  Inner_Iter|    rms[Rho]|   rms[RhoU]|   rms[RhoV]|   rms[RhoE]|
+----------------------------------------------------------------+
|         711|   -7.939754|   -4.599474|   -5.060737|   -2.376852|
|         712|   -7.946829|   -4.606550|   -5.067814|   -2.383928|
|         713|   -7.953905|   -4.613626|   -5.074890|   -2.391004|
|         714|   -7.960981|   -4.620702|   -5.081967|   -2.398080|
|         715|   -7.968057|   -4.627779|   -5.089043|   -2.405156|
|         716|   -7.975133|   -4.634855|   -5.096120|   -2.412233|
|         717|   -7.982209|   -4.641932|   -5.103197|   -2.419309|
|         718|   -7.989285|   -4.649009|   -5.110273|   -2.426385|
|         719|   -7.996361|   -4.656086|   -5.117350|   -2.433462|
|         720|   -8.003437|   -4.663163|   -5.124426|   -2.440539|
+-----------------------------------------------------------------------+
|        File Writing Summary       |              Filename             |
+-----------------------------------------------------------------------+
|SU2 binary restart                 |restart_flow.dat                   |

Writing the forces breakdown file (forces_breakdown.dat).
+-----------------------------------------------------------------------+
+----------------------------------------------------------------+
|  Inner_Iter|    rms[Rho]|   rms[RhoU]|   rms[RhoV]|   rms[RhoE]|
+----------------------------------------------------------------+
|         721|   -8.010513|   -4.670240|   -5.131503|   -2.447616|
|         722|   -8.017589|   -4.677317|   -5.138579|   -2.454693|
|         723|   -8.024665|   -4.684394|   -5.145656|   -2.461770|
|         724|   -8.031740|   -4.691472|   -5.152732|   -2.468847|
|         725|   -8.038816|   -4.698550|   -5.159808|   -2.475924|
|         726|   -8.045892|   -4.705627|   -5.166885|   -2.483001|
|         727|   -8.052968|   -4.712705|   -5.173961|   -2.490078|
|         728|   -8.060044|   -4.719783|   -5.181037|   -2.497155|
|         729|   -8.067120|   -4.726861|   -5.188114|   -2.504233|
|         730|   -8.074195|   -4.733939|   -5.195190|   -2.511310|
+-----------------------------------------------------------------------+
|        File Writing Summary       |              Filename             |
+-----------------------------------------------------------------------+
|SU2 binary restart                 |restart_flow.dat                   |

Writing the forces breakdown file (forces_breakdown.dat).
+-----------------------------------------------------------------------+
+----------------------------------------------------------------+
|  Inner_Iter|    rms[Rho]|   rms[RhoU]|   rms[RhoV]|   rms[RhoE]|
+----------------------------------------------------------------+
|         731|   -8.081271|   -4.741017|   -5.202266|   -2.518388|
|         732|   -8.088347|   -4.748095|   -5.209342|   -2.525465|
|         733|   -8.095422|   -4.755173|   -5.216418|   -2.532542|
|         734|   -8.102498|   -4.762251|   -5.223494|   -2.539620|
|         735|   -8.109574|   -4.769329|   -5.230570|   -2.546697|
|         736|   -8.116649|   -4.776407|   -5.237646|   -2.553775|
|         737|   -8.123725|   -4.783486|   -5.244722|   -2.560852|
|         738|   -8.130800|   -4.790564|   -5.251798|   -2.567930|
|         739|   -8.137875|   -4.797642|   -5.258874|   -2.575008|
|         740|   -8.144951|   -4.804721|   -5.265949|   -2.582085|
+-----------------------------------------------------------------------+
|        File Writing Summary       |              Filename             |
+-----------------------------------------------------------------------+
|SU2 binary restart                 |restart_flow.dat                   |

Writing the forces breakdown file (forces_breakdown.dat).
+-----------------------------------------------------------------------+
+----------------------------------------------------------------+
|  Inner_Iter|    rms[Rho]|   rms[RhoU]|   rms[RhoV]|   rms[RhoE]|
+----------------------------------------------------------------+
|         741|   -8.152026|   -4.811799|   -5.273025|   -2.589163|
|         742|   -8.159101|   -4.818877|   -5.280100|   -2.596240|
|         743|   -8.166177|   -4.825956|   -5.287176|   -2.603318|
|         744|   -8.173252|   -4.833034|   -5.294251|   -2.610395|
|         745|   -8.180327|   -4.840112|   -5.301327|   -2.617473|
|         746|   -8.187402|   -4.847191|   -5.308402|   -2.624550|
|         747|   -8.194477|   -4.854269|   -5.315477|   -2.631628|
|         748|   -8.201552|   -4.861347|   -5.322552|   -2.638705|
|         749|   -8.208626|   -4.868426|   -5.329627|   -2.645783|
|         750|   -8.215701|   -4.875504|   -5.336702|   -2.652860|
+-----------------------------------------------------------------------+
|        File Writing Summary       |              Filename             |
+-----------------------------------------------------------------------+
|SU2 binary restart                 |restart_flow.dat                   |

Writing the forces breakdown file (forces_breakdown.dat).
|Paraview                           |flow.vtu                           |

Writing the forces breakdown file (forces_breakdown.dat).
|Paraview surface                   |surface_flow.vtu                   |

Writing the forces breakdown file (forces_breakdown.dat).
|CSV file                           |surface_flow.csv                   |

Writing the forces breakdown file (forces_breakdown.dat).
+-----------------------------------------------------------------------+
+----------------------------------------------------------------+
|  Inner_Iter|    rms[Rho]|   rms[RhoU]|   rms[RhoV]|   rms[RhoE]|
+----------------------------------------------------------------+
|         751|   -8.222776|   -4.882582|   -5.343777|   -2.659937|
|         752|   -8.229850|   -4.889661|   -5.350852|   -2.667015|
|         753|   -8.236925|   -4.896739|   -5.357927|   -2.674092|
|         754|   -8.244000|   -4.903817|   -5.365001|   -2.681169|
|         755|   -8.251074|   -4.910895|   -5.372076|   -2.688246|
|         756|   -8.258148|   -4.917973|   -5.379151|   -2.695323|
|         757|   -8.265222|   -4.925051|   -5.386225|   -2.702400|
|         758|   -8.272297|   -4.932129|   -5.393299|   -2.709478|
|         759|   -8.279371|   -4.939207|   -5.400373|   -2.716554|
|         760|   -8.286445|   -4.946285|   -5.407448|   -2.723631|
+-----------------------------------------------------------------------+
|        File Writing Summary       |              Filename             |
+-----------------------------------------------------------------------+
|SU2 binary restart                 |restart_flow.dat                   |

Writing the forces breakdown file (forces_breakdown.dat).
+-----------------------------------------------------------------------+
+----------------------------------------------------------------+
|  Inner_Iter|    rms[Rho]|   rms[RhoU]|   rms[RhoV]|   rms[RhoE]|
+----------------------------------------------------------------+
|         761|   -8.293519|   -4.953363|   -5.414522|   -2.730708|
|         762|   -8.300593|   -4.960440|   -5.421596|   -2.737785|
|         763|   -8.307667|   -4.967518|   -5.428670|   -2.744862|
|         764|   -8.314741|   -4.974596|   -5.435743|   -2.751938|
|         765|   -8.321814|   -4.981673|   -5.442817|   -2.759015|
|         766|   -8.328888|   -4.988751|   -5.449891|   -2.766091|
|         767|   -8.335961|   -4.995828|   -5.456964|   -2.773168|
|         768|   -8.343035|   -5.002905|   -5.464038|   -2.780244|
|         769|   -8.350108|   -5.009982|   -5.471111|   -2.787320|
|         770|   -8.357181|   -5.017060|   -5.478184|   -2.794396|
+-----------------------------------------------------------------------+
|        File Writing Summary       |              Filename             |
+-----------------------------------------------------------------------+
|SU2 binary restart                 |restart_flow.dat                   |

Writing the forces breakdown file (forces_breakdown.dat).
+-----------------------------------------------------------------------+
+----------------------------------------------------------------+
|  Inner_Iter|    rms[Rho]|   rms[RhoU]|   rms[RhoV]|   rms[RhoE]|
+----------------------------------------------------------------+
|         771|   -8.364255|   -5.024137|   -5.485257|   -2.801472|
|         772|   -8.371328|   -5.031214|   -5.492331|   -2.808548|
|         773|   -8.378401|   -5.038290|   -5.499404|   -2.815624|
|         774|   -8.385474|   -5.045367|   -5.506477|   -2.822700|
|         775|   -8.392547|   -5.052444|   -5.513549|   -2.829775|
|         776|   -8.399619|   -5.059520|   -5.520622|   -2.836851|
|         777|   -8.406692|   -5.066597|   -5.527695|   -2.843927|
|         778|   -8.413765|   -5.073673|   -5.534767|   -2.851002|
|         779|   -8.420837|   -5.080750|   -5.541840|   -2.858078|
|         780|   -8.427910|   -5.087826|   -5.548912|   -2.865153|
+-----------------------------------------------------------------------+
|        File Writing Summary       |              Filename             |
+-----------------------------------------------------------------------+
|SU2 binary restart                 |restart_flow.dat                   |

Writing the forces breakdown file (forces_breakdown.dat).
+-----------------------------------------------------------------------+
+----------------------------------------------------------------+
|  Inner_Iter|    rms[Rho]|   rms[RhoU]|   rms[RhoV]|   rms[RhoE]|
+----------------------------------------------------------------+
|         781|   -8.434982|   -5.094902|   -5.555984|   -2.872228|
|         782|   -8.442054|   -5.101978|   -5.563057|   -2.879303|
|         783|   -8.449126|   -5.109054|   -5.570129|   -2.886378|
|         784|   -8.456199|   -5.116129|   -5.577201|   -2.893452|
|         785|   -8.463271|   -5.123205|   -5.584273|   -2.900527|
|         786|   -8.470343|   -5.130281|   -5.591344|   -2.907602|
|         787|   -8.477415|   -5.137356|   -5.598416|   -2.914677|
|         788|   -8.484487|   -5.144431|   -5.605488|   -2.921751|
|         789|   -8.491559|   -5.151507|   -5.612559|   -2.928825|
|         790|   -8.498631|   -5.158582|   -5.619631|   -2.935900|
+-----------------------------------------------------------------------+
|        File Writing Summary       |              Filename             |
+-----------------------------------------------------------------------+
|SU2 binary restart                 |restart_flow.dat                   |

Writing the forces breakdown file (forces_breakdown.dat).
+-----------------------------------------------------------------------+
+----------------------------------------------------------------+
|  Inner_Iter|    rms[Rho]|   rms[RhoU]|   rms[RhoV]|   rms[RhoE]|
+----------------------------------------------------------------+
|         791|   -8.505702|   -5.165657|   -5.626703|   -2.942974|
|         792|   -8.512773|   -5.172732|   -5.633774|   -2.950048|
|         793|   -8.519845|   -5.179806|   -5.640845|   -2.957122|
|         794|   -8.526916|   -5.186881|   -5.647916|   -2.964195|
|         795|   -8.533988|   -5.193956|   -5.654987|   -2.971269|
|         796|   -8.541059|   -5.201030|   -5.662058|   -2.978343|
|         797|   -8.548130|   -5.208104|   -5.669129|   -2.985416|
|         798|   -8.555202|   -5.215179|   -5.676200|   -2.992490|
|         799|   -8.562272|   -5.222253|   -5.683271|   -2.999563|
|         800|   -8.569343|   -5.229327|   -5.690342|   -3.006636|
+-----------------------------------------------------------------------+
|        File Writing Summary       |              Filename             |
+-----------------------------------------------------------------------+
|SU2 binary restart                 |restart_flow.dat                   |

Writing the forces breakdown file (forces_breakdown.dat).
+-----------------------------------------------------------------------+
+----------------------------------------------------------------+
|  Inner_Iter|    rms[Rho]|   rms[RhoU]|   rms[RhoV]|   rms[RhoE]|
+----------------------------------------------------------------+
|         801|   -8.576414|   -5.236400|   -5.697412|   -3.013709|
|         802|   -8.583485|   -5.243474|   -5.704483|   -3.020782|
|         803|   -8.590556|   -5.250548|   -5.711553|   -3.027855|
|         804|   -8.597627|   -5.257621|   -5.718624|   -3.034928|
|         805|   -8.604697|   -5.264695|   -5.725694|   -3.042001|
|         806|   -8.611768|   -5.271768|   -5.732764|   -3.049073|
|         807|   -8.618839|   -5.278841|   -5.739835|   -3.056146|
|         808|   -8.625909|   -5.285914|   -5.746905|   -3.063218|
|         809|   -8.632979|   -5.292987|   -5.753975|   -3.070290|
|         810|   -8.640049|   -5.300060|   -5.761045|   -3.077363|
+-----------------------------------------------------------------------+
|        File Writing Summary       |              Filename             |
+-----------------------------------------------------------------------+
|SU2 binary restart                 |restart_flow.dat                   |

Writing the forces breakdown file (forces_breakdown.dat).
+-----------------------------------------------------------------------+
+----------------------------------------------------------------+
|  Inner_Iter|    rms[Rho]|   rms[RhoU]|   rms[RhoV]|   rms[RhoE]|
+----------------------------------------------------------------+
|         811|   -8.647119|   -5.307133|   -5.768115|   -3.084435|
|         812|   -8.654189|   -5.314205|   -5.775185|   -3.091507|
|         813|   -8.661260|   -5.321278|   -5.782254|   -3.098579|
|         814|   -8.668330|   -5.328350|   -5.789324|   -3.105651|
|         815|   -8.675400|   -5.335423|   -5.796394|   -3.112722|
|         816|   -8.682471|   -5.342495|   -5.803463|   -3.119794|
|         817|   -8.689540|   -5.349567|   -5.810533|   -3.126865|
|         818|   -8.696610|   -5.356639|   -5.817603|   -3.133937|
|         819|   -8.703679|   -5.363711|   -5.824672|   -3.141008|
|         820|   -8.710749|   -5.370782|   -5.831742|   -3.148079|
+-----------------------------------------------------------------------+
|        File Writing Summary       |              Filename             |
+-----------------------------------------------------------------------+
|SU2 binary restart                 |restart_flow.dat                   |

Writing the forces breakdown file (forces_breakdown.dat).
+-----------------------------------------------------------------------+
+----------------------------------------------------------------+
|  Inner_Iter|    rms[Rho]|   rms[RhoU]|   rms[RhoV]|   rms[RhoE]|
+----------------------------------------------------------------+
|         821|   -8.717819|   -5.377854|   -5.838811|   -3.155150|
|         822|   -8.724888|   -5.384926|   -5.845880|   -3.162221|
|         823|   -8.731958|   -5.391997|   -5.852949|   -3.169292|
|         824|   -8.739027|   -5.399068|   -5.860019|   -3.176363|
|         825|   -8.746097|   -5.406140|   -5.867088|   -3.183434|
|         826|   -8.753166|   -5.413211|   -5.874157|   -3.190505|
|         827|   -8.760236|   -5.420282|   -5.881226|   -3.197576|
|         828|   -8.767305|   -5.427353|   -5.888295|   -3.204646|
|         829|   -8.774375|   -5.434424|   -5.895364|   -3.211716|
|         830|   -8.781444|   -5.441494|   -5.902433|   -3.218786|
+-----------------------------------------------------------------------+
|        File Writing Summary       |              Filename             |
+-----------------------------------------------------------------------+
|SU2 binary restart                 |restart_flow.dat                   |

Writing the forces breakdown file (forces_breakdown.dat).
+-----------------------------------------------------------------------+
+----------------------------------------------------------------+
|  Inner_Iter|    rms[Rho]|   rms[RhoU]|   rms[RhoV]|   rms[RhoE]|
+----------------------------------------------------------------+
|         831|   -8.788514|   -5.448565|   -5.909502|   -3.225857|
|         832|   -8.795582|   -5.455636|   -5.916571|   -3.232927|
|         833|   -8.802652|   -5.462706|   -5.923640|   -3.239997|
|         834|   -8.809721|   -5.469777|   -5.930708|   -3.247068|
|         835|   -8.816790|   -5.476847|   -5.937777|   -3.254138|
|         836|   -8.823858|   -5.483917|   -5.944846|   -3.261207|
|         837|   -8.830928|   -5.490987|   -5.951914|   -3.268277|
|         838|   -8.837996|   -5.498057|   -5.958983|   -3.275347|
|         839|   -8.845066|   -5.505127|   -5.966052|   -3.282417|
|         840|   -8.852135|   -5.512197|   -5.973120|   -3.289487|
+-----------------------------------------------------------------------+
|        File Writing Summary       |              Filename             |
+-----------------------------------------------------------------------+
|SU2 binary restart                 |restart_flow.dat                   |

Writing the forces breakdown file (forces_breakdown.dat).
+-----------------------------------------------------------------------+
+----------------------------------------------------------------+
|  Inner_Iter|    rms[Rho]|   rms[RhoU]|   rms[RhoV]|   rms[RhoE]|
+----------------------------------------------------------------+
|         841|   -8.859204|   -5.519267|   -5.980189|   -3.296557|
|         842|   -8.866272|   -5.526337|   -5.987258|   -3.303625|
|         843|   -8.873341|   -5.533407|   -5.994326|   -3.310695|
|         844|   -8.880409|   -5.540476|   -6.001394|   -3.317764|
|         845|   -8.887478|   -5.547546|   -6.008463|   -3.324833|
|         846|   -8.894548|   -5.554615|   -6.015532|   -3.331903|
|         847|   -8.901616|   -5.561685|   -6.022600|   -3.338972|
|         848|   -8.908685|   -5.568754|   -6.029669|   -3.346041|
|         849|   -8.915753|   -5.575823|   -6.036736|   -3.353111|
|         850|   -8.922822|   -5.582892|   -6.043805|   -3.360180|
+-----------------------------------------------------------------------+
|        File Writing Summary       |              Filename             |
+-----------------------------------------------------------------------+
|SU2 binary restart                 |restart_flow.dat                   |

Writing the forces breakdown file (forces_breakdown.dat).
+-----------------------------------------------------------------------+
+----------------------------------------------------------------+
|  Inner_Iter|    rms[Rho]|   rms[RhoU]|   rms[RhoV]|   rms[RhoE]|
+----------------------------------------------------------------+
|         851|   -8.929892|   -5.589961|   -6.050873|   -3.367249|
|         852|   -8.936960|   -5.597030|   -6.057942|   -3.374318|
|         853|   -8.944028|   -5.604100|   -6.065010|   -3.381386|
|         854|   -8.951096|   -5.611168|   -6.072079|   -3.388455|
|         855|   -8.958165|   -5.618237|   -6.079147|   -3.395524|
|         856|   -8.965233|   -5.625306|   -6.086215|   -3.402592|
|         857|   -8.972302|   -5.632375|   -6.093283|   -3.409661|
|         858|   -8.979371|   -5.639444|   -6.100351|   -3.416730|
|         859|   -8.986439|   -5.646512|   -6.107420|   -3.423799|
|         860|   -8.993507|   -5.653581|   -6.114488|   -3.430867|
+-----------------------------------------------------------------------+
|        File Writing Summary       |              Filename             |
+-----------------------------------------------------------------------+
|SU2 binary restart                 |restart_flow.dat                   |

Writing the forces breakdown file (forces_breakdown.dat).
+-----------------------------------------------------------------------+
+----------------------------------------------------------------+
|  Inner_Iter|    rms[Rho]|   rms[RhoU]|   rms[RhoV]|   rms[RhoE]|
+----------------------------------------------------------------+
|         861|   -9.000576|   -5.660650|   -6.121556|   -3.437935|
|         862|   -9.007644|   -5.667718|   -6.128624|   -3.445004|
|         863|   -9.014713|   -5.674787|   -6.135693|   -3.452072|
|         864|   -9.021782|   -5.681855|   -6.142761|   -3.459141|
|         865|   -9.028851|   -5.688924|   -6.149829|   -3.466210|
|         866|   -9.035920|   -5.695992|   -6.156897|   -3.473278|
|         867|   -9.042987|   -5.703060|   -6.163965|   -3.480346|
|         868|   -9.050056|   -5.710129|   -6.171034|   -3.487415|
|         869|   -9.057124|   -5.717197|   -6.178102|   -3.494483|
|         870|   -9.064192|   -5.724265|   -6.185171|   -3.501551|
+-----------------------------------------------------------------------+
|        File Writing Summary       |              Filename             |
+-----------------------------------------------------------------------+
|SU2 binary restart                 |restart_flow.dat                   |

Writing the forces breakdown file (forces_breakdown.dat).
+-----------------------------------------------------------------------+
+----------------------------------------------------------------+
|  Inner_Iter|    rms[Rho]|   rms[RhoU]|   rms[RhoV]|   rms[RhoE]|
+----------------------------------------------------------------+
|         871|   -9.071260|   -5.731333|   -6.192239|   -3.508619|
|         872|   -9.078329|   -5.738401|   -6.199307|   -3.515687|
|         873|   -9.085398|   -5.745469|   -6.206375|   -3.522756|
|         874|   -9.092466|   -5.752537|   -6.213444|   -3.529824|
|         875|   -9.099535|   -5.759606|   -6.220512|   -3.536892|
|         876|   -9.106603|   -5.766674|   -6.227580|   -3.543960|
|         877|   -9.113671|   -5.773742|   -6.234648|   -3.551029|
|         878|   -9.120740|   -5.780810|   -6.241716|   -3.558096|
|         879|   -9.127809|   -5.787878|   -6.248784|   -3.565165|
|         880|   -9.134876|   -5.794946|   -6.255853|   -3.572232|
+-----------------------------------------------------------------------+
|        File Writing Summary       |              Filename             |
+-----------------------------------------------------------------------+
|SU2 binary restart                 |restart_flow.dat                   |

Writing the forces breakdown file (forces_breakdown.dat).
+-----------------------------------------------------------------------+
+----------------------------------------------------------------+
|  Inner_Iter|    rms[Rho]|   rms[RhoU]|   rms[RhoV]|   rms[RhoE]|
+----------------------------------------------------------------+
|         881|   -9.141946|   -5.802013|   -6.262921|   -3.579301|
|         882|   -9.149014|   -5.809081|   -6.269989|   -3.586369|
|         883|   -9.156083|   -5.816149|   -6.277058|   -3.593438|
|         884|   -9.163151|   -5.823217|   -6.284126|   -3.600505|
|         885|   -9.170220|   -5.830285|   -6.291195|   -3.607574|
|         886|   -9.177287|   -5.837353|   -6.298263|   -3.614641|
|         887|   -9.184356|   -5.844421|   -6.305330|   -3.621708|
|         888|   -9.191425|   -5.851489|   -6.312399|   -3.628777|
|         889|   -9.198493|   -5.858556|   -6.319467|   -3.635845|
|         890|   -9.205563|   -5.865624|   -6.326536|   -3.642913|
+-----------------------------------------------------------------------+
|        File Writing Summary       |              Filename             |
+-----------------------------------------------------------------------+
|SU2 binary restart                 |restart_flow.dat                   |

Writing the forces breakdown file (forces_breakdown.dat).
+-----------------------------------------------------------------------+
+----------------------------------------------------------------+
|  Inner_Iter|    rms[Rho]|   rms[RhoU]|   rms[RhoV]|   rms[RhoE]|
+----------------------------------------------------------------+
|         891|   -9.212631|   -5.872692|   -6.333604|   -3.649982|
|         892|   -9.219698|   -5.879760|   -6.340673|   -3.657049|
|         893|   -9.226768|   -5.886828|   -6.347741|   -3.664118|
|         894|   -9.233835|   -5.893895|   -6.354809|   -3.671184|
|         895|   -9.240903|   -5.900963|   -6.361878|   -3.678252|
|         896|   -9.247972|   -5.908031|   -6.368946|   -3.685319|
|         897|   -9.255042|   -5.915099|   -6.376015|   -3.692389|
|         898|   -9.262112|   -5.922167|   -6.383083|   -3.699459|
|         899|   -9.269178|   -5.929234|   -6.390152|   -3.706525|
|         900|   -9.276246|   -5.936302|   -6.397221|   -3.713592|
+-----------------------------------------------------------------------+
|        File Writing Summary       |              Filename             |
+-----------------------------------------------------------------------+
|SU2 binary restart                 |restart_flow.dat                   |

Writing the forces breakdown file (forces_breakdown.dat).
+-----------------------------------------------------------------------+
+----------------------------------------------------------------+
|  Inner_Iter|    rms[Rho]|   rms[RhoU]|   rms[RhoV]|   rms[RhoE]|
+----------------------------------------------------------------+
|         901|   -9.283315|   -5.943370|   -6.404289|   -3.720659|
|         902|   -9.290386|   -5.950438|   -6.411358|   -3.727729|
|         903|   -9.297455|   -5.957506|   -6.418427|   -3.734798|
|         904|   -9.304522|   -5.964573|   -6.425495|   -3.741865|
|         905|   -9.311593|   -5.971641|   -6.432564|   -3.748934|
|         906|   -9.318659|   -5.978709|   -6.439632|   -3.756001|
|         907|   -9.325728|   -5.985777|   -6.446701|   -3.763069|
|         908|   -9.332798|   -5.992845|   -6.453770|   -3.770138|
|         909|   -9.339867|   -5.999913|   -6.460839|   -3.777206|
|         910|   -9.346933|   -6.006980|   -6.467907|   -3.784272|
+-----------------------------------------------------------------------+
|        File Writing Summary       |              Filename             |
+-----------------------------------------------------------------------+
|SU2 binary restart                 |restart_flow.dat                   |

Writing the forces breakdown file (forces_breakdown.dat).
+-----------------------------------------------------------------------+
+----------------------------------------------------------------+
|  Inner_Iter|    rms[Rho]|   rms[RhoU]|   rms[RhoV]|   rms[RhoE]|
+----------------------------------------------------------------+
|         911|   -9.354002|   -6.014048|   -6.474976|   -3.791340|
|         912|   -9.361074|   -6.021116|   -6.482045|   -3.798410|
|         913|   -9.368140|   -6.028184|   -6.489114|   -3.805476|
|         914|   -9.375211|   -6.035252|   -6.496182|   -3.812546|
|         915|   -9.382280|   -6.042320|   -6.503251|   -3.819615|
|         916|   -9.389349|   -6.049388|   -6.510320|   -3.826683|
|         917|   -9.396417|   -6.056456|   -6.517389|   -3.833751|
|         918|   -9.403485|   -6.063524|   -6.524459|   -3.840818|
|         919|   -9.410555|   -6.070592|   -6.531527|   -3.847888|
|         920|   -9.417622|   -6.077660|   -6.538597|   -3.854955|
+-----------------------------------------------------------------------+
|        File Writing Summary       |              Filename             |
+-----------------------------------------------------------------------+
|SU2 binary restart                 |restart_flow.dat                   |

Writing the forces breakdown file (forces_breakdown.dat).
+-----------------------------------------------------------------------+
+----------------------------------------------------------------+
|  Inner_Iter|    rms[Rho]|   rms[RhoU]|   rms[RhoV]|   rms[RhoE]|
+----------------------------------------------------------------+
|         921|   -9.424691|   -6.084728|   -6.545665|   -3.862021|
|         922|   -9.431761|   -6.091796|   -6.552734|   -3.869091|
|         923|   -9.438832|   -6.098864|   -6.559803|   -3.876160|
|         924|   -9.445901|   -6.105932|   -6.566872|   -3.883229|
|         925|   -9.452969|   -6.113000|   -6.573942|   -3.890297|
|         926|   -9.460036|   -6.120068|   -6.581011|   -3.897363|
|         927|   -9.467105|   -6.127137|   -6.588080|   -3.904432|
|         928|   -9.474176|   -6.134205|   -6.595148|   -3.911502|
|         929|   -9.481244|   -6.141273|   -6.602217|   -3.918569|
|         930|   -9.488314|   -6.148341|   -6.609287|   -3.925639|
+-----------------------------------------------------------------------+
|        File Writing Summary       |              Filename             |
+-----------------------------------------------------------------------+
|SU2 binary restart                 |restart_flow.dat                   |

Writing the forces breakdown file (forces_breakdown.dat).
+-----------------------------------------------------------------------+
+----------------------------------------------------------------+
|  Inner_Iter|    rms[Rho]|   rms[RhoU]|   rms[RhoV]|   rms[RhoE]|
+----------------------------------------------------------------+
|         931|   -9.495385|   -6.155410|   -6.616355|   -3.932707|
|         932|   -9.502454|   -6.162478|   -6.623425|   -3.939777|
|         933|   -9.509524|   -6.169546|   -6.630495|   -3.946846|
|         934|   -9.516595|   -6.176615|   -6.637564|   -3.953915|
|         935|   -9.523662|   -6.183683|   -6.644633|   -3.960982|
|         936|   -9.530730|   -6.190752|   -6.651702|   -3.968050|
|         937|   -9.537801|   -6.197820|   -6.658772|   -3.975119|
|         938|   -9.544870|   -6.204888|   -6.665842|   -3.982188|
|         939|   -9.551937|   -6.211956|   -6.672911|   -3.989255|
|         940|   -9.559009|   -6.219025|   -6.679979|   -3.996325|
+-----------------------------------------------------------------------+
|        File Writing Summary       |              Filename             |
+-----------------------------------------------------------------------+
|SU2 binary restart                 |restart_flow.dat                   |

Writing the forces breakdown file (forces_breakdown.dat).
+-----------------------------------------------------------------------+
+----------------------------------------------------------------+
|  Inner_Iter|    rms[Rho]|   rms[RhoU]|   rms[RhoV]|   rms[RhoE]|
+----------------------------------------------------------------+
|         941|   -9.566076|   -6.226094|   -6.687048|   -4.003395|
|         942|   -9.573148|   -6.233162|   -6.694117|   -4.010464|
|         943|   -9.580219|   -6.240231|   -6.701189|   -4.017534|
|         944|   -9.587286|   -6.247299|   -6.708260|   -4.024601|
|         945|   -9.594355|   -6.254368|   -6.715329|   -4.031668|
|         946|   -9.601424|   -6.261437|   -6.722399|   -4.038738|
|         947|   -9.608495|   -6.268505|   -6.729468|   -4.045807|
|         948|   -9.615558|   -6.275574|   -6.736537|   -4.052873|
|         949|   -9.622628|   -6.282643|   -6.743607|   -4.059943|
|         950|   -9.629697|   -6.289712|   -6.750675|   -4.067010|
+-----------------------------------------------------------------------+
|        File Writing Summary       |              Filename             |
+-----------------------------------------------------------------------+
|SU2 binary restart                 |restart_flow.dat                   |

Writing the forces breakdown file (forces_breakdown.dat).
+-----------------------------------------------------------------------+
+----------------------------------------------------------------+
|  Inner_Iter|    rms[Rho]|   rms[RhoU]|   rms[RhoV]|   rms[RhoE]|
+----------------------------------------------------------------+
|         951|   -9.636773|   -6.296780|   -6.757744|   -4.074083|
|         952|   -9.643843|   -6.303849|   -6.764813|   -4.081152|
|         953|   -9.650911|   -6.310918|   -6.771884|   -4.088221|
|         954|   -9.657981|   -6.317987|   -6.778954|   -4.095291|
|         955|   -9.665051|   -6.325056|   -6.786024|   -4.102361|
|         956|   -9.672116|   -6.332125|   -6.793094|   -4.109427|
|         957|   -9.679184|   -6.339194|   -6.800162|   -4.116493|
|         958|   -9.686261|   -6.346263|   -6.807232|   -4.123568|
|         959|   -9.693330|   -6.353332|   -6.814302|   -4.130638|
|         960|   -9.700397|   -6.360401|   -6.821372|   -4.137703|
+-----------------------------------------------------------------------+
|        File Writing Summary       |              Filename             |
+-----------------------------------------------------------------------+
|SU2 binary restart                 |restart_flow.dat                   |

Writing the forces breakdown file (forces_breakdown.dat).
+-----------------------------------------------------------------------+
+----------------------------------------------------------------+
|  Inner_Iter|    rms[Rho]|   rms[RhoU]|   rms[RhoV]|   rms[RhoE]|
+----------------------------------------------------------------+
|         961|   -9.707468|   -6.367470|   -6.828440|   -4.144771|
|         962|   -9.714536|   -6.374539|   -6.835511|   -4.151841|
|         963|   -9.721613|   -6.381608|   -6.842580|   -4.158915|
|         964|   -9.728680|   -6.388677|   -6.849653|   -4.165984|
|         965|   -9.735744|   -6.395746|   -6.856722|   -4.173048|
|         966|   -9.742810|   -6.402816|   -6.863793|   -4.180116|
|         967|   -9.749887|   -6.409885|   -6.870861|   -4.187191|
|         968|   -9.756961|   -6.416954|   -6.877930|   -4.194262|
|         969|   -9.764030|   -6.424024|   -6.885000|   -4.201331|
|         970|   -9.771095|   -6.431093|   -6.892071|   -4.208394|
+-----------------------------------------------------------------------+
|        File Writing Summary       |              Filename             |
+-----------------------------------------------------------------------+
|SU2 binary restart                 |restart_flow.dat                   |

Writing the forces breakdown file (forces_breakdown.dat).
+-----------------------------------------------------------------------+
+----------------------------------------------------------------+
|  Inner_Iter|    rms[Rho]|   rms[RhoU]|   rms[RhoV]|   rms[RhoE]|
+----------------------------------------------------------------+
|         971|   -9.778170|   -6.438162|   -6.899142|   -4.215472|
|         972|   -9.785242|   -6.445231|   -6.906210|   -4.222541|
|         973|   -9.792309|   -6.452301|   -6.913280|   -4.229609|
|         974|   -9.799374|   -6.459370|   -6.920352|   -4.236673|
|         975|   -9.806444|   -6.466440|   -6.927423|   -4.243744|
|         976|   -9.813511|   -6.473509|   -6.934492|   -4.250814|
|         977|   -9.820582|   -6.480579|   -6.941561|   -4.257883|
|         978|   -9.827651|   -6.487648|   -6.948631|   -4.264952|
|         979|   -9.834727|   -6.494718|   -6.955703|   -4.272023|
|         980|   -9.841795|   -6.501787|   -6.962774|   -4.279091|
+-----------------------------------------------------------------------+
|        File Writing Summary       |              Filename             |
+-----------------------------------------------------------------------+
|SU2 binary restart                 |restart_flow.dat                   |

Writing the forces breakdown file (forces_breakdown.dat).
+-----------------------------------------------------------------------+
+----------------------------------------------------------------+
|  Inner_Iter|    rms[Rho]|   rms[RhoU]|   rms[RhoV]|   rms[RhoE]|
+----------------------------------------------------------------+
|         981|   -9.848867|   -6.508857|   -6.969841|   -4.286162|
|         982|   -9.855941|   -6.515926|   -6.976911|   -4.293235|
|         983|   -9.863010|   -6.522997|   -6.983980|   -4.300306|
|         984|   -9.870084|   -6.530066|   -6.991048|   -4.307377|
|         985|   -9.877156|   -6.537135|   -6.998123|   -4.314445|
|         986|   -9.884217|   -6.544205|   -7.005193|   -4.321513|
|         987|   -9.891287|   -6.551275|   -7.012265|   -4.328580|
|         988|   -9.898355|   -6.558345|   -7.019333|   -4.335652|
|         989|   -9.905421|   -6.565415|   -7.026403|   -4.342721|
|         990|   -9.912491|   -6.572484|   -7.033472|   -4.349789|
+-----------------------------------------------------------------------+
|        File Writing Summary       |              Filename             |
+-----------------------------------------------------------------------+
|SU2 binary restart                 |restart_flow.dat                   |

Writing the forces breakdown file (forces_breakdown.dat).
+-----------------------------------------------------------------------+
+----------------------------------------------------------------+
|  Inner_Iter|    rms[Rho]|   rms[RhoU]|   rms[RhoV]|   rms[RhoE]|
+----------------------------------------------------------------+
|         991|   -9.919558|   -6.579554|   -7.040545|   -4.356857|
|         992|   -9.926640|   -6.586624|   -7.047612|   -4.363933|
|         993|   -9.933713|   -6.593694|   -7.054683|   -4.371006|
|         994|   -9.940781|   -6.600764|   -7.061758|   -4.378074|
|         995|   -9.947849|   -6.607833|   -7.068824|   -4.385140|
|         996|   -9.954913|   -6.614903|   -7.075896|   -4.392210|
|         997|   -9.961986|   -6.621974|   -7.082965|   -4.399283|
|         998|   -9.969055|   -6.629044|   -7.090036|   -4.406351|
|         999|   -9.976124|   -6.636113|   -7.097101|   -4.413417|
|        1000|   -9.983202|   -6.643184|   -7.104171|   -4.420495|
+-----------------------------------------------------------------------+
|        File Writing Summary       |              Filename             |
+-----------------------------------------------------------------------+
|SU2 binary restart                 |restart_flow.dat                   |

Writing the forces breakdown file (forces_breakdown.dat).
|Paraview                           |flow.vtu                           |

Writing the forces breakdown file (forces_breakdown.dat).
|Paraview surface                   |surface_flow.vtu                   |

Writing the forces breakdown file (forces_breakdown.dat).
|CSV file                           |surface_flow.csv                   |

Writing the forces breakdown file (forces_breakdown.dat).
+-----------------------------------------------------------------------+
+----------------------------------------------------------------+
|  Inner_Iter|    rms[Rho]|   rms[RhoU]|   rms[RhoV]|   rms[RhoE]|
+----------------------------------------------------------------+
|        1001|   -9.990269|   -6.650253|   -7.111243|   -4.427561|
|        1002|   -9.997343|   -6.657323|   -7.118315|   -4.434631|
|        1003|  -10.004412|   -6.664393|   -7.125385|   -4.441699|
|        1004|  -10.011483|   -6.671463|   -7.132460|   -4.448773|
|        1005|  -10.018547|   -6.678533|   -7.139528|   -4.455839|
|        1006|  -10.025619|   -6.685603|   -7.146600|   -4.462913|
|        1007|  -10.032703|   -6.692673|   -7.153669|   -4.469988|
|        1008|  -10.039765|   -6.699743|   -7.160739|   -4.477054|
|        1009|  -10.046831|   -6.706813|   -7.167809|   -4.484121|
|        1010|  -10.053901|   -6.713884|   -7.174875|   -4.491191|
+-----------------------------------------------------------------------+
|        File Writing Summary       |              Filename             |
+-----------------------------------------------------------------------+
|SU2 binary restart                 |restart_flow.dat                   |

Writing the forces breakdown file (forces_breakdown.dat).
+-----------------------------------------------------------------------+
+----------------------------------------------------------------+
|  Inner_Iter|    rms[Rho]|   rms[RhoU]|   rms[RhoV]|   rms[RhoE]|
+----------------------------------------------------------------+
|        1011|  -10.060973|   -6.720954|   -7.181950|   -4.498266|
|        1012|  -10.068039|   -6.728025|   -7.189017|   -4.505331|
|        1013|  -10.075110|   -6.735095|   -7.196089|   -4.512399|
|        1014|  -10.082179|   -6.742165|   -7.203157|   -4.519476|
|        1015|  -10.089241|   -6.749236|   -7.210224|   -4.526539|
|        1016|  -10.096325|   -6.756306|   -7.217299|   -4.533618|
|        1017|  -10.103389|   -6.763376|   -7.224370|   -4.540680|
|        1018|  -10.110461|   -6.770446|   -7.231439|   -4.547750|
|        1019|  -10.117523|   -6.777516|   -7.238507|   -4.554813|
|        1020|  -10.124601|   -6.784586|   -7.245575|   -4.561892|
+-----------------------------------------------------------------------+
|        File Writing Summary       |              Filename             |
+-----------------------------------------------------------------------+
|SU2 binary restart                 |restart_flow.dat                   |

Writing the forces breakdown file (forces_breakdown.dat).
+-----------------------------------------------------------------------+
+----------------------------------------------------------------+
|  Inner_Iter|    rms[Rho]|   rms[RhoU]|   rms[RhoV]|   rms[RhoE]|
+----------------------------------------------------------------+
|        1021|  -10.131683|   -6.791656|   -7.252644|   -4.568974|
|        1022|  -10.138753|   -6.798726|   -7.259725|   -4.576046|
|        1023|  -10.145820|   -6.805797|   -7.266793|   -4.583110|
|        1024|  -10.152889|   -6.812867|   -7.273859|   -4.590181|
|        1025|  -10.159954|   -6.819937|   -7.280932|   -4.597246|
|        1026|  -10.167009|   -6.827009|   -7.288004|   -4.604307|
|        1027|  -10.174095|   -6.834078|   -7.295069|   -4.611389|
|        1028|  -10.181161|   -6.841149|   -7.302142|   -4.618457|
|        1029|  -10.188242|   -6.848219|   -7.309215|   -4.625530|
|        1030|  -10.195305|   -6.855289|   -7.316283|   -4.632597|
+-----------------------------------------------------------------------+
|        File Writing Summary       |              Filename             |
+-----------------------------------------------------------------------+
|SU2 binary restart                 |restart_flow.dat                   |

Writing the forces breakdown file (forces_breakdown.dat).
+-----------------------------------------------------------------------+
+----------------------------------------------------------------+
|  Inner_Iter|    rms[Rho]|   rms[RhoU]|   rms[RhoV]|   rms[RhoE]|
+----------------------------------------------------------------+
|        1031|  -10.202373|   -6.862361|   -7.323353|   -4.639664|
|        1032|  -10.209448|   -6.869431|   -7.330425|   -4.646741|
|        1033|  -10.216528|   -6.876500|   -7.337494|   -4.653816|
|        1034|  -10.223594|   -6.883570|   -7.344565|   -4.660880|
|        1035|  -10.230660|   -6.890640|   -7.351647|   -4.667951|
|        1036|  -10.237737|   -6.897711|   -7.358708|   -4.675028|
|        1037|  -10.244798|   -6.904781|   -7.365784|   -4.682085|
|        1038|  -10.251864|   -6.911853|   -7.372848|   -4.689156|
|        1039|  -10.258926|   -6.918923|   -7.379919|   -4.696222|
|        1040|  -10.266009|   -6.925993|   -7.386987|   -4.703306|
+-----------------------------------------------------------------------+
|        File Writing Summary       |              Filename             |
+-----------------------------------------------------------------------+
|SU2 binary restart                 |restart_flow.dat                   |

Writing the forces breakdown file (forces_breakdown.dat).
+-----------------------------------------------------------------------+
+----------------------------------------------------------------+
|  Inner_Iter|    rms[Rho]|   rms[RhoU]|   rms[RhoV]|   rms[RhoE]|
+----------------------------------------------------------------+
|        1041|  -10.273076|   -6.933062|   -7.394060|   -4.710367|
|        1042|  -10.280142|   -6.940133|   -7.401126|   -4.717436|
|        1043|  -10.287222|   -6.947203|   -7.408195|   -4.724515|
|        1044|  -10.294289|   -6.954274|   -7.415264|   -4.731577|
|        1045|  -10.301352|   -6.961346|   -7.422334|   -4.738655|
|        1046|  -10.308434|   -6.968415|   -7.429405|   -4.745726|
|        1047|  -10.315499|   -6.975485|   -7.436477|   -4.752793|
|        1048|  -10.322573|   -6.982555|   -7.443542|   -4.759864|
|        1049|  -10.329629|   -6.989626|   -7.450614|   -4.766927|
|        1050|  -10.336689|   -6.996696|   -7.457693|   -4.773992|
+-----------------------------------------------------------------------+
|        File Writing Summary       |              Filename             |
+-----------------------------------------------------------------------+
|SU2 binary restart                 |restart_flow.dat                   |

Writing the forces breakdown file (forces_breakdown.dat).
+-----------------------------------------------------------------------+
+----------------------------------------------------------------+
|  Inner_Iter|    rms[Rho]|   rms[RhoU]|   rms[RhoV]|   rms[RhoE]|
+----------------------------------------------------------------+
|        1051|  -10.343783|   -7.003767|   -7.464759|   -4.781074|
|        1052|  -10.350864|   -7.010839|   -7.471830|   -4.788158|
|        1053|  -10.357913|   -7.017907|   -7.478903|   -4.795215|
|        1054|  -10.364995|   -7.024979|   -7.485970|   -4.802286|
|        1055|  -10.372050|   -7.032047|   -7.493042|   -4.809347|
|        1056|  -10.379114|   -7.039119|   -7.500107|   -4.816416|
|        1057|  -10.386217|   -7.046191|   -7.507178|   -4.823511|
|        1058|  -10.393269|   -7.053260|   -7.514251|   -4.830567|
|        1059|  -10.400348|   -7.060329|   -7.521324|   -4.837635|
|        1060|  -10.407420|   -7.067401|   -7.528398|   -4.844713|
+-----------------------------------------------------------------------+
|        File Writing Summary       |              Filename             |
+-----------------------------------------------------------------------+
|SU2 binary restart                 |restart_flow.dat                   |

Writing the forces breakdown file (forces_breakdown.dat).
+-----------------------------------------------------------------------+
+----------------------------------------------------------------+
|  Inner_Iter|    rms[Rho]|   rms[RhoU]|   rms[RhoV]|   rms[RhoE]|
+----------------------------------------------------------------+
|        1061|  -10.414499|   -7.074473|   -7.535464|   -4.851796|
|        1062|  -10.421535|   -7.081541|   -7.542544|   -4.858839|
|        1063|  -10.428618|   -7.088610|   -7.549612|   -4.865910|
|        1064|  -10.435675|   -7.095683|   -7.556667|   -4.872972|
|        1065|  -10.442747|   -7.102754|   -7.563731|   -4.880045|
|        1066|  -10.449876|   -7.109825|   -7.570804|   -4.887149|
|        1067|  -10.456911|   -7.116896|   -7.577879|   -4.894214|
|        1068|  -10.463979|   -7.123965|   -7.584946|   -4.901285|
|        1069|  -10.471029|   -7.131035|   -7.592025|   -4.908345|
|        1070|  -10.478115|   -7.138107|   -7.599090|   -4.915413|
+-----------------------------------------------------------------------+
|        File Writing Summary       |              Filename             |
+-----------------------------------------------------------------------+
|SU2 binary restart                 |restart_flow.dat                   |

Writing the forces breakdown file (forces_breakdown.dat).
+-----------------------------------------------------------------------+
+----------------------------------------------------------------+
|  Inner_Iter|    rms[Rho]|   rms[RhoU]|   rms[RhoV]|   rms[RhoE]|
+----------------------------------------------------------------+
|        1071|  -10.485170|   -7.145172|   -7.606169|   -4.922466|
|        1072|  -10.492271|   -7.152245|   -7.613235|   -4.929572|
|        1073|  -10.499319|   -7.159317|   -7.620301|   -4.936625|
|        1074|  -10.506368|   -7.166386|   -7.627374|   -4.943671|
|        1075|  -10.513457|   -7.173455|   -7.634446|   -4.950762|
|        1076|  -10.520518|   -7.180527|   -7.641519|   -4.957831|
|        1077|  -10.527588|   -7.187597|   -7.648582|   -4.964897|
|        1078|  -10.534673|   -7.194668|   -7.655638|   -4.971972|
|        1079|  -10.541747|   -7.201739|   -7.662717|   -4.979045|
|        1080|  -10.548807|   -7.208808|   -7.669797|   -4.986106|
+-----------------------------------------------------------------------+
|        File Writing Summary       |              Filename             |
+-----------------------------------------------------------------------+
|SU2 binary restart                 |restart_flow.dat                   |

Writing the forces breakdown file (forces_breakdown.dat).
+-----------------------------------------------------------------------+
+----------------------------------------------------------------+
|  Inner_Iter|    rms[Rho]|   rms[RhoU]|   rms[RhoV]|   rms[RhoE]|
+----------------------------------------------------------------+
|        1081|  -10.555868|   -7.215879|   -7.676869|   -4.993173|
|        1082|  -10.562943|   -7.222949|   -7.683934|   -5.000250|
|        1083|  -10.570050|   -7.230020|   -7.691001|   -5.007339|
|        1084|  -10.577102|   -7.237090|   -7.698076|   -5.014403|
|        1085|  -10.584199|   -7.244158|   -7.705156|   -5.021485|
|        1086|  -10.591261|   -7.251230|   -7.712237|   -5.028551|
|        1087|  -10.598302|   -7.258299|   -7.719299|   -5.035605|
|        1088|  -10.605354|   -7.265368|   -7.726367|   -5.042652|
|        1089|  -10.612411|   -7.272442|   -7.733414|   -5.049717|
|        1090|  -10.619533|   -7.279515|   -7.740483|   -5.056834|
+-----------------------------------------------------------------------+
|        File Writing Summary       |              Filename             |
+-----------------------------------------------------------------------+
|SU2 binary restart                 |restart_flow.dat                   |

Writing the forces breakdown file (forces_breakdown.dat).
+-----------------------------------------------------------------------+
+----------------------------------------------------------------+
|  Inner_Iter|    rms[Rho]|   rms[RhoU]|   rms[RhoV]|   rms[RhoE]|
+----------------------------------------------------------------+
|        1091|  -10.626600|   -7.286584|   -7.747561|   -5.063910|
|        1092|  -10.633603|   -7.293651|   -7.754637|   -5.070930|
|        1093|  -10.640717|   -7.300724|   -7.761709|   -5.078036|
|        1094|  -10.647767|   -7.307795|   -7.768777|   -5.085077|
|        1095|  -10.654887|   -7.314864|   -7.775846|   -5.092180|
|        1096|  -10.661932|   -7.321932|   -7.782912|   -5.099236|
|        1097|  -10.668989|   -7.329004|   -7.789988|   -5.106292|
|        1098|  -10.676069|   -7.336073|   -7.797054|   -5.113377|
|        1099|  -10.683145|   -7.343142|   -7.804133|   -5.120450|
|        1100|  -10.690189|   -7.350211|   -7.811196|   -5.127503|
+-----------------------------------------------------------------------+
|        File Writing Summary       |              Filename             |
+-----------------------------------------------------------------------+
|SU2 binary restart                 |restart_flow.dat                   |

Writing the forces breakdown file (forces_breakdown.dat).
+-----------------------------------------------------------------------+
+----------------------------------------------------------------+
|  Inner_Iter|    rms[Rho]|   rms[RhoU]|   rms[RhoV]|   rms[RhoE]|
+----------------------------------------------------------------+
|        1101|  -10.697257|   -7.357283|   -7.818271|   -5.134573|
|        1102|  -10.704344|   -7.364352|   -7.825328|   -5.141651|
|        1103|  -10.711422|   -7.371423|   -7.832396|   -5.148713|
|        1104|  -10.718530|   -7.378497|   -7.839469|   -5.155825|
|        1105|  -10.725550|   -7.385569|   -7.846539|   -5.162867|
|        1106|  -10.732647|   -7.392634|   -7.853604|   -5.169956|
|        1107|  -10.739708|   -7.399708|   -7.860672|   -5.177027|
|        1108|  -10.746781|   -7.406775|   -7.867744|   -5.184099|
|        1109|  -10.753833|   -7.413843|   -7.874812|   -5.191145|
|        1110|  -10.760930|   -7.420915|   -7.881885|   -5.198239|
+-----------------------------------------------------------------------+
|        File Writing Summary       |              Filename             |
+-----------------------------------------------------------------------+
|SU2 binary restart                 |restart_flow.dat                   |

Writing the forces breakdown file (forces_breakdown.dat).
+-----------------------------------------------------------------------+
+----------------------------------------------------------------+
|  Inner_Iter|    rms[Rho]|   rms[RhoU]|   rms[RhoV]|   rms[RhoE]|
+----------------------------------------------------------------+
|        1111|  -10.767977|   -7.427987|   -7.888956|   -5.205312|
|        1112|  -10.775020|   -7.435055|   -7.896039|   -5.212339|
|        1113|  -10.782090|   -7.442124|   -7.903092|   -5.219419|
|        1114|  -10.789156|   -7.449195|   -7.910181|   -5.226483|
|        1115|  -10.796219|   -7.456263|   -7.917247|   -5.233533|
|        1116|  -10.803274|   -7.463336|   -7.924297|   -5.240609|
|        1117|  -10.810375|   -7.470409|   -7.931398|   -5.247719|
|        1118|  -10.817359|   -7.477473|   -7.938477|   -5.254709|
|        1119|  -10.824529|   -7.484544|   -7.945512|   -5.261834|
|        1120|  -10.831562|   -7.491615|   -7.952595|   -5.268878|
+-----------------------------------------------------------------------+
|        File Writing Summary       |              Filename             |
+-----------------------------------------------------------------------+
|SU2 binary restart                 |restart_flow.dat                   |

Writing the forces breakdown file (forces_breakdown.dat).
+-----------------------------------------------------------------------+
+----------------------------------------------------------------+
|  Inner_Iter|    rms[Rho]|   rms[RhoU]|   rms[RhoV]|   rms[RhoE]|
+----------------------------------------------------------------+
|        1121|  -10.838680|   -7.498691|   -7.959632|   -5.275995|
|        1122|  -10.845830|   -7.505754|   -7.966725|   -5.283120|
|        1123|  -10.852833|   -7.512829|   -7.973796|   -5.290143|
|        1124|  -10.859894|   -7.519896|   -7.980850|   -5.297194|
|        1125|  -10.866997|   -7.526966|   -7.987921|   -5.304277|
|        1126|  -10.874074|   -7.534038|   -7.994995|   -5.311364|
|        1127|  -10.881141|   -7.541108|   -8.002089|   -5.318439|
|        1128|  -10.888220|   -7.548181|   -8.009170|   -5.325517|
|        1129|  -10.895288|   -7.555250|   -8.016255|   -5.332573|
|        1130|  -10.902306|   -7.562310|   -8.023328|   -5.339576|
+-----------------------------------------------------------------------+
|        File Writing Summary       |              Filename             |
+-----------------------------------------------------------------------+
|SU2 binary restart                 |restart_flow.dat                   |

Writing the forces breakdown file (forces_breakdown.dat).
+-----------------------------------------------------------------------+
+----------------------------------------------------------------+
|  Inner_Iter|    rms[Rho]|   rms[RhoU]|   rms[RhoV]|   rms[RhoE]|
+----------------------------------------------------------------+
|        1131|  -10.909461|   -7.569381|   -8.030374|   -5.346732|
|        1132|  -10.916400|   -7.576453|   -8.037448|   -5.353724|
|        1133|  -10.923465|   -7.583525|   -8.044515|   -5.360796|
|        1134|  -10.930645|   -7.590604|   -8.051549|   -5.367935|
|        1135|  -10.937706|   -7.597669|   -8.058607|   -5.374971|
|        1136|  -10.944834|   -7.604737|   -8.065687|   -5.382074|
|        1137|  -10.951862|   -7.611809|   -8.072801|   -5.389131|
|        1138|  -10.958808|   -7.618880|   -8.079861|   -5.396134|
|        1139|  -10.965974|   -7.625951|   -8.086902|   -5.403253|
|        1140|  -10.973005|   -7.633011|   -8.093981|   -5.410289|
+-----------------------------------------------------------------------+
|        File Writing Summary       |              Filename             |
+-----------------------------------------------------------------------+
|SU2 binary restart                 |restart_flow.dat                   |

Writing the forces breakdown file (forces_breakdown.dat).
+-----------------------------------------------------------------------+
+----------------------------------------------------------------+
|  Inner_Iter|    rms[Rho]|   rms[RhoU]|   rms[RhoV]|   rms[RhoE]|
+----------------------------------------------------------------+
|        1141|  -10.980077|   -7.640081|   -8.101093|   -5.417411|
|        1142|  -10.987181|   -7.647159|   -8.108171|   -5.424494|
|        1143|  -10.994319|   -7.654221|   -8.115246|   -5.431604|
|        1144|  -11.001296|   -7.661291|   -8.122293|   -5.438595|
|        1145|  -11.008250|   -7.668362|   -8.129395|   -5.445586|
|        1146|  -11.015352|   -7.675433|   -8.136408|   -5.452682|
|        1147|  -11.022515|   -7.682500|   -8.143482|   -5.459807|
|        1148|  -11.029602|   -7.689586|   -8.150554|   -5.466891|
|        1149|  -11.036708|   -7.696644|   -8.157599|   -5.474019|
|        1150|  -11.043710|   -7.703721|   -8.164677|   -5.481005|
+-----------------------------------------------------------------------+
|        File Writing Summary       |              Filename             |
+-----------------------------------------------------------------------+
|SU2 binary restart                 |restart_flow.dat                   |

Writing the forces breakdown file (forces_breakdown.dat).
+-----------------------------------------------------------------------+
+----------------------------------------------------------------+
|  Inner_Iter|    rms[Rho]|   rms[RhoU]|   rms[RhoV]|   rms[RhoE]|
+----------------------------------------------------------------+
|        1151|  -11.050799|   -7.710791|   -8.171744|   -5.488103|
|        1152|  -11.057855|   -7.717859|   -8.178799|   -5.495148|
|        1153|  -11.064857|   -7.724926|   -8.185892|   -5.502207|
|        1154|  -11.072084|   -7.731997|   -8.192924|   -5.509335|
|        1155|  -11.079043|   -7.739067|   -8.200050|   -5.516363|
|        1156|  -11.086121|   -7.746129|   -8.207127|   -5.523448|
|        1157|  -11.093072|   -7.753193|   -8.214233|   -5.530379|
|        1158|  -11.100204|   -7.760263|   -8.221239|   -5.537548|
|        1159|  -11.107294|   -7.767349|   -8.228315|   -5.544595|
|        1160|  -11.114375|   -7.774418|   -8.235366|   -5.551701|
+-----------------------------------------------------------------------+
|        File Writing Summary       |              Filename             |
+-----------------------------------------------------------------------+
|SU2 binary restart                 |restart_flow.dat                   |

Writing the forces breakdown file (forces_breakdown.dat).
+-----------------------------------------------------------------------+
+----------------------------------------------------------------+
|  Inner_Iter|    rms[Rho]|   rms[RhoU]|   rms[RhoV]|   rms[RhoE]|
+----------------------------------------------------------------+
|        1161|  -11.121491|   -7.781498|   -8.242420|   -5.558861|
|        1162|  -11.128698|   -7.788563|   -8.249483|   -5.565993|
|        1163|  -11.135639|   -7.795622|   -8.256567|   -5.572907|
|        1164|  -11.142687|   -7.802688|   -8.263691|   -5.580005|
|        1165|  -11.149729|   -7.809763|   -8.270717|   -5.587017|
|        1166|  -11.156820|   -7.816841|   -8.277784|   -5.594156|
|        1167|  -11.163831|   -7.823916|   -8.284877|   -5.601196|
|        1168|  -11.170893|   -7.830974|   -8.291969|   -5.608223|
|        1169|  -11.178003|   -7.838033|   -8.299049|   -5.615308|
|        1170|  -11.185093|   -7.845112|   -8.306101|   -5.622422|
+-----------------------------------------------------------------------+
|        File Writing Summary       |              Filename             |
+-----------------------------------------------------------------------+
|SU2 binary restart                 |restart_flow.dat                   |

Writing the forces breakdown file (forces_breakdown.dat).
+-----------------------------------------------------------------------+
+----------------------------------------------------------------+
|  Inner_Iter|    rms[Rho]|   rms[RhoU]|   rms[RhoV]|   rms[RhoE]|
+----------------------------------------------------------------+
|        1171|  -11.192179|   -7.852182|   -8.313211|   -5.629512|
|        1172|  -11.199323|   -7.859249|   -8.320238|   -5.636613|
|        1173|  -11.206358|   -7.866319|   -8.327310|   -5.643689|
|        1174|  -11.213255|   -7.873386|   -8.334375|   -5.650575|
|        1175|  -11.220329|   -7.880463|   -8.341412|   -5.657676|
|        1176|  -11.227557|   -7.887535|   -8.348466|   -5.664908|
|        1177|  -11.234619|   -7.894607|   -8.355518|   -5.671961|
|        1178|  -11.241723|   -7.901683|   -8.362588|   -5.679051|
|        1179|  -11.248726|   -7.908741|   -8.369607|   -5.686041|
|        1180|  -11.255870|   -7.915797|   -8.376766|   -5.693178|
+-----------------------------------------------------------------------+
|        File Writing Summary       |              Filename             |
+-----------------------------------------------------------------------+
|SU2 binary restart                 |restart_flow.dat                   |

Writing the forces breakdown file (forces_breakdown.dat).
+-----------------------------------------------------------------------+
+----------------------------------------------------------------+
|  Inner_Iter|    rms[Rho]|   rms[RhoU]|   rms[RhoV]|   rms[RhoE]|
+----------------------------------------------------------------+
|        1181|  -11.262837|   -7.922874|   -8.383892|   -5.700153|
|        1182|  -11.269903|   -7.929937|   -8.390945|   -5.707225|

----------------------------- Solver Exit -------------------------------
All convergence criteria satisfied.
+-----------------------------------------------------------------------+
|      Convergence Field     |     Value    |   Criterion  |  Converged |
+-----------------------------------------------------------------------+
|                  Cauchy[CD]|   9.94752e-11|       < 1e-10|         Yes|
+-----------------------------------------------------------------------+
-------------------------------------------------------------------------
+-----------------------------------------------------------------------+
|        File Writing Summary       |              Filename             |
+-----------------------------------------------------------------------+
|SU2 binary restart                 |restart_flow.dat                   |

Writing the forces breakdown file (forces_breakdown.dat).
|Paraview                           |flow.vtu                           |

Writing the forces breakdown file (forces_breakdown.dat).
|Paraview surface                   |surface_flow.vtu                   |

Writing the forces breakdown file (forces_breakdown.dat).
|CSV file                           |surface_flow.csv                   |

Writing the forces breakdown file (forces_breakdown.dat).
+-----------------------------------------------------------------------+

--------------------------- Finalizing Solver ---------------------------
Deleted CNumerics container.
Deleted CIntegration container.
Deleted CSolver container.
Deleted CIteration container.
Deleted CInterface container.
Deleted CGeometry container.
Deleted CFreeFormDefBox class.
Deleted CSurfaceMovement class.
Deleted CVolumetricMovement class.
Deleted CConfig container.
Deleted nInst container.
Deleted COutput class.
-------------------------------------------------------------------------

------------------------- Exit Success (SU2_CFD) ------------------------

