"Time_Iter","Outer_Iter","Inner_Iter",    "rms[Rho]"    ,    "rms[RhoU]"   ,    "rms[RhoV]"   ,    "rms[RhoE]"   
          0,           0,           0,       -1.40061052,      0.5339898925,   0.0006598811737,       4.045576162
          0,           0,           1,      -1.786740786,      0.5935467495,      0.7932451503,        3.67318051
          0,           0,           2,      -1.756190301,      0.7085325888,      0.7598276065,       3.702148537
          0,           0,           3,      -1.762685243,      0.7820832083,       0.817690641,       3.689644219
          0,           0,           4,      -1.735546336,      0.7974168602,      0.8144570313,       3.710310426
          0,           0,           5,      -1.707865931,      0.7751660172,      0.7901699545,       3.739282864
          0,           0,           6,      -1.688518968,      0.7722233633,      0.7905914133,       3.766825155
          0,           0,           7,      -1.691413799,      0.7824870491,      0.8267729029,       3.764179658
          0,           0,           8,      -1.684031142,       0.766438904,      0.8340183116,       3.759659367
          0,           0,           9,      -1.668238752,      0.7502828735,      0.8090488579,       3.771782648
          0,           0,          10,      -1.660576056,      0.7834915181,      0.8142491258,       3.788648631
          0,           0,          11,      -1.656086182,      0.8228383498,      0.8527383569,       3.796918808
          0,           0,          12,      -1.657487738,      0.8244331118,      0.8625891896,       3.786517027
          0,           0,          13,      -1.673230029,      0.7878969683,       0.816525675,       3.760289238
          0,           0,          14,      -1.698065033,       0.734438567,      0.7307963872,       3.737343767
          0,           0,          15,      -1.722927262,      0.7047091274,      0.6803040326,       3.725541117
          0,           0,          16,      -1.743645194,      0.7188563471,      0.7105210984,       3.713039928
          0,           0,          17,      -1.759935347,      0.7421834781,       0.748042439,       3.690537773
          0,           0,          18,      -1.777946217,      0.7418968607,      0.7465781999,       3.658111346
          0,           0,          19,      -1.815519146,      0.7105671773,      0.7023078619,       3.610304103
          0,           0,          20,      -1.858027675,       0.659753504,      0.6351798785,       3.566802717
          0,           0,          21,      -1.904719139,      0.6011265613,      0.5609335148,       3.527171811
          0,           0,          22,      -1.956475844,      0.5532685773,      0.4999982439,       3.486405289
          0,           0,          23,      -2.002968017,       0.531164739,      0.4713593707,       3.449186451
          0,           0,          24,      -2.037498789,        0.52821848,      0.4710964508,       3.415739568
          0,           0,          25,      -2.062812854,      0.5302066014,      0.4805412819,        3.38424276
          0,           0,          26,      -2.080360631,      0.5376978194,      0.4954088561,       3.357588303
          0,           0,          27,      -2.093133555,      0.5454040111,      0.5085340568,       3.335257193
          0,           0,          28,      -2.104069437,      0.5490310791,      0.5154952382,        3.31630467
          0,           0,          29,      -2.114397788,      0.5462942505,      0.5140365629,       3.301010182
          0,           0,          30,       -2.12565666,      0.5347586399,       0.501927924,       3.288272568
          0,           0,          31,      -2.138390204,      0.5138548732,      0.4784862153,       3.277481569
          0,           0,          32,      -2.153235839,      0.4840841137,      0.4439411586,       3.267384761
          0,           0,          33,      -2.170790047,       0.447345578,      0.4001238021,       3.256494246
          0,           0,          34,      -2.190914882,      0.4073247616,      0.3511970395,       3.244500248
          0,           0,          35,      -2.213026053,      0.3714306202,      0.3084532446,       3.230517049
          0,           0,          36,      -2.235139356,       0.347996317,        0.28517248,         3.2152801
          0,           0,          37,      -2.254809497,      0.3418123288,      0.2874472723,       3.199871013
          0,           0,          38,      -2.270210041,      0.3501291809,      0.3077333582,       3.185075426
          0,           0,          39,      -2.280208443,      0.3664158145,      0.3341682256,       3.172128919
          0,           0,          40,      -2.287736922,      0.3812552054,      0.3548895929,       3.158531912
          0,           0,          41,      -2.295664869,      0.3894767639,       0.364978903,       3.143046056
          0,           0,          42,      -2.306428437,      0.3890358559,      0.3630659038,       3.124953073
          0,           0,          43,      -2.321260983,      0.3797728041,      0.3494288422,       3.104462442
          0,           0,          44,      -2.339454595,      0.3627075118,      0.3247509541,       3.083654202
          0,           0,          45,      -2.359762408,      0.3389193948,      0.2905991658,         3.0643676
          0,           0,          46,       -2.37922944,      0.3107741291,      0.2497435906,       3.049625863
          0,           0,          47,      -2.395315665,      0.2818980661,      0.2070840076,       3.041006555
          0,           0,          48,      -2.407504385,      0.2571340937,      0.1705073777,       3.037153146
          0,           0,          49,      -2.416405541,      0.2420398441,      0.1498160018,       3.036010474
          0,           0,          50,      -2.426042067,      0.2384812347,      0.1497048755,        3.03120955
          0,           0,          51,      -2.438145747,      0.2435349624,      0.1641394157,       3.019939257
          0,           0,          52,      -2.452444309,      0.2512790758,      0.1818782322,       3.001843154
          0,           0,          53,      -2.466933488,      0.2558165823,      0.1934213522,       2.979081941
          0,           0,          54,      -2.477785721,      0.2536881036,      0.1935709124,       2.957322266
          0,           0,          55,      -2.484687376,      0.2421102789,       0.179133943,       2.940773378
          0,           0,          56,       -2.48809882,      0.2220152596,       0.151099665,        2.93340362
          0,           0,          57,      -2.490190714,      0.1969684642,      0.1143107448,         2.9346646
          0,           0,          58,      -2.493860413,      0.1723783023,     0.07796760932,       2.939479805
          0,           0,          59,      -2.500633172,       0.153928673,     0.05340650701,       2.942996079
          0,           0,          60,      -2.513328587,      0.1439065412,     0.04562346064,       2.937917125
          0,           0,          61,      -2.531808215,      0.1398580118,     0.04738397772,       2.922060607
          0,           0,          62,       -2.55454163,       0.137305351,     0.04736875116,       2.896370959
          0,           0,          63,      -2.578802694,      0.1327725003,     0.03836148977,       2.864984864
          0,           0,          64,      -2.600055199,      0.1255504854,     0.01943755385,       2.836195914
          0,           0,          65,      -2.615365902,      0.1156454034,   -0.004349520176,       2.817174679
          0,           0,          66,      -2.622611898,      0.1048207103,     -0.0239665478,       2.811772371
          0,           0,          67,      -2.622653572,     0.09468643748,    -0.03263416254,       2.816623675
          0,           0,          68,      -2.619286609,     0.08548833177,    -0.03188328635,       2.824143407
          0,           0,          69,      -2.615936597,     0.07645702661,    -0.02927174441,       2.829334568
          0,           0,          70,      -2.617874482,     0.06521990585,     -0.0347525526,       2.826729148
          0,           0,          71,      -2.625790956,     0.05119222572,    -0.05233349778,       2.817149515
          0,           0,          72,      -2.637148056,     0.03659804789,    -0.07884664135,       2.804650967
          0,           0,          73,      -2.646947178,     0.02609846964,     -0.1033817743,       2.794806206
          0,           0,          74,       -2.64872228,     0.02503289478,     -0.1101408813,       2.793665314
          0,           0,          75,      -2.641956704,     0.03274919482,    -0.09399446761,       2.799691801
          0,           0,          76,      -2.630254554,     0.04355331894,    -0.06716947356,       2.808793894
          0,           0,          77,      -2.619646745,     0.05009557786,    -0.04595701415,       2.816021819
          0,           0,          78,      -2.615260166,     0.04683299158,    -0.04053369008,       2.817919178
          0,           0,          79,      -2.618871948,     0.03151552678,    -0.05488006736,        2.81447021
          0,           0,          80,      -2.632853711,    0.005735980917,    -0.08621690871,       2.802908345
          0,           0,          81,       -2.65259907,    -0.02445030654,     -0.1259143521,        2.78713874
          0,           0,          82,       -2.67204003,    -0.05045658907,     -0.1615984767,        2.77256772
          0,           0,          83,      -2.686757484,    -0.06349366743,     -0.1765025446,       2.761302591
          0,           0,          84,      -2.693937433,    -0.06084258438,      -0.163790563,        2.75405446
          0,           0,          85,       -2.69365629,    -0.04800585506,     -0.1341323242,        2.75030221
          0,           0,          86,      -2.687452393,    -0.03297057347,      -0.102400709,       2.750206655
          0,           0,          87,      -2.681838897,    -0.02514289859,    -0.08212704355,        2.74928048
          0,           0,          88,      -2.681354894,    -0.02912850136,    -0.07848592554,       2.745116582
          0,           0,          89,      -2.688604209,    -0.04629553352,     -0.0926323119,       2.736480461
          0,           0,          90,       -2.70393027,    -0.07528982742,     -0.1232826802,       2.723655397
          0,           0,          91,      -2.725041603,     -0.1118812581,     -0.1670956946,        2.70926603
          0,           0,          92,      -2.748286693,     -0.1467706435,     -0.2137818085,       2.695038339
          0,           0,          93,      -2.767837969,     -0.1685478078,     -0.2473861617,       2.683698847
          0,           0,          94,      -2.778996188,     -0.1704435116,     -0.2540402171,       2.676491076
          0,           0,          95,      -2.781359334,     -0.1565387436,     -0.2358718407,       2.672205343
          0,           0,          96,      -2.777327037,      -0.136356902,     -0.2067062868,        2.66972221
          0,           0,          97,      -2.774701544,     -0.1220394157,     -0.1836541794,       2.663455495
          0,           0,          98,      -2.778265141,     -0.1197695055,     -0.1752198318,       2.651384892
          0,           0,          99,      -2.790095123,     -0.1318038495,     -0.1844472248,       2.633788927
          0,           0,         100,      -2.809772666,     -0.1576878757,     -0.2112246388,       2.613050691
          0,           0,         101,      -2.834325582,      -0.194469301,     -0.2532283299,       2.593834615
          0,           0,         102,       -2.86027706,     -0.2344022704,     -0.3007205726,       2.578426925
          0,           0,         103,      -2.882382224,     -0.2658178567,     -0.3372104174,       2.568190867
          0,           0,         104,      -2.897112351,     -0.2788624271,     -0.3470778213,       2.561386782
          0,           0,         105,      -2.905088366,     -0.2743595199,     -0.3318259137,       2.554086414
          0,           0,         106,      -2.908850185,     -0.2617665039,     -0.3066985911,       2.544165626
          0,           0,         107,      -2.915461471,     -0.2543698977,      -0.289777589,       2.526940033
          0,           0,         108,      -2.928745719,      -0.259213314,     -0.2894310648,       2.502556244
          0,           0,         109,      -2.949514586,     -0.2780869105,     -0.3078069198,       2.474291736
          0,           0,         110,      -2.975785993,     -0.3087423816,     -0.3432991494,       2.447526024
          0,           0,         111,      -3.003103685,      -0.345175298,     -0.3910321301,       2.428040342
          0,           0,         112,      -3.027807898,     -0.3775331949,     -0.4398660602,       2.415651398
          0,           0,         113,       -3.04712635,     -0.3971517209,     -0.4757664715,       2.406829192
          0,           0,         114,      -3.062229845,     -0.4026304559,     -0.4904887708,       2.395802114
          0,           0,         115,      -3.077399041,     -0.4005830219,     -0.4891279914,       2.377621825
          0,           0,         116,      -3.096049707,     -0.3991960612,     -0.4835306953,       2.351008036
          0,           0,         117,      -3.122162899,     -0.4046700683,     -0.4839866102,       2.315202887
          0,           0,         118,      -3.155471639,     -0.4187525738,     -0.4952474761,       2.274223483
          0,           0,         119,      -3.192415904,     -0.4400578818,     -0.5179201008,       2.235280396
          0,           0,         120,      -3.227686949,     -0.4651669245,     -0.5497847537,       2.205359206
          0,           0,         121,      -3.256480073,     -0.4896555239,     -0.5860566499,       2.187012591
          0,           0,         122,      -3.279244444,     -0.5098530392,     -0.6193241132,       2.174229139
          0,           0,         123,      -3.299155979,     -0.5240776971,     -0.6418789608,       2.159830208
          0,           0,         124,      -3.320317553,     -0.5330723235,     -0.6502377958,       2.138722001
          0,           0,         125,       -3.34447772,     -0.5393999079,     -0.6485727044,       2.110050534
          0,           0,         126,      -3.368006891,     -0.5460085593,     -0.6454683913,       2.079260171
          0,           0,         127,      -3.387806629,     -0.5557234093,      -0.650233295,       2.052349539
          0,           0,         128,      -3.398838109,     -0.5698665866,     -0.6682510797,       2.037472643
          0,           0,         129,      -3.400188703,     -0.5877062929,     -0.7003319838,       2.036728763
          0,           0,         130,      -3.396536693,     -0.6063441093,     -0.7414729421,       2.043685393
          0,           0,         131,      -3.393682232,     -0.6214227911,     -0.7792320892,       2.050001301
          0,           0,         132,      -3.397028447,     -0.6300373304,     -0.7984711801,       2.048296344
          0,           0,         133,      -3.408237301,     -0.6327458883,      -0.795709813,       2.036406328
          0,           0,         134,      -3.425837758,     -0.6335736528,     -0.7836281779,       2.016550321
          0,           0,         135,      -3.445993006,     -0.6373569129,     -0.7777717909,       1.994597867
          0,           0,         136,      -3.462759145,     -0.6468368284,     -0.7864407585,       1.979249399
          0,           0,         137,      -3.474918486,     -0.6618251877,     -0.8099805079,       1.972668333
          0,           0,         138,      -3.481624844,     -0.6785695108,      -0.840170858,       1.973412869
          0,           0,         139,      -3.484697384,     -0.6914437244,     -0.8621088599,       1.975592891
          0,           0,         140,      -3.486996736,     -0.6967958087,     -0.8645422429,       1.973323928
          0,           0,         141,        -3.4888108,     -0.6957450655,     -0.8515191918,       1.965668681
          0,           0,         142,      -3.492979421,     -0.6947370611,      -0.840074644,        1.95149483
          0,           0,         143,      -3.499178404,     -0.7000983813,      -0.843928852,       1.935177559
          0,           0,         144,      -3.505888647,     -0.7152861392,     -0.8692896514,       1.923074682
          0,           0,         145,      -3.511937944,     -0.7396921449,     -0.9149226735,        1.91896234
          0,           0,         146,      -3.516653517,     -0.7681439549,     -0.9691300569,       1.921861605
          0,           0,         147,      -3.524712606,     -0.7931049676,       -1.00729218,       1.920882124
          0,           0,         148,      -3.538138806,     -0.8091233942,      -1.014746813,       1.910781909
          0,           0,         149,      -3.554208823,     -0.8139347088,     -0.9950621494,       1.894231791
          0,           0,         150,      -3.571222999,     -0.8114484769,     -0.9679556615,       1.873024786
          0,           0,         151,      -3.587904963,      -0.808295157,     -0.9499882871,       1.850084069
          0,           0,         152,      -3.603752674,     -0.8099730402,     -0.9488611042,       1.828916927
          0,           0,         153,       -3.61781822,      -0.818757072,     -0.9666908008,       1.814064841
          0,           0,         154,      -3.633585387,     -0.8349622876,      -1.001770882,       1.803303122
          0,           0,         155,      -3.651895566,     -0.8554503668,      -1.046392952,       1.794683332
          0,           0,         156,      -3.672545675,     -0.8750348126,      -1.085839873,       1.785174805
          0,           0,         157,      -3.694080418,      -0.888828993,      -1.104207453,       1.772155315
          0,           0,         158,       -3.71187173,     -0.8941086306,      -1.097594824,       1.756994661
          0,           0,         159,      -3.724924004,     -0.8945777893,      -1.081582003,       1.738372445
          0,           0,         160,      -3.732602333,     -0.8956700267,      -1.072989225,       1.718980298
          0,           0,         161,      -3.736560543,     -0.9017640435,      -1.080651055,       1.702286972
          0,           0,         162,      -3.740418761,     -0.9147624012,      -1.106454691,       1.689932695
          0,           0,         163,      -3.746803867,     -0.9336303062,       -1.14741999,       1.682259564
          0,           0,         164,      -3.760500469,     -0.9557260096,      -1.192469882,       1.673458694
          0,           0,         165,      -3.781661832,        -0.9763323,      -1.225069045,       1.660803007
          0,           0,         166,      -3.808245581,     -0.9912483765,      -1.233788168,       1.643270431
          0,           0,         167,      -3.836615622,     -0.9991980062,      -1.224475358,       1.621720287
          0,           0,         168,      -3.860406443,      -1.001388835,       -1.21139295,       1.601154714
          0,           0,         169,      -3.880081552,      -1.002328601,      -1.207737136,       1.580744509
          0,           0,         170,      -3.897014348,       -1.00504545,       -1.21734818,       1.561455205
          0,           0,         171,      -3.914547098,      -1.010274006,      -1.237536298,       1.542650151
          0,           0,         172,      -3.936068739,      -1.017137057,      -1.261938397,        1.52224036
          0,           0,         173,      -3.961602171,      -1.024019168,      -1.283918642,       1.499972365
          0,           0,         174,      -3.990791356,      -1.030780547,      -1.301614279,       1.474402913
          0,           0,         175,      -4.018352667,      -1.037834051,      -1.318696676,       1.449202005
          0,           0,         176,      -4.037796165,      -1.045816283,      -1.340270437,       1.430251912
          0,           0,         177,      -4.046768632,      -1.054949397,       -1.36808662,       1.420668844
          0,           0,         178,      -4.048345127,      -1.064545767,      -1.397906703,       1.418661396
          0,           0,         179,      -4.051108346,      -1.073798081,      -1.420491256,       1.415974876
          0,           0,         180,      -4.060580618,      -1.081841213,      -1.428631183,       1.406906841
          0,           0,         181,      -4.078824053,      -1.088456458,      -1.424432936,       1.389275229
          0,           0,         182,      -4.104374842,      -1.094255317,      -1.417563398,       1.364864071
          0,           0,         183,      -4.131516811,      -1.100059908,       -1.41673227,       1.340157435
          0,           0,         184,      -4.158077042,       -1.10682698,      -1.426566368,       1.318316595
          0,           0,         185,      -4.180979286,       -1.11471293,      -1.445779579,        1.30231078
          0,           0,         186,      -4.199684639,      -1.123120871,      -1.468588411,        1.29110233
          0,           0,         187,      -4.215150191,      -1.131193643,      -1.487424953,       1.281302543
          0,           0,         188,      -4.225428023,      -1.138203819,      -1.497220796,        1.27234765
          0,           0,         189,      -4.230569734,      -1.144417329,      -1.500169914,       1.263064319
          0,           0,         190,      -4.229173704,      -1.150460226,      -1.502750946,       1.256035815
          0,           0,         191,      -4.222688066,      -1.156978046,      -1.510712934,       1.253338985
          0,           0,         192,      -4.216055826,      -1.164330263,      -1.526340464,       1.253727943
          0,           0,         193,      -4.213678167,      -1.172362451,      -1.547929438,       1.254612504
          0,           0,         194,      -4.224764945,      -1.182097251,      -1.571977904,       1.245798696
          0,           0,         195,      -4.247010872,      -1.193075938,      -1.593914049,       1.228563716
          0,           0,         196,      -4.273163946,      -1.203512834,      -1.609845835,       1.210196751
          0,           0,         197,      -4.299545754,      -1.213029787,      -1.618535138,       1.192326145
          0,           0,         198,      -4.322751695,      -1.221762415,      -1.621416566,       1.175559634
          0,           0,         199,      -4.340996155,      -1.230083488,      -1.621549446,       1.159793932
          0,           0,         200,        -4.3522808,      -1.237770622,       -1.62148231,       1.147109252
          0,           0,         201,      -4.363114382,      -1.245953661,      -1.625267103,       1.132695557
          0,           0,         202,      -4.376912089,      -1.255159917,      -1.635072723,       1.115522498
          0,           0,         203,      -4.394461611,      -1.265643184,      -1.651472545,       1.096617943
          0,           0,         204,      -4.413441005,      -1.277334684,      -1.673341963,        1.07885931
          0,           0,         205,      -4.427174135,      -1.289378941,      -1.697545593,       1.068056096
          0,           0,         206,      -4.434029784,      -1.301668917,        -1.7196842,       1.062927447
          0,           0,         207,      -4.432817222,      -1.313602577,      -1.735478521,       1.062444757
          0,           0,         208,      -4.426979892,      -1.324697083,      -1.743306641,        1.06324044
          0,           0,         209,      -4.422525009,      -1.334859259,      -1.745438476,       1.061126372
          0,           0,         210,      -4.422136097,      -1.343889588,      -1.745449734,       1.055665759
          0,           0,         211,      -4.432264033,      -1.352987509,      -1.749127039,       1.042221325
          0,           0,         212,      -4.453227133,      -1.362716271,      -1.758991347,       1.022125392
          0,           0,         213,      -4.482461899,      -1.373153031,      -1.774665423,      0.9989723966
          0,           0,         214,      -4.515571234,       -1.38397332,      -1.793298156,      0.9764922178
          0,           0,         215,      -4.545260197,      -1.394136541,      -1.809987487,      0.9591138706
          0,           0,         216,      -4.570810531,      -1.403937287,      -1.821934218,      0.9425147308
          0,           0,         217,      -4.591775294,      -1.413526619,      -1.829445346,      0.9243677814
          0,           0,         218,      -4.609586594,      -1.423215063,      -1.835915047,      0.9037147394
          0,           0,         219,      -4.625737129,      -1.433396785,      -1.845446051,      0.8816462713
          0,           0,         220,      -4.638146225,      -1.444087201,       -1.86012966,      0.8628892644
          0,           0,         221,      -4.649416695,      -1.455673038,      -1.880446561,      0.8474648773
          0,           0,         222,      -4.657891322,      -1.467884264,      -1.903495554,      0.8373433533
          0,           0,         223,      -4.663265151,      -1.480104706,       -1.92420007,      0.8319030167
          0,           0,         224,      -4.667700056,      -1.491709115,      -1.937904576,      0.8278118721
          0,           0,         225,      -4.672395653,      -1.502179173,      -1.942639199,      0.8230631667
          0,           0,         226,      -4.682234152,      -1.511737017,      -1.942051609,      0.8132013824
          0,           0,         227,      -4.698274397,      -1.520732403,      -1.940794545,      0.7979259448
          0,           0,         228,      -4.719540149,      -1.529477582,      -1.942146825,      0.7789773446
          0,           0,         229,      -4.743938807,      -1.538139284,        -1.9471539,       0.758691541
          0,           0,         230,      -4.768199362,      -1.546693559,      -1.954962876,      0.7395488885
          0,           0,         231,      -4.791211532,      -1.555249223,      -1.964646243,      0.7214815622
          0,           0,         232,      -4.810999311,       -1.56386766,       -1.97537223,      0.7050299929
          0,           0,         233,       -4.82581398,      -1.572589121,      -1.986923647,      0.6910281429
          0,           0,         234,      -4.834705462,      -1.581431879,      -1.999415902,      0.6803080936
          0,           0,         235,      -4.838163306,       -1.59038245,      -2.012726633,      0.6730279355
          0,           0,         236,      -4.838186736,      -1.599381304,      -2.026141233,      0.6683040166
          0,           0,         237,      -4.837638293,      -1.608335986,      -2.038523334,      0.6644423764
          0,           0,         238,      -4.839308893,      -1.617166677,      -2.048915558,      0.6595775748
          0,           0,         239,      -4.845142882,      -1.625848488,       -2.05711202,       0.652355807
          0,           0,         240,      -4.855791288,      -1.634410036,      -2.063717532,      0.6423814946
          0,           0,         241,      -4.870478709,      -1.642886574,      -2.069652927,      0.6302914496
          0,           0,         242,      -4.887195268,      -1.651268142,      -2.075551923,      0.6174271902
          0,           0,         243,      -4.903323344,      -1.659489001,      -2.081519971,      0.6051927082
          0,           0,         244,      -4.916683086,      -1.667470343,       -2.08737684,      0.5943890773
          0,           0,         245,      -4.926516512,      -1.675185481,      -2.093135862,      0.5849408238
          0,           0,         246,      -4.933663597,      -1.682697636,      -2.099309195,      0.5762009639
          0,           0,         247,      -4.939759536,      -1.690139364,      -2.106777771,      0.5675763353
          0,           0,         248,      -4.946135065,      -1.697644302,      -2.116311539,      0.5590016553
          0,           0,         249,      -4.953193767,      -1.705274356,      -2.128055978,      0.5509498021
          0,           0,         250,      -4.960519822,      -1.712987311,       -2.14128494,      0.5439878271
          0,           0,         251,      -4.967500354,      -1.720664645,      -2.154589412,      0.5382029851
          0,           0,         252,      -4.974021095,      -1.728183883,      -2.166490729,      0.5329311212
          0,           0,         253,      -4.980769216,       -1.73549186,      -2.176188963,      0.5269939083
          0,           0,         254,      -4.988939876,      -1.742634752,      -2.183943684,      0.5192724958
          0,           0,         255,       -4.99956246,      -1.749727336,      -2.190792178,      0.5092633333
          0,           0,         256,      -5.012863405,      -1.756883634,      -2.197846763,      0.4973473886
          0,           0,         257,      -5.027970046,       -1.76415365,      -2.205686722,      0.4846719198
          0,           0,         258,      -5.043100586,      -1.771501272,      -2.214172963,      0.4726750842
          0,           0,         259,      -5.056244587,      -1.778831355,      -2.222698944,      0.4624526742
          0,           0,         260,      -5.066085224,      -1.786044733,      -2.230676454,      0.4543159284
          0,           0,         261,       -5.07261791,      -1.793087797,      -2.237948215,        0.44780785
          0,           0,         262,      -5.077017255,      -1.799969436,       -2.24487155,      0.4421127992
          0,           0,         263,        -5.0809068,        -1.8067403,      -2.252054191,      0.4365257946
          0,           0,         264,      -5.085616072,      -1.813453174,      -2.259962161,      0.4306892374
          0,           0,         265,      -5.091826895,      -1.820131515,       -2.26865568,      0.4245416282
          0,           0,         266,      -5.099617749,      -1.826762997,      -2.277777837,      0.4181112761
          0,           0,         267,      -5.108717651,      -1.833317578,      -2.286767697,      0.4113374506
          0,           0,         268,       -5.11877709,      -1.839775655,      -2.295164146,      0.4040340394
          0,           0,         269,      -5.129530494,      -1.846148339,      -2.302827381,         0.3959922
          0,           0,         270,      -5.140805824,      -1.852478569,      -2.309961072,      0.3871347323
          0,           0,         271,       -5.15242132,      -1.858824345,      -2.316950346,      0.3776220408
          0,           0,         272,        -5.1640675,       -1.86523519,      -2.324139033,      0.3678498354
          0,           0,         273,      -5.175270533,      -1.871735133,      -2.331676342,      0.3583383186
          0,           0,         274,      -5.185477334,      -1.878318805,      -2.339490417,      0.3495659086
          0,           0,         275,        -5.1942319,      -1.884959323,      -2.347368305,      0.3418236917
          0,           0,         276,       -5.20135959,       -1.89162152,      -2.355079666,      0.3351481557
          0,           0,         277,      -5.207065837,      -1.898273984,      -2.362478494,       0.329342671
          0,           0,         278,      -5.211897837,         -1.904896,      -2.369542375,      0.3240579092
          0,           0,         279,      -5.216587597,      -1.911478866,      -2.376350166,      0.3188906813
          0,           0,         280,      -5.221851032,      -1.918023929,      -2.383026131,      0.3134714252
          0,           0,         281,      -5.228218384,      -1.924539155,      -2.389686523,      0.3075260407
          0,           0,         282,       -5.23593741,      -1.931036721,      -2.396410456,      0.3009092389
          0,           0,         283,      -5.244955366,      -1.937531622,      -2.403237456,      0.2936104538
          0,           0,         284,      -5.254966769,      -1.944040803,      -2.410181815,      0.2857351849
          0,           0,         285,      -5.265507004,      -1.950582202,       -2.41725072,      0.2774679415
          0,           0,         286,      -5.276067439,      -1.957173443,      -2.424456165,      0.2690270819
          0,           0,         287,      -5.286203729,      -1.963830222,      -2.431815957,      0.2606235078
          0,           0,         288,      -5.295611355,      -1.970564603,      -2.439344337,      0.2524316977
          0,           0,         289,      -5.304154877,      -1.977383476,      -2.447036871,        0.24457443
          0,           0,         290,      -5.311855239,      -1.984287452,      -2.454856516,      0.2371166497
          0,           0,         291,      -5.318852049,      -1.991270453,      -2.462728295,      0.2300632736
          0,           0,         292,      -5.325359674,      -1.998320263,       -2.47054758,      0.2233592952
          0,           0,         293,      -5.331628932,      -2.005420294,      -2.478202478,      0.2168946802
          0,           0,         294,      -5.337916923,      -2.012552558,      -2.485604909,      0.2105179044
          0,           0,         295,      -5.344461702,      -2.019701345,      -2.492719871,      0.2040596682
          0,           0,         296,      -5.351457606,      -2.026856629,      -2.499581212,       0.197363876
          0,           0,         297,      -5.359029854,      -2.034016059,      -2.506286513,      0.1903190583
          0,           0,         298,      -5.367211494,      -2.041184782,      -2.512972011,      0.1828818641
          0,           0,         299,      -5.375929658,      -2.048373188,      -2.519776598,      0.1750855978
          0,           0,         300,      -5.385009727,      -2.055593479,      -2.526807661,      0.1670304655
          0,           0,         301,      -5.394203861,      -2.062856392,      -2.534119601,      0.1588572623
          0,           0,         302,      -5.403243438,       -2.07016917,      -2.541709835,      0.1507113742
          0,           0,         303,      -5.411904705,      -2.077535156,      -2.549530029,      0.1427072599
          0,           0,         304,      -5.420066386,      -2.084954714,      -2.557506076,      0.1349049244
          0,           0,         305,      -5.427737759,      -2.092426473,      -2.565557575,      0.1273043433
          0,           0,         306,      -5.435045175,      -2.099948161,      -2.573610885,      0.1198575299
          0,           0,         307,      -5.442182886,      -2.107516628,      -2.581604143,      0.1124914253
          0,           0,         308,      -5.449349228,      -2.115127359,      -2.589487196,      0.1051317164
          0,           0,         309,      -5.456692394,      -2.122774054,      -2.597221569,     0.09771975403
          0,           0,         310,      -5.464282695,      -2.130448842,      -2.604784121,     0.09021924531
          0,           0,         311,      -5.472114635,      -2.138143381,      -2.612174117,     0.08261462705
          0,           0,         312,      -5.480130501,      -2.145850492,      -2.619419846,     0.07490575324
          0,           0,         313,      -5.488251098,       -2.15356565,      -2.626579338,     0.06710348577
          0,           0,         314,      -5.496400496,      -2.161287649,      -2.633731995,     0.05922801991
          0,           0,         315,      -5.504518115,      -2.169018149,      -2.640961918,     0.05130868618
          0,           0,         316,      -5.512560073,      -2.176760338,      -2.648337935,     0.04338198243
          0,           0,         317,      -5.520496777,      -2.184517309,      -2.655897222,     0.03548549583
          0,           0,         318,      -5.528313312,      -2.192290832,      -2.663638017,     0.02764812738
          0,           0,         319,      -5.536014459,      -2.200080989,      -2.671523432,     0.01988010177
          0,           0,         320,      -5.543630369,      -2.207886573,       -2.67949429,       0.012167951
          0,           0,         321,      -5.551216425,      -2.215705919,      -2.687486026,    0.004477388184
          0,           0,         322,      -5.558843211,      -2.223537688,      -2.695443672,   -0.003236158856
          0,           0,         323,      -5.566577374,      -2.231381226,      -2.703330784,     -0.0110128422
          0,           0,         324,      -5.574460014,      -2.239236352,       -2.71113104,    -0.01887530789
          0,           0,         325,      -5.582490614,      -2.247102675,      -2.718844302,    -0.02682160868
          0,           0,         326,      -5.590623491,      -2.254979155,      -2.726480694,    -0.03482608859
          0,           0,         327,      -5.598778698,      -2.262863791,       -2.73405565,    -0.04284771064
          0,           0,         328,      -5.606864178,      -2.270753751,      -2.741587273,      -0.050841864
          0,           0,         329,      -5.614801607,      -2.278645817,      -2.749095695,    -0.05877186877
          0,           0,         330,      -5.622547668,      -2.286536896,       -2.75660256,    -0.06661678634
          0,           0,         331,      -5.630104347,      -2.294424394,      -2.764129231,    -0.07437430963
          0,           0,         332,       -5.63751616,      -2.302306359,      -2.771693478,    -0.08205919703
          0,           0,         333,      -5.644856675,      -2.310181426,      -2.779305725,    -0.08969872154
          0,           0,         334,      -5.652209637,       -2.31804869,      -2.786966588,    -0.09732674358
          0,           0,         335,      -5.659650456,      -2.325907637,      -2.794667028,     -0.1049776268
          0,           0,         336,       -5.66723235,      -2.333758194,      -2.802391378,     -0.1126807464
          0,           0,         337,      -5.674979005,      -2.341600849,      -2.810122197,     -0.1204559892
          0,           0,         338,      -5.682883664,      -2.349436741,      -2.817845143,     -0.1283106537
          0,           0,         339,      -5.690912713,      -2.357267603,      -2.825552124,     -0.1362378727
          0,           0,         340,      -5.699012651,       -2.36509547,      -2.833241701,     -0.1442171971
          0,           0,         341,      -5.707119037,      -2.372922255,      -2.840917017,     -0.1522176306
          0,           0,         342,      -5.715166238,      -2.380749257,      -2.848582405,     -0.1602027018
          0,           0,         343,      -5.723097388,      -2.388576757,      -2.856240184,     -0.1681369083
          0,           0,         344,       -5.73087383,      -2.396403834,      -2.863888935,     -0.1759925329
          0,           0,         345,      -5.738481593,      -2.404228408,      -2.871523645,     -0.1837548242
          0,           0,         346,      -5.745935461,      -2.412047586,      -2.879137742,      -0.191425314
          0,           0,         347,      -5.753277083,      -2.419858169,      -2.886725741,     -0.1990214999
          0,           0,         348,      -5.760567369,      -2.427657202,      -2.894285613,     -0.2065729546
          0,           0,         349,      -5.767874437,      -2.435442416,      -2.901819975,     -0.2141148634
          0,           0,         350,      -5.775259895,      -2.443212515,      -2.909335807,     -0.2216807057
          0,           0,         351,       -5.78276675,      -2.450967267,      -2.916842973,     -0.2292958535
          0,           0,         352,      -5.790411791,      -2.458707428,      -2.924352146,     -0.2369734604
          0,           0,         353,      -5.798183991,      -2.466434542,      -2.931872849,     -0.2447132484
          0,           0,         354,        -5.8060489,      -2.474150662,      -2.939412032,      -0.252503049
          0,           0,         355,      -5.813957423,      -2.481858058,      -2.946973325,     -0.2603223013
          0,           0,         356,      -5.821856543,       -2.48955892,      -2.954556796,     -0.2681464726
          0,           0,         357,      -5.829699388,      -2.497255073,      -2.962158982,     -0.2759514247
          0,           0,         358,      -5.837452691,      -2.504947746,      -2.969773098,     -0.2837170866
          0,           0,         359,      -5.845100665,      -2.512637394,      -2.977389481,     -0.2914300661
          0,           0,         360,      -5.852645294,      -2.520323639,       -2.98499649,      -0.299085082
          0,           0,         361,      -5.860103755,       -2.52800534,      -2.992581989,     -0.3066851806
          0,           0,         362,      -5.867503919,      -2.535680804,      -3.000135332,     -0.3142407296
          0,           0,         363,      -5.874878904,      -2.543348099,      -3.007649457,     -0.3217673053
          0,           0,         364,      -5.882261485,      -2.551005417,      -3.015122562,     -0.3292827719
          0,           0,         365,      -5.889679046,      -2.558651375,      -3.022558759,     -0.3368040269
          0,           0,         366,      -5.897149693,      -2.566285256,      -3.029967455,     -0.3443440942
          0,           0,         367,      -5.904680092,       -2.57390708,      -3.037361577,     -0.3519101804
          0,           0,         368,      -5.912265282,      -2.581517525,      -3.044755118,     -0.3595029424
          0,           0,         369,       -5.91989054,      -2.589117763,      -3.052160534,     -0.3671171142
          0,           0,         370,      -5.927534937,       -2.59670924,      -3.059586663,     -0.3747432939
          0,           0,         371,      -5.935175853,      -2.604293462,      -3.067037523,      -0.382370334
          0,           0,         372,      -5.942793462,      -2.611871808,      -3.074512123,     -0.3899877375
          0,           0,         373,       -5.95037423,      -2.619445401,      -3.082005114,     -0.3975875405
          0,           0,         374,      -5.957912685,      -2.627015032,      -3.089508042,     -0.4051653568
          0,           0,         375,      -5.965411257,       -2.63458113,      -3.097010873,     -0.4127205147
          0,           0,         376,      -5.972878401,      -2.642143779,      -3.104503549,     -0.4202554249
          0,           0,         377,      -5.980325704,      -2.649702758,      -3.111977377,      -0.427774472
          0,           0,         378,       -5.98776483,      -2.657257627,      -3.119426125,     -0.4352827714
          0,           0,         379,       -5.99520505,      -2.664807833,      -3.126846716,     -0.4427850627
          0,           0,         380,      -6.002651834,      -2.672352801,      -3.134239533,     -0.4502849507
          0,           0,         381,      -6.010106677,      -2.679892046,      -3.141608201,     -0.4577845888
          0,           0,         382,      -6.017567878,      -2.687425261,      -3.148958917,     -0.4652846941
          0,           0,         383,      -6.025031843,       -2.69495236,      -3.156299406,      -0.472784814
          0,           0,         384,      -6.032494526,      -2.702473482,      -3.163637676,     -0.4802837892
          0,           0,         385,      -6.039952617,      -2.709988958,      -3.170980767,     -0.4877802655
          0,           0,         386,      -6.047404283,      -2.717499261,      -3.178333736,     -0.4952731739
          0,           0,         387,      -6.054849421,      -2.725004941,      -3.185699039,     -0.5027620743
          0,           0,         388,       -6.06228947,      -2.732506567,       -3.19307643,     -0.5102472973
          0,           0,         389,      -6.069726905,      -2.740004686,      -3.200463331,     -0.5177298728
          0,           0,         390,      -6.077164482,      -2.747499815,      -3.207855547,     -0.5252112083
          0,           0,         391,      -6.084604356,      -2.754992443,      -3.215248146,     -0.5326926227
          0,           0,         392,      -6.092047792,      -2.762482864,      -3.222636467,     -0.5401751621
          0,           0,         393,      -6.099494147,      -2.769971351,      -3.230016588,     -0.5476587438
          0,           0,         394,      -6.106940818,      -2.777458076,      -3.237385789,     -0.5551421506
          0,           0,         395,      -6.114383582,      -2.784943097,      -3.244742704,     -0.5626231945
          0,           0,         396,       -6.12181737,      -2.792426351,       -3.25208726,     -0.5700991272
          0,           0,         397,      -6.129237368,      -2.799907665,      -3.259420465,     -0.5775672459
          0,           0,         398,      -6.136640221,      -2.807386781,      -3.266744153,     -0.5850255514
          0,           0,         399,       -6.14402496,      -2.814863402,      -3.274060697,     -0.5924732537
          0,           0,         400,      -6.151393423,      -2.822337238,      -3.281372718,     -0.5999110003
          0,           0,         401,      -6.158750039,       -2.82980805,      -3.288682784,     -0.6073408022
          0,           0,         402,      -6.166101033,      -2.837275688,      -3.295993131,     -0.6147656836
          0,           0,         403,      -6.173453235,      -2.844740111,      -3.303305447,     -0.6221891484
          0,           0,         404,      -6.180812785,      -2.852201396,      -3.310620724,     -0.6296145689
          0,           0,         405,      -6.188183991,      -2.859659729,      -3.317939254,     -0.6370446115
          0,           0,         406,      -6.195568624,      -2.867115376,      -3.325260706,     -0.6444808249
          0,           0,         407,      -6.202965615,      -2.874568686,      -3.332584236,     -0.6519233415
          0,           0,         408,      -6.210371414,      -2.882020019,      -3.339908716,     -0.6593709721
          0,           0,         409,      -6.217780616,      -2.889469713,      -3.347232877,     -0.6668213353
          0,           0,         410,        -6.2251869,      -2.896918031,      -3.354555423,     -0.6742712596
          0,           0,         411,      -6.232584085,      -2.904365133,       -3.36187512,     -0.6817173071
          0,           0,         412,      -6.239967081,      -2.911811047,      -3.369190838,     -0.6891563095
          0,           0,         413,       -6.24733267,      -2.919255661,      -3.376501621,     -0.6965858712
          0,           0,         414,      -6.254679988,      -2.926698738,      -3.383806769,     -0.7040047726
          0,           0,         415,      -6.262010592,      -2.934139947,      -3.391105939,     -0.7114131251
          0,           0,         416,      -6.269328162,      -2.941578909,       -3.39839921,     -0.7188123266
          0,           0,         417,      -6.276637856,      -2.949015256,       -3.40568713,     -0.7262047854
          0,           0,         418,      -6.283945414,      -2.956448674,      -3.412970676,     -0.7335934631
          0,           0,         419,      -6.291256207,      -2.963878941,      -3.420251167,     -0.7409813623
          0,           0,         420,      -6.298574366,       -2.97130595,      -3.427530095,     -0.7483710265
          0,           0,         421,      -6.305902192,      -2.978729712,      -3.434808931,     -0.7557641762
          0,           0,         422,      -6.313239884,      -2.986150342,      -3.442088924,      -0.763161472
          0,           0,         423,      -6.320585652,      -2.993568033,      -3.449370941,     -0.7705624953
          0,           0,         424,      -6.327936165,      -3.000983019,      -3.456655357,     -0.7779658882
          0,           0,         425,      -6.335287204,      -3.008395537,      -3.463942014,     -0.7853696379
          0,           0,         426,      -6.342634436,      -3.015805787,       -3.47123025,     -0.7927714487
          0,           0,         427,      -6.349974077,      -3.023213906,      -3.478518992,      -0.800169091
          0,           0,         428,      -6.357303458,      -3.030619944,      -3.485806898,     -0.8075607433
          0,           0,         429,      -6.364621293,      -3.038023858,      -3.493092533,     -0.8149452009
          0,           0,         430,      -6.371927771,      -3.045425517,      -3.500374559,     -0.8223220203
          0,           0,         431,      -6.379224358,       -3.05282472,      -3.507651924,     -0.8296914966
          0,           0,         432,      -6.386513458,      -3.060221225,      -3.514923997,     -0.8370545564
          0,           0,         433,      -6.393797979,      -3.067614779,       -3.52219067,     -0.8444125616
          0,           0,         434,       -6.40108084,       -3.07500515,       -3.52945237,     -0.8517670585
          0,           0,         435,      -6.408364573,      -3.082392154,      -3.536709987,      -0.859119533
          0,           0,         436,      -6.415650968,      -3.089775674,      -3.543964749,     -0.8664711868
          0,           0,         437,      -6.422940919,      -3.097155664,      -3.551218033,     -0.8738227956
          0,           0,         438,      -6.430234394,      -3.104532149,      -3.558471157,     -0.8811746408
          0,           0,         439,      -6.437530544,       -3.11190521,      -3.565725202,     -0.8885265267
          0,           0,         440,      -6.444827953,      -3.119274969,      -3.572980857,      -0.895877879
          0,           0,         441,      -6.452124908,      -3.126641565,      -3.580238354,     -0.9032278712
          0,           0,         442,      -6.459419721,      -3.134005132,      -3.587497454,     -0.9105755977
          0,           0,         443,      -6.466710967,      -3.141365786,       -3.59475751,     -0.9179201998
          0,           0,         444,       -6.47399765,      -3.148723605,      -3.602017593,     -0.9252609817
          0,           0,         445,      -6.481279289,      -3.156078626,       -3.60927663,     -0.9325974815
          0,           0,         446,      -6.488555875,      -3.163430841,      -3.616533573,     -0.9399294774
          0,           0,         447,       -6.49582781,      -3.170780204,      -3.623787532,     -0.9472569958
          0,           0,         448,      -6.503095749,      -3.178126635,      -3.631037901,     -0.9545802352
          0,           0,         449,      -6.510360472,      -3.185470039,      -3.638284421,     -0.9618995275
          0,           0,         450,      -6.517622783,      -3.192810314,      -3.645527197,      -0.969215278
          0,           0,         451,      -6.524883388,      -3.200147368,      -3.652766664,     -0.9765278974
          0,           0,         452,      -6.532142885,      -3.207481131,      -3.660003516,     -0.9838377766
          0,           0,         453,      -6.539401713,      -3.214811562,      -3.667238592,     -0.9911452475
          0,           0,         454,      -6.546660176,      -3.222138653,      -3.674472751,     -0.9984505711
          0,           0,         455,      -6.553918436,      -3.229462428,      -3.681706762,       -1.00575393
          0,           0,         456,      -6.561176546,      -3.236782943,      -3.688941201,      -1.013055431
          0,           0,         457,      -6.568434481,      -3.244100275,      -3.696176397,      -1.020355126
          0,           0,         458,      -6.575692105,      -3.251414519,      -3.703412402,      -1.027652989
          0,           0,         459,      -6.582949223,      -3.258725773,      -3.710649022,      -1.034948947
          0,           0,         460,      -6.590205571,      -3.266034134,      -3.717885865,      -1.042242876
          0,           0,         461,      -6.597460831,      -3.273339689,      -3.725122418,      -1.049534613
          0,           0,         462,      -6.604714635,      -3.280642507,      -3.732358125,      -1.056823949
          0,           0,         463,      -6.611966602,      -3.287942642,      -3.739592479,      -1.064110651
          0,           0,         464,      -6.619216374,      -3.295240124,      -3.746825068,        -1.0713945
          0,           0,         465,       -6.62646367,      -3.302534963,      -3.754055637,      -1.078675304
          0,           0,         466,      -6.633708315,      -3.309827155,        -3.7612841,      -1.085952929
          0,           0,         467,      -6.640950308,      -3.317116684,      -3.768510541,      -1.093227338
          0,           0,         468,      -6.648189835,      -3.324403531,      -3.775735187,      -1.100498607
          0,           0,         469,       -6.65542725,      -3.331687677,       -3.78295838,      -1.107766911
          0,           0,         470,      -6.662663101,      -3.338969117,      -3.790180526,      -1.115032554
          0,           0,         471,      -6.669897998,      -3.346247859,      -3.797402035,       -1.12229589
          0,           0,         472,       -6.67713259,      -3.353523929,      -3.804623287,      -1.129557316
          0,           0,         473,      -6.684367441,      -3.360797373,      -3.811844589,        -1.1368172
          0,           0,         474,      -6.691602946,      -3.368068256,      -3.819066157,      -1.144075839
          0,           0,         475,      -6.698839303,      -3.375336657,      -3.826288085,      -1.151333432
          0,           0,         476,      -6.706076455,      -3.382602669,      -3.833510364,       -1.15859004
          0,           0,         477,      -6.713314123,      -3.389866386,      -3.840732898,      -1.165845598
          0,           0,         478,      -6.720551824,      -3.397127901,      -3.847955517,      -1.173099902
          0,           0,         479,      -6.727788986,        -3.4043873,      -3.855178004,      -1.180352688
          0,           0,         480,      -6.735025003,      -3.411644656,      -3.862400135,      -1.187603641
          0,           0,         481,      -6.742259358,      -3.418900026,      -3.869621703,      -1.194852463
          0,           0,         482,      -6.749491688,      -3.426153452,      -3.876842537,      -1.202098928
          0,           0,         483,      -6.756721837,      -3.433404958,       -3.88406253,      -1.209342901
          0,           0,         484,      -6.763949889,      -3.440654558,      -3.891281642,      -1.216584382
          0,           0,         485,      -6.771176153,      -3.447902257,      -3.898499912,      -1.223823501
          0,           0,         486,      -6.778401107,      -3.455148061,      -3.905717448,        -1.2310605
          0,           0,         487,      -6.785625345,      -3.462391976,      -3.912934432,      -1.238295713
          0,           0,         488,      -6.792849457,      -3.469634023,       -3.92015108,      -1.245529483
          0,           0,         489,      -6.800073988,      -3.476874228,      -3.927367627,      -1.252762167
          0,           0,         490,      -6.807299335,      -3.484112637,      -3.934584307,       -1.25999406
          0,           0,         491,      -6.814525698,      -3.491349308,      -3.941801331,      -1.267225358
          0,           0,         492,      -6.821753068,       -3.49858431,      -3.949018855,      -1.274456146
          0,           0,         493,      -6.828981262,       -3.50581772,      -3.956236969,       -1.28168641
          0,           0,         494,      -6.836209954,      -3.513049619,      -3.963455696,      -1.288916043
          0,           0,         495,      -6.843438707,      -3.520280087,       -3.97067499,      -1.296144852
          0,           0,         496,      -6.850667104,      -3.527509195,      -3.977894746,      -1.303372634
          0,           0,         497,      -6.857894771,       -3.53473701,      -3.985114818,      -1.310599189
          0,           0,         498,      -6.865121444,      -3.541963581,      -3.992335043,      -1.317824366
          0,           0,         499,      -6.872346996,      -3.549188952,      -3.999555266,      -1.325048062
          0,           0,         500,      -6.879571461,       -3.55641315,      -4.006775357,      -1.332270274
          0,           0,         501,      -6.886795012,      -3.563636198,      -4.013995243,      -1.339491068
          0,           0,         502,      -6.894017918,      -3.570858112,      -4.021214901,      -1.346710586
          0,           0,         503,      -6.901240516,      -3.578078906,      -4.028434382,      -1.353929015
          0,           0,         504,      -6.908463165,      -3.585298598,      -4.035653791,      -1.361146577
          0,           0,         505,       -6.91568617,      -3.592517213,       -4.04287328,      -1.368363469
          0,           0,         506,      -6.922909767,      -3.599734779,      -4.050093027,      -1.375579877
          0,           0,         507,      -6.930134108,      -3.606951334,      -4.057313221,      -1.382795941
          0,           0,         508,      -6.937359233,      -3.614166929,      -4.064534024,       -1.39001175
          0,           0,         509,      -6.944585086,      -3.621381613,      -4.071755568,      -1.397227321
          0,           0,         510,       -6.95181155,      -3.628595446,      -4.078977931,       -1.40444265
          0,           0,         511,      -6.959038467,      -3.635808486,      -4.086201134,      -1.411657688
          0,           0,         512,      -6.966265622,      -3.643020792,      -4.093425146,      -1.418872348
          0,           0,         513,      -6.973492853,      -3.650232419,      -4.100649891,      -1.426086553
          0,           0,         514,      -6.980720036,      -3.657443415,       -4.10787526,      -1.433300251
          0,           0,         515,      -6.987947068,      -3.664653825,      -4.115101129,      -1.440513385
          0,           0,         516,      -6.995173928,      -3.671863681,      -4.122327395,      -1.447725934
          0,           0,         517,      -7.002400634,      -3.679073017,      -4.129553964,      -1.454937919
          0,           0,         518,      -7.009627252,      -3.686281856,       -4.13678078,      -1.462149369
          0,           0,         519,      -7.016853905,      -3.693490219,      -4.144007836,      -1.469360368
          0,           0,         520,      -7.024080715,      -3.700698127,      -4.151235161,      -1.476570989
          0,           0,         521,      -7.031307794,      -3.707905603,      -4.158462829,      -1.483781314
          0,           0,         522,       -7.03853529,      -3.715112668,      -4.165690931,      -1.490991456
          0,           0,         523,      -7.045763307,      -3.722319352,      -4.172919579,      -1.498201502
          0,           0,         524,      -7.052991912,      -3.729525683,      -4.180148891,      -1.505411527
          0,           0,         525,      -7.060221177,      -3.736731698,      -4.187378957,      -1.512621594
          0,           0,         526,      -7.067451107,      -3.743937435,      -4.194609859,      -1.519831749
          0,           0,         527,      -7.074681709,      -3.751142935,      -4.201841623,      -1.527042032
          0,           0,         528,       -7.08191296,      -3.758348243,      -4.209074275,      -1.534252458
          0,           0,         529,      -7.089144803,      -3.765553398,      -4.216307787,      -1.541463017
          0,           0,         530,      -7.096377155,      -3.772758444,      -4.223542117,      -1.548673688
          0,           0,         531,      -7.103609967,      -3.779963419,      -4.230777189,      -1.555884468
          0,           0,         532,      -7.110843172,       -3.78716836,      -4.238012949,      -1.563095324
          0,           0,         533,      -7.118076698,      -3.794373301,      -4.245249323,      -1.570306239
          0,           0,         534,      -7.125310505,      -3.801578267,      -4.252486265,      -1.577517196
          0,           0,         535,      -7.132544596,      -3.808783286,      -4.259723741,       -1.58472821
          0,           0,         536,      -7.139778955,      -3.815988381,      -4.266961736,      -1.591939284
          0,           0,         537,      -7.147013641,      -3.823193571,      -4.274200264,      -1.599150454
          0,           0,         538,      -7.154248701,      -3.830398879,      -4.281439353,      -1.606361761
          0,           0,         539,      -7.161484233,      -3.837604324,      -4.288679051,      -1.613573286
          0,           0,         540,       -7.16872029,      -3.844809931,       -4.29591941,      -1.620785057
          0,           0,         541,      -7.175957009,      -3.852015719,      -4.303160479,       -1.62799718
          0,           0,         542,      -7.183194425,      -3.859221717,      -4.310402316,      -1.635209709
          0,           0,         543,      -7.190432619,      -3.866427955,      -4.317644957,        -1.6424227
          0,           0,         544,       -7.19767162,      -3.873634462,      -4.324888426,      -1.649636207
          0,           0,         545,      -7.204911399,      -3.880841269,      -4.332132744,      -1.656850235
          0,           0,         546,      -7.212151944,       -3.88804841,      -4.339377894,      -1.664064798
          0,           0,         547,      -7.219393208,      -3.895255915,      -4.346623861,      -1.671279907
          0,           0,         548,       -7.22663511,      -3.902463817,      -4.353870618,      -1.678495518
          0,           0,         549,      -7.233877581,      -3.909672146,      -4.361118115,      -1.685711628
          0,           0,         550,      -7.241120569,      -3.916880924,      -4.368366324,      -1.692928222
          0,           0,         551,      -7.248364007,       -3.92409018,      -4.375615205,      -1.700145259
          0,           0,         552,       -7.25560788,      -3.931299932,      -4.382864729,      -1.707362743
          0,           0,         553,      -7.262852199,      -3.938510203,      -4.390114872,      -1.714580699
          0,           0,         554,      -7.270096937,      -3.945721004,      -4.397365639,      -1.721799103
          0,           0,         555,      -7.277342184,      -3.952932356,      -4.404617022,      -1.729018023
          0,           0,         556,      -7.284587992,      -3.960144273,      -4.411869031,      -1.736237482
          0,           0,         557,      -7.291834443,      -3.967356773,      -4.419121695,      -1.743457575
          0,           0,         558,      -7.299081621,      -3.974569869,      -4.426375049,      -1.750678336
          0,           0,         559,      -7.306329521,      -3.981783583,      -4.433629115,      -1.757899778
          0,           0,         560,      -7.313578244,      -3.988997936,       -4.44088391,      -1.765121993
          0,           0,         561,      -7.320827751,      -3.996212943,      -4.448139467,       -1.77234498
          0,           0,         562,      -7.328078025,      -4.003428629,      -4.455395793,      -1.779568738
          0,           0,         563,      -7.335329083,      -4.010645015,      -4.462652882,      -1.786793293
          0,           0,         564,      -7.342580839,      -4.017862124,       -4.46991073,      -1.794018632
          0,           0,         565,      -7.349833274,      -4.025079974,      -4.477169314,      -1.801244739
          0,           0,         566,      -7.357086324,      -4.032298589,      -4.484428604,      -1.808471608
          0,           0,         567,      -7.364339938,      -4.039517981,      -4.491688588,      -1.815699224
          0,           0,         568,      -7.371594084,      -4.046738168,      -4.498949217,      -1.822927549
          0,           0,         569,      -7.378848772,      -4.053959164,      -4.506210473,      -1.830156611
          0,           0,         570,      -7.386103968,      -4.061180975,      -4.513472332,      -1.837386386
          0,           0,         571,      -7.393359674,      -4.068403618,      -4.520734781,       -1.84461689
          0,           0,         572,      -7.400615976,        -4.0756271,      -4.527997802,       -1.85184817
          0,           0,         573,      -7.407872886,      -4.082851428,      -4.535261411,      -1.859080249
          0,           0,         574,      -7.415130439,      -4.090076609,       -4.54252561,      -1.866313142
          0,           0,         575,       -7.42238867,      -4.097302658,      -4.549790422,        -1.8735469
          0,           0,         576,      -7.429647542,      -4.104529574,      -4.557055852,      -1.880781473
          0,           0,         577,      -7.436907162,      -4.111757371,      -4.564321914,      -1.888016968
          0,           0,         578,      -7.444167469,      -4.118986061,      -4.571588617,      -1.895253345
          0,           0,         579,      -7.451428496,      -4.126215655,      -4.578855969,      -1.902490652
          0,           0,         580,      -7.458690175,      -4.133446155,      -4.586123967,      -1.909728834
          0,           0,         581,      -7.465952515,      -4.140677577,      -4.593392619,      -1.916967921
          0,           0,         582,      -7.473215469,      -4.147909928,      -4.600661884,       -1.92420789
          0,           0,         583,      -7.480479008,      -4.155143221,      -4.607931749,       -1.93144874
          0,           0,         584,      -7.487743106,      -4.162377452,      -4.615202195,      -1.938690455
          0,           0,         585,       -7.49500777,      -4.169612634,      -4.622473198,      -1.945933019
          0,           0,         586,      -7.502272927,       -4.17684877,      -4.629744732,      -1.953176426
          0,           0,         587,      -7.509538652,      -4.184085857,      -4.637016781,      -1.960420707
          0,           0,         588,      -7.516804847,      -4.191323901,      -4.644289325,      -1.967665806
          0,           0,         589,      -7.524071539,      -4.198562903,      -4.651562355,      -1.974911718
          0,           0,         590,      -7.531338801,      -4.205802862,      -4.658835847,      -1.982158501
          0,           0,         591,      -7.538606639,      -4.213043774,      -4.666109839,      -1.989406181
          0,           0,         592,       -7.54587505,      -4.220285642,      -4.673384298,       -1.99665474
          0,           0,         593,      -7.553144012,      -4.227528464,      -4.680659269,      -2.003904179
          0,           0,         594,      -7.560413533,      -4.234772236,      -4.687934726,      -2.011154483
          0,           0,         595,      -7.567683622,       -4.24201696,      -4.695210672,      -2.018405678
          0,           0,         596,      -7.574954264,      -4.249262636,      -4.702487124,      -2.025657738
          0,           0,         597,      -7.582225473,      -4.256509261,      -4.709764052,      -2.032910693
          0,           0,         598,      -7.589497226,      -4.263756837,      -4.717041456,      -2.040164539
          0,           0,         599,      -7.596769498,      -4.271005358,      -4.724319323,      -2.047419234
          0,           0,         600,      -7.604042275,      -4.278254827,      -4.731597647,      -2.054674794
          0,           0,         601,      -7.611315536,      -4.285505237,      -4.738876411,      -2.061931219
          0,           0,         602,      -7.618589245,      -4.292756585,      -4.746155574,      -2.069188441
          0,           0,         603,      -7.625863368,      -4.300008866,      -4.753435126,      -2.076446467
          0,           0,         604,      -7.633137947,      -4.307262074,      -4.760715059,      -2.083705322
          0,           0,         605,      -7.640412958,      -4.314516203,      -4.767995366,      -2.090964972
          0,           0,         606,      -7.647688364,      -4.321771247,      -4.775276005,      -2.098225408
          0,           0,         607,      -7.654964162,      -4.329027198,         -4.782557,      -2.105486615
          0,           0,         608,      -7.662240393,      -4.336284045,      -4.789838315,      -2.112748603
          0,           0,         609,      -7.669517053,      -4.343541778,      -4.797119974,      -2.120011358
          0,           0,         610,      -7.676794078,      -4.350800394,       -4.80440196,      -2.127274877
          0,           0,         611,      -7.684071545,      -4.358059883,      -4.811684275,      -2.134539191
          0,           0,         612,      -7.691349442,      -4.365320236,      -4.818966908,      -2.141804277
          0,           0,         613,      -7.698627741,      -4.372581444,      -4.826249864,       -2.14907012
          0,           0,         614,      -7.705906469,        -4.3798435,      -4.833533126,      -2.156336734
          0,           0,         615,      -7.713185592,      -4.387106389,      -4.840816697,      -2.163604086
          0,           0,         616,      -7.720465019,      -4.394370109,      -4.848100576,      -2.170872131
          0,           0,         617,      -7.727744846,      -4.401634655,      -4.855384694,      -2.178140915
          0,           0,         618,      -7.735025065,      -4.408900009,        -4.8626691,      -2.185410455
          0,           0,         619,      -7.742305557,      -4.416166162,      -4.869953762,      -2.192680641
          0,           0,         620,      -7.749586411,      -4.423433109,      -4.877238657,      -2.199951533
          0,           0,         621,      -7.756867539,      -4.430700831,      -4.884523765,      -2.207223073
          0,           0,         622,      -7.764148885,      -4.437969317,      -4.891809087,      -2.214495202
          0,           0,         623,      -7.771430537,      -4.445238564,      -4.899094611,      -2.221767994
          0,           0,         624,      -7.778712462,      -4.452508555,      -4.906380311,      -2.229041411
          0,           0,         625,      -7.785994581,      -4.459779274,      -4.913666195,      -2.236315412
          0,           0,         626,      -7.793276996,      -4.467050714,      -4.920952237,      -2.243590018
          0,           0,         627,      -7.800559676,      -4.474322863,      -4.928238425,      -2.250865238
          0,           0,         628,      -7.807842632,      -4.481595699,      -4.935524818,       -2.25814103
          0,           0,         629,      -7.815125897,      -4.488869215,      -4.942811331,      -2.265417475
          0,           0,         630,      -7.822409339,      -4.496143406,      -4.950098003,      -2.272694455
          0,           0,         631,      -7.829693107,      -4.503418246,      -4.957384851,      -2.279972032
          0,           0,         632,      -7.836977041,      -4.510693728,       -4.96467182,      -2.287250087
          0,           0,         633,      -7.844261175,      -4.517969838,      -4.971958912,      -2.294528704
          0,           0,         634,       -7.85154551,      -4.525246571,      -4.979246121,       -2.30180784
          0,           0,         635,      -7.858830053,      -4.532523917,      -4.986533443,      -2.309087479
          0,           0,         636,      -7.866114788,      -4.539801851,      -4.993820868,      -2.316367613
          0,           0,         637,      -7.873399636,      -4.547080367,      -5.001108355,      -2.323648195
          0,           0,         638,      -7.880684639,      -4.554359453,       -5.00839589,      -2.330929272
          0,           0,         639,      -7.887969825,      -4.561639097,      -5.015683493,      -2.338210818
          0,           0,         640,      -7.895255063,      -4.568919282,      -5.022971174,      -2.345492744
          0,           0,         641,      -7.902540567,      -4.576199983,      -5.030258871,      -2.352775135
          0,           0,         642,      -7.909826163,      -4.583481206,      -5.037546593,      -2.360057973
          0,           0,         643,       -7.91711177,      -4.590762923,      -5.044834377,      -2.367341136
          0,           0,         644,      -7.924397497,      -4.598045134,      -5.052122163,       -2.37462467
          0,           0,         645,      -7.931683408,      -4.605327807,      -5.059409994,      -2.381908637
          0,           0,         646,      -7.938969351,      -4.612610943,      -5.066697814,       -2.38919294
          0,           0,         647,      -7.946255497,      -4.619894532,      -5.073985639,      -2.396477679
          0,           0,         648,      -7.953541663,      -4.627178557,      -5.081273434,      -2.403762731
          0,           0,         649,      -7.960827926,      -4.634463004,      -5.088561242,      -2.411048087
          0,           0,         650,      -7.968114267,      -4.641747844,      -5.095849039,      -2.418333816
          0,           0,         651,       -7.97540064,      -4.649033093,      -5.103136828,      -2.425619856
          0,           0,         652,      -7.982687133,      -4.656318711,      -5.110424602,      -2.432906149
          0,           0,         653,      -7.989973563,      -4.663604718,       -5.11771233,       -2.44019275
          0,           0,         654,      -7.997260085,      -4.670891067,      -5.124999978,      -2.447479602
          0,           0,         655,       -8.00454665,      -4.678177783,       -5.13228757,       -2.45476677
          0,           0,         656,      -8.011833199,      -4.685464802,      -5.139575169,      -2.462054132
          0,           0,         657,      -8.019119807,      -4.692752157,      -5.146862651,      -2.469341794
          0,           0,         658,      -8.026406355,      -4.700039815,      -5.154150064,       -2.47662964
          0,           0,         659,      -8.033692985,      -4.707327775,      -5.161437416,      -2.483917763
          0,           0,         660,      -8.040979488,      -4.714616006,      -5.168724692,      -2.491205985
          0,           0,         661,      -8.048266039,       -4.72190451,      -5.176011846,      -2.498494439
          0,           0,         662,      -8.055552501,      -4.729193272,      -5.183298924,      -2.505783013
          0,           0,         663,      -8.062838895,      -4.736482267,      -5.190585896,      -2.513071752
          0,           0,         664,      -8.070125548,      -4.743771518,      -5.197872784,      -2.520360908
          0,           0,         665,       -8.07741196,      -4.751060984,       -5.20515952,      -2.527650001
          0,           0,         666,       -8.08469841,      -4.758350655,      -5.212446188,      -2.534939289
          0,           0,         667,      -8.091984803,      -4.765640528,      -5.219732678,       -2.54222873
          0,           0,         668,      -8.099271062,      -4.772930584,      -5.227019145,      -2.549518269
          0,           0,         669,      -8.106557398,      -4.780220817,      -5.234305472,      -2.556807963
          0,           0,         670,      -8.113843631,      -4.787511224,      -5.241591596,      -2.564097758
          0,           0,         671,      -8.121129932,      -4.794801776,      -5.248877645,      -2.571387696
          0,           0,         672,      -8.128415748,      -4.802092472,      -5.256163541,       -2.57867744
          0,           0,         673,      -8.135701929,      -4.809383315,      -5.263449264,      -2.585967591
          0,           0,         674,      -8.142987752,      -4.816674265,      -5.270734864,       -2.59325761
          0,           0,         675,        -8.1502737,       -4.82396535,      -5.278020301,      -2.600547888
          0,           0,         676,      -8.157559297,      -4.831256515,       -5.28530567,         -2.607838
          0,           0,         677,      -8.164844843,      -4.838547768,      -5.292590773,      -2.615128202
          0,           0,         678,      -8.172130384,       -4.84583912,      -5.299875767,      -2.622418564
          0,           0,         679,      -8.179415702,      -4.853130544,      -5.307160547,      -2.629708681
          0,           0,         680,      -8.186701026,      -4.860422024,      -5.314445169,      -2.636998993
          0,           0,         681,      -8.193986327,      -4.867713551,      -5.321729636,      -2.644289318
          0,           0,         682,      -8.201271391,      -4.875005107,      -5.329014012,       -2.65157961
          0,           0,         683,      -8.208556333,      -4.882296722,      -5.336298178,      -2.658869831
          0,           0,         684,      -8.215841168,      -4.889588354,      -5.343582149,       -2.66616018
          0,           0,         685,      -8.223125915,      -4.896880003,      -5.350865901,      -2.673450437
          0,           0,         686,      -8.230410458,      -4.904171666,      -5.358149494,      -2.680740669
          0,           0,         687,      -8.237694975,      -4.911463307,      -5.365432946,      -2.688030878
          0,           0,         688,      -8.244979266,      -4.918754951,      -5.372716235,      -2.695320951
          0,           0,         689,      -8.252263351,      -4.926046576,      -5.379999274,      -2.702610929
          0,           0,         690,      -8.259547436,       -4.93333817,      -5.387282185,      -2.709900989
          0,           0,         691,       -8.26683132,      -4.940629744,      -5.394564779,      -2.717190967
          0,           0,         692,      -8.274114937,      -4.947921263,      -5.401847347,       -2.72448074
          0,           0,         693,       -8.28139869,      -4.955212724,       -5.40912955,      -2.731770538
          0,           0,         694,      -8.288682214,      -4.962504143,      -5.416411627,      -2.739060349
          0,           0,         695,        -8.2959655,      -4.969795494,      -5.423693641,      -2.746349934
          0,           0,         696,      -8.303248567,      -4.977086766,       -5.43097537,      -2.753639391
          0,           0,         697,      -8.310531397,      -4.984377953,      -5.438256873,      -2.760928675
          0,           0,         698,      -8.317814241,      -4.991669086,      -5.445538118,      -2.768218004
          0,           0,         699,      -8.325097043,      -4.998960088,       -5.45281928,        -2.7755073
          0,           0,         700,      -8.332379357,       -5.00625099,      -5.460100185,      -2.782796196
          0,           0,         701,      -8.339661643,      -5.013541793,      -5.467380945,      -2.790085085
          0,           0,         702,      -8.346943695,      -5.020832483,       -5.47466143,      -2.797373763
          0,           0,         703,      -8.354225702,      -5.028123077,      -5.481941802,      -2.804662465
          0,           0,         704,      -8.361507667,      -5.035413525,      -5.489221846,      -2.811951082
          0,           0,         705,      -8.368789144,      -5.042703858,      -5.496501744,      -2.819239242
          0,           0,         706,       -8.37607069,       -5.04999403,      -5.503781495,      -2.826527511
          0,           0,         707,      -8.383351885,       -5.05728406,      -5.511061087,      -2.833815458
          0,           0,         708,      -8.390632978,      -5.064573945,      -5.518340482,      -2.841103421
          0,           0,         709,      -8.397913947,      -5.071863694,      -5.525619618,      -2.848391164
          0,           0,         710,      -8.405194659,      -5.079153284,      -5.532898592,      -2.855678702
          0,           0,         711,      -8.412475131,      -5.086442694,      -5.540177269,      -2.862965921
          0,           0,         712,      -8.419755562,      -5.093731924,      -5.547455805,      -2.870253155
          0,           0,         713,      -8.427035999,      -5.101021001,      -5.554734172,      -2.877540278
          0,           0,         714,       -8.43431579,      -5.108309927,      -5.562012296,      -2.884827006
          0,           0,         715,       -8.44159559,      -5.115598615,      -5.569290276,      -2.892113519
          0,           0,         716,      -8.448875509,      -5.122887154,      -5.576567994,      -2.899400219
          0,           0,         717,      -8.456154899,      -5.130175513,      -5.583845595,      -2.906686394
          0,           0,         718,      -8.463434034,      -5.137463635,      -5.591122976,      -2.913972383
          0,           0,         719,      -8.470713147,      -5.144751616,      -5.598400149,      -2.921258221
          0,           0,         720,      -8.477992269,      -5.152039336,       -5.60567727,       -2.92854392
          0,           0,         721,      -8.485271084,      -5.159326883,      -5.612953978,      -2.935829405
          0,           0,         722,      -8.492549498,      -5.166614205,      -5.620230655,      -2.943114443
          0,           0,         723,      -8.499827551,      -5.173901337,      -5.627507063,       -2.95039921
          0,           0,         724,      -8.507106362,      -5.181188233,      -5.634783319,      -2.957684384
          0,           0,         725,      -8.514384389,      -5.188474935,      -5.642059429,       -2.96496908
          0,           0,         726,      -8.521662045,      -5.195761411,      -5.649335355,      -2.972253362
          0,           0,         727,      -8.528939465,      -5.203047644,      -5.656611066,      -2.979537271
          0,           0,         728,      -8.536217123,      -5.210333679,      -5.663886583,       -2.98682139
          0,           0,         729,      -8.543494297,      -5.217619471,      -5.671161879,      -2.994105114
          0,           0,         730,      -8.550771495,      -5.224905059,      -5.678437061,      -3.001388591
          0,           0,         731,      -8.558048572,      -5.232190355,      -5.685712047,       -3.00867186
          0,           0,         732,      -8.565325451,      -5.239475469,      -5.692986834,      -3.015955008
          0,           0,         733,      -8.572602322,      -5.246760338,      -5.700261375,      -3.023238005
          0,           0,         734,      -8.579878512,      -5.254044982,      -5.707535936,      -3.030520407
          0,           0,         735,      -8.587155144,      -5.261329374,      -5.714810204,      -3.037802967
          0,           0,         736,       -8.59443123,      -5.268613534,      -5.722084401,      -3.045085156
          0,           0,         737,      -8.601707265,      -5.275897424,      -5.729358417,      -3.052367252
          0,           0,         738,      -8.608982742,      -5.283181085,      -5.736632363,      -3.059648661
          0,           0,         739,      -8.616257948,      -5.290464503,      -5.743906129,      -3.066929791
          0,           0,         740,      -8.623533478,       -5.29774767,      -5.751179699,       -3.07421093
          0,           0,         741,      -8.630809479,      -5.305030628,      -5.758453025,      -3.081492721
          0,           0,         742,       -8.63808462,      -5.312313322,      -5.765726293,      -3.088773408
          0,           0,         743,      -8.645359394,      -5.319595755,      -5.772999364,      -3.096053752
          0,           0,         744,      -8.652634076,      -5.326877927,      -5.780272297,      -3.103333927
          0,           0,         745,       -8.65990835,      -5.334159871,      -5.787545043,      -3.110613578
          0,           0,         746,      -8.667183244,      -5.341441582,      -5.794817591,      -3.117893803
          0,           0,         747,      -8.674457203,      -5.348723018,      -5.802090087,      -3.125173108
          0,           0,         748,      -8.681731573,      -5.356004232,      -5.809362259,      -3.132452651
          0,           0,         749,      -8.689005847,      -5.363285189,      -5.816634687,      -3.139732059
          0,           0,         750,      -8.696279726,      -5.370565932,      -5.823906623,      -3.147011119
          0,           0,         751,      -8.703553567,      -5.377846375,      -5.831178534,      -3.154289837
          0,           0,         752,      -8.710826962,      -5.385126575,       -5.83845065,      -3.161568224
          0,           0,         753,      -8.718100627,      -5.392406545,       -5.84572253,      -3.168846614
          0,           0,         754,      -8.725373653,      -5.399686242,       -5.85299407,      -3.176124502
          0,           0,         755,      -8.732647029,      -5.406965736,      -5.860265604,      -3.183402201
          0,           0,         756,      -8.739920197,      -5.414244946,       -5.86753684,      -3.190679798
          0,           0,         757,      -8.747193339,      -5.421523945,      -5.874808134,      -3.197957449
          0,           0,         758,      -8.754466698,      -5.428802707,      -5.882079156,      -3.205234854
          0,           0,         759,        -8.7617388,       -5.43608121,      -5.889350485,      -3.212511564
          0,           0,         760,      -8.769011124,      -5.443359501,      -5.896621423,      -3.219788317
          0,           0,         761,      -8.776283604,      -5.450637503,      -5.903892092,      -3.227064711
          0,           0,         762,       -8.78355554,      -5.457915362,      -5.911162676,      -3.234340874
          0,           0,         763,      -8.790828107,      -5.465192905,      -5.918433556,      -3.241617335
          0,           0,         764,      -8.798100122,      -5.472470222,      -5.925704136,      -3.248893103
          0,           0,         765,      -8.805372487,      -5.479747372,      -5.932974452,      -3.256169055
          0,           0,         766,       -8.81264415,      -5.487024234,       -5.94024469,      -3.263444453
          0,           0,         767,      -8.819915389,      -5.494300845,      -5.947514779,       -3.27071933
          0,           0,         768,      -8.827187789,      -5.501577271,      -5.954784934,      -3.277995084
          0,           0,         769,      -8.834459223,      -5.508853508,      -5.962055234,      -3.285269812
          0,           0,         770,       -8.84173067,       -5.51612945,      -5.969325108,      -3.292544687
          0,           0,         771,      -8.849001357,      -5.523405149,      -5.976595148,      -3.299818639
          0,           0,         772,      -8.856272562,      -5.530680702,      -5.983864983,       -3.30709331
          0,           0,         773,      -8.863543846,      -5.537956061,      -5.991134626,      -3.314367383
          0,           0,         774,      -8.870815072,       -5.54523115,      -5.998404486,      -3.321641415
          0,           0,         775,      -8.878085511,       -5.55250602,       -6.00567391,      -3.328914829
          0,           0,         776,      -8.885357444,      -5.559780771,      -6.012943599,      -3.336189164
          0,           0,         777,       -8.89262735,       -5.56705521,      -6.020213119,      -3.343462152
          0,           0,         778,      -8.899898868,      -5.574329514,      -6.027482231,      -3.350735883
          0,           0,         779,      -8.907168807,      -5.581603611,      -6.034751977,      -3.358008613
          0,           0,         780,      -8.914439063,      -5.588877435,      -6.042021588,      -3.365281242
          0,           0,         781,      -8.921709616,      -5.596151104,      -6.049290882,      -3.372554072
          0,           0,         782,      -8.928978895,      -5.603424667,      -6.056560043,      -3.379826112
          0,           0,         783,      -8.936249819,      -5.610697932,      -6.063829169,      -3.387098632
          0,           0,         784,      -8.943519755,      -5.617971113,      -6.071098383,      -3.394370856
          0,           0,         785,      -8.950790048,      -5.625244013,      -6.078367381,      -3.401643044
          0,           0,         786,      -8.958059959,       -5.63251679,      -6.085636362,      -3.408914986
          0,           0,         787,      -8.965330469,      -5.639789355,      -6.092905393,       -3.41618736
          0,           0,         788,       -8.97260065,        -5.6470618,      -6.100174472,      -3.423459263
          0,           0,         789,      -8.979870382,      -5.654334017,      -6.107443256,      -3.430730404
          0,           0,         790,      -8.987140437,      -5.661606034,       -6.11471243,      -3.438001902
          0,           0,         791,      -8.994409915,      -5.668877861,      -6.121980926,      -3.445272796
          0,           0,         792,      -9.001680092,      -5.676149684,      -6.129249927,       -3.45254437
          0,           0,         793,      -9.008949009,      -5.683421204,      -6.136518887,      -3.459814586
          0,           0,         794,      -9.016219293,      -5.690692605,      -6.143787866,       -3.46708589
          0,           0,         795,      -9.023487911,      -5.697963893,      -6.151056672,      -3.474355862
          0,           0,         796,      -9.030758485,      -5.705235026,      -6.158325433,      -3.481627016
          0,           0,         797,      -9.038027475,      -5.712505972,      -6.165594132,      -3.488897217
          0,           0,         798,      -9.045297262,      -5.719776858,      -6.172862635,      -3.496167854
          0,           0,         799,      -9.052566502,      -5.727047484,      -6.180131424,      -3.503438194
          0,           0,         800,      -9.059835537,      -5.734318117,      -6.187400135,      -3.510707648
          0,           0,         801,      -9.067106103,      -5.741588487,      -6.194669112,      -3.517978748
          0,           0,         802,      -9.074375205,      -5.748858758,      -6.201937758,      -3.525248031
          0,           0,         803,      -9.081643486,      -5.756128885,      -6.209206387,       -3.53251701
          0,           0,         804,      -9.088913349,      -5.763398948,      -6.216475279,      -3.539787236
          0,           0,         805,      -9.096182018,      -5.770668773,      -6.223743812,      -3.547056639
          0,           0,         806,      -9.103450983,      -5.777938674,      -6.231012178,      -3.554325897
          0,           0,         807,      -9.110722071,      -5.785208363,       -6.23828121,      -3.561596647
          0,           0,         808,      -9.117990017,      -5.792477918,      -6.245550159,      -3.568865295
          0,           0,         809,      -9.125260037,      -5.799747395,      -6.252818642,      -3.576135098
          0,           0,         810,      -9.132528732,      -5.807016747,       -6.26008703,      -3.583403984
          0,           0,         811,      -9.139796967,      -5.814286012,      -6.267356152,      -3.590672366
          0,           0,         812,      -9.147066764,      -5.821555148,        -6.2746246,      -3.597941641
          0,           0,         813,      -9.154336082,      -5.828824216,      -6.281893715,      -3.605211102
          0,           0,         814,      -9.161605848,      -5.836093285,      -6.289162526,      -3.612480674
          0,           0,         815,      -9.168874487,      -5.843362098,      -6.296431364,      -3.619749389
          0,           0,         816,      -9.176143318,      -5.850630837,      -6.303700753,      -3.627017059
          0,           0,         817,      -9.183411141,      -5.857899519,      -6.310969784,      -3.634284913
          0,           0,         818,      -9.190680788,      -5.865168312,      -6.318237981,      -3.641553583
          0,           0,         819,      -9.197949423,      -5.872436876,      -6.325506221,      -3.648822296
          0,           0,         820,      -9.205218019,      -5.879705359,      -6.332775659,       -3.65609069
          0,           0,         821,      -9.212488351,      -5.886973749,      -6.340044928,      -3.663359764
          0,           0,         822,       -9.21975799,       -5.89424223,      -6.347313388,      -3.670629008
          0,           0,         823,      -9.227026214,      -5.901510548,      -6.354582466,      -3.677896617
          0,           0,         824,      -9.234294472,        -5.9087787,      -6.361851656,      -3.685163928
          0,           0,         825,      -9.241565173,      -5.916046908,      -6.369120648,      -3.692433736
          0,           0,         826,      -9.248833534,      -5.923315039,      -6.376390103,      -3.699700924
          0,           0,         827,      -9.256103126,      -5.930583047,      -6.383659197,      -3.706969579
          0,           0,         828,      -9.263372338,      -5.937851103,      -6.390927705,      -3.714238065
          0,           0,         829,      -9.270641423,      -5.945119191,      -6.398196975,      -3.721506594
          0,           0,         830,      -9.277910739,      -5.952387241,      -6.405466581,       -3.72877471
          0,           0,         831,      -9.285179395,      -5.959655044,      -6.412736119,      -3.736042245
          0,           0,         832,      -9.292449518,      -5.966923015,      -6.420004534,      -3.743310579
          0,           0,         833,       -9.29971945,      -5.974190849,      -6.427274209,       -3.75057923
          0,           0,         834,       -9.30698967,      -5.981458642,      -6.434543109,      -3.757848192
          0,           0,         835,      -9.314259023,      -5.988726351,      -6.441813307,      -3.765116114
          0,           0,         836,      -9.321527973,      -5.995994027,      -6.449083175,      -3.772383814
          0,           0,         837,      -9.328796905,      -6.003261853,      -6.456352073,      -3.779651687
          0,           0,         838,      -9.336064172,      -6.010529504,      -6.463622061,      -3.786918449
          0,           0,         839,      -9.343335703,      -6.017797269,      -6.470891072,      -3.794187639
          0,           0,         840,      -9.350604249,      -6.025064876,      -6.478161134,      -3.801454758
          0,           0,         841,        -9.3578726,      -6.032332597,      -6.485430329,      -3.808722085
          0,           0,         842,      -9.365142947,      -6.039600222,      -6.492700767,      -3.815990739
          0,           0,         843,      -9.372414503,      -6.046867867,      -6.499969962,      -3.823260391
          0,           0,         844,      -9.379683823,      -6.054135536,      -6.507239483,      -3.830527882
          0,           0,         845,      -9.386950053,       -6.06140333,      -6.514509532,      -3.837794046
          0,           0,         846,      -9.394221707,      -6.068670974,      -6.521779727,      -3.845063634
          0,           0,         847,      -9.401492517,      -6.075938549,       -6.52905013,      -3.852332849
          0,           0,         848,      -9.408761253,      -6.083206317,      -6.536320189,      -3.859599463
          0,           0,         849,      -9.416032279,      -6.090474126,      -6.543589388,      -3.866868132
          0,           0,         850,       -9.42330236,      -6.097741648,      -6.550859705,      -3.874136295
          0,           0,         851,      -9.430569243,      -6.105009343,      -6.558130503,      -3.881402363
          0,           0,         852,      -9.437838258,      -6.112277066,      -6.565399989,      -3.888669598
          0,           0,         853,      -9.445112313,      -6.119544746,      -6.572671233,      -3.895941662
          0,           0,         854,      -9.452379038,      -6.126812532,        -6.5799422,       -3.90320743
          0,           0,         855,      -9.459651326,      -6.134080574,      -6.587210622,      -3.910478149
          0,           0,         856,      -9.466921655,      -6.141348365,      -6.594480916,      -3.917745708
          0,           0,         857,      -9.474193389,      -6.148616144,      -6.601751297,      -3.925015038
          0,           0,         858,      -9.481462529,       -6.15588385,      -6.609022074,      -3.932283782
          0,           0,         859,      -9.488731359,      -6.163151743,      -6.616293912,      -3.939551347
          0,           0,         860,      -9.496001347,       -6.17041986,      -6.623563834,      -3.946820261
          0,           0,         861,      -9.503270875,      -6.177687469,      -6.630835581,       -3.95408773
          0,           0,         862,      -9.510539711,      -6.184955471,      -6.638106879,      -3.961354542
          0,           0,         863,      -9.517811064,      -6.192223647,      -6.645375911,      -3.968623729
          0,           0,         864,      -9.525082759,      -6.199492028,      -6.652646068,       -3.97589342
          0,           0,         865,      -9.532352953,      -6.206759929,       -6.65991743,      -3.983162576
          0,           0,         866,      -9.539625123,      -6.214028073,       -6.66718932,      -3.990432101
          0,           0,         867,      -9.546893725,      -6.221296029,      -6.674460352,      -3.997698549
          0,           0,         868,      -9.554165868,       -6.22856401,      -6.681731853,      -4.004967669
          0,           0,         869,      -9.561434206,      -6.235832585,      -6.689002718,      -4.012235348
          0,           0,         870,      -9.568707252,      -6.243100637,      -6.696273934,      -4.019504954
          0,           0,         871,      -9.575978661,      -6.250368887,      -6.703543945,      -4.026773872
          0,           0,         872,      -9.583248397,      -6.257637375,      -6.710815711,      -4.034042806
          0,           0,         873,      -9.590518688,      -6.264905746,      -6.718086577,      -4.041312212
          0,           0,         874,      -9.597791079,      -6.272174898,      -6.725358349,      -4.048583439
          0,           0,         875,      -9.605063337,      -6.279443132,      -6.732630938,      -4.055852557
          0,           0,         876,      -9.612332238,      -6.286711702,      -6.739902542,      -4.063120352
          0,           0,         877,      -9.619600782,      -6.293980152,      -6.747174133,      -4.070386638
          0,           0,         878,      -9.626873988,      -6.301248938,       -6.75444463,      -4.077655791
          0,           0,         879,      -9.634144582,      -6.308517958,       -6.76171641,      -4.084926921
          0,           0,         880,      -9.641417228,      -6.315786626,      -6.768989626,       -4.09219779
          0,           0,         881,      -9.648687567,      -6.323055667,      -6.776259854,      -4.099465878
          0,           0,         882,      -9.655962085,      -6.330324555,      -6.783530764,      -4.106738974
          0,           0,         883,      -9.663232423,      -6.337593226,      -6.790803368,      -4.114006917
          0,           0,         884,       -9.67050463,      -6.344862647,      -6.798075569,      -4.121277478
          0,           0,         885,       -9.67777128,      -6.352131416,      -6.805349357,      -4.128544405
          0,           0,         886,      -9.685040713,      -6.359400516,      -6.812619998,      -4.135812865
          0,           0,         887,      -9.692313766,      -6.366670061,      -6.819891575,      -4.143082916
          0,           0,         888,      -9.699588278,      -6.373939157,       -6.82716335,      -4.150355129
          0,           0,         889,      -9.706857178,      -6.381208497,      -6.834436127,      -4.157622133
          0,           0,         890,      -9.714130847,      -6.388478202,      -6.841705889,      -4.164893677
          0,           0,         891,      -9.721401704,      -6.395747258,      -6.848979512,      -4.172160931
          0,           0,         892,      -9.728677921,      -6.403017336,      -6.856252071,      -4.179435955
          0,           0,         893,      -9.735949186,      -6.410286745,      -6.863524176,      -4.186705727
          0,           0,         894,      -9.743220257,      -6.417556652,       -6.87079601,      -4.193976407
          0,           0,         895,      -9.750494849,      -6.424826084,       -6.87806734,      -4.201247399
          0,           0,         896,      -9.757763866,      -6.432095845,      -6.885342052,      -4.208516035
          0,           0,         897,      -9.765033722,      -6.439365731,      -6.892613701,       -4.21578597
          0,           0,         898,      -9.772306716,      -6.446635584,      -6.899886377,      -4.223056428
          0,           0,         899,      -9.779574019,      -6.453905518,      -6.907160895,      -4.230325147
          0,           0,         900,      -9.786846226,      -6.461175642,      -6.914430082,      -4.237595185
          0,           0,         901,      -9.794121046,      -6.468445342,      -6.921703628,      -4.244864732
          0,           0,         902,      -9.801394331,      -6.475716098,      -6.928975712,      -4.252138771
          0,           0,         903,      -9.808666764,       -6.48298641,      -6.936248114,      -4.259409233
          0,           0,         904,      -9.815939234,      -6.490256996,      -6.943521571,      -4.266680999
          0,           0,         905,      -9.823216082,      -6.497527337,      -6.950794541,      -4.273954826
          0,           0,         906,      -9.830486331,      -6.504797588,      -6.958068211,      -4.281224857
          0,           0,         907,      -9.837755578,      -6.512068478,      -6.965341951,      -4.288494293
          0,           0,         908,      -9.845023668,      -6.519338786,      -6.972615669,      -4.295759038
          0,           0,         909,      -9.852302585,      -6.526609074,      -6.979886287,      -4.303035525
          0,           0,         910,      -9.859572983,      -6.533879576,      -6.987160781,      -4.310306458
          0,           0,         911,      -9.866849351,      -6.541151354,      -6.994431956,      -4.317581074
          0,           0,         912,      -9.874118924,      -6.548422026,      -7.001702907,      -4.324849984
          0,           0,         913,      -9.881390502,      -6.555693009,      -7.008976963,      -4.332124131
          0,           0,         914,      -9.888660923,      -6.562964153,      -7.016252642,      -4.339394353
          0,           0,         915,      -9.895931786,      -6.570234432,      -7.023526399,      -4.346660074
          0,           0,         916,      -9.903208861,      -6.577505233,      -7.030800268,       -4.35393587
          0,           0,         917,      -9.910475276,      -6.584776869,      -7.038071743,       -4.36120197
          0,           0,         918,      -9.917751421,      -6.592048672,      -7.045342761,      -4.368477075
          0,           0,         919,      -9.925021564,      -6.599319829,       -7.05261692,      -4.375745375
          0,           0,         920,      -9.932290955,      -6.606591818,      -7.059888721,      -4.383017452
          0,           0,         921,      -9.939561446,      -6.613863076,      -7.067160079,      -4.390286899
          0,           0,         922,       -9.94684384,      -6.621134634,      -7.074431458,      -4.397566372
          0,           0,         923,      -9.954122917,      -6.628406679,      -7.081705688,      -4.404839766
          0,           0,         924,       -9.96139863,      -6.635677394,      -7.088981489,      -4.412111969
          0,           0,         925,      -9.968663175,      -6.642949119,      -7.096255487,      -4.419381055
          0,           0,         926,      -9.975937462,      -6.650220806,       -7.10353298,      -4.426654752
          0,           0,         927,      -9.983214882,      -6.657492626,      -7.110805165,      -4.433927228
          0,           0,         928,      -9.990482279,      -6.664764502,      -7.118076857,      -4.441198763
          0,           0,         929,      -9.997759254,        -6.6720363,       -7.12535193,      -4.448471017
          0,           0,         930,      -10.00502904,      -6.679309222,      -7.132624674,      -4.455742372
          0,           0,         931,      -10.01229772,      -6.686580329,       -7.13989997,       -4.46301306
          0,           0,         932,      -10.01957938,        -6.6938525,      -7.147175117,      -4.470289584
          0,           0,         933,      -10.02685247,      -6.701124663,      -7.154447339,      -4.477559199
          0,           0,         934,      -10.03412887,      -6.708396775,      -7.161718445,      -4.484833799
          0,           0,         935,      -10.04139654,      -6.715669447,      -7.168992988,      -4.492102676
          0,           0,         936,      -10.04867103,      -6.722941144,      -7.176266369,      -4.499375542
          0,           0,         937,      -10.05594572,      -6.730214362,      -7.183538193,      -4.506649902
          0,           0,         938,      -10.06321295,      -6.737487102,       -7.19081299,      -4.513923741
          0,           0,         939,      -10.07048894,      -6.744758888,      -7.198083617,      -4.521196124
          0,           0,         940,      -10.07776037,      -6.752031854,       -7.20535882,      -4.528469566
          0,           0,         941,       -10.0850363,      -6.759304459,      -7.212630971,      -4.535738215
          0,           0,         942,      -10.09231419,      -6.766576866,      -7.219906277,      -4.543013341
          0,           0,         943,      -10.09958294,       -6.77384854,      -7.227180505,      -4.550284078
          0,           0,         944,      -10.10686104,      -6.781122049,      -7.234451123,      -4.557561714
          0,           0,         945,      -10.11413169,       -6.78839567,      -7.241731432,      -4.564837181
          0,           0,         946,      -10.12140013,      -6.795667752,       -7.24900679,      -4.572104994
          0,           0,         947,      -10.12867448,      -6.802940331,      -7.256279846,      -4.579377093
          0,           0,         948,      -10.13594341,       -6.81021333,      -7.263548673,      -4.586646178
          0,           0,         949,      -10.14321536,      -6.817486272,      -7.270824483,      -4.593919404
          0,           0,         950,       -10.1505029,      -6.824760439,      -7.278094829,      -4.601202013
          0,           0,         951,      -10.15777128,      -6.832033679,      -7.285368573,      -4.608474771
          0,           0,         952,      -10.16504538,      -6.839306864,      -7.292644432,      -4.615742554
          0,           0,         953,      -10.17231817,      -6.846579249,      -7.299917181,      -4.623017796
          0,           0,         954,      -10.17959625,      -6.853853127,      -7.307191166,      -4.630295669
          0,           0,         955,      -10.18686209,      -6.861125046,      -7.314466327,      -4.637560744
          0,           0,         956,      -10.19413754,      -6.868398222,      -7.321739227,       -4.64483421
          0,           0,         957,      -10.20142974,      -6.875671201,        -7.3290135,      -4.652117657
          0,           0,         958,      -10.20869272,      -6.882943605,      -7.336291439,      -4.659388022
          0,           0,         959,      -10.21595603,      -6.890219174,      -7.343571914,      -4.666657991
          0,           0,         960,      -10.22323072,      -6.897491735,       -7.35083882,      -4.673929599
          0,           0,         961,      -10.23051683,      -6.904763836,      -7.358112208,      -4.681211541
          0,           0,         962,      -10.23777912,      -6.912038793,      -7.365386195,      -4.688474024
          0,           0,         963,      -10.24504184,      -6.919310896,       -7.37265725,      -4.695740506
          0,           0,         964,      -10.25232329,      -6.926584654,      -7.379929436,      -4.703021786
          0,           0,         965,      -10.25959715,      -6.933860256,      -7.387202746,      -4.710298339
          0,           0,         966,       -10.2668795,      -6.941131832,      -7.394475728,      -4.717576186
          0,           0,         967,      -10.27414146,      -6.948406515,      -7.401752506,      -4.724837945
          0,           0,         968,      -10.28142987,      -6.955680296,      -7.409017407,      -4.732119389
          0,           0,         969,      -10.28869938,      -6.962954486,      -7.416296919,      -4.739395503
          0,           0,         970,      -10.29598264,      -6.970227098,      -7.423570437,      -4.746675616
          0,           0,         971,      -10.30325083,      -6.977500364,      -7.430846088,      -4.753945726
          0,           0,         972,       -10.3105205,       -6.98477311,      -7.438114756,      -4.761213764
          0,           0,         973,       -10.3178121,      -6.992047592,        -7.4453918,      -4.768503215
          0,           0,         974,      -10.32506245,      -6.999322135,      -7.452668412,      -4.775765752
          0,           0,         975,      -10.33233106,      -7.006595384,      -7.459938853,      -4.783025765
          0,           0,         976,      -10.33960346,      -7.013868467,      -7.467210485,      -4.790292002
          0,           0,         977,      -10.34687765,      -7.021143088,      -7.474483136,      -4.797584798
          0,           0,         978,      -10.35415865,      -7.028417391,      -7.481761063,      -4.804853978
          0,           0,         979,      -10.36142065,      -7.035690758,      -7.489040117,      -4.812122187
          0,           0,         980,      -10.36869503,       -7.04296476,      -7.496310475,      -4.819402973
          0,           0,         981,      -10.37598016,       -7.05023851,      -7.503583309,      -4.826678453
          0,           0,         982,      -10.38325542,      -7.057512436,      -7.510852166,      -4.833948686
          0,           0,         983,      -10.39055642,      -7.064787947,      -7.518123216,      -4.841250941
          0,           0,         984,      -10.39780442,      -7.072060358,      -7.525408096,      -4.848506267
          0,           0,         985,      -10.40508332,      -7.079334666,      -7.532676525,      -4.855784704
          0,           0,         986,      -10.41234784,      -7.086609121,       -7.53995621,      -4.863044527
          0,           0,         987,      -10.41961629,      -7.093880985,      -7.547232855,      -4.870313451
          0,           0,         988,      -10.42688317,      -7.101155629,      -7.554504051,      -4.877584204
          0,           0,         989,      -10.43418886,       -7.10843151,      -7.561766867,      -4.884882907
          0,           0,         990,      -10.44144022,      -7.115705428,      -7.569035477,      -4.892146486
          0,           0,         991,      -10.44871022,      -7.122978073,      -7.576318708,      -4.899419513
          0,           0,         992,      -10.45599594,      -7.130254018,      -7.583590848,      -4.906690568
          0,           0,         993,      -10.46327358,      -7.137528091,      -7.590865169,      -4.913970594
          0,           0,         994,      -10.47054242,      -7.144800374,      -7.598141773,      -4.921246446
          0,           0,         995,        -10.477825,      -7.152073954,      -7.605415536,      -4.928522133
          0,           0,         996,      -10.48509629,      -7.159347756,      -7.612692892,      -4.935791952
          0,           0,         997,      -10.49236655,      -7.166622316,      -7.619957252,      -4.943060063
          0,           0,         998,      -10.49961654,      -7.173894578,      -7.627236411,      -4.950317619
          0,           0,         999,      -10.50692491,      -7.181170236,      -7.634506676,      -4.957624038
          0,           0,        1000,      -10.51419267,      -7.188445525,      -7.641769227,      -4.964897012
          0,           0,        1001,      -10.52147325,      -7.195718679,      -7.649052851,      -4.972175474
          0,           0,        1002,      -10.52870973,      -7.202992822,      -7.656325751,       -4.97940933
          0,           0,        1003,      -10.53598338,      -7.210265872,      -7.663598576,      -4.986689432
          0,           0,        1004,      -10.54324371,      -7.217542036,      -7.670876632,      -4.993957575
          0,           0,        1005,        -10.550534,      -7.224816575,      -7.678144044,      -5.001252684
          0,           0,        1006,      -10.55777124,      -7.232089826,      -7.685423859,      -5.008500957
          0,           0,        1007,      -10.56509273,      -7.239362057,      -7.692699447,      -5.015798604
          0,           0,        1008,      -10.57239314,      -7.246638697,      -7.699965467,      -5.023091758
          0,           0,        1009,      -10.57965168,      -7.253909585,      -7.707247465,      -5.030347075
          0,           0,        1010,      -10.58691678,      -7.261184362,      -7.714508312,       -5.03762319
          0,           0,        1011,       -10.5941613,      -7.268459376,      -7.721784393,      -5.044884439
          0,           0,        1012,      -10.60146688,       -7.27573254,      -7.729059119,      -5.052182425
          0,           0,        1013,      -10.60875958,      -7.283006784,      -7.736339755,      -5.059473244
          0,           0,        1014,      -10.61601835,      -7.290280294,      -7.743607951,      -5.066733091
          0,           0,        1015,      -10.62330084,      -7.297556068,      -7.750891785,      -5.074000004
          0,           0,        1016,      -10.63052511,      -7.304825238,      -7.758169198,      -5.081244742
          0,           0,        1017,       -10.6378183,      -7.312099564,      -7.765425701,      -5.088548909
          0,           0,        1018,        -10.645068,      -7.319374501,      -7.772710758,      -5.095808031
          0,           0,        1019,      -10.65229214,      -7.326650967,      -7.779972513,      -5.103034479
          0,           0,        1020,      -10.65961989,      -7.333921958,      -7.787233129,      -5.110347605
          0,           0,        1021,       -10.6668894,      -7.341198974,      -7.794505835,      -5.117612212
          0,           0,        1022,      -10.67422737,      -7.348476555,      -7.801779055,      -5.124929021
          0,           0,        1023,      -10.68148578,      -7.355748417,      -7.809060189,      -5.132189492
          0,           0,        1024,      -10.68877781,      -7.363019607,      -7.816343131,      -5.139490029
          0,           0,        1025,      -10.69603622,      -7.370294858,      -7.823600388,      -5.146741714
          0,           0,        1026,      -10.70328667,      -7.377565207,      -7.830894939,      -5.153986121
          0,           0,        1027,      -10.71054001,      -7.384841829,      -7.838161527,      -5.161252561
          0,           0,        1028,      -10.71784397,      -7.392117127,      -7.845447543,      -5.168558488
          0,           0,        1029,       -10.7251431,      -7.399388894,      -7.852701809,      -5.175845006
          0,           0,        1030,      -10.73239188,       -7.40666585,      -7.859990315,      -5.183115055
          0,           0,        1031,      -10.73963362,       -7.41394015,      -7.867263701,       -5.19035723
          0,           0,        1032,      -10.74686689,      -7.421210258,      -7.874537797,      -5.197606181
          0,           0,        1033,      -10.75422631,      -7.428487759,      -7.881781701,      -5.204925673
          0,           0,        1034,      -10.76145108,      -7.435761548,      -7.889078314,      -5.212185553
          0,           0,        1035,      -10.76873694,      -7.443034892,      -7.896341311,      -5.219446834
          0,           0,        1036,      -10.77602946,      -7.450309425,      -7.903601273,      -5.226729601
          0,           0,        1037,       -10.7833266,       -7.45757797,      -7.910885206,      -5.234025447
          0,           0,        1038,      -10.79057939,      -7.464856776,      -7.918161176,      -5.241308424
          0,           0,        1039,      -10.79785608,      -7.472131899,      -7.925428369,      -5.248593951
          0,           0,        1040,      -10.80511398,      -7.479403822,      -7.932697328,      -5.255831161
          0,           0,        1041,      -10.81237068,        -7.4866715,      -7.939981362,      -5.263073919
          0,           0,        1042,      -10.81958074,      -7.493944228,      -7.947247363,      -5.270315672
          0,           0,        1043,      -10.82690342,      -7.501218514,      -7.954536582,      -5.277637566
          0,           0,        1044,      -10.83418142,      -7.508497852,      -7.961792538,      -5.284913427
          0,           0,        1045,      -10.84145217,      -7.515771581,      -7.969081612,      -5.292194654
          0,           0,        1046,      -10.84879966,      -7.523042197,      -7.976349147,      -5.299497211
          0,           0,        1047,      -10.85604335,      -7.530318735,       -7.98362319,      -5.306759892
          0,           0,        1048,       -10.8632978,      -7.537588224,      -7.990892984,      -5.314015867
          0,           0,        1049,      -10.87053818,      -7.544862525,      -7.998164909,      -5.321294528
          0,           0,        1050,      -10.87784614,      -7.552138117,      -8.005434594,      -5.328570928
          0,           0,        1051,      -10.88510848,      -7.559410614,      -8.012707753,      -5.335839315
          0,           0,        1052,      -10.89236012,      -7.566688676,      -8.019971512,      -5.343089796
          0,           0,        1053,      -10.89962504,      -7.573957765,      -8.027242967,      -5.350375408
          0,           0,        1054,      -10.90694153,       -7.58122993,      -8.034539361,      -5.357674389
          0,           0,        1055,       -10.9142065,       -7.58850047,      -8.041813362,       -5.36495025
          0,           0,        1056,      -10.92147046,      -7.595779182,        -8.0490907,      -5.372198263
          0,           0,        1057,       -10.9288062,      -7.603047902,      -8.056357331,      -5.379514535
          0,           0,        1058,      -10.93605247,      -7.610319126,      -8.063602125,       -5.38676299
          0,           0,        1059,      -10.94332257,      -7.617595824,      -8.070903189,       -5.39405936
          0,           0,        1060,      -10.95050323,      -7.624864523,      -8.078184863,      -5.401241655
          0,           0,        1061,      -10.95784243,      -7.632147318,      -8.085409567,      -5.408584481
          0,           0,        1062,      -10.96509513,      -7.639415972,      -8.092708259,      -5.415848937
          0,           0,        1063,       -10.9724002,      -7.646690857,      -8.099973501,       -5.42310996
          0,           0,        1064,       -10.9797262,      -7.653959806,      -8.107261731,      -5.430420667
          0,           0,        1065,       -10.9869301,      -7.661235733,       -8.11454227,      -5.437665472
          0,           0,        1066,      -10.99430842,       -7.66851382,       -8.12177541,      -5.444984102
          0,           0,        1067,      -11.00149359,      -7.675776895,       -8.12910009,      -5.452206158
          0,           0,        1068,       -11.0087569,      -7.683056126,      -8.136366937,      -5.459476907
          0,           0,        1069,      -11.01605024,        -7.6903323,      -8.143602634,      -5.466737254
          0,           0,        1070,      -11.02330977,      -7.697597035,      -8.150862074,      -5.474016135
          0,           0,        1071,      -11.03059312,      -7.704880168,       -8.15812877,      -5.481283811
          0,           0,        1072,      -11.03783208,        -7.7121508,      -8.165414904,      -5.488598219
