
-------------------------------------------------------------------------
|    ___ _   _ ___                                                      |
|   / __| | | |_  )   Release 8.5.0 "Harrier"                           |
|   \__ \ |_| |/ /                                                      |
|   |___/\___//___|   Suite (Computational Fluid Dynamics Code)         |
|                                                                       |
-------------------------------------------------------------------------
| SU2 Project Website: https://su2code.github.io                        |
|                                                                       |
| The SU2 Project is maintained by the SU2 Foundation                   |
| (http://su2foundation.org)                                            |
-------------------------------------------------------------------------
| Copyright 2012-2026, SU2 Contributors                                 |
|                                                                       |
| SU2 is free software; you can redistribute it and/or                  |
| modify it under the terms of the GNU Lesser General Public            |
| License as published by the Free Software Foundation; either          |
| version 2.1 of the License, or (at your option) any later version.    |
|                                                                       |
| SU2 is distributed in the hope that it will be useful,                |
| but WITHOUT ANY WARRANTY; without even the implied warranty of        |
| MERCHANTABILITY or FITNESS FOR A PARTICULAR PURPOSE. See the GNU      |
| Lesser General Public License for more details.                       |
|                                                                       |
| You should have received a copy of the GNU Lesser General Public      |
| License along with SU2. If not, see <http://www.gnu.org/licenses/>.   |
-------------------------------------------------------------------------

Parsing config file for zone 0

----------------- Physical Case Definition ( Zone 0 ) -------------------
Compressible Euler equations.
Mach number: 0.3.
Angle of attack (AoA): 4 deg, and angle of sideslip (AoS): 0 deg.
No restart solution, use the values at infinity (freestream).
Dimensional simulation.
The reference area is 1 m^2.
The semi-span will be computed using the max y(3D) value.
The reference length is 1 m.
Reference origin for moment evaluation is (0.25, 0, 0).
Surface(s) where the force coefficients are evaluated: airfoil.

Surface(s) where the objective function is evaluated: airfoil.
Surface(s) plotted in the output file: airfoil.
Input mesh file name: mesh_NACA0012_inv.su2

--------------- Space Numerical Integration ( Zone 0 ) ------------------
Jameson-Schmidt-Turkel scheme (2nd order in space) for the flow inviscid terms.
JST viscous coefficients (2nd & 4th): 0.5, 0.02.
The method includes a grid stretching correction (p = 0.3).
Gradient for upwind reconstruction: inverse-distance weighted Least-Squares.
Gradient for viscous and source terms: inverse-distance weighted Least-Squares.

--------------- Time Numerical Integration  ( Zone 0 ) ------------------
Local time stepping (steady state simulation).
Euler implicit method for the flow equations.
FGMRES is used for solving the linear system.
Using a LU-SGS preconditioning.
Convergence criteria of the linear solver: 1e-06.
Max number of linear iterations: 5.
W Multigrid Cycle, with 3 multigrid levels.
Damping factor for the residual restriction: 1.
Damping factor for the correction prolongation: 1.
No CFL adaptation.
+-------------------------------------------+
|  MG Level| Presmooth|PostSmooth|CorrectSmo|
+-------------------------------------------+
|         0|         1|         0|         0|
|         1|         2|         0|         0|
|         2|         3|         0|         0|
|         3|         3|         0|         0|
+-------------------------------------------+
Courant-Friedrichs-Lewy number:        4

------------------ Convergence Criteria  ( Zone 0 ) ---------------------
Maximum number of solver subiterations: 9999.
Begin convergence monitoring at iteration 10.
Residual minimum value: 1e-8.
Cauchy series min. value: 1e-10.
Number of Cauchy elements: 100.
Begin windowed time average at iteration 0.

-------------------- Output Information ( Zone 0 ) ----------------------
File writing frequency: 
+------------------------------------+
|                     File| Frequency|
+------------------------------------+
|                  RESTART|        10|
|                 PARAVIEW|       250|
|         SURFACE_PARAVIEW|       250|
|              SURFACE_CSV|       250|
+------------------------------------+
Writing the convergence history file every 1 inner iterations.
Writing the screen convergence history every 1 inner iterations.
The tabular file format is CSV (.csv).
Convergence history file name: history.
Forces breakdown file name: forces_breakdown.dat.
Surface file name: surface_flow.
Volume file name: flow.
Restart file name: restart_flow.

------------- Config File Boundary Information ( Zone 0 ) ---------------
+-----------------------------------------------------------------------+
|                        Marker Type|                        Marker Name|
+-----------------------------------------------------------------------+
|                         Euler wall|                            airfoil|
+-----------------------------------------------------------------------+
|                          Far-field|                           farfield|
+-----------------------------------------------------------------------+

-------------------- Output Preprocessing ( Zone 0 ) --------------------

WARNING: SURFACE_PRESSURE_DROP can only be computed for at least 2 surfaces (outlet, inlet, ...)

Screen output fields: INNER_ITER, RMS_DENSITY, RMS_MOMENTUM-X, RMS_MOMENTUM-Y, RMS_ENERGY
History output group(s): ITER, RMS_RES
Convergence field(s): DRAG
Warning: No (valid) fields chosen for time convergence monitoring. Time convergence monitoring inactive.
Volume output fields: COORDINATES, SOLUTION, PRIMITIVE

------------------- Geometry Preprocessing ( Zone 0 ) -------------------
Two dimensional problem.
5233 grid points before partitioning.
10216 volume elements before partitioning.
2 surface markers.
200 boundary elements in index 0 (Marker = airfoil).
50 boundary elements in index 1 (Marker = farfield).
Executing the partitioning functions.
Building the graph adjacency structure.
Calling ParMETIS... graph partitioning complete (316 edge cuts).
Distributing ParMETIS coloring.
Rebalancing vertices.
Rebalancing volume element connectivity.
Rebalancing markers and surface elements.
5555 vertices including ghost points. 
10532 interior elements including halo cells. 
10532 triangles.
Establishing MPI communication patterns.
Setting point connectivity.
Renumbering points (Reverse Cuthill McKee Ordering).
Recomputing point connectivity.
Setting element connectivity.
Checking the numerical grid orientation.
All volume elements are correctly oriented.
All surface elements are correctly oriented.
Identifying edges and vertices.
Setting the control volume structure.
Area of the computational grid: 1255.76.
Searching for the closest normal neighbors to the surfaces.
Storing a mapping from global to local point index.
Compute the surface curvature.
Max K: 7835.1. Mean K: 34.8252. Standard deviation K: 494.448.
Computing mesh quality statistics for the dual control volumes.
+--------------------------------------------------------------+
|           Mesh Quality Metric|        Minimum|        Maximum|
+--------------------------------------------------------------+
|    Orthogonality Angle (deg.)|        62.6714|        89.7089|
|     CV Face Area Aspect Ratio|        1.00001|        7.18337|
|           CV Sub-Volume Ratio|        1.00285|        6.47826|
+--------------------------------------------------------------+
Setting the multigrid structure. NMG=3
+-------------------------------------------+
|  MG Level|       CVs|Aggl. Rate|       CFL|
+-------------------------------------------+
|         0|      5233|    1/1.00|         4|
|         1|      1659|    1/3.15|   2.66667|

Euler Wall Agglomeration Statistics (45° curvature threshold):
----------------------------------------------------------------
  Marker: airfoil
    Seeds agglomerated:       37 (100.0%)
    Seeds rejected (>45° curv): 0 (0.0%)
----------------------------------------------------------------
|         2|       563|    1/2.95|  1.777778|

Euler Wall Agglomeration Statistics (45° curvature threshold):
----------------------------------------------------------------
  Marker: airfoil
    Seeds agglomerated:       18 (100.0%)
    Seeds rejected (>45° curv): 0 (0.0%)
----------------------------------------------------------------
MG level 3 has only 209 CVs (< MG_MIN_MESHSIZE=500). Reducing MG levels to 2.

Euler Wall Agglomeration Statistics (45° curvature threshold):
----------------------------------------------------------------
  Marker: airfoil
    Seeds agglomerated:       9 (100.0%)
    Seeds rejected (>45° curv): 0 (0.0%)
----------------------------------------------------------------
Finding max control volume width.
Communicating number of neighbors.
Wetted area = 2.0 m.
Area projection in the x-plane = 0.1 m, y-plane = 1.0 m.
Max. coordinate in the x-direction = 1.0 m, y-direction = 0.1 m.
Min. coordinate in the x-direction = 0.0 m, y-direction = -0.1 m.
Computing wall distances.

-------------------- Solver Preprocessing ( Zone 0 ) --------------------
Inviscid flow: Computing density based on free-stream
temperature and pressure using the ideal gas law.
Force coefficients computed using free-stream values.

-- Models:
+------------------------------------------------------------------------------+
|          Viscosity Model|        Conductivity Model|              Fluid Model|
+------------------------------------------------------------------------------+
|                        -|                         -|             STANDARD_AIR|
+------------------------------------------------------------------------------+
-- Fluid properties:
+------------------------------------------------------------------------------+
|                  Name|    Dim. value|    Ref. value|      Unit|Non-dim. value|
+------------------------------------------------------------------------------+
|          Gas Constant|       287.058|             1|  N.m/kg.K|       287.058|
|      Spec. Heat Ratio|             -|             -|         -|           1.4|
+------------------------------------------------------------------------------+
-- Initial and free-stream conditions:
+------------------------------------------------------------------------------+
|                  Name|    Dim. value|    Ref. value|      Unit|Non-dim. value|
+------------------------------------------------------------------------------+
|       Static Pressure|        101325|             1|        Pa|        101325|
|               Density|       1.29225|             1|    kg/m^3|       1.29225|
|           Temperature|        273.15|             1|         K|        273.15|
|          Total Energy|        200965|             1|   m^2/s^2|        200965|
|            Velocity-X|       99.1543|             1|       m/s|       99.1543|
|            Velocity-Y|       6.93354|             1|       m/s|       6.93354|
|    Velocity Magnitude|       99.3964|             1|       m/s|       99.3964|
+------------------------------------------------------------------------------+
|           Mach Number|             -|             -|         -|           0.3|
+------------------------------------------------------------------------------+
Initialize Jacobian structure (Euler). MG level: 0.
Initialize Jacobian structure (Euler). MG level: 1.
Initialize Jacobian structure (Euler). MG level: 2.

------------------- Numerics Preprocessing ( Zone 0 ) -------------------

----------------- Integration Preprocessing ( Zone 0 ) ------------------

------------------- Iteration Preprocessing ( Zone 0 ) ------------------
Euler/Navier-Stokes/RANS fluid iteration.

------------------------------ Begin Solver -----------------------------

Simulation Run using the Single-zone Driver
WARNING: SU2 was not compiled for an AVX-capable architecture. Performance could be better,
         see https://su2code.github.io/docs_v7/Build-SU2-Linux-MacOS/#compiler-optimizations
WARNING: SU2 was not compiled for an AVX-capable architecture. Performance could be better,
         see https://su2code.github.io/docs_v7/Build-SU2-Linux-MacOS/#compiler-optimizations
WARNING: SU2 was not compiled for an AVX-capable architecture. Performance could be better,
         see https://su2code.github.io/docs_v7/Build-SU2-Linux-MacOS/#compiler-optimizations
+----------------------------------------------------------------+
|  Inner_Iter|    rms[Rho]|   rms[RhoU]|   rms[RhoV]|   rms[RhoE]|
+----------------------------------------------------------------+
|           0|   -1.400611|    0.533990|    0.000660|    4.045576|
|           1|   -1.786741|    0.593547|    0.793245|    3.673181|
|           2|   -1.756190|    0.708533|    0.759828|    3.702149|
|           3|   -1.762685|    0.782083|    0.817691|    3.689644|
|           4|   -1.735546|    0.797417|    0.814457|    3.710310|
|           5|   -1.707866|    0.775166|    0.790170|    3.739283|
|           6|   -1.688519|    0.772223|    0.790591|    3.766825|
|           7|   -1.691414|    0.782487|    0.826773|    3.764180|
|           8|   -1.684031|    0.766439|    0.834018|    3.759659|
|           9|   -1.668239|    0.750283|    0.809049|    3.771783|
|          10|   -1.660576|    0.783492|    0.814249|    3.788649|
+-----------------------------------------------------------------------+
|        File Writing Summary       |              Filename             |
+-----------------------------------------------------------------------+
|SU2 binary restart                 |restart_flow.dat                   |

Writing the forces breakdown file (forces_breakdown.dat).
+-----------------------------------------------------------------------+
+----------------------------------------------------------------+
|  Inner_Iter|    rms[Rho]|   rms[RhoU]|   rms[RhoV]|   rms[RhoE]|
+----------------------------------------------------------------+
|          11|   -1.656086|    0.822838|    0.852738|    3.796919|
|          12|   -1.657488|    0.824433|    0.862589|    3.786517|
|          13|   -1.673230|    0.787897|    0.816526|    3.760289|
|          14|   -1.698065|    0.734439|    0.730796|    3.737344|
|          15|   -1.722927|    0.704709|    0.680304|    3.725541|
|          16|   -1.743645|    0.718856|    0.710521|    3.713040|
|          17|   -1.759935|    0.742183|    0.748042|    3.690538|
|          18|   -1.777946|    0.741897|    0.746578|    3.658111|
|          19|   -1.815519|    0.710567|    0.702308|    3.610304|
|          20|   -1.858028|    0.659754|    0.635180|    3.566803|
+-----------------------------------------------------------------------+
|        File Writing Summary       |              Filename             |
+-----------------------------------------------------------------------+
|SU2 binary restart                 |restart_flow.dat                   |

Writing the forces breakdown file (forces_breakdown.dat).
+-----------------------------------------------------------------------+
+----------------------------------------------------------------+
|  Inner_Iter|    rms[Rho]|   rms[RhoU]|   rms[RhoV]|   rms[RhoE]|
+----------------------------------------------------------------+
|          21|   -1.904719|    0.601127|    0.560934|    3.527172|
|          22|   -1.956476|    0.553269|    0.499998|    3.486405|
|          23|   -2.002968|    0.531165|    0.471359|    3.449186|
|          24|   -2.037499|    0.528218|    0.471096|    3.415740|
|          25|   -2.062813|    0.530207|    0.480541|    3.384243|
|          26|   -2.080361|    0.537698|    0.495409|    3.357588|
|          27|   -2.093134|    0.545404|    0.508534|    3.335257|
|          28|   -2.104069|    0.549031|    0.515495|    3.316305|
|          29|   -2.114398|    0.546294|    0.514037|    3.301010|
|          30|   -2.125657|    0.534759|    0.501928|    3.288273|
+-----------------------------------------------------------------------+
|        File Writing Summary       |              Filename             |
+-----------------------------------------------------------------------+
|SU2 binary restart                 |restart_flow.dat                   |

Writing the forces breakdown file (forces_breakdown.dat).
+-----------------------------------------------------------------------+
+----------------------------------------------------------------+
|  Inner_Iter|    rms[Rho]|   rms[RhoU]|   rms[RhoV]|   rms[RhoE]|
+----------------------------------------------------------------+
|          31|   -2.138390|    0.513855|    0.478486|    3.277482|
|          32|   -2.153236|    0.484084|    0.443941|    3.267385|
|          33|   -2.170790|    0.447346|    0.400124|    3.256494|
|          34|   -2.190915|    0.407325|    0.351197|    3.244500|
|          35|   -2.213026|    0.371431|    0.308453|    3.230517|
|          36|   -2.235139|    0.347996|    0.285172|    3.215280|
|          37|   -2.254809|    0.341812|    0.287447|    3.199871|
|          38|   -2.270210|    0.350129|    0.307733|    3.185075|
|          39|   -2.280208|    0.366416|    0.334168|    3.172129|
|          40|   -2.287737|    0.381255|    0.354890|    3.158532|
+-----------------------------------------------------------------------+
|        File Writing Summary       |              Filename             |
+-----------------------------------------------------------------------+
|SU2 binary restart                 |restart_flow.dat                   |

Writing the forces breakdown file (forces_breakdown.dat).
+-----------------------------------------------------------------------+
+----------------------------------------------------------------+
|  Inner_Iter|    rms[Rho]|   rms[RhoU]|   rms[RhoV]|   rms[RhoE]|
+----------------------------------------------------------------+
|          41|   -2.295665|    0.389477|    0.364979|    3.143046|
|          42|   -2.306428|    0.389036|    0.363066|    3.124953|
|          43|   -2.321261|    0.379773|    0.349429|    3.104462|
|          44|   -2.339455|    0.362708|    0.324751|    3.083654|
|          45|   -2.359762|    0.338919|    0.290599|    3.064368|
|          46|   -2.379229|    0.310774|    0.249744|    3.049626|
|          47|   -2.395316|    0.281898|    0.207084|    3.041007|
|          48|   -2.407504|    0.257134|    0.170507|    3.037153|
|          49|   -2.416406|    0.242040|    0.149816|    3.036010|
|          50|   -2.426042|    0.238481|    0.149705|    3.031210|
+-----------------------------------------------------------------------+
|        File Writing Summary       |              Filename             |
+-----------------------------------------------------------------------+
|SU2 binary restart                 |restart_flow.dat                   |

Writing the forces breakdown file (forces_breakdown.dat).
+-----------------------------------------------------------------------+
+----------------------------------------------------------------+
|  Inner_Iter|    rms[Rho]|   rms[RhoU]|   rms[RhoV]|   rms[RhoE]|
+----------------------------------------------------------------+
|          51|   -2.438146|    0.243535|    0.164139|    3.019939|
|          52|   -2.452444|    0.251279|    0.181878|    3.001843|
|          53|   -2.466933|    0.255817|    0.193421|    2.979082|
|          54|   -2.477786|    0.253688|    0.193571|    2.957322|
|          55|   -2.484687|    0.242110|    0.179134|    2.940773|
|          56|   -2.488099|    0.222015|    0.151100|    2.933404|
|          57|   -2.490191|    0.196968|    0.114311|    2.934665|
|          58|   -2.493860|    0.172378|    0.077968|    2.939480|
|          59|   -2.500633|    0.153929|    0.053407|    2.942996|
|          60|   -2.513329|    0.143907|    0.045623|    2.937917|
+-----------------------------------------------------------------------+
|        File Writing Summary       |              Filename             |
+-----------------------------------------------------------------------+
|SU2 binary restart                 |restart_flow.dat                   |

Writing the forces breakdown file (forces_breakdown.dat).
+-----------------------------------------------------------------------+
+----------------------------------------------------------------+
|  Inner_Iter|    rms[Rho]|   rms[RhoU]|   rms[RhoV]|   rms[RhoE]|
+----------------------------------------------------------------+
|          61|   -2.531808|    0.139858|    0.047384|    2.922061|
|          62|   -2.554542|    0.137305|    0.047369|    2.896371|
|          63|   -2.578803|    0.132773|    0.038361|    2.864985|
|          64|   -2.600055|    0.125550|    0.019438|    2.836196|
|          65|   -2.615366|    0.115645|   -0.004350|    2.817175|
|          66|   -2.622612|    0.104821|   -0.023967|    2.811772|
|          67|   -2.622654|    0.094686|   -0.032634|    2.816624|
|          68|   -2.619287|    0.085488|   -0.031883|    2.824143|
|          69|   -2.615937|    0.076457|   -0.029272|    2.829335|
|          70|   -2.617874|    0.065220|   -0.034753|    2.826729|
+-----------------------------------------------------------------------+
|        File Writing Summary       |              Filename             |
+-----------------------------------------------------------------------+
|SU2 binary restart                 |restart_flow.dat                   |

Writing the forces breakdown file (forces_breakdown.dat).
+-----------------------------------------------------------------------+
+----------------------------------------------------------------+
|  Inner_Iter|    rms[Rho]|   rms[RhoU]|   rms[RhoV]|   rms[RhoE]|
+----------------------------------------------------------------+
|          71|   -2.625791|    0.051192|   -0.052333|    2.817150|
|          72|   -2.637148|    0.036598|   -0.078847|    2.804651|
|          73|   -2.646947|    0.026098|   -0.103382|    2.794806|
|          74|   -2.648722|    0.025033|   -0.110141|    2.793665|
|          75|   -2.641957|    0.032749|   -0.093994|    2.799692|
|          76|   -2.630255|    0.043553|   -0.067169|    2.808794|
|          77|   -2.619647|    0.050096|   -0.045957|    2.816022|
|          78|   -2.615260|    0.046833|   -0.040534|    2.817919|
|          79|   -2.618872|    0.031516|   -0.054880|    2.814470|
|          80|   -2.632854|    0.005736|   -0.086217|    2.802908|
+-----------------------------------------------------------------------+
|        File Writing Summary       |              Filename             |
+-----------------------------------------------------------------------+
|SU2 binary restart                 |restart_flow.dat                   |

Writing the forces breakdown file (forces_breakdown.dat).
+-----------------------------------------------------------------------+
+----------------------------------------------------------------+
|  Inner_Iter|    rms[Rho]|   rms[RhoU]|   rms[RhoV]|   rms[RhoE]|
+----------------------------------------------------------------+
|          81|   -2.652599|   -0.024450|   -0.125914|    2.787139|
|          82|   -2.672040|   -0.050457|   -0.161598|    2.772568|
|          83|   -2.686757|   -0.063494|   -0.176503|    2.761303|
|          84|   -2.693937|   -0.060843|   -0.163791|    2.754054|
|          85|   -2.693656|   -0.048006|   -0.134132|    2.750302|
|          86|   -2.687452|   -0.032971|   -0.102401|    2.750207|
|          87|   -2.681839|   -0.025143|   -0.082127|    2.749280|
|          88|   -2.681355|   -0.029129|   -0.078486|    2.745117|
|          89|   -2.688604|   -0.046296|   -0.092632|    2.736480|
|          90|   -2.703930|   -0.075290|   -0.123283|    2.723655|
+-----------------------------------------------------------------------+
|        File Writing Summary       |              Filename             |
+-----------------------------------------------------------------------+
|SU2 binary restart                 |restart_flow.dat                   |

Writing the forces breakdown file (forces_breakdown.dat).
+-----------------------------------------------------------------------+
+----------------------------------------------------------------+
|  Inner_Iter|    rms[Rho]|   rms[RhoU]|   rms[RhoV]|   rms[RhoE]|
+----------------------------------------------------------------+
|          91|   -2.725042|   -0.111881|   -0.167096|    2.709266|
|          92|   -2.748287|   -0.146771|   -0.213782|    2.695038|
|          93|   -2.767838|   -0.168548|   -0.247386|    2.683699|
|          94|   -2.778996|   -0.170444|   -0.254040|    2.676491|
|          95|   -2.781359|   -0.156539|   -0.235872|    2.672205|
|          96|   -2.777327|   -0.136357|   -0.206706|    2.669722|
|          97|   -2.774702|   -0.122039|   -0.183654|    2.663455|
|          98|   -2.778265|   -0.119770|   -0.175220|    2.651385|
|          99|   -2.790095|   -0.131804|   -0.184447|    2.633789|
|         100|   -2.809773|   -0.157688|   -0.211225|    2.613051|
+-----------------------------------------------------------------------+
|        File Writing Summary       |              Filename             |
+-----------------------------------------------------------------------+
|SU2 binary restart                 |restart_flow.dat                   |

Writing the forces breakdown file (forces_breakdown.dat).
+-----------------------------------------------------------------------+
+----------------------------------------------------------------+
|  Inner_Iter|    rms[Rho]|   rms[RhoU]|   rms[RhoV]|   rms[RhoE]|
+----------------------------------------------------------------+
|         101|   -2.834326|   -0.194469|   -0.253228|    2.593835|
|         102|   -2.860277|   -0.234402|   -0.300721|    2.578427|
|         103|   -2.882382|   -0.265818|   -0.337210|    2.568191|
|         104|   -2.897112|   -0.278862|   -0.347078|    2.561387|
|         105|   -2.905088|   -0.274360|   -0.331826|    2.554086|
|         106|   -2.908850|   -0.261767|   -0.306699|    2.544166|
|         107|   -2.915461|   -0.254370|   -0.289778|    2.526940|
|         108|   -2.928746|   -0.259213|   -0.289431|    2.502556|
|         109|   -2.949515|   -0.278087|   -0.307807|    2.474292|
|         110|   -2.975786|   -0.308742|   -0.343299|    2.447526|
+-----------------------------------------------------------------------+
|        File Writing Summary       |              Filename             |
+-----------------------------------------------------------------------+
|SU2 binary restart                 |restart_flow.dat                   |

Writing the forces breakdown file (forces_breakdown.dat).
+-----------------------------------------------------------------------+
+----------------------------------------------------------------+
|  Inner_Iter|    rms[Rho]|   rms[RhoU]|   rms[RhoV]|   rms[RhoE]|
+----------------------------------------------------------------+
|         111|   -3.003104|   -0.345175|   -0.391032|    2.428040|
|         112|   -3.027808|   -0.377533|   -0.439866|    2.415651|
|         113|   -3.047126|   -0.397152|   -0.475766|    2.406829|
|         114|   -3.062230|   -0.402630|   -0.490489|    2.395802|
|         115|   -3.077399|   -0.400583|   -0.489128|    2.377622|
|         116|   -3.096050|   -0.399196|   -0.483531|    2.351008|
|         117|   -3.122163|   -0.404670|   -0.483987|    2.315203|
|         118|   -3.155472|   -0.418753|   -0.495247|    2.274223|
|         119|   -3.192416|   -0.440058|   -0.517920|    2.235280|
|         120|   -3.227687|   -0.465167|   -0.549785|    2.205359|
+-----------------------------------------------------------------------+
|        File Writing Summary       |              Filename             |
+-----------------------------------------------------------------------+
|SU2 binary restart                 |restart_flow.dat                   |

Writing the forces breakdown file (forces_breakdown.dat).
+-----------------------------------------------------------------------+
+----------------------------------------------------------------+
|  Inner_Iter|    rms[Rho]|   rms[RhoU]|   rms[RhoV]|   rms[RhoE]|
+----------------------------------------------------------------+
|         121|   -3.256480|   -0.489656|   -0.586057|    2.187013|
|         122|   -3.279244|   -0.509853|   -0.619324|    2.174229|
|         123|   -3.299156|   -0.524078|   -0.641879|    2.159830|
|         124|   -3.320318|   -0.533072|   -0.650238|    2.138722|
|         125|   -3.344478|   -0.539400|   -0.648573|    2.110051|
|         126|   -3.368007|   -0.546009|   -0.645468|    2.079260|
|         127|   -3.387807|   -0.555723|   -0.650233|    2.052350|
|         128|   -3.398838|   -0.569867|   -0.668251|    2.037473|
|         129|   -3.400189|   -0.587706|   -0.700332|    2.036729|
|         130|   -3.396537|   -0.606344|   -0.741473|    2.043685|
+-----------------------------------------------------------------------+
|        File Writing Summary       |              Filename             |
+-----------------------------------------------------------------------+
|SU2 binary restart                 |restart_flow.dat                   |

Writing the forces breakdown file (forces_breakdown.dat).
+-----------------------------------------------------------------------+
+----------------------------------------------------------------+
|  Inner_Iter|    rms[Rho]|   rms[RhoU]|   rms[RhoV]|   rms[RhoE]|
+----------------------------------------------------------------+
|         131|   -3.393682|   -0.621423|   -0.779232|    2.050001|
|         132|   -3.397028|   -0.630037|   -0.798471|    2.048296|
|         133|   -3.408237|   -0.632746|   -0.795710|    2.036406|
|         134|   -3.425838|   -0.633574|   -0.783628|    2.016550|
|         135|   -3.445993|   -0.637357|   -0.777772|    1.994598|
|         136|   -3.462759|   -0.646837|   -0.786441|    1.979249|
|         137|   -3.474918|   -0.661825|   -0.809981|    1.972668|
|         138|   -3.481625|   -0.678570|   -0.840171|    1.973413|
|         139|   -3.484697|   -0.691444|   -0.862109|    1.975593|
|         140|   -3.486997|   -0.696796|   -0.864542|    1.973324|
+-----------------------------------------------------------------------+
|        File Writing Summary       |              Filename             |
+-----------------------------------------------------------------------+
|SU2 binary restart                 |restart_flow.dat                   |

Writing the forces breakdown file (forces_breakdown.dat).
+-----------------------------------------------------------------------+
+----------------------------------------------------------------+
|  Inner_Iter|    rms[Rho]|   rms[RhoU]|   rms[RhoV]|   rms[RhoE]|
+----------------------------------------------------------------+
|         141|   -3.488811|   -0.695745|   -0.851519|    1.965669|
|         142|   -3.492979|   -0.694737|   -0.840075|    1.951495|
|         143|   -3.499178|   -0.700098|   -0.843929|    1.935178|
|         144|   -3.505889|   -0.715286|   -0.869290|    1.923075|
|         145|   -3.511938|   -0.739692|   -0.914923|    1.918962|
|         146|   -3.516654|   -0.768144|   -0.969130|    1.921862|
|         147|   -3.524713|   -0.793105|   -1.007292|    1.920882|
|         148|   -3.538139|   -0.809123|   -1.014747|    1.910782|
|         149|   -3.554209|   -0.813935|   -0.995062|    1.894232|
|         150|   -3.571223|   -0.811448|   -0.967956|    1.873025|
+-----------------------------------------------------------------------+
|        File Writing Summary       |              Filename             |
+-----------------------------------------------------------------------+
|SU2 binary restart                 |restart_flow.dat                   |

Writing the forces breakdown file (forces_breakdown.dat).
+-----------------------------------------------------------------------+
+----------------------------------------------------------------+
|  Inner_Iter|    rms[Rho]|   rms[RhoU]|   rms[RhoV]|   rms[RhoE]|
+----------------------------------------------------------------+
|         151|   -3.587905|   -0.808295|   -0.949988|    1.850084|
|         152|   -3.603753|   -0.809973|   -0.948861|    1.828917|
|         153|   -3.617818|   -0.818757|   -0.966691|    1.814065|
|         154|   -3.633585|   -0.834962|   -1.001771|    1.803303|
|         155|   -3.651896|   -0.855450|   -1.046393|    1.794683|
|         156|   -3.672546|   -0.875035|   -1.085840|    1.785175|
|         157|   -3.694080|   -0.888829|   -1.104207|    1.772155|
|         158|   -3.711872|   -0.894109|   -1.097595|    1.756995|
|         159|   -3.724924|   -0.894578|   -1.081582|    1.738372|
|         160|   -3.732602|   -0.895670|   -1.072989|    1.718980|
+-----------------------------------------------------------------------+
|        File Writing Summary       |              Filename             |
+-----------------------------------------------------------------------+
|SU2 binary restart                 |restart_flow.dat                   |

Writing the forces breakdown file (forces_breakdown.dat).
+-----------------------------------------------------------------------+
+----------------------------------------------------------------+
|  Inner_Iter|    rms[Rho]|   rms[RhoU]|   rms[RhoV]|   rms[RhoE]|
+----------------------------------------------------------------+
|         161|   -3.736561|   -0.901764|   -1.080651|    1.702287|
|         162|   -3.740419|   -0.914762|   -1.106455|    1.689933|
|         163|   -3.746804|   -0.933630|   -1.147420|    1.682260|
|         164|   -3.760500|   -0.955726|   -1.192470|    1.673459|
|         165|   -3.781662|   -0.976332|   -1.225069|    1.660803|
|         166|   -3.808246|   -0.991248|   -1.233788|    1.643270|
|         167|   -3.836616|   -0.999198|   -1.224475|    1.621720|
|         168|   -3.860406|   -1.001389|   -1.211393|    1.601155|
|         169|   -3.880082|   -1.002329|   -1.207737|    1.580745|
|         170|   -3.897014|   -1.005045|   -1.217348|    1.561455|
+-----------------------------------------------------------------------+
|        File Writing Summary       |              Filename             |
+-----------------------------------------------------------------------+
|SU2 binary restart                 |restart_flow.dat                   |

Writing the forces breakdown file (forces_breakdown.dat).
+-----------------------------------------------------------------------+
+----------------------------------------------------------------+
|  Inner_Iter|    rms[Rho]|   rms[RhoU]|   rms[RhoV]|   rms[RhoE]|
+----------------------------------------------------------------+
|         171|   -3.914547|   -1.010274|   -1.237536|    1.542650|
|         172|   -3.936069|   -1.017137|   -1.261938|    1.522240|
|         173|   -3.961602|   -1.024019|   -1.283919|    1.499972|
|         174|   -3.990791|   -1.030781|   -1.301614|    1.474403|
|         175|   -4.018353|   -1.037834|   -1.318697|    1.449202|
|         176|   -4.037796|   -1.045816|   -1.340270|    1.430252|
|         177|   -4.046769|   -1.054949|   -1.368087|    1.420669|
|         178|   -4.048345|   -1.064546|   -1.397907|    1.418661|
|         179|   -4.051108|   -1.073798|   -1.420491|    1.415975|
|         180|   -4.060581|   -1.081841|   -1.428631|    1.406907|
+-----------------------------------------------------------------------+
|        File Writing Summary       |              Filename             |
+-----------------------------------------------------------------------+
|SU2 binary restart                 |restart_flow.dat                   |

Writing the forces breakdown file (forces_breakdown.dat).
+-----------------------------------------------------------------------+
+----------------------------------------------------------------+
|  Inner_Iter|    rms[Rho]|   rms[RhoU]|   rms[RhoV]|   rms[RhoE]|
+----------------------------------------------------------------+
|         181|   -4.078824|   -1.088456|   -1.424433|    1.389275|
|         182|   -4.104375|   -1.094255|   -1.417563|    1.364864|
|         183|   -4.131517|   -1.100060|   -1.416732|    1.340157|
|         184|   -4.158077|   -1.106827|   -1.426566|    1.318317|
|         185|   -4.180979|   -1.114713|   -1.445780|    1.302311|
|         186|   -4.199685|   -1.123121|   -1.468588|    1.291102|
|         187|   -4.215150|   -1.131194|   -1.487425|    1.281303|
|         188|   -4.225428|   -1.138204|   -1.497221|    1.272348|
|         189|   -4.230570|   -1.144417|   -1.500170|    1.263064|
|         190|   -4.229174|   -1.150460|   -1.502751|    1.256036|
+-----------------------------------------------------------------------+
|        File Writing Summary       |              Filename             |
+-----------------------------------------------------------------------+
|SU2 binary restart                 |restart_flow.dat                   |

Writing the forces breakdown file (forces_breakdown.dat).
+-----------------------------------------------------------------------+
+----------------------------------------------------------------+
|  Inner_Iter|    rms[Rho]|   rms[RhoU]|   rms[RhoV]|   rms[RhoE]|
+----------------------------------------------------------------+
|         191|   -4.222688|   -1.156978|   -1.510713|    1.253339|
|         192|   -4.216056|   -1.164330|   -1.526340|    1.253728|
|         193|   -4.213678|   -1.172362|   -1.547929|    1.254613|
|         194|   -4.224765|   -1.182097|   -1.571978|    1.245799|
|         195|   -4.247011|   -1.193076|   -1.593914|    1.228564|
|         196|   -4.273164|   -1.203513|   -1.609846|    1.210197|
|         197|   -4.299546|   -1.213030|   -1.618535|    1.192326|
|         198|   -4.322752|   -1.221762|   -1.621417|    1.175560|
|         199|   -4.340996|   -1.230083|   -1.621549|    1.159794|
|         200|   -4.352281|   -1.237771|   -1.621482|    1.147109|
+-----------------------------------------------------------------------+
|        File Writing Summary       |              Filename             |
+-----------------------------------------------------------------------+
|SU2 binary restart                 |restart_flow.dat                   |

Writing the forces breakdown file (forces_breakdown.dat).
+-----------------------------------------------------------------------+
+----------------------------------------------------------------+
|  Inner_Iter|    rms[Rho]|   rms[RhoU]|   rms[RhoV]|   rms[RhoE]|
+----------------------------------------------------------------+
|         201|   -4.363114|   -1.245954|   -1.625267|    1.132696|
|         202|   -4.376912|   -1.255160|   -1.635073|    1.115522|
|         203|   -4.394462|   -1.265643|   -1.651473|    1.096618|
|         204|   -4.413441|   -1.277335|   -1.673342|    1.078859|
|         205|   -4.427174|   -1.289379|   -1.697546|    1.068056|
|         206|   -4.434030|   -1.301669|   -1.719684|    1.062927|
|         207|   -4.432817|   -1.313603|   -1.735479|    1.062445|
|         208|   -4.426980|   -1.324697|   -1.743307|    1.063240|
|         209|   -4.422525|   -1.334859|   -1.745438|    1.061126|
|         210|   -4.422136|   -1.343890|   -1.745450|    1.055666|
+-----------------------------------------------------------------------+
|        File Writing Summary       |              Filename             |
+-----------------------------------------------------------------------+
|SU2 binary restart                 |restart_flow.dat                   |

Writing the forces breakdown file (forces_breakdown.dat).
+-----------------------------------------------------------------------+
+----------------------------------------------------------------+
|  Inner_Iter|    rms[Rho]|   rms[RhoU]|   rms[RhoV]|   rms[RhoE]|
+----------------------------------------------------------------+
|         211|   -4.432264|   -1.352988|   -1.749127|    1.042221|
|         212|   -4.453227|   -1.362716|   -1.758991|    1.022125|
|         213|   -4.482462|   -1.373153|   -1.774665|    0.998972|
|         214|   -4.515571|   -1.383973|   -1.793298|    0.976492|
|         215|   -4.545260|   -1.394137|   -1.809987|    0.959114|
|         216|   -4.570811|   -1.403937|   -1.821934|    0.942515|
|         217|   -4.591775|   -1.413527|   -1.829445|    0.924368|
|         218|   -4.609587|   -1.423215|   -1.835915|    0.903715|
|         219|   -4.625737|   -1.433397|   -1.845446|    0.881646|
|         220|   -4.638146|   -1.444087|   -1.860130|    0.862889|
+-----------------------------------------------------------------------+
|        File Writing Summary       |              Filename             |
+-----------------------------------------------------------------------+
|SU2 binary restart                 |restart_flow.dat                   |

Writing the forces breakdown file (forces_breakdown.dat).
+-----------------------------------------------------------------------+
+----------------------------------------------------------------+
|  Inner_Iter|    rms[Rho]|   rms[RhoU]|   rms[RhoV]|   rms[RhoE]|
+----------------------------------------------------------------+
|         221|   -4.649417|   -1.455673|   -1.880447|    0.847465|
|         222|   -4.657891|   -1.467884|   -1.903496|    0.837343|
|         223|   -4.663265|   -1.480105|   -1.924200|    0.831903|
|         224|   -4.667700|   -1.491709|   -1.937905|    0.827812|
|         225|   -4.672396|   -1.502179|   -1.942639|    0.823063|
|         226|   -4.682234|   -1.511737|   -1.942052|    0.813201|
|         227|   -4.698274|   -1.520732|   -1.940795|    0.797926|
|         228|   -4.719540|   -1.529478|   -1.942147|    0.778977|
|         229|   -4.743939|   -1.538139|   -1.947154|    0.758692|
|         230|   -4.768199|   -1.546694|   -1.954963|    0.739549|
+-----------------------------------------------------------------------+
|        File Writing Summary       |              Filename             |
+-----------------------------------------------------------------------+
|SU2 binary restart                 |restart_flow.dat                   |

Writing the forces breakdown file (forces_breakdown.dat).
+-----------------------------------------------------------------------+
+----------------------------------------------------------------+
|  Inner_Iter|    rms[Rho]|   rms[RhoU]|   rms[RhoV]|   rms[RhoE]|
+----------------------------------------------------------------+
|         231|   -4.791212|   -1.555249|   -1.964646|    0.721482|
|         232|   -4.810999|   -1.563868|   -1.975372|    0.705030|
|         233|   -4.825814|   -1.572589|   -1.986924|    0.691028|
|         234|   -4.834705|   -1.581432|   -1.999416|    0.680308|
|         235|   -4.838163|   -1.590382|   -2.012727|    0.673028|
|         236|   -4.838187|   -1.599381|   -2.026141|    0.668304|
|         237|   -4.837638|   -1.608336|   -2.038523|    0.664442|
|         238|   -4.839309|   -1.617167|   -2.048916|    0.659578|
|         239|   -4.845143|   -1.625848|   -2.057112|    0.652356|
|         240|   -4.855791|   -1.634410|   -2.063718|    0.642381|
+-----------------------------------------------------------------------+
|        File Writing Summary       |              Filename             |
+-----------------------------------------------------------------------+
|SU2 binary restart                 |restart_flow.dat                   |

Writing the forces breakdown file (forces_breakdown.dat).
+-----------------------------------------------------------------------+
+----------------------------------------------------------------+
|  Inner_Iter|    rms[Rho]|   rms[RhoU]|   rms[RhoV]|   rms[RhoE]|
+----------------------------------------------------------------+
|         241|   -4.870479|   -1.642887|   -2.069653|    0.630291|
|         242|   -4.887195|   -1.651268|   -2.075552|    0.617427|
|         243|   -4.903323|   -1.659489|   -2.081520|    0.605193|
|         244|   -4.916683|   -1.667470|   -2.087377|    0.594389|
|         245|   -4.926517|   -1.675185|   -2.093136|    0.584941|
|         246|   -4.933664|   -1.682698|   -2.099309|    0.576201|
|         247|   -4.939760|   -1.690139|   -2.106778|    0.567576|
|         248|   -4.946135|   -1.697644|   -2.116312|    0.559002|
|         249|   -4.953194|   -1.705274|   -2.128056|    0.550950|
|         250|   -4.960520|   -1.712987|   -2.141285|    0.543988|
+-----------------------------------------------------------------------+
|        File Writing Summary       |              Filename             |
+-----------------------------------------------------------------------+
|SU2 binary restart                 |restart_flow.dat                   |

Writing the forces breakdown file (forces_breakdown.dat).
|Paraview                           |flow.vtu                           |

Writing the forces breakdown file (forces_breakdown.dat).
|Paraview surface                   |surface_flow.vtu                   |

Writing the forces breakdown file (forces_breakdown.dat).
|CSV file                           |surface_flow.csv                   |

Writing the forces breakdown file (forces_breakdown.dat).
+-----------------------------------------------------------------------+
+----------------------------------------------------------------+
|  Inner_Iter|    rms[Rho]|   rms[RhoU]|   rms[RhoV]|   rms[RhoE]|
+----------------------------------------------------------------+
|         251|   -4.967500|   -1.720665|   -2.154589|    0.538203|
|         252|   -4.974021|   -1.728184|   -2.166491|    0.532931|
|         253|   -4.980769|   -1.735492|   -2.176189|    0.526994|
|         254|   -4.988940|   -1.742635|   -2.183944|    0.519272|
|         255|   -4.999562|   -1.749727|   -2.190792|    0.509263|
|         256|   -5.012863|   -1.756884|   -2.197847|    0.497347|
|         257|   -5.027970|   -1.764154|   -2.205687|    0.484672|
|         258|   -5.043101|   -1.771501|   -2.214173|    0.472675|
|         259|   -5.056245|   -1.778831|   -2.222699|    0.462453|
|         260|   -5.066085|   -1.786045|   -2.230676|    0.454316|
+-----------------------------------------------------------------------+
|        File Writing Summary       |              Filename             |
+-----------------------------------------------------------------------+
|SU2 binary restart                 |restart_flow.dat                   |

Writing the forces breakdown file (forces_breakdown.dat).
+-----------------------------------------------------------------------+
+----------------------------------------------------------------+
|  Inner_Iter|    rms[Rho]|   rms[RhoU]|   rms[RhoV]|   rms[RhoE]|
+----------------------------------------------------------------+
|         261|   -5.072618|   -1.793088|   -2.237948|    0.447808|
|         262|   -5.077017|   -1.799969|   -2.244872|    0.442113|
|         263|   -5.080907|   -1.806740|   -2.252054|    0.436526|
|         264|   -5.085616|   -1.813453|   -2.259962|    0.430689|
|         265|   -5.091827|   -1.820132|   -2.268656|    0.424542|
|         266|   -5.099618|   -1.826763|   -2.277778|    0.418111|
|         267|   -5.108718|   -1.833318|   -2.286768|    0.411337|
|         268|   -5.118777|   -1.839776|   -2.295164|    0.404034|
|         269|   -5.129530|   -1.846148|   -2.302827|    0.395992|
|         270|   -5.140806|   -1.852479|   -2.309961|    0.387135|
+-----------------------------------------------------------------------+
|        File Writing Summary       |              Filename             |
+-----------------------------------------------------------------------+
|SU2 binary restart                 |restart_flow.dat                   |

Writing the forces breakdown file (forces_breakdown.dat).
+-----------------------------------------------------------------------+
+----------------------------------------------------------------+
|  Inner_Iter|    rms[Rho]|   rms[RhoU]|   rms[RhoV]|   rms[RhoE]|
+----------------------------------------------------------------+
|         271|   -5.152421|   -1.858824|   -2.316950|    0.377622|
|         272|   -5.164068|   -1.865235|   -2.324139|    0.367850|
|         273|   -5.175271|   -1.871735|   -2.331676|    0.358338|
|         274|   -5.185477|   -1.878319|   -2.339490|    0.349566|
|         275|   -5.194232|   -1.884959|   -2.347368|    0.341824|
|         276|   -5.201360|   -1.891622|   -2.355080|    0.335148|
|         277|   -5.207066|   -1.898274|   -2.362478|    0.329343|
|         278|   -5.211898|   -1.904896|   -2.369542|    0.324058|
|         279|   -5.216588|   -1.911479|   -2.376350|    0.318891|
|         280|   -5.221851|   -1.918024|   -2.383026|    0.313471|
+-----------------------------------------------------------------------+
|        File Writing Summary       |              Filename             |
+-----------------------------------------------------------------------+
|SU2 binary restart                 |restart_flow.dat                   |

Writing the forces breakdown file (forces_breakdown.dat).
+-----------------------------------------------------------------------+
+----------------------------------------------------------------+
|  Inner_Iter|    rms[Rho]|   rms[RhoU]|   rms[RhoV]|   rms[RhoE]|
+----------------------------------------------------------------+
|         281|   -5.228218|   -1.924539|   -2.389687|    0.307526|
|         282|   -5.235937|   -1.931037|   -2.396410|    0.300909|
|         283|   -5.244955|   -1.937532|   -2.403237|    0.293610|
|         284|   -5.254967|   -1.944041|   -2.410182|    0.285735|
|         285|   -5.265507|   -1.950582|   -2.417251|    0.277468|
|         286|   -5.276067|   -1.957173|   -2.424456|    0.269027|
|         287|   -5.286204|   -1.963830|   -2.431816|    0.260624|
|         288|   -5.295611|   -1.970565|   -2.439344|    0.252432|
|         289|   -5.304155|   -1.977383|   -2.447037|    0.244574|
|         290|   -5.311855|   -1.984287|   -2.454857|    0.237117|
+-----------------------------------------------------------------------+
|        File Writing Summary       |              Filename             |
+-----------------------------------------------------------------------+
|SU2 binary restart                 |restart_flow.dat                   |

Writing the forces breakdown file (forces_breakdown.dat).
+-----------------------------------------------------------------------+
+----------------------------------------------------------------+
|  Inner_Iter|    rms[Rho]|   rms[RhoU]|   rms[RhoV]|   rms[RhoE]|
+----------------------------------------------------------------+
|         291|   -5.318852|   -1.991270|   -2.462728|    0.230063|
|         292|   -5.325360|   -1.998320|   -2.470548|    0.223359|
|         293|   -5.331629|   -2.005420|   -2.478202|    0.216895|
|         294|   -5.337917|   -2.012553|   -2.485605|    0.210518|
|         295|   -5.344462|   -2.019701|   -2.492720|    0.204060|
|         296|   -5.351458|   -2.026857|   -2.499581|    0.197364|
|         297|   -5.359030|   -2.034016|   -2.506287|    0.190319|
|         298|   -5.367211|   -2.041185|   -2.512972|    0.182882|
|         299|   -5.375930|   -2.048373|   -2.519777|    0.175086|
|         300|   -5.385010|   -2.055593|   -2.526808|    0.167030|
+-----------------------------------------------------------------------+
|        File Writing Summary       |              Filename             |
+-----------------------------------------------------------------------+
|SU2 binary restart                 |restart_flow.dat                   |

Writing the forces breakdown file (forces_breakdown.dat).
+-----------------------------------------------------------------------+
+----------------------------------------------------------------+
|  Inner_Iter|    rms[Rho]|   rms[RhoU]|   rms[RhoV]|   rms[RhoE]|
+----------------------------------------------------------------+
|         301|   -5.394204|   -2.062856|   -2.534120|    0.158857|
|         302|   -5.403243|   -2.070169|   -2.541710|    0.150711|
|         303|   -5.411905|   -2.077535|   -2.549530|    0.142707|
|         304|   -5.420066|   -2.084955|   -2.557506|    0.134905|
|         305|   -5.427738|   -2.092426|   -2.565558|    0.127304|
|         306|   -5.435045|   -2.099948|   -2.573611|    0.119858|
|         307|   -5.442183|   -2.107517|   -2.581604|    0.112491|
|         308|   -5.449349|   -2.115127|   -2.589487|    0.105132|
|         309|   -5.456692|   -2.122774|   -2.597222|    0.097720|
|         310|   -5.464283|   -2.130449|   -2.604784|    0.090219|
+-----------------------------------------------------------------------+
|        File Writing Summary       |              Filename             |
+-----------------------------------------------------------------------+
|SU2 binary restart                 |restart_flow.dat                   |

Writing the forces breakdown file (forces_breakdown.dat).
+-----------------------------------------------------------------------+
+----------------------------------------------------------------+
|  Inner_Iter|    rms[Rho]|   rms[RhoU]|   rms[RhoV]|   rms[RhoE]|
+----------------------------------------------------------------+
|         311|   -5.472115|   -2.138143|   -2.612174|    0.082615|
|         312|   -5.480131|   -2.145850|   -2.619420|    0.074906|
|         313|   -5.488251|   -2.153566|   -2.626579|    0.067103|
|         314|   -5.496400|   -2.161288|   -2.633732|    0.059228|
|         315|   -5.504518|   -2.169018|   -2.640962|    0.051309|
|         316|   -5.512560|   -2.176760|   -2.648338|    0.043382|
|         317|   -5.520497|   -2.184517|   -2.655897|    0.035485|
|         318|   -5.528313|   -2.192291|   -2.663638|    0.027648|
|         319|   -5.536014|   -2.200081|   -2.671523|    0.019880|
|         320|   -5.543630|   -2.207887|   -2.679494|    0.012168|
+-----------------------------------------------------------------------+
|        File Writing Summary       |              Filename             |
+-----------------------------------------------------------------------+
|SU2 binary restart                 |restart_flow.dat                   |

Writing the forces breakdown file (forces_breakdown.dat).
+-----------------------------------------------------------------------+
+----------------------------------------------------------------+
|  Inner_Iter|    rms[Rho]|   rms[RhoU]|   rms[RhoV]|   rms[RhoE]|
+----------------------------------------------------------------+
|         321|   -5.551216|   -2.215706|   -2.687486|    0.004477|
|         322|   -5.558843|   -2.223538|   -2.695444|   -0.003236|
|         323|   -5.566577|   -2.231381|   -2.703331|   -0.011013|
|         324|   -5.574460|   -2.239236|   -2.711131|   -0.018875|
|         325|   -5.582491|   -2.247103|   -2.718844|   -0.026822|
|         326|   -5.590623|   -2.254979|   -2.726481|   -0.034826|
|         327|   -5.598779|   -2.262864|   -2.734056|   -0.042848|
|         328|   -5.606864|   -2.270754|   -2.741587|   -0.050842|
|         329|   -5.614802|   -2.278646|   -2.749096|   -0.058772|
|         330|   -5.622548|   -2.286537|   -2.756603|   -0.066617|
+-----------------------------------------------------------------------+
|        File Writing Summary       |              Filename             |
+-----------------------------------------------------------------------+
|SU2 binary restart                 |restart_flow.dat                   |

Writing the forces breakdown file (forces_breakdown.dat).
+-----------------------------------------------------------------------+
+----------------------------------------------------------------+
|  Inner_Iter|    rms[Rho]|   rms[RhoU]|   rms[RhoV]|   rms[RhoE]|
+----------------------------------------------------------------+
|         331|   -5.630104|   -2.294424|   -2.764129|   -0.074374|
|         332|   -5.637516|   -2.302306|   -2.771693|   -0.082059|
|         333|   -5.644857|   -2.310181|   -2.779306|   -0.089699|
|         334|   -5.652210|   -2.318049|   -2.786967|   -0.097327|
|         335|   -5.659650|   -2.325908|   -2.794667|   -0.104978|
|         336|   -5.667232|   -2.333758|   -2.802391|   -0.112681|
|         337|   -5.674979|   -2.341601|   -2.810122|   -0.120456|
|         338|   -5.682884|   -2.349437|   -2.817845|   -0.128311|
|         339|   -5.690913|   -2.357268|   -2.825552|   -0.136238|
|         340|   -5.699013|   -2.365095|   -2.833242|   -0.144217|
+-----------------------------------------------------------------------+
|        File Writing Summary       |              Filename             |
+-----------------------------------------------------------------------+
|SU2 binary restart                 |restart_flow.dat                   |

Writing the forces breakdown file (forces_breakdown.dat).
+-----------------------------------------------------------------------+
+----------------------------------------------------------------+
|  Inner_Iter|    rms[Rho]|   rms[RhoU]|   rms[RhoV]|   rms[RhoE]|
+----------------------------------------------------------------+
|         341|   -5.707119|   -2.372922|   -2.840917|   -0.152218|
|         342|   -5.715166|   -2.380749|   -2.848582|   -0.160203|
|         343|   -5.723097|   -2.388577|   -2.856240|   -0.168137|
|         344|   -5.730874|   -2.396404|   -2.863889|   -0.175993|
|         345|   -5.738482|   -2.404228|   -2.871524|   -0.183755|
|         346|   -5.745935|   -2.412048|   -2.879138|   -0.191425|
|         347|   -5.753277|   -2.419858|   -2.886726|   -0.199021|
|         348|   -5.760567|   -2.427657|   -2.894286|   -0.206573|
|         349|   -5.767874|   -2.435442|   -2.901820|   -0.214115|
|         350|   -5.775260|   -2.443213|   -2.909336|   -0.221681|
+-----------------------------------------------------------------------+
|        File Writing Summary       |              Filename             |
+-----------------------------------------------------------------------+
|SU2 binary restart                 |restart_flow.dat                   |

Writing the forces breakdown file (forces_breakdown.dat).
+-----------------------------------------------------------------------+
+----------------------------------------------------------------+
|  Inner_Iter|    rms[Rho]|   rms[RhoU]|   rms[RhoV]|   rms[RhoE]|
+----------------------------------------------------------------+
|         351|   -5.782767|   -2.450967|   -2.916843|   -0.229296|
|         352|   -5.790412|   -2.458707|   -2.924352|   -0.236973|
|         353|   -5.798184|   -2.466435|   -2.931873|   -0.244713|
|         354|   -5.806049|   -2.474151|   -2.939412|   -0.252503|
|         355|   -5.813957|   -2.481858|   -2.946973|   -0.260322|
|         356|   -5.821857|   -2.489559|   -2.954557|   -0.268146|
|         357|   -5.829699|   -2.497255|   -2.962159|   -0.275951|
|         358|   -5.837453|   -2.504948|   -2.969773|   -0.283717|
|         359|   -5.845101|   -2.512637|   -2.977389|   -0.291430|
|         360|   -5.852645|   -2.520324|   -2.984996|   -0.299085|
+-----------------------------------------------------------------------+
|        File Writing Summary       |              Filename             |
+-----------------------------------------------------------------------+
|SU2 binary restart                 |restart_flow.dat                   |

Writing the forces breakdown file (forces_breakdown.dat).
+-----------------------------------------------------------------------+
+----------------------------------------------------------------+
|  Inner_Iter|    rms[Rho]|   rms[RhoU]|   rms[RhoV]|   rms[RhoE]|
+----------------------------------------------------------------+
|         361|   -5.860104|   -2.528005|   -2.992582|   -0.306685|
|         362|   -5.867504|   -2.535681|   -3.000135|   -0.314241|
|         363|   -5.874879|   -2.543348|   -3.007649|   -0.321767|
|         364|   -5.882261|   -2.551005|   -3.015123|   -0.329283|
|         365|   -5.889679|   -2.558651|   -3.022559|   -0.336804|
|         366|   -5.897150|   -2.566285|   -3.029967|   -0.344344|
|         367|   -5.904680|   -2.573907|   -3.037362|   -0.351910|
|         368|   -5.912265|   -2.581518|   -3.044755|   -0.359503|
|         369|   -5.919891|   -2.589118|   -3.052161|   -0.367117|
|         370|   -5.927535|   -2.596709|   -3.059587|   -0.374743|
+-----------------------------------------------------------------------+
|        File Writing Summary       |              Filename             |
+-----------------------------------------------------------------------+
|SU2 binary restart                 |restart_flow.dat                   |

Writing the forces breakdown file (forces_breakdown.dat).
+-----------------------------------------------------------------------+
+----------------------------------------------------------------+
|  Inner_Iter|    rms[Rho]|   rms[RhoU]|   rms[RhoV]|   rms[RhoE]|
+----------------------------------------------------------------+
|         371|   -5.935176|   -2.604293|   -3.067038|   -0.382370|
|         372|   -5.942793|   -2.611872|   -3.074512|   -0.389988|
|         373|   -5.950374|   -2.619445|   -3.082005|   -0.397588|
|         374|   -5.957913|   -2.627015|   -3.089508|   -0.405165|
|         375|   -5.965411|   -2.634581|   -3.097011|   -0.412721|
|         376|   -5.972878|   -2.642144|   -3.104504|   -0.420255|
|         377|   -5.980326|   -2.649703|   -3.111977|   -0.427774|
|         378|   -5.987765|   -2.657258|   -3.119426|   -0.435283|
|         379|   -5.995205|   -2.664808|   -3.126847|   -0.442785|
|         380|   -6.002652|   -2.672353|   -3.134240|   -0.450285|
+-----------------------------------------------------------------------+
|        File Writing Summary       |              Filename             |
+-----------------------------------------------------------------------+
|SU2 binary restart                 |restart_flow.dat                   |

Writing the forces breakdown file (forces_breakdown.dat).
+-----------------------------------------------------------------------+
+----------------------------------------------------------------+
|  Inner_Iter|    rms[Rho]|   rms[RhoU]|   rms[RhoV]|   rms[RhoE]|
+----------------------------------------------------------------+
|         381|   -6.010107|   -2.679892|   -3.141608|   -0.457785|
|         382|   -6.017568|   -2.687425|   -3.148959|   -0.465285|
|         383|   -6.025032|   -2.694952|   -3.156299|   -0.472785|
|         384|   -6.032495|   -2.702473|   -3.163638|   -0.480284|
|         385|   -6.039953|   -2.709989|   -3.170981|   -0.487780|
|         386|   -6.047404|   -2.717499|   -3.178334|   -0.495273|
|         387|   -6.054849|   -2.725005|   -3.185699|   -0.502762|
|         388|   -6.062289|   -2.732507|   -3.193076|   -0.510247|
|         389|   -6.069727|   -2.740005|   -3.200463|   -0.517730|
|         390|   -6.077164|   -2.747500|   -3.207856|   -0.525211|
+-----------------------------------------------------------------------+
|        File Writing Summary       |              Filename             |
+-----------------------------------------------------------------------+
|SU2 binary restart                 |restart_flow.dat                   |

Writing the forces breakdown file (forces_breakdown.dat).
+-----------------------------------------------------------------------+
+----------------------------------------------------------------+
|  Inner_Iter|    rms[Rho]|   rms[RhoU]|   rms[RhoV]|   rms[RhoE]|
+----------------------------------------------------------------+
|         391|   -6.084604|   -2.754992|   -3.215248|   -0.532693|
|         392|   -6.092048|   -2.762483|   -3.222636|   -0.540175|
|         393|   -6.099494|   -2.769971|   -3.230017|   -0.547659|
|         394|   -6.106941|   -2.777458|   -3.237386|   -0.555142|
|         395|   -6.114384|   -2.784943|   -3.244743|   -0.562623|
|         396|   -6.121817|   -2.792426|   -3.252087|   -0.570099|
|         397|   -6.129237|   -2.799908|   -3.259420|   -0.577567|
|         398|   -6.136640|   -2.807387|   -3.266744|   -0.585026|
|         399|   -6.144025|   -2.814863|   -3.274061|   -0.592473|
|         400|   -6.151393|   -2.822337|   -3.281373|   -0.599911|
+-----------------------------------------------------------------------+
|        File Writing Summary       |              Filename             |
+-----------------------------------------------------------------------+
|SU2 binary restart                 |restart_flow.dat                   |

Writing the forces breakdown file (forces_breakdown.dat).
+-----------------------------------------------------------------------+
+----------------------------------------------------------------+
|  Inner_Iter|    rms[Rho]|   rms[RhoU]|   rms[RhoV]|   rms[RhoE]|
+----------------------------------------------------------------+
|         401|   -6.158750|   -2.829808|   -3.288683|   -0.607341|
|         402|   -6.166101|   -2.837276|   -3.295993|   -0.614766|
|         403|   -6.173453|   -2.844740|   -3.303305|   -0.622189|
|         404|   -6.180813|   -2.852201|   -3.310621|   -0.629615|
|         405|   -6.188184|   -2.859660|   -3.317939|   -0.637045|
|         406|   -6.195569|   -2.867115|   -3.325261|   -0.644481|
|         407|   -6.202966|   -2.874569|   -3.332584|   -0.651923|
|         408|   -6.210371|   -2.882020|   -3.339909|   -0.659371|
|         409|   -6.217781|   -2.889470|   -3.347233|   -0.666821|
|         410|   -6.225187|   -2.896918|   -3.354555|   -0.674271|
+-----------------------------------------------------------------------+
|        File Writing Summary       |              Filename             |
+-----------------------------------------------------------------------+
|SU2 binary restart                 |restart_flow.dat                   |

Writing the forces breakdown file (forces_breakdown.dat).
+-----------------------------------------------------------------------+
+----------------------------------------------------------------+
|  Inner_Iter|    rms[Rho]|   rms[RhoU]|   rms[RhoV]|   rms[RhoE]|
+----------------------------------------------------------------+
|         411|   -6.232584|   -2.904365|   -3.361875|   -0.681717|
|         412|   -6.239967|   -2.911811|   -3.369191|   -0.689156|
|         413|   -6.247333|   -2.919256|   -3.376502|   -0.696586|
|         414|   -6.254680|   -2.926699|   -3.383807|   -0.704005|
|         415|   -6.262011|   -2.934140|   -3.391106|   -0.711413|
|         416|   -6.269328|   -2.941579|   -3.398399|   -0.718812|
|         417|   -6.276638|   -2.949015|   -3.405687|   -0.726205|
|         418|   -6.283945|   -2.956449|   -3.412971|   -0.733593|
|         419|   -6.291256|   -2.963879|   -3.420251|   -0.740981|
|         420|   -6.298574|   -2.971306|   -3.427530|   -0.748371|
+-----------------------------------------------------------------------+
|        File Writing Summary       |              Filename             |
+-----------------------------------------------------------------------+
|SU2 binary restart                 |restart_flow.dat                   |

Writing the forces breakdown file (forces_breakdown.dat).
+-----------------------------------------------------------------------+
+----------------------------------------------------------------+
|  Inner_Iter|    rms[Rho]|   rms[RhoU]|   rms[RhoV]|   rms[RhoE]|
+----------------------------------------------------------------+
|         421|   -6.305902|   -2.978730|   -3.434809|   -0.755764|
|         422|   -6.313240|   -2.986150|   -3.442089|   -0.763161|
|         423|   -6.320586|   -2.993568|   -3.449371|   -0.770562|
|         424|   -6.327936|   -3.000983|   -3.456655|   -0.777966|
|         425|   -6.335287|   -3.008396|   -3.463942|   -0.785370|
|         426|   -6.342634|   -3.015806|   -3.471230|   -0.792771|
|         427|   -6.349974|   -3.023214|   -3.478519|   -0.800169|
|         428|   -6.357303|   -3.030620|   -3.485807|   -0.807561|
|         429|   -6.364621|   -3.038024|   -3.493093|   -0.814945|
|         430|   -6.371928|   -3.045426|   -3.500375|   -0.822322|
+-----------------------------------------------------------------------+
|        File Writing Summary       |              Filename             |
+-----------------------------------------------------------------------+
|SU2 binary restart                 |restart_flow.dat                   |

Writing the forces breakdown file (forces_breakdown.dat).
+-----------------------------------------------------------------------+
+----------------------------------------------------------------+
|  Inner_Iter|    rms[Rho]|   rms[RhoU]|   rms[RhoV]|   rms[RhoE]|
+----------------------------------------------------------------+
|         431|   -6.379224|   -3.052825|   -3.507652|   -0.829691|
|         432|   -6.386513|   -3.060221|   -3.514924|   -0.837055|
|         433|   -6.393798|   -3.067615|   -3.522191|   -0.844413|
|         434|   -6.401081|   -3.075005|   -3.529452|   -0.851767|
|         435|   -6.408365|   -3.082392|   -3.536710|   -0.859120|
|         436|   -6.415651|   -3.089776|   -3.543965|   -0.866471|
|         437|   -6.422941|   -3.097156|   -3.551218|   -0.873823|
|         438|   -6.430234|   -3.104532|   -3.558471|   -0.881175|
|         439|   -6.437531|   -3.111905|   -3.565725|   -0.888527|
|         440|   -6.444828|   -3.119275|   -3.572981|   -0.895878|
+-----------------------------------------------------------------------+
|        File Writing Summary       |              Filename             |
+-----------------------------------------------------------------------+
|SU2 binary restart                 |restart_flow.dat                   |

Writing the forces breakdown file (forces_breakdown.dat).
+-----------------------------------------------------------------------+
+----------------------------------------------------------------+
|  Inner_Iter|    rms[Rho]|   rms[RhoU]|   rms[RhoV]|   rms[RhoE]|
+----------------------------------------------------------------+
|         441|   -6.452125|   -3.126642|   -3.580238|   -0.903228|
|         442|   -6.459420|   -3.134005|   -3.587497|   -0.910576|
|         443|   -6.466711|   -3.141366|   -3.594758|   -0.917920|
|         444|   -6.473998|   -3.148724|   -3.602018|   -0.925261|
|         445|   -6.481279|   -3.156079|   -3.609277|   -0.932597|
|         446|   -6.488556|   -3.163431|   -3.616534|   -0.939929|
|         447|   -6.495828|   -3.170780|   -3.623788|   -0.947257|
|         448|   -6.503096|   -3.178127|   -3.631038|   -0.954580|
|         449|   -6.510360|   -3.185470|   -3.638284|   -0.961900|
|         450|   -6.517623|   -3.192810|   -3.645527|   -0.969215|
+-----------------------------------------------------------------------+
|        File Writing Summary       |              Filename             |
+-----------------------------------------------------------------------+
|SU2 binary restart                 |restart_flow.dat                   |

Writing the forces breakdown file (forces_breakdown.dat).
+-----------------------------------------------------------------------+
+----------------------------------------------------------------+
|  Inner_Iter|    rms[Rho]|   rms[RhoU]|   rms[RhoV]|   rms[RhoE]|
+----------------------------------------------------------------+
|         451|   -6.524883|   -3.200147|   -3.652767|   -0.976528|
|         452|   -6.532143|   -3.207481|   -3.660004|   -0.983838|
|         453|   -6.539402|   -3.214812|   -3.667239|   -0.991145|
|         454|   -6.546660|   -3.222139|   -3.674473|   -0.998451|
|         455|   -6.553918|   -3.229462|   -3.681707|   -1.005754|
|         456|   -6.561177|   -3.236783|   -3.688941|   -1.013055|
|         457|   -6.568434|   -3.244100|   -3.696176|   -1.020355|
|         458|   -6.575692|   -3.251415|   -3.703412|   -1.027653|
|         459|   -6.582949|   -3.258726|   -3.710649|   -1.034949|
|         460|   -6.590206|   -3.266034|   -3.717886|   -1.042243|
+-----------------------------------------------------------------------+
|        File Writing Summary       |              Filename             |
+-----------------------------------------------------------------------+
|SU2 binary restart                 |restart_flow.dat                   |

Writing the forces breakdown file (forces_breakdown.dat).
+-----------------------------------------------------------------------+
+----------------------------------------------------------------+
|  Inner_Iter|    rms[Rho]|   rms[RhoU]|   rms[RhoV]|   rms[RhoE]|
+----------------------------------------------------------------+
|         461|   -6.597461|   -3.273340|   -3.725122|   -1.049535|
|         462|   -6.604715|   -3.280643|   -3.732358|   -1.056824|
|         463|   -6.611967|   -3.287943|   -3.739592|   -1.064111|
|         464|   -6.619216|   -3.295240|   -3.746825|   -1.071394|
|         465|   -6.626464|   -3.302535|   -3.754056|   -1.078675|
|         466|   -6.633708|   -3.309827|   -3.761284|   -1.085953|
|         467|   -6.640950|   -3.317117|   -3.768511|   -1.093227|
|         468|   -6.648190|   -3.324404|   -3.775735|   -1.100499|
|         469|   -6.655427|   -3.331688|   -3.782958|   -1.107767|
|         470|   -6.662663|   -3.338969|   -3.790181|   -1.115033|
+-----------------------------------------------------------------------+
|        File Writing Summary       |              Filename             |
+-----------------------------------------------------------------------+
|SU2 binary restart                 |restart_flow.dat                   |

Writing the forces breakdown file (forces_breakdown.dat).
+-----------------------------------------------------------------------+
+----------------------------------------------------------------+
|  Inner_Iter|    rms[Rho]|   rms[RhoU]|   rms[RhoV]|   rms[RhoE]|
+----------------------------------------------------------------+
|         471|   -6.669898|   -3.346248|   -3.797402|   -1.122296|
|         472|   -6.677133|   -3.353524|   -3.804623|   -1.129557|
|         473|   -6.684367|   -3.360797|   -3.811845|   -1.136817|
|         474|   -6.691603|   -3.368068|   -3.819066|   -1.144076|
|         475|   -6.698839|   -3.375337|   -3.826288|   -1.151333|
|         476|   -6.706076|   -3.382603|   -3.833510|   -1.158590|
|         477|   -6.713314|   -3.389866|   -3.840733|   -1.165846|
|         478|   -6.720552|   -3.397128|   -3.847956|   -1.173100|
|         479|   -6.727789|   -3.404387|   -3.855178|   -1.180353|
|         480|   -6.735025|   -3.411645|   -3.862400|   -1.187604|
+-----------------------------------------------------------------------+
|        File Writing Summary       |              Filename             |
+-----------------------------------------------------------------------+
|SU2 binary restart                 |restart_flow.dat                   |

Writing the forces breakdown file (forces_breakdown.dat).
+-----------------------------------------------------------------------+
+----------------------------------------------------------------+
|  Inner_Iter|    rms[Rho]|   rms[RhoU]|   rms[RhoV]|   rms[RhoE]|
+----------------------------------------------------------------+
|         481|   -6.742259|   -3.418900|   -3.869622|   -1.194852|
|         482|   -6.749492|   -3.426153|   -3.876843|   -1.202099|
|         483|   -6.756722|   -3.433405|   -3.884063|   -1.209343|
|         484|   -6.763950|   -3.440655|   -3.891282|   -1.216584|
|         485|   -6.771176|   -3.447902|   -3.898500|   -1.223824|
|         486|   -6.778401|   -3.455148|   -3.905717|   -1.231061|
|         487|   -6.785625|   -3.462392|   -3.912934|   -1.238296|
|         488|   -6.792849|   -3.469634|   -3.920151|   -1.245529|
|         489|   -6.800074|   -3.476874|   -3.927368|   -1.252762|
|         490|   -6.807299|   -3.484113|   -3.934584|   -1.259994|
+-----------------------------------------------------------------------+
|        File Writing Summary       |              Filename             |
+-----------------------------------------------------------------------+
|SU2 binary restart                 |restart_flow.dat                   |

Writing the forces breakdown file (forces_breakdown.dat).
+-----------------------------------------------------------------------+
+----------------------------------------------------------------+
|  Inner_Iter|    rms[Rho]|   rms[RhoU]|   rms[RhoV]|   rms[RhoE]|
+----------------------------------------------------------------+
|         491|   -6.814526|   -3.491349|   -3.941801|   -1.267225|
|         492|   -6.821753|   -3.498584|   -3.949019|   -1.274456|
|         493|   -6.828981|   -3.505818|   -3.956237|   -1.281686|
|         494|   -6.836210|   -3.513050|   -3.963456|   -1.288916|
|         495|   -6.843439|   -3.520280|   -3.970675|   -1.296145|
|         496|   -6.850667|   -3.527509|   -3.977895|   -1.303373|
|         497|   -6.857895|   -3.534737|   -3.985115|   -1.310599|
|         498|   -6.865121|   -3.541964|   -3.992335|   -1.317824|
|         499|   -6.872347|   -3.549189|   -3.999555|   -1.325048|
|         500|   -6.879571|   -3.556413|   -4.006775|   -1.332270|
+-----------------------------------------------------------------------+
|        File Writing Summary       |              Filename             |
+-----------------------------------------------------------------------+
|SU2 binary restart                 |restart_flow.dat                   |

Writing the forces breakdown file (forces_breakdown.dat).
|Paraview                           |flow.vtu                           |

Writing the forces breakdown file (forces_breakdown.dat).
|Paraview surface                   |surface_flow.vtu                   |

Writing the forces breakdown file (forces_breakdown.dat).
|CSV file                           |surface_flow.csv                   |

Writing the forces breakdown file (forces_breakdown.dat).
+-----------------------------------------------------------------------+
+----------------------------------------------------------------+
|  Inner_Iter|    rms[Rho]|   rms[RhoU]|   rms[RhoV]|   rms[RhoE]|
+----------------------------------------------------------------+
|         501|   -6.886795|   -3.563636|   -4.013995|   -1.339491|
|         502|   -6.894018|   -3.570858|   -4.021215|   -1.346711|
|         503|   -6.901241|   -3.578079|   -4.028434|   -1.353929|
|         504|   -6.908463|   -3.585299|   -4.035654|   -1.361147|
|         505|   -6.915686|   -3.592517|   -4.042873|   -1.368363|
|         506|   -6.922910|   -3.599735|   -4.050093|   -1.375580|
|         507|   -6.930134|   -3.606951|   -4.057313|   -1.382796|
|         508|   -6.937359|   -3.614167|   -4.064534|   -1.390012|
|         509|   -6.944585|   -3.621382|   -4.071756|   -1.397227|
|         510|   -6.951812|   -3.628595|   -4.078978|   -1.404443|
+-----------------------------------------------------------------------+
|        File Writing Summary       |              Filename             |
+-----------------------------------------------------------------------+
|SU2 binary restart                 |restart_flow.dat                   |

Writing the forces breakdown file (forces_breakdown.dat).
+-----------------------------------------------------------------------+
+----------------------------------------------------------------+
|  Inner_Iter|    rms[Rho]|   rms[RhoU]|   rms[RhoV]|   rms[RhoE]|
+----------------------------------------------------------------+
|         511|   -6.959038|   -3.635808|   -4.086201|   -1.411658|
|         512|   -6.966266|   -3.643021|   -4.093425|   -1.418872|
|         513|   -6.973493|   -3.650232|   -4.100650|   -1.426087|
|         514|   -6.980720|   -3.657443|   -4.107875|   -1.433300|
|         515|   -6.987947|   -3.664654|   -4.115101|   -1.440513|
|         516|   -6.995174|   -3.671864|   -4.122327|   -1.447726|
|         517|   -7.002401|   -3.679073|   -4.129554|   -1.454938|
|         518|   -7.009627|   -3.686282|   -4.136781|   -1.462149|
|         519|   -7.016854|   -3.693490|   -4.144008|   -1.469360|
|         520|   -7.024081|   -3.700698|   -4.151235|   -1.476571|
+-----------------------------------------------------------------------+
|        File Writing Summary       |              Filename             |
+-----------------------------------------------------------------------+
|SU2 binary restart                 |restart_flow.dat                   |

Writing the forces breakdown file (forces_breakdown.dat).
+-----------------------------------------------------------------------+
+----------------------------------------------------------------+
|  Inner_Iter|    rms[Rho]|   rms[RhoU]|   rms[RhoV]|   rms[RhoE]|
+----------------------------------------------------------------+
|         521|   -7.031308|   -3.707906|   -4.158463|   -1.483781|
|         522|   -7.038535|   -3.715113|   -4.165691|   -1.490991|
|         523|   -7.045763|   -3.722319|   -4.172920|   -1.498202|
|         524|   -7.052992|   -3.729526|   -4.180149|   -1.505412|
|         525|   -7.060221|   -3.736732|   -4.187379|   -1.512622|
|         526|   -7.067451|   -3.743937|   -4.194610|   -1.519832|
|         527|   -7.074682|   -3.751143|   -4.201842|   -1.527042|
|         528|   -7.081913|   -3.758348|   -4.209074|   -1.534252|
|         529|   -7.089145|   -3.765553|   -4.216308|   -1.541463|
|         530|   -7.096377|   -3.772758|   -4.223542|   -1.548674|
+-----------------------------------------------------------------------+
|        File Writing Summary       |              Filename             |
+-----------------------------------------------------------------------+
|SU2 binary restart                 |restart_flow.dat                   |

Writing the forces breakdown file (forces_breakdown.dat).
+-----------------------------------------------------------------------+
+----------------------------------------------------------------+
|  Inner_Iter|    rms[Rho]|   rms[RhoU]|   rms[RhoV]|   rms[RhoE]|
+----------------------------------------------------------------+
|         531|   -7.103610|   -3.779963|   -4.230777|   -1.555884|
|         532|   -7.110843|   -3.787168|   -4.238013|   -1.563095|
|         533|   -7.118077|   -3.794373|   -4.245249|   -1.570306|
|         534|   -7.125311|   -3.801578|   -4.252486|   -1.577517|
|         535|   -7.132545|   -3.808783|   -4.259724|   -1.584728|
|         536|   -7.139779|   -3.815988|   -4.266962|   -1.591939|
|         537|   -7.147014|   -3.823194|   -4.274200|   -1.599150|
|         538|   -7.154249|   -3.830399|   -4.281439|   -1.606362|
|         539|   -7.161484|   -3.837604|   -4.288679|   -1.613573|
|         540|   -7.168720|   -3.844810|   -4.295919|   -1.620785|
+-----------------------------------------------------------------------+
|        File Writing Summary       |              Filename             |
+-----------------------------------------------------------------------+
|SU2 binary restart                 |restart_flow.dat                   |

Writing the forces breakdown file (forces_breakdown.dat).
+-----------------------------------------------------------------------+
+----------------------------------------------------------------+
|  Inner_Iter|    rms[Rho]|   rms[RhoU]|   rms[RhoV]|   rms[RhoE]|
+----------------------------------------------------------------+
|         541|   -7.175957|   -3.852016|   -4.303160|   -1.627997|
|         542|   -7.183194|   -3.859222|   -4.310402|   -1.635210|
|         543|   -7.190433|   -3.866428|   -4.317645|   -1.642423|
|         544|   -7.197672|   -3.873634|   -4.324888|   -1.649636|
|         545|   -7.204911|   -3.880841|   -4.332133|   -1.656850|
|         546|   -7.212152|   -3.888048|   -4.339378|   -1.664065|
|         547|   -7.219393|   -3.895256|   -4.346624|   -1.671280|
|         548|   -7.226635|   -3.902464|   -4.353871|   -1.678496|
|         549|   -7.233878|   -3.909672|   -4.361118|   -1.685712|
|         550|   -7.241121|   -3.916881|   -4.368366|   -1.692928|
+-----------------------------------------------------------------------+
|        File Writing Summary       |              Filename             |
+-----------------------------------------------------------------------+
|SU2 binary restart                 |restart_flow.dat                   |

Writing the forces breakdown file (forces_breakdown.dat).
+-----------------------------------------------------------------------+
+----------------------------------------------------------------+
|  Inner_Iter|    rms[Rho]|   rms[RhoU]|   rms[RhoV]|   rms[RhoE]|
+----------------------------------------------------------------+
|         551|   -7.248364|   -3.924090|   -4.375615|   -1.700145|
|         552|   -7.255608|   -3.931300|   -4.382865|   -1.707363|
|         553|   -7.262852|   -3.938510|   -4.390115|   -1.714581|
|         554|   -7.270097|   -3.945721|   -4.397366|   -1.721799|
|         555|   -7.277342|   -3.952932|   -4.404617|   -1.729018|
|         556|   -7.284588|   -3.960144|   -4.411869|   -1.736237|
|         557|   -7.291834|   -3.967357|   -4.419122|   -1.743458|
|         558|   -7.299082|   -3.974570|   -4.426375|   -1.750678|
|         559|   -7.306330|   -3.981784|   -4.433629|   -1.757900|
|         560|   -7.313578|   -3.988998|   -4.440884|   -1.765122|
+-----------------------------------------------------------------------+
|        File Writing Summary       |              Filename             |
+-----------------------------------------------------------------------+
|SU2 binary restart                 |restart_flow.dat                   |

Writing the forces breakdown file (forces_breakdown.dat).
+-----------------------------------------------------------------------+
+----------------------------------------------------------------+
|  Inner_Iter|    rms[Rho]|   rms[RhoU]|   rms[RhoV]|   rms[RhoE]|
+----------------------------------------------------------------+
|         561|   -7.320828|   -3.996213|   -4.448139|   -1.772345|
|         562|   -7.328078|   -4.003429|   -4.455396|   -1.779569|
|         563|   -7.335329|   -4.010645|   -4.462653|   -1.786793|
|         564|   -7.342581|   -4.017862|   -4.469911|   -1.794019|
|         565|   -7.349833|   -4.025080|   -4.477169|   -1.801245|
|         566|   -7.357086|   -4.032299|   -4.484429|   -1.808472|
|         567|   -7.364340|   -4.039518|   -4.491689|   -1.815699|
|         568|   -7.371594|   -4.046738|   -4.498949|   -1.822928|
|         569|   -7.378849|   -4.053959|   -4.506210|   -1.830157|
|         570|   -7.386104|   -4.061181|   -4.513472|   -1.837386|
+-----------------------------------------------------------------------+
|        File Writing Summary       |              Filename             |
+-----------------------------------------------------------------------+
|SU2 binary restart                 |restart_flow.dat                   |

Writing the forces breakdown file (forces_breakdown.dat).
+-----------------------------------------------------------------------+
+----------------------------------------------------------------+
|  Inner_Iter|    rms[Rho]|   rms[RhoU]|   rms[RhoV]|   rms[RhoE]|
+----------------------------------------------------------------+
|         571|   -7.393360|   -4.068404|   -4.520735|   -1.844617|
|         572|   -7.400616|   -4.075627|   -4.527998|   -1.851848|
|         573|   -7.407873|   -4.082851|   -4.535261|   -1.859080|
|         574|   -7.415130|   -4.090077|   -4.542526|   -1.866313|
|         575|   -7.422389|   -4.097303|   -4.549790|   -1.873547|
|         576|   -7.429648|   -4.104530|   -4.557056|   -1.880781|
|         577|   -7.436907|   -4.111757|   -4.564322|   -1.888017|
|         578|   -7.444167|   -4.118986|   -4.571589|   -1.895253|
|         579|   -7.451428|   -4.126216|   -4.578856|   -1.902491|
|         580|   -7.458690|   -4.133446|   -4.586124|   -1.909729|
+-----------------------------------------------------------------------+
|        File Writing Summary       |              Filename             |
+-----------------------------------------------------------------------+
|SU2 binary restart                 |restart_flow.dat                   |

Writing the forces breakdown file (forces_breakdown.dat).
+-----------------------------------------------------------------------+
+----------------------------------------------------------------+
|  Inner_Iter|    rms[Rho]|   rms[RhoU]|   rms[RhoV]|   rms[RhoE]|
+----------------------------------------------------------------+
|         581|   -7.465953|   -4.140678|   -4.593393|   -1.916968|
|         582|   -7.473215|   -4.147910|   -4.600662|   -1.924208|
|         583|   -7.480479|   -4.155143|   -4.607932|   -1.931449|
|         584|   -7.487743|   -4.162377|   -4.615202|   -1.938690|
|         585|   -7.495008|   -4.169613|   -4.622473|   -1.945933|
|         586|   -7.502273|   -4.176849|   -4.629745|   -1.953176|
|         587|   -7.509539|   -4.184086|   -4.637017|   -1.960421|
|         588|   -7.516805|   -4.191324|   -4.644289|   -1.967666|
|         589|   -7.524072|   -4.198563|   -4.651562|   -1.974912|
|         590|   -7.531339|   -4.205803|   -4.658836|   -1.982159|
+-----------------------------------------------------------------------+
|        File Writing Summary       |              Filename             |
+-----------------------------------------------------------------------+
|SU2 binary restart                 |restart_flow.dat                   |

Writing the forces breakdown file (forces_breakdown.dat).
+-----------------------------------------------------------------------+
+----------------------------------------------------------------+
|  Inner_Iter|    rms[Rho]|   rms[RhoU]|   rms[RhoV]|   rms[RhoE]|
+----------------------------------------------------------------+
|         591|   -7.538607|   -4.213044|   -4.666110|   -1.989406|
|         592|   -7.545875|   -4.220286|   -4.673384|   -1.996655|
|         593|   -7.553144|   -4.227528|   -4.680659|   -2.003904|
|         594|   -7.560414|   -4.234772|   -4.687935|   -2.011154|
|         595|   -7.567684|   -4.242017|   -4.695211|   -2.018406|
|         596|   -7.574954|   -4.249263|   -4.702487|   -2.025658|
|         597|   -7.582225|   -4.256509|   -4.709764|   -2.032911|
|         598|   -7.589497|   -4.263757|   -4.717041|   -2.040165|
|         599|   -7.596769|   -4.271005|   -4.724319|   -2.047419|
|         600|   -7.604042|   -4.278255|   -4.731598|   -2.054675|
+-----------------------------------------------------------------------+
|        File Writing Summary       |              Filename             |
+-----------------------------------------------------------------------+
|SU2 binary restart                 |restart_flow.dat                   |

Writing the forces breakdown file (forces_breakdown.dat).
+-----------------------------------------------------------------------+
+----------------------------------------------------------------+
|  Inner_Iter|    rms[Rho]|   rms[RhoU]|   rms[RhoV]|   rms[RhoE]|
+----------------------------------------------------------------+
|         601|   -7.611316|   -4.285505|   -4.738876|   -2.061931|
|         602|   -7.618589|   -4.292757|   -4.746156|   -2.069188|
|         603|   -7.625863|   -4.300009|   -4.753435|   -2.076446|
|         604|   -7.633138|   -4.307262|   -4.760715|   -2.083705|
|         605|   -7.640413|   -4.314516|   -4.767995|   -2.090965|
|         606|   -7.647688|   -4.321771|   -4.775276|   -2.098225|
|         607|   -7.654964|   -4.329027|   -4.782557|   -2.105487|
|         608|   -7.662240|   -4.336284|   -4.789838|   -2.112749|
|         609|   -7.669517|   -4.343542|   -4.797120|   -2.120011|
|         610|   -7.676794|   -4.350800|   -4.804402|   -2.127275|
+-----------------------------------------------------------------------+
|        File Writing Summary       |              Filename             |
+-----------------------------------------------------------------------+
|SU2 binary restart                 |restart_flow.dat                   |

Writing the forces breakdown file (forces_breakdown.dat).
+-----------------------------------------------------------------------+
+----------------------------------------------------------------+
|  Inner_Iter|    rms[Rho]|   rms[RhoU]|   rms[RhoV]|   rms[RhoE]|
+----------------------------------------------------------------+
|         611|   -7.684072|   -4.358060|   -4.811684|   -2.134539|
|         612|   -7.691349|   -4.365320|   -4.818967|   -2.141804|
|         613|   -7.698628|   -4.372581|   -4.826250|   -2.149070|
|         614|   -7.705906|   -4.379844|   -4.833533|   -2.156337|
|         615|   -7.713186|   -4.387106|   -4.840817|   -2.163604|
|         616|   -7.720465|   -4.394370|   -4.848101|   -2.170872|
|         617|   -7.727745|   -4.401635|   -4.855385|   -2.178141|
|         618|   -7.735025|   -4.408900|   -4.862669|   -2.185410|
|         619|   -7.742306|   -4.416166|   -4.869954|   -2.192681|
|         620|   -7.749586|   -4.423433|   -4.877239|   -2.199952|
+-----------------------------------------------------------------------+
|        File Writing Summary       |              Filename             |
+-----------------------------------------------------------------------+
|SU2 binary restart                 |restart_flow.dat                   |

Writing the forces breakdown file (forces_breakdown.dat).
+-----------------------------------------------------------------------+
+----------------------------------------------------------------+
|  Inner_Iter|    rms[Rho]|   rms[RhoU]|   rms[RhoV]|   rms[RhoE]|
+----------------------------------------------------------------+
|         621|   -7.756868|   -4.430701|   -4.884524|   -2.207223|
|         622|   -7.764149|   -4.437969|   -4.891809|   -2.214495|
|         623|   -7.771431|   -4.445239|   -4.899095|   -2.221768|
|         624|   -7.778712|   -4.452509|   -4.906380|   -2.229041|
|         625|   -7.785995|   -4.459779|   -4.913666|   -2.236315|
|         626|   -7.793277|   -4.467051|   -4.920952|   -2.243590|
|         627|   -7.800560|   -4.474323|   -4.928238|   -2.250865|
|         628|   -7.807843|   -4.481596|   -4.935525|   -2.258141|
|         629|   -7.815126|   -4.488869|   -4.942811|   -2.265417|
|         630|   -7.822409|   -4.496143|   -4.950098|   -2.272694|
+-----------------------------------------------------------------------+
|        File Writing Summary       |              Filename             |
+-----------------------------------------------------------------------+
|SU2 binary restart                 |restart_flow.dat                   |

Writing the forces breakdown file (forces_breakdown.dat).
+-----------------------------------------------------------------------+
+----------------------------------------------------------------+
|  Inner_Iter|    rms[Rho]|   rms[RhoU]|   rms[RhoV]|   rms[RhoE]|
+----------------------------------------------------------------+
|         631|   -7.829693|   -4.503418|   -4.957385|   -2.279972|
|         632|   -7.836977|   -4.510694|   -4.964672|   -2.287250|
|         633|   -7.844261|   -4.517970|   -4.971959|   -2.294529|
|         634|   -7.851546|   -4.525247|   -4.979246|   -2.301808|
|         635|   -7.858830|   -4.532524|   -4.986533|   -2.309087|
|         636|   -7.866115|   -4.539802|   -4.993821|   -2.316368|
|         637|   -7.873400|   -4.547080|   -5.001108|   -2.323648|
|         638|   -7.880685|   -4.554359|   -5.008396|   -2.330929|
|         639|   -7.887970|   -4.561639|   -5.015683|   -2.338211|
|         640|   -7.895255|   -4.568919|   -5.022971|   -2.345493|
+-----------------------------------------------------------------------+
|        File Writing Summary       |              Filename             |
+-----------------------------------------------------------------------+
|SU2 binary restart                 |restart_flow.dat                   |

Writing the forces breakdown file (forces_breakdown.dat).
+-----------------------------------------------------------------------+
+----------------------------------------------------------------+
|  Inner_Iter|    rms[Rho]|   rms[RhoU]|   rms[RhoV]|   rms[RhoE]|
+----------------------------------------------------------------+
|         641|   -7.902541|   -4.576200|   -5.030259|   -2.352775|
|         642|   -7.909826|   -4.583481|   -5.037547|   -2.360058|
|         643|   -7.917112|   -4.590763|   -5.044834|   -2.367341|
|         644|   -7.924397|   -4.598045|   -5.052122|   -2.374625|
|         645|   -7.931683|   -4.605328|   -5.059410|   -2.381909|
|         646|   -7.938969|   -4.612611|   -5.066698|   -2.389193|
|         647|   -7.946255|   -4.619895|   -5.073986|   -2.396478|
|         648|   -7.953542|   -4.627179|   -5.081273|   -2.403763|
|         649|   -7.960828|   -4.634463|   -5.088561|   -2.411048|
|         650|   -7.968114|   -4.641748|   -5.095849|   -2.418334|
+-----------------------------------------------------------------------+
|        File Writing Summary       |              Filename             |
+-----------------------------------------------------------------------+
|SU2 binary restart                 |restart_flow.dat                   |

Writing the forces breakdown file (forces_breakdown.dat).
+-----------------------------------------------------------------------+
+----------------------------------------------------------------+
|  Inner_Iter|    rms[Rho]|   rms[RhoU]|   rms[RhoV]|   rms[RhoE]|
+----------------------------------------------------------------+
|         651|   -7.975401|   -4.649033|   -5.103137|   -2.425620|
|         652|   -7.982687|   -4.656319|   -5.110425|   -2.432906|
|         653|   -7.989974|   -4.663605|   -5.117712|   -2.440193|
|         654|   -7.997260|   -4.670891|   -5.125000|   -2.447480|
|         655|   -8.004547|   -4.678178|   -5.132288|   -2.454767|
|         656|   -8.011833|   -4.685465|   -5.139575|   -2.462054|
|         657|   -8.019120|   -4.692752|   -5.146863|   -2.469342|
|         658|   -8.026406|   -4.700040|   -5.154150|   -2.476630|
|         659|   -8.033693|   -4.707328|   -5.161437|   -2.483918|
|         660|   -8.040979|   -4.714616|   -5.168725|   -2.491206|
+-----------------------------------------------------------------------+
|        File Writing Summary       |              Filename             |
+-----------------------------------------------------------------------+
|SU2 binary restart                 |restart_flow.dat                   |

Writing the forces breakdown file (forces_breakdown.dat).
+-----------------------------------------------------------------------+
+----------------------------------------------------------------+
|  Inner_Iter|    rms[Rho]|   rms[RhoU]|   rms[RhoV]|   rms[RhoE]|
+----------------------------------------------------------------+
|         661|   -8.048266|   -4.721905|   -5.176012|   -2.498494|
|         662|   -8.055553|   -4.729193|   -5.183299|   -2.505783|
|         663|   -8.062839|   -4.736482|   -5.190586|   -2.513072|
|         664|   -8.070126|   -4.743772|   -5.197873|   -2.520361|
|         665|   -8.077412|   -4.751061|   -5.205160|   -2.527650|
|         666|   -8.084698|   -4.758351|   -5.212446|   -2.534939|
|         667|   -8.091985|   -4.765641|   -5.219733|   -2.542229|
|         668|   -8.099271|   -4.772931|   -5.227019|   -2.549518|
|         669|   -8.106557|   -4.780221|   -5.234305|   -2.556808|
|         670|   -8.113844|   -4.787511|   -5.241592|   -2.564098|
+-----------------------------------------------------------------------+
|        File Writing Summary       |              Filename             |
+-----------------------------------------------------------------------+
|SU2 binary restart                 |restart_flow.dat                   |

Writing the forces breakdown file (forces_breakdown.dat).
+-----------------------------------------------------------------------+
+----------------------------------------------------------------+
|  Inner_Iter|    rms[Rho]|   rms[RhoU]|   rms[RhoV]|   rms[RhoE]|
+----------------------------------------------------------------+
|         671|   -8.121130|   -4.794802|   -5.248878|   -2.571388|
|         672|   -8.128416|   -4.802092|   -5.256164|   -2.578677|
|         673|   -8.135702|   -4.809383|   -5.263449|   -2.585968|
|         674|   -8.142988|   -4.816674|   -5.270735|   -2.593258|
|         675|   -8.150274|   -4.823965|   -5.278020|   -2.600548|
|         676|   -8.157559|   -4.831257|   -5.285306|   -2.607838|
|         677|   -8.164845|   -4.838548|   -5.292591|   -2.615128|
|         678|   -8.172130|   -4.845839|   -5.299876|   -2.622419|
|         679|   -8.179416|   -4.853131|   -5.307161|   -2.629709|
|         680|   -8.186701|   -4.860422|   -5.314445|   -2.636999|
+-----------------------------------------------------------------------+
|        File Writing Summary       |              Filename             |
+-----------------------------------------------------------------------+
|SU2 binary restart                 |restart_flow.dat                   |

Writing the forces breakdown file (forces_breakdown.dat).
+-----------------------------------------------------------------------+
+----------------------------------------------------------------+
|  Inner_Iter|    rms[Rho]|   rms[RhoU]|   rms[RhoV]|   rms[RhoE]|
+----------------------------------------------------------------+
|         681|   -8.193986|   -4.867714|   -5.321730|   -2.644289|
|         682|   -8.201271|   -4.875005|   -5.329014|   -2.651580|
|         683|   -8.208556|   -4.882297|   -5.336298|   -2.658870|
|         684|   -8.215841|   -4.889588|   -5.343582|   -2.666160|
|         685|   -8.223126|   -4.896880|   -5.350866|   -2.673450|
|         686|   -8.230410|   -4.904172|   -5.358149|   -2.680741|
|         687|   -8.237695|   -4.911463|   -5.365433|   -2.688031|
|         688|   -8.244979|   -4.918755|   -5.372716|   -2.695321|
|         689|   -8.252263|   -4.926047|   -5.379999|   -2.702611|
|         690|   -8.259547|   -4.933338|   -5.387282|   -2.709901|
+-----------------------------------------------------------------------+
|        File Writing Summary       |              Filename             |
+-----------------------------------------------------------------------+
|SU2 binary restart                 |restart_flow.dat                   |

Writing the forces breakdown file (forces_breakdown.dat).
+-----------------------------------------------------------------------+
+----------------------------------------------------------------+
|  Inner_Iter|    rms[Rho]|   rms[RhoU]|   rms[RhoV]|   rms[RhoE]|
+----------------------------------------------------------------+
|         691|   -8.266831|   -4.940630|   -5.394565|   -2.717191|
|         692|   -8.274115|   -4.947921|   -5.401847|   -2.724481|
|         693|   -8.281399|   -4.955213|   -5.409130|   -2.731771|
|         694|   -8.288682|   -4.962504|   -5.416412|   -2.739060|
|         695|   -8.295965|   -4.969795|   -5.423694|   -2.746350|
|         696|   -8.303249|   -4.977087|   -5.430975|   -2.753639|
|         697|   -8.310531|   -4.984378|   -5.438257|   -2.760929|
|         698|   -8.317814|   -4.991669|   -5.445538|   -2.768218|
|         699|   -8.325097|   -4.998960|   -5.452819|   -2.775507|
|         700|   -8.332379|   -5.006251|   -5.460100|   -2.782796|
+-----------------------------------------------------------------------+
|        File Writing Summary       |              Filename             |
+-----------------------------------------------------------------------+
|SU2 binary restart                 |restart_flow.dat                   |

Writing the forces breakdown file (forces_breakdown.dat).
+-----------------------------------------------------------------------+
+----------------------------------------------------------------+
|  Inner_Iter|    rms[Rho]|   rms[RhoU]|   rms[RhoV]|   rms[RhoE]|
+----------------------------------------------------------------+
|         701|   -8.339662|   -5.013542|   -5.467381|   -2.790085|
|         702|   -8.346944|   -5.020832|   -5.474661|   -2.797374|
|         703|   -8.354226|   -5.028123|   -5.481942|   -2.804662|
|         704|   -8.361508|   -5.035414|   -5.489222|   -2.811951|
|         705|   -8.368789|   -5.042704|   -5.496502|   -2.819239|
|         706|   -8.376071|   -5.049994|   -5.503781|   -2.826528|
|         707|   -8.383352|   -5.057284|   -5.511061|   -2.833815|
|         708|   -8.390633|   -5.064574|   -5.518340|   -2.841103|
|         709|   -8.397914|   -5.071864|   -5.525620|   -2.848391|
|         710|   -8.405195|   -5.079153|   -5.532899|   -2.855679|
+-----------------------------------------------------------------------+
|        File Writing Summary       |              Filename             |
+-----------------------------------------------------------------------+
|SU2 binary restart                 |restart_flow.dat                   |

Writing the forces breakdown file (forces_breakdown.dat).
+-----------------------------------------------------------------------+
+----------------------------------------------------------------+
|  Inner_Iter|    rms[Rho]|   rms[RhoU]|   rms[RhoV]|   rms[RhoE]|
+----------------------------------------------------------------+
|         711|   -8.412475|   -5.086443|   -5.540177|   -2.862966|
|         712|   -8.419756|   -5.093732|   -5.547456|   -2.870253|
|         713|   -8.427036|   -5.101021|   -5.554734|   -2.877540|
|         714|   -8.434316|   -5.108310|   -5.562012|   -2.884827|
|         715|   -8.441596|   -5.115599|   -5.569290|   -2.892114|
|         716|   -8.448876|   -5.122887|   -5.576568|   -2.899400|
|         717|   -8.456155|   -5.130176|   -5.583846|   -2.906686|
|         718|   -8.463434|   -5.137464|   -5.591123|   -2.913972|
|         719|   -8.470713|   -5.144752|   -5.598400|   -2.921258|
|         720|   -8.477992|   -5.152039|   -5.605677|   -2.928544|
+-----------------------------------------------------------------------+
|        File Writing Summary       |              Filename             |
+-----------------------------------------------------------------------+
|SU2 binary restart                 |restart_flow.dat                   |

Writing the forces breakdown file (forces_breakdown.dat).
+-----------------------------------------------------------------------+
+----------------------------------------------------------------+
|  Inner_Iter|    rms[Rho]|   rms[RhoU]|   rms[RhoV]|   rms[RhoE]|
+----------------------------------------------------------------+
|         721|   -8.485271|   -5.159327|   -5.612954|   -2.935829|
|         722|   -8.492549|   -5.166614|   -5.620231|   -2.943114|
|         723|   -8.499828|   -5.173901|   -5.627507|   -2.950399|
|         724|   -8.507106|   -5.181188|   -5.634783|   -2.957684|
|         725|   -8.514384|   -5.188475|   -5.642059|   -2.964969|
|         726|   -8.521662|   -5.195761|   -5.649335|   -2.972253|
|         727|   -8.528939|   -5.203048|   -5.656611|   -2.979537|
|         728|   -8.536217|   -5.210334|   -5.663887|   -2.986821|
|         729|   -8.543494|   -5.217619|   -5.671162|   -2.994105|
|         730|   -8.550771|   -5.224905|   -5.678437|   -3.001389|
+-----------------------------------------------------------------------+
|        File Writing Summary       |              Filename             |
+-----------------------------------------------------------------------+
|SU2 binary restart                 |restart_flow.dat                   |

Writing the forces breakdown file (forces_breakdown.dat).
+-----------------------------------------------------------------------+
+----------------------------------------------------------------+
|  Inner_Iter|    rms[Rho]|   rms[RhoU]|   rms[RhoV]|   rms[RhoE]|
+----------------------------------------------------------------+
|         731|   -8.558049|   -5.232190|   -5.685712|   -3.008672|
|         732|   -8.565325|   -5.239475|   -5.692987|   -3.015955|
|         733|   -8.572602|   -5.246760|   -5.700261|   -3.023238|
|         734|   -8.579879|   -5.254045|   -5.707536|   -3.030520|
|         735|   -8.587155|   -5.261329|   -5.714810|   -3.037803|
|         736|   -8.594431|   -5.268614|   -5.722084|   -3.045085|
|         737|   -8.601707|   -5.275897|   -5.729358|   -3.052367|
|         738|   -8.608983|   -5.283181|   -5.736632|   -3.059649|
|         739|   -8.616258|   -5.290465|   -5.743906|   -3.066930|
|         740|   -8.623533|   -5.297748|   -5.751180|   -3.074211|
+-----------------------------------------------------------------------+
|        File Writing Summary       |              Filename             |
+-----------------------------------------------------------------------+
|SU2 binary restart                 |restart_flow.dat                   |

Writing the forces breakdown file (forces_breakdown.dat).
+-----------------------------------------------------------------------+
+----------------------------------------------------------------+
|  Inner_Iter|    rms[Rho]|   rms[RhoU]|   rms[RhoV]|   rms[RhoE]|
+----------------------------------------------------------------+
|         741|   -8.630809|   -5.305031|   -5.758453|   -3.081493|
|         742|   -8.638085|   -5.312313|   -5.765726|   -3.088773|
|         743|   -8.645359|   -5.319596|   -5.772999|   -3.096054|
|         744|   -8.652634|   -5.326878|   -5.780272|   -3.103334|
|         745|   -8.659908|   -5.334160|   -5.787545|   -3.110614|
|         746|   -8.667183|   -5.341442|   -5.794818|   -3.117894|
|         747|   -8.674457|   -5.348723|   -5.802090|   -3.125173|
|         748|   -8.681732|   -5.356004|   -5.809362|   -3.132453|
|         749|   -8.689006|   -5.363285|   -5.816635|   -3.139732|
|         750|   -8.696280|   -5.370566|   -5.823907|   -3.147011|
+-----------------------------------------------------------------------+
|        File Writing Summary       |              Filename             |
+-----------------------------------------------------------------------+
|SU2 binary restart                 |restart_flow.dat                   |

Writing the forces breakdown file (forces_breakdown.dat).
|Paraview                           |flow.vtu                           |

Writing the forces breakdown file (forces_breakdown.dat).
|Paraview surface                   |surface_flow.vtu                   |

Writing the forces breakdown file (forces_breakdown.dat).
|CSV file                           |surface_flow.csv                   |

Writing the forces breakdown file (forces_breakdown.dat).
+-----------------------------------------------------------------------+
+----------------------------------------------------------------+
|  Inner_Iter|    rms[Rho]|   rms[RhoU]|   rms[RhoV]|   rms[RhoE]|
+----------------------------------------------------------------+
|         751|   -8.703554|   -5.377846|   -5.831179|   -3.154290|
|         752|   -8.710827|   -5.385127|   -5.838451|   -3.161568|
|         753|   -8.718101|   -5.392407|   -5.845723|   -3.168847|
|         754|   -8.725374|   -5.399686|   -5.852994|   -3.176125|
|         755|   -8.732647|   -5.406966|   -5.860266|   -3.183402|
|         756|   -8.739920|   -5.414245|   -5.867537|   -3.190680|
|         757|   -8.747193|   -5.421524|   -5.874808|   -3.197957|
|         758|   -8.754467|   -5.428803|   -5.882079|   -3.205235|
|         759|   -8.761739|   -5.436081|   -5.889350|   -3.212512|
|         760|   -8.769011|   -5.443360|   -5.896621|   -3.219788|
+-----------------------------------------------------------------------+
|        File Writing Summary       |              Filename             |
+-----------------------------------------------------------------------+
|SU2 binary restart                 |restart_flow.dat                   |

Writing the forces breakdown file (forces_breakdown.dat).
+-----------------------------------------------------------------------+
+----------------------------------------------------------------+
|  Inner_Iter|    rms[Rho]|   rms[RhoU]|   rms[RhoV]|   rms[RhoE]|
+----------------------------------------------------------------+
|         761|   -8.776284|   -5.450638|   -5.903892|   -3.227065|
|         762|   -8.783556|   -5.457915|   -5.911163|   -3.234341|
|         763|   -8.790828|   -5.465193|   -5.918434|   -3.241617|
|         764|   -8.798100|   -5.472470|   -5.925704|   -3.248893|
|         765|   -8.805372|   -5.479747|   -5.932974|   -3.256169|
|         766|   -8.812644|   -5.487024|   -5.940245|   -3.263444|
|         767|   -8.819915|   -5.494301|   -5.947515|   -3.270719|
|         768|   -8.827188|   -5.501577|   -5.954785|   -3.277995|
|         769|   -8.834459|   -5.508854|   -5.962055|   -3.285270|
|         770|   -8.841731|   -5.516129|   -5.969325|   -3.292545|
+-----------------------------------------------------------------------+
|        File Writing Summary       |              Filename             |
+-----------------------------------------------------------------------+
|SU2 binary restart                 |restart_flow.dat                   |

Writing the forces breakdown file (forces_breakdown.dat).
+-----------------------------------------------------------------------+
+----------------------------------------------------------------+
|  Inner_Iter|    rms[Rho]|   rms[RhoU]|   rms[RhoV]|   rms[RhoE]|
+----------------------------------------------------------------+
|         771|   -8.849001|   -5.523405|   -5.976595|   -3.299819|
|         772|   -8.856273|   -5.530681|   -5.983865|   -3.307093|
|         773|   -8.863544|   -5.537956|   -5.991135|   -3.314367|
|         774|   -8.870815|   -5.545231|   -5.998404|   -3.321641|
|         775|   -8.878086|   -5.552506|   -6.005674|   -3.328915|
|         776|   -8.885357|   -5.559781|   -6.012944|   -3.336189|
|         777|   -8.892627|   -5.567055|   -6.020213|   -3.343462|
|         778|   -8.899899|   -5.574330|   -6.027482|   -3.350736|
|         779|   -8.907169|   -5.581604|   -6.034752|   -3.358009|
|         780|   -8.914439|   -5.588877|   -6.042022|   -3.365281|
+-----------------------------------------------------------------------+
|        File Writing Summary       |              Filename             |
+-----------------------------------------------------------------------+
|SU2 binary restart                 |restart_flow.dat                   |

Writing the forces breakdown file (forces_breakdown.dat).
+-----------------------------------------------------------------------+
+----------------------------------------------------------------+
|  Inner_Iter|    rms[Rho]|   rms[RhoU]|   rms[RhoV]|   rms[RhoE]|
+----------------------------------------------------------------+
|         781|   -8.921710|   -5.596151|   -6.049291|   -3.372554|
|         782|   -8.928979|   -5.603425|   -6.056560|   -3.379826|
|         783|   -8.936250|   -5.610698|   -6.063829|   -3.387099|
|         784|   -8.943520|   -5.617971|   -6.071098|   -3.394371|
|         785|   -8.950790|   -5.625244|   -6.078367|   -3.401643|
|         786|   -8.958060|   -5.632517|   -6.085636|   -3.408915|
|         787|   -8.965330|   -5.639789|   -6.092905|   -3.416187|
|         788|   -8.972601|   -5.647062|   -6.100174|   -3.423459|
|         789|   -8.979870|   -5.654334|   -6.107443|   -3.430730|
|         790|   -8.987140|   -5.661606|   -6.114712|   -3.438002|
+-----------------------------------------------------------------------+
|        File Writing Summary       |              Filename             |
+-----------------------------------------------------------------------+
|SU2 binary restart                 |restart_flow.dat                   |

Writing the forces breakdown file (forces_breakdown.dat).
+-----------------------------------------------------------------------+
+----------------------------------------------------------------+
|  Inner_Iter|    rms[Rho]|   rms[RhoU]|   rms[RhoV]|   rms[RhoE]|
+----------------------------------------------------------------+
|         791|   -8.994410|   -5.668878|   -6.121981|   -3.445273|
|         792|   -9.001680|   -5.676150|   -6.129250|   -3.452544|
|         793|   -9.008949|   -5.683421|   -6.136519|   -3.459815|
|         794|   -9.016219|   -5.690693|   -6.143788|   -3.467086|
|         795|   -9.023488|   -5.697964|   -6.151057|   -3.474356|
|         796|   -9.030758|   -5.705235|   -6.158325|   -3.481627|
|         797|   -9.038027|   -5.712506|   -6.165594|   -3.488897|
|         798|   -9.045297|   -5.719777|   -6.172863|   -3.496168|
|         799|   -9.052567|   -5.727047|   -6.180131|   -3.503438|
|         800|   -9.059836|   -5.734318|   -6.187400|   -3.510708|
+-----------------------------------------------------------------------+
|        File Writing Summary       |              Filename             |
+-----------------------------------------------------------------------+
|SU2 binary restart                 |restart_flow.dat                   |

Writing the forces breakdown file (forces_breakdown.dat).
+-----------------------------------------------------------------------+
+----------------------------------------------------------------+
|  Inner_Iter|    rms[Rho]|   rms[RhoU]|   rms[RhoV]|   rms[RhoE]|
+----------------------------------------------------------------+
|         801|   -9.067106|   -5.741588|   -6.194669|   -3.517979|
|         802|   -9.074375|   -5.748859|   -6.201938|   -3.525248|
|         803|   -9.081643|   -5.756129|   -6.209206|   -3.532517|
|         804|   -9.088913|   -5.763399|   -6.216475|   -3.539787|
|         805|   -9.096182|   -5.770669|   -6.223744|   -3.547057|
|         806|   -9.103451|   -5.777939|   -6.231012|   -3.554326|
|         807|   -9.110722|   -5.785208|   -6.238281|   -3.561597|
|         808|   -9.117990|   -5.792478|   -6.245550|   -3.568865|
|         809|   -9.125260|   -5.799747|   -6.252819|   -3.576135|
|         810|   -9.132529|   -5.807017|   -6.260087|   -3.583404|
+-----------------------------------------------------------------------+
|        File Writing Summary       |              Filename             |
+-----------------------------------------------------------------------+
|SU2 binary restart                 |restart_flow.dat                   |

Writing the forces breakdown file (forces_breakdown.dat).
+-----------------------------------------------------------------------+
+----------------------------------------------------------------+
|  Inner_Iter|    rms[Rho]|   rms[RhoU]|   rms[RhoV]|   rms[RhoE]|
+----------------------------------------------------------------+
|         811|   -9.139797|   -5.814286|   -6.267356|   -3.590672|
|         812|   -9.147067|   -5.821555|   -6.274625|   -3.597942|
|         813|   -9.154336|   -5.828824|   -6.281894|   -3.605211|
|         814|   -9.161606|   -5.836093|   -6.289163|   -3.612481|
|         815|   -9.168874|   -5.843362|   -6.296431|   -3.619749|
|         816|   -9.176143|   -5.850631|   -6.303701|   -3.627017|
|         817|   -9.183411|   -5.857900|   -6.310970|   -3.634285|
|         818|   -9.190681|   -5.865168|   -6.318238|   -3.641554|
|         819|   -9.197949|   -5.872437|   -6.325506|   -3.648822|
|         820|   -9.205218|   -5.879705|   -6.332776|   -3.656091|
+-----------------------------------------------------------------------+
|        File Writing Summary       |              Filename             |
+-----------------------------------------------------------------------+
|SU2 binary restart                 |restart_flow.dat                   |

Writing the forces breakdown file (forces_breakdown.dat).
+-----------------------------------------------------------------------+
+----------------------------------------------------------------+
|  Inner_Iter|    rms[Rho]|   rms[RhoU]|   rms[RhoV]|   rms[RhoE]|
+----------------------------------------------------------------+
|         821|   -9.212488|   -5.886974|   -6.340045|   -3.663360|
|         822|   -9.219758|   -5.894242|   -6.347313|   -3.670629|
|         823|   -9.227026|   -5.901511|   -6.354582|   -3.677897|
|         824|   -9.234294|   -5.908779|   -6.361852|   -3.685164|
|         825|   -9.241565|   -5.916047|   -6.369121|   -3.692434|
|         826|   -9.248834|   -5.923315|   -6.376390|   -3.699701|
|         827|   -9.256103|   -5.930583|   -6.383659|   -3.706970|
|         828|   -9.263372|   -5.937851|   -6.390928|   -3.714238|
|         829|   -9.270641|   -5.945119|   -6.398197|   -3.721507|
|         830|   -9.277911|   -5.952387|   -6.405467|   -3.728775|
+-----------------------------------------------------------------------+
|        File Writing Summary       |              Filename             |
+-----------------------------------------------------------------------+
|SU2 binary restart                 |restart_flow.dat                   |

Writing the forces breakdown file (forces_breakdown.dat).
+-----------------------------------------------------------------------+
+----------------------------------------------------------------+
|  Inner_Iter|    rms[Rho]|   rms[RhoU]|   rms[RhoV]|   rms[RhoE]|
+----------------------------------------------------------------+
|         831|   -9.285179|   -5.959655|   -6.412736|   -3.736042|
|         832|   -9.292450|   -5.966923|   -6.420005|   -3.743311|
|         833|   -9.299719|   -5.974191|   -6.427274|   -3.750579|
|         834|   -9.306990|   -5.981459|   -6.434543|   -3.757848|
|         835|   -9.314259|   -5.988726|   -6.441813|   -3.765116|
|         836|   -9.321528|   -5.995994|   -6.449083|   -3.772384|
|         837|   -9.328797|   -6.003262|   -6.456352|   -3.779652|
|         838|   -9.336064|   -6.010530|   -6.463622|   -3.786918|
|         839|   -9.343336|   -6.017797|   -6.470891|   -3.794188|
|         840|   -9.350604|   -6.025065|   -6.478161|   -3.801455|
+-----------------------------------------------------------------------+
|        File Writing Summary       |              Filename             |
+-----------------------------------------------------------------------+
|SU2 binary restart                 |restart_flow.dat                   |

Writing the forces breakdown file (forces_breakdown.dat).
+-----------------------------------------------------------------------+
+----------------------------------------------------------------+
|  Inner_Iter|    rms[Rho]|   rms[RhoU]|   rms[RhoV]|   rms[RhoE]|
+----------------------------------------------------------------+
|         841|   -9.357873|   -6.032333|   -6.485430|   -3.808722|
|         842|   -9.365143|   -6.039600|   -6.492701|   -3.815991|
|         843|   -9.372415|   -6.046868|   -6.499970|   -3.823260|
|         844|   -9.379684|   -6.054136|   -6.507239|   -3.830528|
|         845|   -9.386950|   -6.061403|   -6.514510|   -3.837794|
|         846|   -9.394222|   -6.068671|   -6.521780|   -3.845064|
|         847|   -9.401493|   -6.075939|   -6.529050|   -3.852333|
|         848|   -9.408761|   -6.083206|   -6.536320|   -3.859599|
|         849|   -9.416032|   -6.090474|   -6.543589|   -3.866868|
|         850|   -9.423302|   -6.097742|   -6.550860|   -3.874136|
+-----------------------------------------------------------------------+
|        File Writing Summary       |              Filename             |
+-----------------------------------------------------------------------+
|SU2 binary restart                 |restart_flow.dat                   |

Writing the forces breakdown file (forces_breakdown.dat).
+-----------------------------------------------------------------------+
+----------------------------------------------------------------+
|  Inner_Iter|    rms[Rho]|   rms[RhoU]|   rms[RhoV]|   rms[RhoE]|
+----------------------------------------------------------------+
|         851|   -9.430569|   -6.105009|   -6.558131|   -3.881402|
|         852|   -9.437838|   -6.112277|   -6.565400|   -3.888670|
|         853|   -9.445112|   -6.119545|   -6.572671|   -3.895942|
|         854|   -9.452379|   -6.126813|   -6.579942|   -3.903207|
|         855|   -9.459651|   -6.134081|   -6.587211|   -3.910478|
|         856|   -9.466922|   -6.141348|   -6.594481|   -3.917746|
|         857|   -9.474193|   -6.148616|   -6.601751|   -3.925015|
|         858|   -9.481463|   -6.155884|   -6.609022|   -3.932284|
|         859|   -9.488731|   -6.163152|   -6.616294|   -3.939551|
|         860|   -9.496001|   -6.170420|   -6.623564|   -3.946820|
+-----------------------------------------------------------------------+
|        File Writing Summary       |              Filename             |
+-----------------------------------------------------------------------+
|SU2 binary restart                 |restart_flow.dat                   |

Writing the forces breakdown file (forces_breakdown.dat).
+-----------------------------------------------------------------------+
+----------------------------------------------------------------+
|  Inner_Iter|    rms[Rho]|   rms[RhoU]|   rms[RhoV]|   rms[RhoE]|
+----------------------------------------------------------------+
|         861|   -9.503271|   -6.177687|   -6.630836|   -3.954088|
|         862|   -9.510540|   -6.184955|   -6.638107|   -3.961355|
|         863|   -9.517811|   -6.192224|   -6.645376|   -3.968624|
|         864|   -9.525083|   -6.199492|   -6.652646|   -3.975893|
|         865|   -9.532353|   -6.206760|   -6.659917|   -3.983163|
|         866|   -9.539625|   -6.214028|   -6.667189|   -3.990432|
|         867|   -9.546894|   -6.221296|   -6.674460|   -3.997699|
|         868|   -9.554166|   -6.228564|   -6.681732|   -4.004968|
|         869|   -9.561434|   -6.235833|   -6.689003|   -4.012235|
|         870|   -9.568707|   -6.243101|   -6.696274|   -4.019505|
+-----------------------------------------------------------------------+
|        File Writing Summary       |              Filename             |
+-----------------------------------------------------------------------+
|SU2 binary restart                 |restart_flow.dat                   |

Writing the forces breakdown file (forces_breakdown.dat).
+-----------------------------------------------------------------------+
+----------------------------------------------------------------+
|  Inner_Iter|    rms[Rho]|   rms[RhoU]|   rms[RhoV]|   rms[RhoE]|
+----------------------------------------------------------------+
|         871|   -9.575979|   -6.250369|   -6.703544|   -4.026774|
|         872|   -9.583248|   -6.257637|   -6.710816|   -4.034043|
|         873|   -9.590519|   -6.264906|   -6.718087|   -4.041312|
|         874|   -9.597791|   -6.272175|   -6.725358|   -4.048583|
|         875|   -9.605063|   -6.279443|   -6.732631|   -4.055853|
|         876|   -9.612332|   -6.286712|   -6.739903|   -4.063120|
|         877|   -9.619601|   -6.293980|   -6.747174|   -4.070387|
|         878|   -9.626874|   -6.301249|   -6.754445|   -4.077656|
|         879|   -9.634145|   -6.308518|   -6.761716|   -4.084927|
|         880|   -9.641417|   -6.315787|   -6.768990|   -4.092198|
+-----------------------------------------------------------------------+
|        File Writing Summary       |              Filename             |
+-----------------------------------------------------------------------+
|SU2 binary restart                 |restart_flow.dat                   |

Writing the forces breakdown file (forces_breakdown.dat).
+-----------------------------------------------------------------------+
+----------------------------------------------------------------+
|  Inner_Iter|    rms[Rho]|   rms[RhoU]|   rms[RhoV]|   rms[RhoE]|
+----------------------------------------------------------------+
|         881|   -9.648688|   -6.323056|   -6.776260|   -4.099466|
|         882|   -9.655962|   -6.330325|   -6.783531|   -4.106739|
|         883|   -9.663232|   -6.337593|   -6.790803|   -4.114007|
|         884|   -9.670505|   -6.344863|   -6.798076|   -4.121277|
|         885|   -9.677771|   -6.352131|   -6.805349|   -4.128544|
|         886|   -9.685041|   -6.359401|   -6.812620|   -4.135813|
|         887|   -9.692314|   -6.366670|   -6.819892|   -4.143083|
|         888|   -9.699588|   -6.373939|   -6.827163|   -4.150355|
|         889|   -9.706857|   -6.381208|   -6.834436|   -4.157622|
|         890|   -9.714131|   -6.388478|   -6.841706|   -4.164894|
+-----------------------------------------------------------------------+
|        File Writing Summary       |              Filename             |
+-----------------------------------------------------------------------+
|SU2 binary restart                 |restart_flow.dat                   |

Writing the forces breakdown file (forces_breakdown.dat).
+-----------------------------------------------------------------------+
+----------------------------------------------------------------+
|  Inner_Iter|    rms[Rho]|   rms[RhoU]|   rms[RhoV]|   rms[RhoE]|
+----------------------------------------------------------------+
|         891|   -9.721402|   -6.395747|   -6.848980|   -4.172161|
|         892|   -9.728678|   -6.403017|   -6.856252|   -4.179436|
|         893|   -9.735949|   -6.410287|   -6.863524|   -4.186706|
|         894|   -9.743220|   -6.417557|   -6.870796|   -4.193976|
|         895|   -9.750495|   -6.424826|   -6.878067|   -4.201247|
|         896|   -9.757764|   -6.432096|   -6.885342|   -4.208516|
|         897|   -9.765034|   -6.439366|   -6.892614|   -4.215786|
|         898|   -9.772307|   -6.446636|   -6.899886|   -4.223056|
|         899|   -9.779574|   -6.453906|   -6.907161|   -4.230325|
|         900|   -9.786846|   -6.461176|   -6.914430|   -4.237595|
+-----------------------------------------------------------------------+
|        File Writing Summary       |              Filename             |
+-----------------------------------------------------------------------+
|SU2 binary restart                 |restart_flow.dat                   |

Writing the forces breakdown file (forces_breakdown.dat).
+-----------------------------------------------------------------------+
+----------------------------------------------------------------+
|  Inner_Iter|    rms[Rho]|   rms[RhoU]|   rms[RhoV]|   rms[RhoE]|
+----------------------------------------------------------------+
|         901|   -9.794121|   -6.468445|   -6.921704|   -4.244865|
|         902|   -9.801394|   -6.475716|   -6.928976|   -4.252139|
|         903|   -9.808667|   -6.482986|   -6.936248|   -4.259409|
|         904|   -9.815939|   -6.490257|   -6.943522|   -4.266681|
|         905|   -9.823216|   -6.497527|   -6.950795|   -4.273955|
|         906|   -9.830486|   -6.504798|   -6.958068|   -4.281225|
|         907|   -9.837756|   -6.512068|   -6.965342|   -4.288494|
|         908|   -9.845024|   -6.519339|   -6.972616|   -4.295759|
|         909|   -9.852303|   -6.526609|   -6.979886|   -4.303036|
|         910|   -9.859573|   -6.533880|   -6.987161|   -4.310306|
+-----------------------------------------------------------------------+
|        File Writing Summary       |              Filename             |
+-----------------------------------------------------------------------+
|SU2 binary restart                 |restart_flow.dat                   |

Writing the forces breakdown file (forces_breakdown.dat).
+-----------------------------------------------------------------------+
+----------------------------------------------------------------+
|  Inner_Iter|    rms[Rho]|   rms[RhoU]|   rms[RhoV]|   rms[RhoE]|
+----------------------------------------------------------------+
|         911|   -9.866849|   -6.541151|   -6.994432|   -4.317581|
|         912|   -9.874119|   -6.548422|   -7.001703|   -4.324850|
|         913|   -9.881391|   -6.555693|   -7.008977|   -4.332124|
|         914|   -9.888661|   -6.562964|   -7.016253|   -4.339394|
|         915|   -9.895932|   -6.570234|   -7.023526|   -4.346660|
|         916|   -9.903209|   -6.577505|   -7.030800|   -4.353936|
|         917|   -9.910475|   -6.584777|   -7.038072|   -4.361202|
|         918|   -9.917751|   -6.592049|   -7.045343|   -4.368477|
|         919|   -9.925022|   -6.599320|   -7.052617|   -4.375745|
|         920|   -9.932291|   -6.606592|   -7.059889|   -4.383017|
+-----------------------------------------------------------------------+
|        File Writing Summary       |              Filename             |
+-----------------------------------------------------------------------+
|SU2 binary restart                 |restart_flow.dat                   |

Writing the forces breakdown file (forces_breakdown.dat).
+-----------------------------------------------------------------------+
+----------------------------------------------------------------+
|  Inner_Iter|    rms[Rho]|   rms[RhoU]|   rms[RhoV]|   rms[RhoE]|
+----------------------------------------------------------------+
|         921|   -9.939561|   -6.613863|   -7.067160|   -4.390287|
|         922|   -9.946844|   -6.621135|   -7.074431|   -4.397566|
|         923|   -9.954123|   -6.628407|   -7.081706|   -4.404840|
|         924|   -9.961399|   -6.635677|   -7.088981|   -4.412112|
|         925|   -9.968663|   -6.642949|   -7.096255|   -4.419381|
|         926|   -9.975937|   -6.650221|   -7.103533|   -4.426655|
|         927|   -9.983215|   -6.657493|   -7.110805|   -4.433927|
|         928|   -9.990482|   -6.664765|   -7.118077|   -4.441199|
|         929|   -9.997759|   -6.672036|   -7.125352|   -4.448471|
|         930|  -10.005029|   -6.679309|   -7.132625|   -4.455742|
+-----------------------------------------------------------------------+
|        File Writing Summary       |              Filename             |
+-----------------------------------------------------------------------+
|SU2 binary restart                 |restart_flow.dat                   |

Writing the forces breakdown file (forces_breakdown.dat).
+-----------------------------------------------------------------------+
+----------------------------------------------------------------+
|  Inner_Iter|    rms[Rho]|   rms[RhoU]|   rms[RhoV]|   rms[RhoE]|
+----------------------------------------------------------------+
|         931|  -10.012298|   -6.686580|   -7.139900|   -4.463013|
|         932|  -10.019579|   -6.693853|   -7.147175|   -4.470290|
|         933|  -10.026852|   -6.701125|   -7.154447|   -4.477559|
|         934|  -10.034129|   -6.708397|   -7.161718|   -4.484834|
|         935|  -10.041397|   -6.715669|   -7.168993|   -4.492103|
|         936|  -10.048671|   -6.722941|   -7.176266|   -4.499376|
|         937|  -10.055946|   -6.730214|   -7.183538|   -4.506650|
|         938|  -10.063213|   -6.737487|   -7.190813|   -4.513924|
|         939|  -10.070489|   -6.744759|   -7.198084|   -4.521196|
|         940|  -10.077760|   -6.752032|   -7.205359|   -4.528470|
+-----------------------------------------------------------------------+
|        File Writing Summary       |              Filename             |
+-----------------------------------------------------------------------+
|SU2 binary restart                 |restart_flow.dat                   |

Writing the forces breakdown file (forces_breakdown.dat).
+-----------------------------------------------------------------------+
+----------------------------------------------------------------+
|  Inner_Iter|    rms[Rho]|   rms[RhoU]|   rms[RhoV]|   rms[RhoE]|
+----------------------------------------------------------------+
|         941|  -10.085036|   -6.759304|   -7.212631|   -4.535738|
|         942|  -10.092314|   -6.766577|   -7.219906|   -4.543013|
|         943|  -10.099583|   -6.773849|   -7.227181|   -4.550284|
|         944|  -10.106861|   -6.781122|   -7.234451|   -4.557562|
|         945|  -10.114132|   -6.788396|   -7.241731|   -4.564837|
|         946|  -10.121400|   -6.795668|   -7.249007|   -4.572105|
|         947|  -10.128674|   -6.802940|   -7.256280|   -4.579377|
|         948|  -10.135943|   -6.810213|   -7.263549|   -4.586646|
|         949|  -10.143215|   -6.817486|   -7.270824|   -4.593919|
|         950|  -10.150503|   -6.824760|   -7.278095|   -4.601202|
+-----------------------------------------------------------------------+
|        File Writing Summary       |              Filename             |
+-----------------------------------------------------------------------+
|SU2 binary restart                 |restart_flow.dat                   |

Writing the forces breakdown file (forces_breakdown.dat).
+-----------------------------------------------------------------------+
+----------------------------------------------------------------+
|  Inner_Iter|    rms[Rho]|   rms[RhoU]|   rms[RhoV]|   rms[RhoE]|
+----------------------------------------------------------------+
|         951|  -10.157771|   -6.832034|   -7.285369|   -4.608475|
|         952|  -10.165045|   -6.839307|   -7.292644|   -4.615743|
|         953|  -10.172318|   -6.846579|   -7.299917|   -4.623018|
|         954|  -10.179596|   -6.853853|   -7.307191|   -4.630296|
|         955|  -10.186862|   -6.861125|   -7.314466|   -4.637561|
|         956|  -10.194138|   -6.868398|   -7.321739|   -4.644834|
|         957|  -10.201430|   -6.875671|   -7.329013|   -4.652118|
|         958|  -10.208693|   -6.882944|   -7.336291|   -4.659388|
|         959|  -10.215956|   -6.890219|   -7.343572|   -4.666658|
|         960|  -10.223231|   -6.897492|   -7.350839|   -4.673930|
+-----------------------------------------------------------------------+
|        File Writing Summary       |              Filename             |
+-----------------------------------------------------------------------+
|SU2 binary restart                 |restart_flow.dat                   |

Writing the forces breakdown file (forces_breakdown.dat).
+-----------------------------------------------------------------------+
+----------------------------------------------------------------+
|  Inner_Iter|    rms[Rho]|   rms[RhoU]|   rms[RhoV]|   rms[RhoE]|
+----------------------------------------------------------------+
|         961|  -10.230517|   -6.904764|   -7.358112|   -4.681212|
|         962|  -10.237779|   -6.912039|   -7.365386|   -4.688474|
|         963|  -10.245042|   -6.919311|   -7.372657|   -4.695741|
|         964|  -10.252323|   -6.926585|   -7.379929|   -4.703022|
|         965|  -10.259597|   -6.933860|   -7.387203|   -4.710298|
|         966|  -10.266880|   -6.941132|   -7.394476|   -4.717576|
|         967|  -10.274141|   -6.948407|   -7.401753|   -4.724838|
|         968|  -10.281430|   -6.955680|   -7.409017|   -4.732119|
|         969|  -10.288699|   -6.962954|   -7.416297|   -4.739396|
|         970|  -10.295983|   -6.970227|   -7.423570|   -4.746676|
+-----------------------------------------------------------------------+
|        File Writing Summary       |              Filename             |
+-----------------------------------------------------------------------+
|SU2 binary restart                 |restart_flow.dat                   |

Writing the forces breakdown file (forces_breakdown.dat).
+-----------------------------------------------------------------------+
+----------------------------------------------------------------+
|  Inner_Iter|    rms[Rho]|   rms[RhoU]|   rms[RhoV]|   rms[RhoE]|
+----------------------------------------------------------------+
|         971|  -10.303251|   -6.977500|   -7.430846|   -4.753946|
|         972|  -10.310521|   -6.984773|   -7.438115|   -4.761214|
|         973|  -10.317812|   -6.992048|   -7.445392|   -4.768503|
|         974|  -10.325062|   -6.999322|   -7.452668|   -4.775766|
|         975|  -10.332331|   -7.006595|   -7.459939|   -4.783026|
|         976|  -10.339603|   -7.013868|   -7.467210|   -4.790292|
|         977|  -10.346878|   -7.021143|   -7.474483|   -4.797585|
|         978|  -10.354159|   -7.028417|   -7.481761|   -4.804854|
|         979|  -10.361421|   -7.035691|   -7.489040|   -4.812122|
|         980|  -10.368695|   -7.042965|   -7.496310|   -4.819403|
+-----------------------------------------------------------------------+
|        File Writing Summary       |              Filename             |
+-----------------------------------------------------------------------+
|SU2 binary restart                 |restart_flow.dat                   |

Writing the forces breakdown file (forces_breakdown.dat).
+-----------------------------------------------------------------------+
+----------------------------------------------------------------+
|  Inner_Iter|    rms[Rho]|   rms[RhoU]|   rms[RhoV]|   rms[RhoE]|
+----------------------------------------------------------------+
|         981|  -10.375980|   -7.050239|   -7.503583|   -4.826678|
|         982|  -10.383255|   -7.057512|   -7.510852|   -4.833949|
|         983|  -10.390556|   -7.064788|   -7.518123|   -4.841251|
|         984|  -10.397804|   -7.072060|   -7.525408|   -4.848506|
|         985|  -10.405083|   -7.079335|   -7.532677|   -4.855785|
|         986|  -10.412348|   -7.086609|   -7.539956|   -4.863045|
|         987|  -10.419616|   -7.093881|   -7.547233|   -4.870313|
|         988|  -10.426883|   -7.101156|   -7.554504|   -4.877584|
|         989|  -10.434189|   -7.108432|   -7.561767|   -4.884883|
|         990|  -10.441440|   -7.115705|   -7.569035|   -4.892146|
+-----------------------------------------------------------------------+
|        File Writing Summary       |              Filename             |
+-----------------------------------------------------------------------+
|SU2 binary restart                 |restart_flow.dat                   |

Writing the forces breakdown file (forces_breakdown.dat).
+-----------------------------------------------------------------------+
+----------------------------------------------------------------+
|  Inner_Iter|    rms[Rho]|   rms[RhoU]|   rms[RhoV]|   rms[RhoE]|
+----------------------------------------------------------------+
|         991|  -10.448710|   -7.122978|   -7.576319|   -4.899420|
|         992|  -10.455996|   -7.130254|   -7.583591|   -4.906691|
|         993|  -10.463274|   -7.137528|   -7.590865|   -4.913971|
|         994|  -10.470542|   -7.144800|   -7.598142|   -4.921246|
|         995|  -10.477825|   -7.152074|   -7.605416|   -4.928522|
|         996|  -10.485096|   -7.159348|   -7.612693|   -4.935792|
|         997|  -10.492367|   -7.166622|   -7.619957|   -4.943060|
|         998|  -10.499617|   -7.173895|   -7.627236|   -4.950318|
|         999|  -10.506925|   -7.181170|   -7.634507|   -4.957624|
|        1000|  -10.514193|   -7.188446|   -7.641769|   -4.964897|
+-----------------------------------------------------------------------+
|        File Writing Summary       |              Filename             |
+-----------------------------------------------------------------------+
|SU2 binary restart                 |restart_flow.dat                   |

Writing the forces breakdown file (forces_breakdown.dat).
|Paraview                           |flow.vtu                           |

Writing the forces breakdown file (forces_breakdown.dat).
|Paraview surface                   |surface_flow.vtu                   |

Writing the forces breakdown file (forces_breakdown.dat).
|CSV file                           |surface_flow.csv                   |

Writing the forces breakdown file (forces_breakdown.dat).
+-----------------------------------------------------------------------+
+----------------------------------------------------------------+
|  Inner_Iter|    rms[Rho]|   rms[RhoU]|   rms[RhoV]|   rms[RhoE]|
+----------------------------------------------------------------+
|        1001|  -10.521473|   -7.195719|   -7.649053|   -4.972175|
|        1002|  -10.528710|   -7.202993|   -7.656326|   -4.979409|
|        1003|  -10.535983|   -7.210266|   -7.663599|   -4.986689|
|        1004|  -10.543244|   -7.217542|   -7.670877|   -4.993958|
|        1005|  -10.550534|   -7.224817|   -7.678144|   -5.001253|
|        1006|  -10.557771|   -7.232090|   -7.685424|   -5.008501|
|        1007|  -10.565093|   -7.239362|   -7.692699|   -5.015799|
|        1008|  -10.572393|   -7.246639|   -7.699965|   -5.023092|
|        1009|  -10.579652|   -7.253910|   -7.707247|   -5.030347|
|        1010|  -10.586917|   -7.261184|   -7.714508|   -5.037623|
+-----------------------------------------------------------------------+
|        File Writing Summary       |              Filename             |
+-----------------------------------------------------------------------+
|SU2 binary restart                 |restart_flow.dat                   |

Writing the forces breakdown file (forces_breakdown.dat).
+-----------------------------------------------------------------------+
+----------------------------------------------------------------+
|  Inner_Iter|    rms[Rho]|   rms[RhoU]|   rms[RhoV]|   rms[RhoE]|
+----------------------------------------------------------------+
|        1011|  -10.594161|   -7.268459|   -7.721784|   -5.044884|
|        1012|  -10.601467|   -7.275733|   -7.729059|   -5.052182|
|        1013|  -10.608760|   -7.283007|   -7.736340|   -5.059473|
|        1014|  -10.616018|   -7.290280|   -7.743608|   -5.066733|
|        1015|  -10.623301|   -7.297556|   -7.750892|   -5.074000|
|        1016|  -10.630525|   -7.304825|   -7.758169|   -5.081245|
|        1017|  -10.637818|   -7.312100|   -7.765426|   -5.088549|
|        1018|  -10.645068|   -7.319375|   -7.772711|   -5.095808|
|        1019|  -10.652292|   -7.326651|   -7.779973|   -5.103034|
|        1020|  -10.659620|   -7.333922|   -7.787233|   -5.110348|
+-----------------------------------------------------------------------+
|        File Writing Summary       |              Filename             |
+-----------------------------------------------------------------------+
|SU2 binary restart                 |restart_flow.dat                   |

Writing the forces breakdown file (forces_breakdown.dat).
+-----------------------------------------------------------------------+
+----------------------------------------------------------------+
|  Inner_Iter|    rms[Rho]|   rms[RhoU]|   rms[RhoV]|   rms[RhoE]|
+----------------------------------------------------------------+
|        1021|  -10.666889|   -7.341199|   -7.794506|   -5.117612|
|        1022|  -10.674227|   -7.348477|   -7.801779|   -5.124929|
|        1023|  -10.681486|   -7.355748|   -7.809060|   -5.132189|
|        1024|  -10.688778|   -7.363020|   -7.816343|   -5.139490|
|        1025|  -10.696036|   -7.370295|   -7.823600|   -5.146742|
|        1026|  -10.703287|   -7.377565|   -7.830895|   -5.153986|
|        1027|  -10.710540|   -7.384842|   -7.838162|   -5.161253|
|        1028|  -10.717844|   -7.392117|   -7.845448|   -5.168558|
|        1029|  -10.725143|   -7.399389|   -7.852702|   -5.175845|
|        1030|  -10.732392|   -7.406666|   -7.859990|   -5.183115|
+-----------------------------------------------------------------------+
|        File Writing Summary       |              Filename             |
+-----------------------------------------------------------------------+
|SU2 binary restart                 |restart_flow.dat                   |

Writing the forces breakdown file (forces_breakdown.dat).
+-----------------------------------------------------------------------+
+----------------------------------------------------------------+
|  Inner_Iter|    rms[Rho]|   rms[RhoU]|   rms[RhoV]|   rms[RhoE]|
+----------------------------------------------------------------+
|        1031|  -10.739634|   -7.413940|   -7.867264|   -5.190357|
|        1032|  -10.746867|   -7.421210|   -7.874538|   -5.197606|
|        1033|  -10.754226|   -7.428488|   -7.881782|   -5.204926|
|        1034|  -10.761451|   -7.435762|   -7.889078|   -5.212186|
|        1035|  -10.768737|   -7.443035|   -7.896341|   -5.219447|
|        1036|  -10.776029|   -7.450309|   -7.903601|   -5.226730|
|        1037|  -10.783327|   -7.457578|   -7.910885|   -5.234025|
|        1038|  -10.790579|   -7.464857|   -7.918161|   -5.241308|
|        1039|  -10.797856|   -7.472132|   -7.925428|   -5.248594|
|        1040|  -10.805114|   -7.479404|   -7.932697|   -5.255831|
+-----------------------------------------------------------------------+
|        File Writing Summary       |              Filename             |
+-----------------------------------------------------------------------+
|SU2 binary restart                 |restart_flow.dat                   |

Writing the forces breakdown file (forces_breakdown.dat).
+-----------------------------------------------------------------------+
+----------------------------------------------------------------+
|  Inner_Iter|    rms[Rho]|   rms[RhoU]|   rms[RhoV]|   rms[RhoE]|
+----------------------------------------------------------------+
|        1041|  -10.812371|   -7.486671|   -7.939981|   -5.263074|
|        1042|  -10.819581|   -7.493944|   -7.947247|   -5.270316|
|        1043|  -10.826903|   -7.501219|   -7.954537|   -5.277638|
|        1044|  -10.834181|   -7.508498|   -7.961793|   -5.284913|
|        1045|  -10.841452|   -7.515772|   -7.969082|   -5.292195|
|        1046|  -10.848800|   -7.523042|   -7.976349|   -5.299497|
|        1047|  -10.856043|   -7.530319|   -7.983623|   -5.306760|
|        1048|  -10.863298|   -7.537588|   -7.990893|   -5.314016|
|        1049|  -10.870538|   -7.544863|   -7.998165|   -5.321295|
|        1050|  -10.877846|   -7.552138|   -8.005435|   -5.328571|
+-----------------------------------------------------------------------+
|        File Writing Summary       |              Filename             |
+-----------------------------------------------------------------------+
|SU2 binary restart                 |restart_flow.dat                   |

Writing the forces breakdown file (forces_breakdown.dat).
+-----------------------------------------------------------------------+
+----------------------------------------------------------------+
|  Inner_Iter|    rms[Rho]|   rms[RhoU]|   rms[RhoV]|   rms[RhoE]|
+----------------------------------------------------------------+
|        1051|  -10.885108|   -7.559411|   -8.012708|   -5.335839|
|        1052|  -10.892360|   -7.566689|   -8.019972|   -5.343090|
|        1053|  -10.899625|   -7.573958|   -8.027243|   -5.350375|
|        1054|  -10.906942|   -7.581230|   -8.034539|   -5.357674|
|        1055|  -10.914206|   -7.588500|   -8.041813|   -5.364950|
|        1056|  -10.921470|   -7.595779|   -8.049091|   -5.372198|
|        1057|  -10.928806|   -7.603048|   -8.056357|   -5.379515|
|        1058|  -10.936052|   -7.610319|   -8.063602|   -5.386763|
|        1059|  -10.943323|   -7.617596|   -8.070903|   -5.394059|
|        1060|  -10.950503|   -7.624865|   -8.078185|   -5.401242|
+-----------------------------------------------------------------------+
|        File Writing Summary       |              Filename             |
+-----------------------------------------------------------------------+
|SU2 binary restart                 |restart_flow.dat                   |

Writing the forces breakdown file (forces_breakdown.dat).
+-----------------------------------------------------------------------+
+----------------------------------------------------------------+
|  Inner_Iter|    rms[Rho]|   rms[RhoU]|   rms[RhoV]|   rms[RhoE]|
+----------------------------------------------------------------+
|        1061|  -10.957842|   -7.632147|   -8.085410|   -5.408584|
|        1062|  -10.965095|   -7.639416|   -8.092708|   -5.415849|
|        1063|  -10.972400|   -7.646691|   -8.099974|   -5.423110|
|        1064|  -10.979726|   -7.653960|   -8.107262|   -5.430421|
|        1065|  -10.986930|   -7.661236|   -8.114542|   -5.437665|
|        1066|  -10.994308|   -7.668514|   -8.121775|   -5.444984|
|        1067|  -11.001494|   -7.675777|   -8.129100|   -5.452206|
|        1068|  -11.008757|   -7.683056|   -8.136367|   -5.459477|
|        1069|  -11.016050|   -7.690332|   -8.143603|   -5.466737|
|        1070|  -11.023310|   -7.697597|   -8.150862|   -5.474016|
+-----------------------------------------------------------------------+
|        File Writing Summary       |              Filename             |
+-----------------------------------------------------------------------+
|SU2 binary restart                 |restart_flow.dat                   |

Writing the forces breakdown file (forces_breakdown.dat).
+-----------------------------------------------------------------------+
+----------------------------------------------------------------+
|  Inner_Iter|    rms[Rho]|   rms[RhoU]|   rms[RhoV]|   rms[RhoE]|
+----------------------------------------------------------------+
|        1071|  -11.030593|   -7.704880|   -8.158129|   -5.481284|
|        1072|  -11.037832|   -7.712151|   -8.165415|   -5.488598|

----------------------------- Solver Exit -------------------------------
All convergence criteria satisfied.
+-----------------------------------------------------------------------+
|      Convergence Field     |     Value    |   Criterion  |  Converged |
+-----------------------------------------------------------------------+
|                  Cauchy[CD]|   9.86959e-11|       < 1e-10|         Yes|
+-----------------------------------------------------------------------+
-------------------------------------------------------------------------
+-----------------------------------------------------------------------+
|        File Writing Summary       |              Filename             |
+-----------------------------------------------------------------------+
|SU2 binary restart                 |restart_flow.dat                   |

Writing the forces breakdown file (forces_breakdown.dat).
|Paraview                           |flow.vtu                           |

Writing the forces breakdown file (forces_breakdown.dat).
|Paraview surface                   |surface_flow.vtu                   |

Writing the forces breakdown file (forces_breakdown.dat).
|CSV file                           |surface_flow.csv                   |

Writing the forces breakdown file (forces_breakdown.dat).
+-----------------------------------------------------------------------+

--------------------------- Finalizing Solver ---------------------------
Deleted CNumerics container.
Deleted CIntegration container.
Deleted CSolver container.
Deleted CIteration container.
Deleted CInterface container.
Deleted CGeometry container.
Deleted CFreeFormDefBox class.
Deleted CSurfaceMovement class.
Deleted CVolumetricMovement class.
Deleted CConfig container.
Deleted nInst container.
Deleted COutput class.
-------------------------------------------------------------------------

------------------------- Exit Success (SU2_CFD) ------------------------

