"Time_Iter","Outer_Iter","Inner_Iter",    "rms[Rho]"    ,    "rms[RhoU]"   ,    "rms[RhoV]"   ,    "rms[RhoE]"   
          0,           0,           0,       -1.02685981,       1.319487269,         0.8487371,       4.463888194
          0,           0,           1,      -1.460631812,        1.07876155,       1.215234878,         4.0591078
          0,           0,           2,      -1.283007221,       1.166780993,       1.171520865,        4.22702468
          0,           0,           3,      -1.351989949,       1.178512688,       1.225594735,       4.142529574
          0,           0,           4,      -1.278469182,       1.174196826,       1.213533721,       4.196000353
          0,           0,           5,      -1.248920111,       1.148434947,       1.185565527,       4.217445335
          0,           0,           6,      -1.239812247,       1.143273667,       1.210934306,       4.235994394
          0,           0,           7,      -1.215446615,       1.200149315,          1.244834,       4.268723447
          0,           0,           8,      -1.200611923,       1.237811683,         1.2523439,        4.27814058
          0,           0,           9,      -1.194452041,       1.231622386,       1.231689289,       4.269346474
          0,           0,          10,      -1.191334116,       1.187793049,       1.187185756,       4.256380617
          0,           0,          11,      -1.196336499,        1.12989004,       1.146599194,       4.242973696
          0,           0,          12,      -1.200737307,       1.098305627,       1.141723484,        4.24083221
          0,           0,          13,      -1.199128641,       1.113421585,       1.164323853,       4.251089683
          0,           0,          14,      -1.200659075,       1.132882709,       1.175377667,       4.252982319
          0,           0,          15,      -1.202195671,       1.144219427,       1.172829768,       4.249082289
          0,           0,          16,      -1.204892204,       1.137524589,       1.152907706,        4.23903282
          0,           0,          17,      -1.210421836,       1.110782762,       1.120108598,       4.223968957
          0,           0,          18,      -1.218555727,       1.068197983,        1.08444353,       4.207586529
          0,           0,          19,      -1.226592067,       1.021554736,       1.057349691,       4.195559905
          0,           0,          20,      -1.232081686,      0.9874235304,       1.045581035,       4.190878154
          0,           0,          21,      -1.234704758,      0.9751606405,       1.047423256,       4.191543371
          0,           0,          22,      -1.236238391,       0.978349234,       1.053301439,       4.192700524
          0,           0,          23,      -1.237320887,      0.9864273847,       1.055416154,       4.192318461
          0,           0,          24,      -1.238697874,      0.9925907819,       1.048856204,       4.189704498
          0,           0,          25,      -1.240312686,      0.9957146757,       1.034530512,       4.185748598
          0,           0,          26,      -1.241773696,      0.9970452965,       1.017144807,       4.181860203
          0,           0,          27,       -1.24347818,       0.996983865,       1.000972097,        4.17812032
          0,           0,          28,      -1.245010273,      0.9969979786,      0.9890326872,       4.175293247
          0,           0,          29,      -1.246863792,      0.9971450042,      0.9793630187,       4.172806209
          0,           0,          30,      -1.248921726,      0.9979654547,      0.9695745834,       4.170606087
          0,           0,          31,      -1.250599461,      0.9999810595,      0.9591191207,       4.169297384
          0,           0,          32,      -1.252050079,       1.002354176,      0.9487266716,       4.168571038
          0,           0,          33,      -1.252798564,       1.005703371,      0.9414074688,       4.169012676
          0,           0,          34,      -1.253515332,       1.009004794,      0.9377367056,       4.169609191
          0,           0,          35,      -1.254113779,       1.012088637,      0.9373343692,       4.170158533
          0,           0,          36,      -1.254178036,       1.014625355,      0.9386231437,       4.170932615
          0,           0,          37,      -1.253451012,       1.016411997,      0.9401701371,       4.172132363
          0,           0,          38,      -1.251985007,       1.017370134,       0.941409633,       4.173716047
          0,           0,          39,      -1.249898727,       1.017340203,      0.9425274557,       4.175634364
          0,           0,          40,      -1.247284117,        1.01599453,      0.9439695428,       4.177868797
          0,           0,          41,      -1.244159134,       1.012916548,      0.9460109095,       4.180449673
          0,           0,          42,      -1.240592559,       1.007705474,      0.9486189831,       4.183298796
          0,           0,          43,      -1.236610433,       1.000061057,      0.9515447436,        4.18638554
          0,           0,          44,      -1.232307431,      0.9898392894,      0.9544783139,       4.189618519
          0,           0,          45,      -1.230088209,      0.9755753813,       0.952985743,       4.189781413
          0,           0,          46,      -1.228108889,      0.9590379275,      0.9499561202,       4.189048139
          0,           0,          47,      -1.225015044,      0.9407815126,      0.9471747015,       4.189570276
          0,           0,          48,      -1.221381554,      0.9216407053,      0.9450357104,       4.191187858
          0,           0,          49,      -1.218137555,      0.9032699184,      0.9439875328,       4.193020698
          0,           0,          50,      -1.215489338,      0.8870051501,       0.944163234,        4.19481022
          0,           0,          51,      -1.213278098,      0.8737084894,       0.945396759,       4.196572759
          0,           0,          52,      -1.211351309,      0.8643241384,      0.9474224745,       4.198298345
          0,           0,          53,      -1.209780257,      0.8599408214,      0.9500493989,       4.199778293
          0,           0,          54,      -1.208843416,      0.8613218185,      0.9531254036,       4.200678022
          0,           0,          55,      -1.208669976,      0.8685784684,      0.9564381221,       4.200963967
          0,           0,          56,      -1.209495995,      0.8811613425,      0.9596871044,       4.200473199
          0,           0,          57,      -1.211400228,      0.8980349928,      0.9625884921,       4.199196513
          0,           0,          58,      -1.214184549,      0.9179046967,      0.9648802651,       4.197383168
          0,           0,          59,      -1.217592438,      0.9394074046,      0.9662992553,       4.195265944
          0,           0,          60,      -1.221522306,      0.9612973599,      0.9666562857,       4.192843486
          0,           0,          61,      -1.226026658,        0.98264166,      0.9658289979,       4.189956693
          0,           0,          62,      -1.230904335,       1.002857754,      0.9636916079,       4.186804557
          0,           0,          63,      -1.236271123,        1.02160782,      0.9602309886,       4.183206626
          0,           0,          64,      -1.242329259,       1.038640182,      0.9554792026,       4.178919299
          0,           0,          65,      -1.249140707,       1.053744567,      0.9494518765,       4.173927392
          0,           0,          66,      -1.256416413,       1.067571005,      0.9426039702,       4.168754698
          0,           0,          67,      -1.263909684,       1.080164281,      0.9350981309,       4.163820453
          0,           0,          68,       -1.27200939,        1.09010968,      0.9261935787,       4.158311186
          0,           0,          69,      -1.280501114,       1.097439005,      0.9158156707,       4.152190835
          0,           0,          70,       -1.28894521,       1.102180275,      0.9038475657,       4.145761682
          0,           0,          71,      -1.296867113,       1.105138316,      0.8906801845,       4.139624963
          0,           0,          72,      -1.304107869,        1.10670137,      0.8766927302,        4.13413985
          0,           0,          73,      -1.311543791,       1.105857995,      0.8616460888,       4.128049111
          0,           0,          74,      -1.319421666,       1.102782747,      0.8460938233,       4.120921834
          0,           0,          75,      -1.327260166,       1.097533945,      0.8306261897,        4.11319253
          0,           0,          76,      -1.334433895,       1.090727794,      0.8163496148,        4.10561982
          0,           0,          77,      -1.340741321,       1.082716456,      0.8041276033,       4.098655961
          0,           0,          78,      -1.346491672,       1.072590281,       0.793770588,       4.091858908
          0,           0,          79,      -1.351338583,        1.06054662,      0.7857254079,       4.085568045
          0,           0,          80,       -1.35490279,       1.046700488,      0.7801314702,       4.080167617
          0,           0,          81,      -1.356755057,       1.031569222,      0.7776763963,       4.076271997
          0,           0,          82,      -1.356921559,       1.015668619,      0.7783926192,       4.074177936
          0,           0,          83,       -1.35673653,      0.9985152899,       0.780916017,       4.072345786
          0,           0,          84,       -1.35651547,      0.9806075609,      0.7847942294,       4.070479294
          0,           0,          85,      -1.355926622,      0.9622865222,      0.7894760083,       4.069126922
          0,           0,          86,      -1.354895181,      0.9441741976,      0.7953245273,       4.068548627
          0,           0,          87,      -1.353545325,      0.9271020828,      0.8019953448,       4.068890761
          0,           0,          88,      -1.353003063,      0.9109776736,      0.8079968158,        4.06876855
          0,           0,          89,      -1.353358682,      0.8963874527,      0.8130234189,       4.067913457
          0,           0,          90,      -1.354218049,      0.8835574244,      0.8168642197,       4.066766207
          0,           0,          91,       -1.35538633,      0.8729786764,      0.8201065727,       4.065593376
          0,           0,          92,      -1.356423374,      0.8650999639,      0.8228774247,       4.065246528
          0,           0,          93,      -1.358050472,      0.8592552298,       0.824035964,        4.06467233
          0,           0,          94,      -1.360295648,      0.8554252424,      0.8232921407,       4.063535616
          0,           0,          95,      -1.363170364,      0.8531660951,      0.8202183287,       4.061662761
          0,           0,          96,       -1.36653533,      0.8527647757,      0.8149129617,       4.059389264
          0,           0,          97,      -1.371070305,       0.854203427,      0.8077496398,       4.056236637
          0,           0,          98,      -1.378194171,      0.8559468789,      0.7980666981,       4.050619391
          0,           0,          99,      -1.388424592,      0.8575296831,      0.7861982272,       4.041850365
          0,           0,         100,      -1.400519997,      0.8584288381,      0.7723677868,       4.031322643
          0,           0,         101,      -1.413471553,      0.8588572901,      0.7571568378,       4.020079329
          0,           0,         102,       -1.42496463,      0.8586680078,      0.7408771497,        4.01071657
          0,           0,         103,      -1.434250658,      0.8565023708,      0.7228372384,       4.003398173
          0,           0,         104,      -1.441327128,      0.8526552968,       0.703147155,       3.997424941
          0,           0,         105,      -1.446809869,      0.8476725483,      0.6819569962,        3.99195244
          0,           0,         106,      -1.451363187,      0.8428833705,      0.6600728127,       3.986517877
          0,           0,         107,      -1.455980461,      0.8392028756,      0.6384098706,       3.980689082
          0,           0,         108,      -1.461945511,      0.8353796308,       0.617136392,       3.973514672
          0,           0,         109,      -1.469885545,      0.8314647151,      0.5974044711,       3.964434789
          0,           0,         110,      -1.480395667,      0.8274896386,      0.5801395058,       3.952866092
          0,           0,         111,      -1.492561762,      0.8241537319,      0.5663786281,       3.939998014
          0,           0,         112,      -1.505489934,      0.8222460023,      0.5566077693,       3.927103207
          0,           0,         113,      -1.519693969,       0.820682316,      0.5493920322,       3.913433726
          0,           0,         114,      -1.534075202,      0.8192396668,      0.5436536856,       3.899835868
          0,           0,         115,      -1.547468026,      0.8175213802,      0.5380098837,       3.887185419
          0,           0,         116,      -1.560208774,      0.8156505266,      0.5320583884,       3.874806466
          0,           0,         117,      -1.572320334,      0.8140950589,      0.5259387495,        3.86298978
          0,           0,         118,      -1.585691931,      0.8117779161,      0.5188283545,        3.84989039
          0,           0,         119,       -1.60095077,      0.8084367904,       0.510933756,       3.834897589
          0,           0,         120,      -1.618438228,      0.8037080339,      0.5023987177,       3.817735745
          0,           0,         121,       -1.63784198,      0.7976804406,      0.4937657531,        3.79896651
          0,           0,         122,      -1.657738366,      0.7907582408,      0.4855163398,       3.780502741
          0,           0,         123,       -1.67806242,      0.7822847475,       0.476659757,       3.762065277
          0,           0,         124,      -1.698388006,      0.7720931581,      0.4667147105,        3.74359913
          0,           0,         125,      -1.717845086,      0.7599636564,      0.4551857393,       3.725641245
          0,           0,         126,      -1.735502182,      0.7460360507,      0.4424313678,       3.708948941
          0,           0,         127,      -1.750919143,      0.7306448333,      0.4289705602,         3.6940497
          0,           0,         128,      -1.764286108,       0.713587261,      0.4144753809,       3.680597778
          0,           0,         129,      -1.775034883,       0.695115602,      0.3992487863,       3.668964018
          0,           0,         130,      -1.782383039,      0.6755435006,      0.3836749415,       3.659879443
          0,           0,         131,       -1.78570265,      0.6555676086,      0.3689169109,       3.654170029
          0,           0,         132,      -1.784767844,      0.6362143896,      0.3561203562,       3.652538367
          0,           0,         133,      -1.780912884,      0.6179655034,      0.3452146895,       3.653834561
          0,           0,         134,      -1.774506097,      0.6015607722,      0.3362082849,       3.657627293
          0,           0,         135,      -1.765672409,      0.5873722659,      0.3287080963,       3.663857035
          0,           0,         136,      -1.754348674,      0.5756798383,      0.3228143897,        3.67287517
          0,           0,         137,      -1.740685528,      0.5663288433,      0.3182464832,       3.684747235
          0,           0,         138,       -1.72548539,      0.5569740046,      0.3126706242,       3.698251393
          0,           0,         139,       -1.70773891,      0.5479509665,      0.3051866248,       3.714025977
          0,           0,         140,      -1.688387677,      0.5413142857,      0.2955421984,       3.731316425
          0,           0,         141,       -1.66932741,      0.5391877144,      0.2852003517,       3.748616044
          0,           0,         142,      -1.653562732,      0.5415893639,      0.2746112248,       3.762957257
          0,           0,         143,      -1.641408747,      0.5472401195,      0.2641882847,       3.773735433
          0,           0,         144,      -1.632427882,       0.553884215,      0.2538667673,       3.781248193
          0,           0,         145,      -1.628535023,      0.5602282705,      0.2438409886,       3.783712771
          0,           0,         146,      -1.630011176,      0.5636293108,      0.2355436364,       3.781423312
          0,           0,         147,      -1.636086146,      0.5622274632,      0.2297931408,       3.775135373
          0,           0,         148,      -1.645625046,      0.5552705048,      0.2256631112,       3.765629186
          0,           0,         149,      -1.654593433,      0.5453261322,      0.2223737787,       3.756621887
          0,           0,         150,      -1.661506173,      0.5370500274,      0.2201910804,       3.749292907
          0,           0,         151,      -1.665417515,      0.5336739679,      0.2187110539,       3.744702595
          0,           0,         152,      -1.669261299,      0.5330517855,      0.2165133205,       3.740161407
          0,           0,         153,      -1.677085643,      0.5303034476,      0.2116779918,       3.731717583
          0,           0,         154,       -1.68590056,      0.5248704334,      0.2058580541,       3.722619644
          0,           0,         155,      -1.695223368,      0.5187422082,      0.2019439492,       3.713524273
          0,           0,         156,      -1.706669814,      0.5113537793,      0.1999796415,       3.702625714
          0,           0,         157,      -1.715475492,      0.5035420511,      0.2010995261,       3.694480339
          0,           0,         158,       -1.72313632,       0.496090583,       0.203896586,       3.687573046
          0,           0,         159,      -1.730443397,      0.4881327772,      0.2039213024,       3.681238116
          0,           0,         160,      -1.739610722,      0.4773601038,      0.1998753448,       3.673363455
          0,           0,         161,      -1.752876841,      0.4618745012,      0.1908957508,        3.66184682
          0,           0,         162,      -1.771714164,      0.4411251418,      0.1791883778,       3.645146113
          0,           0,         163,      -1.797209075,      0.4158009759,      0.1651183201,       3.621529256
          0,           0,         164,      -1.827835612,      0.3873359733,      0.1489579644,       3.592131726
          0,           0,         165,      -1.864539386,      0.3585665753,      0.1314869007,       3.555780189
          0,           0,         166,      -1.902410914,      0.3313654458,      0.1130655864,       3.517866357
          0,           0,         167,      -1.938140309,      0.3078185393,     0.09517694823,        3.48245629
          0,           0,         168,       -1.96939257,       0.288075044,     0.08058960416,        3.45174641
          0,           0,         169,      -1.992276944,      0.2718281656,     0.07084235488,       3.428914524
          0,           0,         170,      -2.003888889,      0.2594625249,     0.06712590521,       3.416702721
          0,           0,         171,      -2.004461627,      0.2505479497,      0.0677621618,       3.415081067
          0,           0,         172,      -1.995807887,       0.245246254,     0.07118682612,          3.422633
          0,           0,         173,      -1.981320446,      0.2422384797,     0.07439014667,       3.435992661
          0,           0,         174,       -1.96353536,      0.2407893436,     0.07657538856,         3.4522872
          0,           0,         175,      -1.943811016,       0.241212318,     0.07843482453,       3.470486559
          0,           0,         176,      -1.925857764,      0.2397685384,     0.07741539698,       3.486786884
          0,           0,         177,      -1.910532852,      0.2375564254,     0.07412255573,       3.499925588
          0,           0,         178,      -1.896604475,      0.2369268485,     0.07084733155,       3.511864477
          0,           0,         179,      -1.883788943,      0.2369151497,     0.06754888299,       3.524111761
          0,           0,         180,      -1.872984673,      0.2373165837,      0.0648466846,       3.535515382
          0,           0,         181,      -1.864218498,      0.2380671638,     0.06270145593,       3.545254242
          0,           0,         182,      -1.856529253,      0.2381322683,      0.0601169104,       3.553828198
          0,           0,         183,      -1.849534942,      0.2363230442,     0.05646323181,       3.561139275
          0,           0,         184,       -1.84321418,      0.2323677799,     0.05146928703,       3.567123696
          0,           0,         185,      -1.837893662,      0.2264873344,     0.04500516833,       3.571741331
          0,           0,         186,      -1.834044995,      0.2195153645,     0.03739808552,        3.57501535
          0,           0,         187,      -1.832411355,      0.2117693038,     0.02856033569,       3.576356717
          0,           0,         188,       -1.83336745,      0.2040809237,     0.01816340031,       3.575372709
          0,           0,         189,      -1.836371899,       0.196319359,    0.008312058763,       3.572654874
          0,           0,         190,      -1.841600348,      0.1882818432,   0.0005882356897,       3.567824656
          0,           0,         191,      -1.849304578,      0.1803487082,    -0.00277814072,       3.560570304
          0,           0,         192,      -1.859533326,      0.1714018254,   -0.002318107024,       3.551176623
          0,           0,         193,       -1.87203331,       0.162813376,    0.001797478517,       3.539568889
          0,           0,         194,      -1.885791072,      0.1545848924,    0.008655226131,       3.526587619
          0,           0,         195,      -1.899549119,      0.1463401878,     0.01574428012,       3.513690436
          0,           0,         196,      -1.912565336,      0.1393226975,     0.02142322925,       3.501632929
          0,           0,         197,      -1.925952625,      0.1326351558,     0.02332546987,       3.489272636
          0,           0,         198,      -1.939454485,      0.1261517099,     0.02114274858,       3.476791761
          0,           0,         199,      -1.953167729,      0.1182776015,     0.01556515752,       3.464016691
          0,           0,         200,      -1.966873891,      0.1088628736,    0.007280593638,       3.451172764
          0,           0,         201,      -1.980525807,      0.0994568219,  -0.0002681956795,       3.438372068
          0,           0,         202,      -1.994039801,     0.09052074259,    -0.00832335233,       3.425968445
          0,           0,         203,      -2.007366602,     0.08267133374,    -0.01598419413,       3.413371558
          0,           0,         204,      -2.019257753,     0.07411436205,    -0.02362741614,       3.401806821
          0,           0,         205,       -2.02939447,     0.06396903634,    -0.03157704137,       3.391796318
          0,           0,         206,      -2.038506598,     0.05340837302,    -0.04022932056,       3.382812893
          0,           0,         207,      -2.047963972,     0.04377388338,    -0.04959601376,       3.373249018
          0,           0,         208,      -2.058259805,     0.03546356068,    -0.05921550446,       3.362268286
          0,           0,         209,      -2.068980959,     0.02750231417,    -0.06940138565,       3.350443491
          0,           0,         210,      -2.079571684,     0.01999037362,    -0.07978153266,       3.338673449
          0,           0,         211,      -2.090119843,     0.01325493221,    -0.09004996031,       3.327252625
          0,           0,         212,      -2.101085814,    0.007069537866,     -0.1008945558,       3.315885293
          0,           0,         213,      -2.112283855,    0.001543616139,     -0.1119068227,       3.304437703
          0,           0,         214,       -2.12303942,   -0.003944230708,      -0.123062224,        3.29344534
          0,           0,         215,      -2.132931322,   -0.009564392168,     -0.1341500499,       3.283371819
          0,           0,         216,      -2.141727753,     -0.0150442461,     -0.1446815743,       3.274861506
          0,           0,         217,      -2.150558161,    -0.02066974132,     -0.1552732564,       3.266601219
          0,           0,         218,      -2.159337502,    -0.02667328915,     -0.1659691273,       3.258367851
          0,           0,         219,      -2.167365369,     -0.0336977934,     -0.1775090316,       3.250734417
          0,           0,         220,      -2.174369079,    -0.04158634736,     -0.1896969906,       3.243866059
          0,           0,         221,      -2.180445759,    -0.04960664925,      -0.201982746,       3.237914952
          0,           0,         222,       -2.18669996,    -0.05750706779,      -0.214564518,       3.231733129
          0,           0,         223,      -2.193249595,    -0.06476120604,     -0.2271416825,       3.225003332
          0,           0,         224,      -2.199739581,    -0.07136693136,     -0.2393074178,       3.218122476
          0,           0,         225,      -2.206254234,    -0.07704442664,     -0.2501905675,       3.211040634
          0,           0,         226,      -2.213062393,    -0.08126784244,     -0.2591715726,       3.203733889
          0,           0,         227,      -2.220894798,     -0.0847362988,     -0.2667498443,       3.195619799
          0,           0,         228,       -2.22976098,    -0.08808223709,     -0.2732827402,       3.186523547
          0,           0,         229,      -2.239302009,    -0.09210654655,     -0.2796062329,       3.176752317
          0,           0,         230,       -2.24908472,    -0.09713086053,       -0.28628337,       3.166774699
          0,           0,         231,      -2.258918022,     -0.1027757181,     -0.2933986957,       3.156953288
          0,           0,         232,      -2.269658081,     -0.1095569302,     -0.3017493307,       3.146391882
          0,           0,         233,      -2.281010862,     -0.1177469934,     -0.3113032078,       3.135217974
          0,           0,         234,      -2.292551362,     -0.1275392249,     -0.3221163937,       3.123769311
          0,           0,         235,      -2.303886764,     -0.1386711788,      -0.333735185,       3.112378859
          0,           0,         236,      -2.314640784,     -0.1508986928,     -0.3449319926,       3.101782348
          0,           0,         237,       -2.32558244,     -0.1641336895,     -0.3559494599,       3.091240861
          0,           0,         238,      -2.336145923,     -0.1784672787,     -0.3665079513,       3.081081822
          0,           0,         239,      -2.346157075,     -0.1937412006,     -0.3774325866,       3.071183422
          0,           0,         240,      -2.355212901,     -0.2097490283,     -0.3882990133,       3.062034013
          0,           0,         241,      -2.363273747,     -0.2261590784,     -0.3978742066,       3.054081987
          0,           0,         242,      -2.371001447,     -0.2427410208,     -0.4066440825,       3.046723164
          0,           0,         243,      -2.378588647,      -0.259552932,     -0.4148167709,       3.039441477
          0,           0,         244,      -2.385521391,     -0.2768240967,     -0.4229161582,       3.032616702
          0,           0,         245,      -2.391489329,     -0.2943765233,     -0.4304827487,       3.026556631
          0,           0,         246,      -2.396350712,     -0.3116726177,     -0.4367670907,       3.021735758
          0,           0,         247,      -2.401111029,     -0.3285149745,     -0.4426367037,       3.017113715
          0,           0,         248,      -2.405573726,     -0.3449157332,     -0.4483071302,       3.012608387
          0,           0,         249,      -2.409177122,     -0.3612273905,     -0.4541843673,       3.008728285
          0,           0,         250,       -2.41176963,     -0.3772583087,      -0.459499992,        3.00571163
          0,           0,         251,      -2.413339213,     -0.3924087759,      -0.463483742,       3.003953739
          0,           0,         252,      -2.414897847,     -0.4060695738,     -0.4670080484,       3.002418206
          0,           0,         253,      -2.416151211,     -0.4180211058,     -0.4703546151,       3.001085264
          0,           0,         254,      -2.416607308,     -0.4287164492,     -0.4740087201,       3.000358439
          0,           0,         255,      -2.416135459,     -0.4378491034,     -0.4773118079,       3.000483259
          0,           0,         256,      -2.414810565,     -0.4447508717,     -0.4798259463,       3.001792635
          0,           0,         257,      -2.413741192,     -0.4489047407,      -0.482422737,       3.003092146
          0,           0,         258,      -2.412890388,     -0.4505480043,     -0.4853638858,       3.003995232
          0,           0,         259,      -2.415209957,      -0.452492347,     -0.4938804307,       3.000272324
          0,           0,         260,      -2.415448713,      -0.453958662,     -0.5027058154,       2.997507613
          0,           0,         261,      -2.414464516,     -0.4568453068,     -0.5123169133,       2.997078013
          0,           0,         262,       -2.41521583,     -0.4564443837,      -0.520305685,       2.996244174
          0,           0,         263,      -2.420744047,     -0.4547441672,     -0.5302445696,       2.990345065
          0,           0,         264,      -2.425273784,     -0.4526757393,     -0.5398210417,       2.984660241
          0,           0,         265,      -2.427537063,     -0.4537669264,     -0.5500685412,       2.981721177
          0,           0,         266,      -2.430299373,     -0.4544333455,      -0.559875113,        2.97892299
          0,           0,         267,      -2.434813365,     -0.4526577884,     -0.5675512216,       2.974847976
          0,           0,         268,      -2.440145318,     -0.4505459294,      -0.573285143,        2.97038117
          0,           0,         269,      -2.445021946,     -0.4492570398,     -0.5768628957,       2.966606419
          0,           0,         270,      -2.449977064,     -0.4485875914,     -0.5791021645,       2.962589431
          0,           0,         271,      -2.455422646,     -0.4483006318,     -0.5800883744,       2.957743963
          0,           0,         272,      -2.461082092,     -0.4488824906,     -0.5800934705,       2.952484081
          0,           0,         273,      -2.466938737,     -0.4505262951,     -0.5794930342,       2.946968136
          0,           0,         274,      -2.472697641,     -0.4525293052,     -0.5773926985,       2.941745373
          0,           0,         275,      -2.478856459,     -0.4549636606,     -0.5749252082,       2.936360064
          0,           0,         276,      -2.485631003,     -0.4580510071,     -0.5733007621,       2.930396208
          0,           0,         277,      -2.492741478,     -0.4624124436,     -0.5731169014,       2.923856035
          0,           0,         278,      -2.499822774,     -0.4685344603,     -0.5748947828,       2.917069655
          0,           0,         279,      -2.506698129,      -0.476133057,     -0.5776394985,       2.910462811
          0,           0,         280,      -2.514180119,     -0.4849284168,      -0.581601852,       2.903370624
          0,           0,         281,      -2.522568723,     -0.4947391626,     -0.5869526911,       2.895388364
          0,           0,         282,       -2.53138609,     -0.5060631473,     -0.5935821186,       2.886774551
          0,           0,         283,      -2.540114373,     -0.5193364092,     -0.6015886727,       2.877995599
          0,           0,         284,       -2.54836505,     -0.5341934579,     -0.6098274869,       2.869658177
          0,           0,         285,      -2.556701972,     -0.5499875332,     -0.6182638363,        2.86137271
          0,           0,         286,      -2.565449202,      -0.566327526,     -0.6272039392,       2.852695122
          0,           0,         287,      -2.574127891,     -0.5836129933,     -0.6366872394,        2.84392646
          0,           0,         288,       -2.58234737,     -0.6020803038,     -0.6466404052,       2.835398015
          0,           0,         289,      -2.589793214,     -0.6211830101,     -0.6560797879,       2.827655709
          0,           0,         290,      -2.597160552,       -0.63992685,     -0.6650172516,       2.820197578
          0,           0,         291,      -2.604815496,     -0.6576214294,     -0.6737772894,        2.81243513
          0,           0,         292,      -2.612471796,     -0.6744244179,     -0.6824999223,       2.804423285
          0,           0,         293,      -2.619884834,      -0.690296275,     -0.6915355018,       2.796387837
          0,           0,         294,      -2.626823304,     -0.7043731496,     -0.7002544102,       2.788887741
          0,           0,         295,      -2.634188528,     -0.7157249726,     -0.7089824479,       2.781265411
          0,           0,         296,      -2.642234124,     -0.7239729156,     -0.7179022899,       2.773029626
          0,           0,         297,      -2.650401361,     -0.7299036215,     -0.7272259834,       2.764533412
          0,           0,         298,      -2.658303338,     -0.7339880033,     -0.7370128466,       2.756134337
          0,           0,         299,      -2.665643413,     -0.7359305852,     -0.7463739928,       2.748459821
          0,           0,         300,      -2.673349508,     -0.7357304059,     -0.7556780018,       2.740758148
          0,           0,         301,      -2.681566748,     -0.7338489078,     -0.7651877985,       2.732678276
          0,           0,         302,      -2.689730158,     -0.7315095937,     -0.7752511436,       2.724587628
          0,           0,         303,      -2.697578163,     -0.7293355634,     -0.7860130584,        2.71669489
          0,           0,         304,      -2.704922634,     -0.7269918568,     -0.7964619218,       2.709492994
          0,           0,         305,      -2.712630441,     -0.7243933537,     -0.8069152852,       2.702175451
          0,           0,         306,      -2.720906728,     -0.7218141786,     -0.8174644894,       2.694320751
          0,           0,         307,      -2.729328622,      -0.720142677,       -0.82827059,        2.68617355
          0,           0,         308,      -2.737740623,     -0.7198064973,     -0.8392788347,        2.67786632
          0,           0,         309,       -2.74593742,     -0.7203984995,     -0.8494288241,       2.669909825
          0,           0,         310,      -2.754789257,     -0.7216919266,      -0.858933041,       2.661470045
          0,           0,         311,      -2.764455212,     -0.7238156821,     -0.8679374499,       2.652221416
          0,           0,         312,      -2.774514298,     -0.7272592507,     -0.8765661467,       2.642396592
          0,           0,         313,      -2.784787599,     -0.7322277546,     -0.8849370135,       2.632145447
          0,           0,         314,      -2.795065291,     -0.7382511771,     -0.8923180119,       2.621943868
          0,           0,         315,      -2.806093291,     -0.7450319133,     -0.8991979714,       2.611135815
          0,           0,         316,      -2.817987809,     -0.7526291928,     -0.9058099737,       2.599475109
          0,           0,         317,      -2.830311732,     -0.7614024856,      -0.912313147,       2.587217964
          0,           0,         318,      -2.842775656,     -0.7714855888,     -0.9190499899,       2.574607673
          0,           0,         319,      -2.855053545,     -0.7824286125,     -0.9252940421,       2.562189007
          0,           0,         320,       -2.86776144,     -0.7939355713,     -0.9313533192,       2.549489027
          0,           0,         321,      -2.880923685,     -0.8060372929,     -0.9374269298,       2.536352616
          0,           0,         322,      -2.893985433,     -0.8190517143,     -0.9437711302,       2.523158409
          0,           0,         323,      -2.906591333,     -0.8330909727,     -0.9506000175,       2.510236346
          0,           0,         324,      -2.918328418,     -0.8477056417,     -0.9572453423,       2.498222649
          0,           0,         325,      -2.929697414,     -0.8625696738,     -0.9637710116,       2.486793086
          0,           0,         326,      -2.940693948,     -0.8776086297,     -0.9704022084,       2.475744877
          0,           0,         327,      -2.950729352,     -0.8930774614,     -0.9773245103,       2.465484761
          0,           0,         328,      -2.959450645,     -0.9089899802,     -0.9845961511,       2.456352639
          0,           0,         329,       -2.96696109,     -0.9250212226,     -0.9921818507,       2.448361418
          0,           0,         330,      -2.973381557,     -0.9407796441,     -0.9998614358,       2.441547331
          0,           0,         331,      -2.978844501,     -0.9560198671,      -1.007599718,       2.435818405
          0,           0,         332,      -2.983354584,     -0.9705804064,      -1.015346142,       2.431085136
          0,           0,         333,      -2.986933101,     -0.9843439568,      -1.023239262,       2.427264378
          0,           0,         334,      -2.989729975,     -0.9971259414,      -1.031286869,       2.424205773
          0,           0,         335,      -2.991979997,      -1.008715497,      -1.039475834,       2.421718368
          0,           0,         336,       -2.99389858,      -1.018929433,      -1.047749746,       2.419627074
          0,           0,         337,       -2.99570804,      -1.027656728,      -1.056088664,       2.417712396
          0,           0,         338,      -2.997579463,      -1.034861738,      -1.064444386,       2.415774265
          0,           0,         339,       -2.99963457,      -1.040585578,      -1.072695612,       2.413666799
          0,           0,         340,      -3.001982106,      -1.044921107,      -1.080885407,       2.411296588
          0,           0,         341,      -3.004795742,      -1.048058303,      -1.089041039,        2.40850788
          0,           0,         342,      -3.008192166,      -1.050183512,      -1.097243398,       2.405200504
          0,           0,         343,      -3.012258116,      -1.051463746,      -1.105632996,       2.401276261
          0,           0,         344,      -3.017043075,      -1.052105435,        -1.1142039,       2.396681134
          0,           0,         345,      -3.022602128,      -1.052360544,      -1.122932069,       2.391348211
          0,           0,         346,      -3.028971544,      -1.052476743,      -1.131657586,       2.385224722
          0,           0,         347,      -3.036160321,      -1.052703243,      -1.140271988,       2.378299447
          0,           0,         348,      -3.044176866,      -1.053258901,      -1.148925076,       2.370562272
          0,           0,         349,      -3.053020079,      -1.054333161,      -1.157632715,       2.362017776
          0,           0,         350,      -3.062728358,      -1.056062186,      -1.166468757,       2.352612492
          0,           0,         351,      -3.073289033,      -1.058554719,      -1.175418795,       2.342355706
          0,           0,         352,      -3.084696257,      -1.061914228,      -1.184560742,       2.331254286
          0,           0,         353,      -3.096934669,      -1.066235837,      -1.193973579,       2.319322346
          0,           0,         354,      -3.109965981,      -1.071602333,      -1.203673859,       2.306596297
          0,           0,         355,      -3.123759745,      -1.078099258,       -1.21362697,       2.293099919
          0,           0,         356,        -3.1382672,      -1.085774009,      -1.223753392,       2.278873742
          0,           0,         357,      -3.153424457,      -1.094657565,      -1.234053728,       2.263974773
          0,           0,         358,      -3.169168244,      -1.104761995,      -1.244621038,       2.248459925
          0,           0,         359,      -3.185416134,      -1.116087477,      -1.255334329,       2.232408992
          0,           0,         360,      -3.202068314,      -1.128624894,      -1.266222097,        2.21591747
          0,           0,         361,      -3.219003403,      -1.142356051,      -1.277298953,       2.199103853
          0,           0,         362,      -3.236111948,      -1.157244373,      -1.288534563,       2.182062912
          0,           0,         363,      -3.253186478,      -1.173206471,      -1.299840638,       2.165016237
          0,           0,         364,      -3.270082013,      -1.190129564,      -1.311306907,       2.148104606
          0,           0,         365,      -3.286650726,      -1.207900949,      -1.322883617,       2.131459319
          0,           0,         366,      -3.302704162,      -1.226378918,      -1.334596717,       2.115271566
          0,           0,         367,      -3.318108014,      -1.245354749,      -1.346469718,       2.099675352
          0,           0,         368,      -3.332744432,      -1.264597223,      -1.358457522,       2.084790486
          0,           0,         369,      -3.346514359,       -1.28383008,       -1.37051254,       2.070727432
          0,           0,         370,      -3.359362197,      -1.302744206,      -1.382542829,       2.057558478
          0,           0,         371,       -3.37124674,      -1.320974314,      -1.394552127,       2.045343182
          0,           0,         372,        -3.3821957,      -1.338190608,      -1.406502115,       2.034055184
          0,           0,         373,      -3.392269808,      -1.354081397,      -1.418358312,         2.0236443
          0,           0,         374,      -3.401534284,      -1.368375359,      -1.430075756,       2.014069242
          0,           0,         375,      -3.410163791,      -1.380848524,      -1.441796471,        2.00516114
          0,           0,         376,      -3.418299646,      -1.391390836,      -1.453437798,       1.996792182
          0,           0,         377,      -3.426114598,       -1.40000768,      -1.464930723,       1.988795336
          0,           0,         378,       -3.43378767,      -1.406832343,      -1.476376985,       1.980990331
          0,           0,         379,      -3.441467308,      -1.412066209,      -1.487779614,       1.973239857
          0,           0,         380,      -3.449329842,      -1.415984499,      -1.499223944,       1.965360554
          0,           0,         381,      -3.457516875,      -1.418899865,      -1.510702196,       1.957203818
          0,           0,         382,      -3.466140844,      -1.421138345,      -1.522262704,       1.948652863
          0,           0,         383,      -3.475296766,      -1.423018776,      -1.533701037,       1.939612154
          0,           0,         384,      -3.485067176,      -1.424829046,      -1.544888602,       1.930003679
          0,           0,         385,      -3.495510114,      -1.426820486,      -1.555948596,       1.919762776
          0,           0,         386,       -3.50664367,      -1.429237914,      -1.566971524,       1.908860113
          0,           0,         387,       -3.51848908,       -1.43230647,      -1.578024689,       1.897264895
          0,           0,         388,      -3.531054421,      -1.436201524,        -1.5890783,       1.884962137
          0,           0,         389,      -3.544318667,      -1.441040812,      -1.600069474,       1.871975089
          0,           0,         390,      -3.558251816,      -1.446908136,      -1.611020829,       1.858333702
          0,           0,         391,      -3.572799162,      -1.453866384,      -1.621938934,       1.844088326
          0,           0,         392,      -3.587892579,      -1.461963746,      -1.632883832,       1.829296878
          0,           0,         393,      -3.603442069,      -1.471236214,      -1.643877898,       1.814036152
          0,           0,         394,      -3.619367883,      -1.481680399,      -1.654958192,       1.798374964
          0,           0,         395,      -3.635572069,      -1.493266836,      -1.666138526,       1.782406939
          0,           0,         396,      -3.651948307,      -1.505939529,      -1.677346422,       1.766239213
          0,           0,         397,      -3.668398475,      -1.519641759,      -1.688787334,       1.749963822
          0,           0,         398,      -3.684835985,      -1.534306394,      -1.700394985,       1.733659041
          0,           0,         399,      -3.701130961,      -1.549848472,      -1.712155421,       1.717459162
          0,           0,         400,      -3.717204144,      -1.566144748,      -1.723956081,       1.701439441
          0,           0,         401,      -3.732939717,      -1.583088605,      -1.735842856,       1.685722768
          0,           0,         402,      -3.748242123,      -1.600528743,      -1.747851569,       1.670400934
          0,           0,         403,        -3.7630389,      -1.618308083,      -1.759998991,       1.655540985
          0,           0,         404,      -3.777285269,       -1.63626149,      -1.772296689,       1.641188048
          0,           0,         405,      -3.790972447,      -1.654216419,      -1.784736132,       1.627360099
          0,           0,         406,      -3.804135548,      -1.671987212,      -1.797359713,       1.614031343
          0,           0,         407,      -3.816807506,      -1.689377111,      -1.810154772,         1.6011875
          0,           0,         408,      -3.829034734,       -1.70618236,      -1.823214338,       1.588794212
          0,           0,         409,      -3.840879664,      -1.722218982,      -1.836414619,       1.576784813
          0,           0,         410,      -3.852394592,       -1.73733382,      -1.849639603,       1.565105735
          0,           0,         411,      -3.863630893,         -1.751421,      -1.862790648,       1.553715653
          0,           0,         412,       -3.87465502,      -1.764417669,      -1.875857128,       1.542562233
          0,           0,         413,      -3.885563569,       -1.77631759,       -1.88888696,       1.531554066
          0,           0,         414,      -3.896432401,      -1.787167925,      -1.901859335,       1.520620332
          0,           0,         415,      -3.907320824,      -1.797055526,      -1.914814115,       1.509700316
          0,           0,         416,      -3.918284381,      -1.806103523,      -1.927687364,       1.498733805
          0,           0,         417,      -3.929366907,      -1.814466527,      -1.940375119,       1.487675566
          0,           0,         418,      -3.940594118,      -1.822303211,      -1.952691417,       1.476506911
          0,           0,         419,      -3.951959552,      -1.829769373,       -1.96474608,       1.465241261
          0,           0,         420,      -3.963473049,      -1.837051452,      -1.976542353,       1.453864343
          0,           0,         421,      -3.975143831,      -1.844328101,      -1.988049014,        1.44236259
          0,           0,         422,      -3.986960893,      -1.851762965,      -1.999230896,       1.430735423
          0,           0,         423,      -3.998903679,      -1.859494116,      -2.010080425,       1.418998753
          0,           0,         424,      -4.010966876,      -1.867638978,      -2.020591493,       1.407152994
          0,           0,         425,      -4.023141397,      -1.876288736,      -2.030796164,       1.395205129
          0,           0,         426,       -4.03541145,      -1.885520689,      -2.040751584,       1.383166063
          0,           0,         427,      -4.047748592,      -1.895401862,      -2.050508847,       1.371058024
          0,           0,         428,      -4.060119081,      -1.905985635,      -2.060093802,       1.358914621
          0,           0,         429,      -4.072514935,      -1.917292717,      -2.069502628,       1.346735224
          0,           0,         430,      -4.084913132,      -1.929314905,      -2.078725066,        1.33453018
          0,           0,         431,      -4.097296738,      -1.942032799,      -2.087844164,       1.322308304
          0,           0,         432,       -4.10963939,      -1.955422882,      -2.097091217,       1.310097137
          0,           0,         433,      -4.121947703,      -1.969444336,      -2.106588854,       1.297885537
          0,           0,         434,      -4.134225599,      -1.984041714,      -2.116389804,       1.285666763
          0,           0,         435,      -4.146421482,      -1.999128303,      -2.126523194,       1.273500731
          0,           0,         436,      -4.158534636,      -2.014600225,      -2.137010324,       1.261386284
          0,           0,         437,      -4.170540313,      -2.030325083,      -2.147863859,       1.249349517
          0,           0,         438,      -4.182427857,      -2.046150398,      -2.159098711,       1.237400476
          0,           0,         439,      -4.194199943,      -2.061926008,      -2.170763507,       1.225528048
          0,           0,         440,      -4.205808533,        -2.0774855,      -2.182622241,       1.213789261
          0,           0,         441,       -4.21722888,      -2.092651433,      -2.194777668,        1.20222244
          0,           0,         442,      -4.228461245,       -2.10724632,      -2.207305326,       1.190836177
          0,           0,         443,      -4.239506233,      -2.121107108,      -2.220231619,       1.179637007
          0,           0,         444,      -4.250352912,      -2.134095627,      -2.233508633,       1.168640667
          0,           0,         445,       -4.26097891,      -2.146103062,      -2.247039444,       1.157875848
          0,           0,         446,      -4.271369266,      -2.157054823,      -2.260720786,       1.147363581
          0,           0,         447,      -4.281508029,       -2.16692434,       -2.27444699,       1.137127669
          0,           0,         448,      -4.291417172,      -2.175741131,      -2.288084147,       1.127145916
          0,           0,         449,      -4.301098591,      -2.183587275,      -2.301475297,       1.117422616
          0,           0,         450,      -4.310548051,       -2.19060851,       -2.31468365,       1.107970517
          0,           0,         451,      -4.319789532,      -2.196984397,      -2.327687248,       1.098757306
          0,           0,         452,      -4.328846164,       -2.20290658,      -2.340346162,       1.089750813
          0,           0,         453,      -4.337726536,      -2.208561242,      -2.352485356,       1.080940742
          0,           0,         454,       -4.34645139,      -2.214126829,      -2.363970972,       1.072306923
          0,           0,         455,      -4.355050346,      -2.219779483,      -2.374733699,       1.063820341
          0,           0,         456,      -4.363559897,      -2.225696115,      -2.384800652,       1.055437774
          0,           0,         457,      -4.372005683,      -2.232042655,      -2.394167687,       1.047129437
          0,           0,         458,      -4.380424215,      -2.238974623,      -2.402813774,       1.038848066
          0,           0,         459,      -4.388834969,      -2.246619592,      -2.410772091,       1.030569314
          0,           0,         460,      -4.397274942,      -2.255080695,      -2.418136932,       1.022248518
          0,           0,         461,      -4.405780804,      -2.264432548,       -2.42492146,       1.013841686
          0,           0,         462,      -4.414373428,      -2.274729357,      -2.431292215,       1.005324186
          0,           0,         463,      -4.423044993,      -2.286010996,      -2.437466951,      0.9967018519
          0,           0,         464,      -4.431801048,      -2.298308834,      -2.443572703,       0.987962648
          0,           0,         465,      -4.440664771,      -2.311649055,      -2.449665876,      0.9790768824
          0,           0,         466,      -4.449638959,      -2.326038649,      -2.455837124,      0.9700456157
          0,           0,         467,      -4.458718201,      -2.341457971,      -2.462151134,      0.9608761813
          0,           0,         468,      -4.467867766,      -2.357857415,        -2.4686195,      0.9516036453
          0,           0,         469,      -4.477063645,      -2.375139426,      -2.475278844,      0.9422524833
          0,           0,         470,      -4.486278316,      -2.393161711,      -2.482240853,      0.9328533587
          0,           0,         471,      -4.495488754,      -2.411754509,      -2.489614932,      0.9234330845
          0,           0,         472,      -4.504677984,       -2.43072405,      -2.497465191,      0.9140125692
          0,           0,         473,      -4.513808863,      -2.449821543,      -2.505873236,       0.904639296
          0,           0,         474,      -4.522837196,      -2.468742375,      -2.514817135,      0.8953648638
          0,           0,         475,       -4.53172062,      -2.487124924,      -2.524252943,      0.8862368403
          0,           0,         476,      -4.540412392,      -2.504568431,      -2.534172393,       0.877308926
          0,           0,         477,      -4.548864534,      -2.520670319,      -2.544574153,      0.8686381281
          0,           0,         478,      -4.557033344,      -2.535050351,      -2.555417266,      0.8602762733
          0,           0,         479,      -4.564893095,      -2.547399313,      -2.566664626,      0.8522514851
          0,           0,         480,      -4.572423041,      -2.557505443,      -2.578240151,       0.844592683
          0,           0,         481,      -4.579603832,      -2.565272897,      -2.590097377,      0.8373249944
          0,           0,         482,      -4.586428911,      -2.570747846,      -2.602120786,      0.8304570815
          0,           0,         483,      -4.592900608,      -2.574100787,      -2.614181114,      0.8239866496
          0,           0,         484,       -4.59901499,      -2.575603931,      -2.626150203,       0.817918221
          0,           0,         485,      -4.604778565,      -2.575604178,      -2.637896559,      0.8122422214
          0,           0,         486,      -4.610221819,      -2.574488266,      -2.649278639,      0.8069220776
          0,           0,         487,      -4.615370361,      -2.572646934,      -2.660175863,      0.8019299129
          0,           0,         488,      -4.620267655,      -2.570458362,      -2.670477443,      0.7972169667
          0,           0,         489,      -4.624951514,       -2.56825589,      -2.680049611,      0.7927345661
          0,           0,         490,      -4.629453481,      -2.566325711,      -2.688794739,      0.7884430306
          0,           0,         491,      -4.633816117,      -2.564907202,      -2.696699257,      0.7842940295
          0,           0,         492,      -4.638088157,       -2.56420622,      -2.703844623,      0.7802306335
          0,           0,         493,      -4.642315426,      -2.564377964,      -2.710224493,      0.7762002594
          0,           0,         494,      -4.646541761,      -2.565543432,      -2.715848458,      0.7721516703
          0,           0,         495,      -4.650789493,      -2.567777151,      -2.720816777,      0.7680609024
          0,           0,         496,      -4.655109555,        -2.5711337,      -2.725261479,      0.7638713596
          0,           0,         497,       -4.65955776,      -2.575656605,      -2.729286822,      0.7595193204
          0,           0,         498,      -4.664146207,      -2.581358823,      -2.732999643,      0.7549952501
          0,           0,         499,      -4.668898958,       -2.58823966,      -2.736557537,      0.7502744868
          0,           0,         500,      -4.673841525,      -2.596279639,      -2.740092077,      0.7453289747
          0,           0,         501,      -4.678988378,       -2.60544238,      -2.743727939,      0.7401433622
          0,           0,         502,      -4.684353606,      -2.615676257,      -2.747574224,      0.7347037262
          0,           0,         503,      -4.689955757,      -2.626915276,      -2.751728269,      0.7289916143
          0,           0,         504,      -4.695797926,      -2.639077762,      -2.756282276,      0.7230066048
          0,           0,         505,      -4.701892363,      -2.652062689,      -2.761305805,       0.716741752
          0,           0,         506,      -4.708231009,      -2.665749294,      -2.766851225,      0.7102133243
          0,           0,         507,      -4.714816469,      -2.679997521,      -2.772945044,      0.7034199955
          0,           0,         508,      -4.721647616,      -2.694650483,      -2.779612943,      0.6963643962
          0,           0,         509,      -4.728730438,      -2.709530283,      -2.786820625,      0.6890440881
          0,           0,         510,      -4.736073636,      -2.724437249,      -2.794554973,      0.6814546502
          0,           0,         511,      -4.743669716,        -2.7391594,      -2.802898967,      0.6736117812
          0,           0,         512,      -4.751520893,      -2.753494153,      -2.811891068,      0.6655194301
          0,           0,         513,      -4.759619735,      -2.767250462,      -2.821537541,      0.6571931179
          0,           0,         514,      -4.767976395,       -2.78024039,       -2.83179343,      0.6486233818
          0,           0,         515,      -4.776583196,      -2.792302531,      -2.842556197,      0.6398208639
          0,           0,         516,      -4.785427601,      -2.803308601,      -2.853775325,      0.6308044913
          0,           0,         517,      -4.794508079,      -2.813175883,      -2.865388678,      0.6215799443
          0,           0,         518,      -4.803824493,      -2.821882487,      -2.877308173,      0.6121502804
          0,           0,         519,      -4.813374014,      -2.829469122,      -2.889431841,      0.6025208128
          0,           0,         520,      -4.823152219,      -2.836032497,      -2.901657385,      0.5926980116
          0,           0,         521,      -4.833157393,      -2.841720292,      -2.913885163,      0.5826842745
          0,           0,         522,      -4.843387328,      -2.846715068,      -2.926018081,       0.572482158
          0,           0,         523,        -4.8538442,      -2.851222666,      -2.937984041,       0.562087993
          0,           0,         524,      -4.864529267,      -2.855461988,      -2.949693645,       0.551497341
          0,           0,         525,      -4.875431308,      -2.859647831,      -2.961018641,      0.5407209113
          0,           0,         526,      -4.886546698,      -2.863972331,      -2.971891568,       0.529759838
          0,           0,         527,      -4.897869657,      -2.868604296,      -2.982268493,      0.5186162255
          0,           0,         528,      -4.909394282,      -2.873692913,       -2.99212302,       0.507289442
          0,           0,         529,      -4.921108616,      -2.879369333,      -3.001473814,      0.4957858043
          0,           0,         530,      -4.933009404,      -2.885762084,      -3.010348429,      0.4841055258
          0,           0,         531,      -4.945088453,      -2.892982263,      -3.018781471,      0.4722526922
          0,           0,         532,      -4.957330479,      -2.901104602,      -3.026744502,      0.4602362046
          0,           0,         533,      -4.969707765,      -2.910166219,      -3.034256417,      0.4480772721
          0,           0,         534,      -4.982188365,      -2.920182875,      -3.041377755,      0.4358009501
          0,           0,         535,      -4.994737833,      -2.931163506,      -3.048228047,      0.4234346241
          0,           0,         536,      -5.007345368,      -2.943109201,       -3.05490469,      0.4109814493
          0,           0,         537,      -5.019990599,      -2.956004131,      -3.061551017,      0.3984600403
          0,           0,         538,      -5.032643486,      -2.969811832,      -3.068332719,      0.3859004795
          0,           0,         539,      -5.045274601,      -2.984478079,      -3.075348917,      0.3733300345
          0,           0,         540,      -5.057846384,      -2.999925258,      -3.082629629,       0.360781554
          0,           0,         541,      -5.070312037,      -3.016046846,      -3.090198581,      0.3482990961
          0,           0,         542,      -5.082627979,      -3.032705338,      -3.098095048,      0.3359261791
          0,           0,         543,       -5.09476278,      -3.049734087,      -3.106372599,      0.3236957896
          0,           0,         544,      -5.106687862,      -3.066940709,      -3.115080865,      0.3116412389
          0,           0,         545,      -5.118375851,      -3.084103088,       -3.12425242,      0.2997945957
          0,           0,         546,      -5.129803811,      -3.100974159,      -3.133896991,       0.288183122
          0,           0,         547,      -5.140951245,      -3.117290978,       -3.14400308,      0.2768334809
          0,           0,         548,      -5.151805327,      -3.132786623,      -3.154562451,      0.2657661269
          0,           0,         549,      -5.162368853,      -3.147211329,      -3.165546991,      0.2549856377
          0,           0,         550,      -5.172652859,      -3.160347505,      -3.176914466,      0.2444890961
          0,           0,         551,      -5.182677606,      -3.172021767,      -3.188618597,      0.2342640659
          0,           0,         552,      -5.192457193,      -3.182125784,      -3.200617331,      0.2243046817
          0,           0,         553,       -5.20201869,      -3.190629739,      -3.212852009,      0.2145875425
          0,           0,         554,      -5.211400806,      -3.197581701,      -3.225240761,      0.2050760782
          0,           0,         555,      -5.220624531,      -3.203103821,      -3.237678145,      0.1957586911
          0,           0,         556,      -5.229747828,      -3.207382174,      -3.250085106,      0.1865795478
          0,           0,         557,      -5.238804632,      -3.210650446,      -3.262378371,      0.1775080299
          0,           0,         558,      -5.247824899,      -3.213167051,        -3.2744629,      0.1685138431
          0,           0,         559,      -5.256841005,      -3.215196322,      -3.286226045,      0.1595607354
          0,           0,         560,       -5.26588987,      -3.217000714,      -3.297555679,      0.1506120468
          0,           0,         561,       -5.27501925,      -3.218811449,      -3.308352181,      0.1416169123
          0,           0,         562,      -5.284253531,      -3.220823867,      -3.318505998,       0.132546151
          0,           0,         563,      -5.293602997,      -3.223216657,      -3.327982002,      0.1233839745
          0,           0,         564,      -5.303080002,      -3.226150379,      -3.336839739,      0.1141126613
          0,           0,         565,      -5.312711609,      -3.229764932,      -3.345180996,      0.1047000902
          0,           0,         566,       -5.32252663,      -3.234180995,      -3.353078443,     0.09510998954
          0,           0,         567,      -5.332540474,      -3.239490406,       -3.36059364,     0.08532159962
          0,           0,         568,      -5.342757144,       -3.24575512,      -3.367795491,     0.07532624691
          0,           0,         569,       -5.35317619,      -3.253013706,      -3.374763132,      0.0651181244
          0,           0,         570,      -5.363786429,      -3.261288241,      -3.381603417,     0.05470353817
          0,           0,         571,      -5.374578367,      -3.270588911,       -3.38842401,     0.04408722476
          0,           0,         572,      -5.385537358,      -3.280915103,       -3.39532899,     0.03327949919
          0,           0,         573,      -5.396641338,       -3.29225333,      -3.402409866,     0.02229847711
          0,           0,         574,       -5.40786135,      -3.304574633,      -3.409743225,     0.01116938747
          0,           0,         575,      -5.419160848,      -3.317832416,      -3.417392366,  -7.320056355e-05
          0,           0,         576,      -5.430501474,      -3.331961182,      -3.425412624,    -0.01139249129
          0,           0,         577,      -5.441850825,      -3.346877431,      -3.433844421,    -0.02275936712
          0,           0,         578,      -5.453172595,      -3.362481698,      -3.442717435,    -0.03413821697
          0,           0,         579,      -5.464433016,      -3.378654322,      -3.452070552,    -0.04549351171
          0,           0,         580,      -5.475604217,      -3.395256257,      -3.461909603,    -0.05679541551
          0,           0,         581,      -5.486667939,      -3.412133427,      -3.472247997,    -0.06802221555
          0,           0,         582,       -5.49758607,      -3.429113241,      -3.483105525,    -0.07912566348
          0,           0,         583,      -5.508335935,       -3.44601027,      -3.494442381,    -0.09007961131
          0,           0,         584,      -5.518897672,      -3.462630699,      -3.506211816,     -0.1008624931
          0,           0,         585,      -5.529259852,      -3.478779321,      -3.518324283,     -0.1114586664
          0,           0,         586,      -5.539425528,      -3.494259955,      -3.530737952,     -0.1218613457
          0,           0,         587,      -5.549411261,      -3.508887761,      -3.543418439,     -0.1320775337
          0,           0,         588,       -5.55923676,      -3.522512365,      -3.556314273,      -0.142118787
          0,           0,         589,      -5.568920823,      -3.535032311,      -3.569352947,     -0.1519976064
          0,           0,         590,      -5.578484548,      -3.546399449,      -3.582445029,     -0.1617304678
          0,           0,         591,      -5.587954479,      -3.556618636,       -3.59549192,     -0.1713404772
          0,           0,         592,      -5.597362698,      -3.565745691,      -3.608394192,     -0.1808571629
          0,           0,         593,      -5.606745094,      -3.573883376,      -3.621058101,     -0.1903148189
          0,           0,         594,      -5.616139172,      -3.581174727,       -3.63339991,     -0.1997503949
          0,           0,         595,       -5.62558122,      -3.587793556,      -3.645352926,     -0.2092005692
          0,           0,         596,      -5.635107194,      -3.593932895,      -3.656851083,     -0.2187026794
          0,           0,         597,      -5.644749721,      -3.599792637,      -3.667852205,     -0.2282909558
          0,           0,         598,      -5.654538644,      -3.605568323,      -3.678333269,      -0.237997363
          0,           0,         599,      -5.664495164,      -3.611441539,      -3.688295152,     -0.2478423628
          0,           0,         600,       -5.67464937,      -3.617585025,      -3.697742408,     -0.2578618445
          0,           0,         601,      -5.685010601,      -3.624149258,      -3.706684426,     -0.2680721271
          0,           0,         602,       -5.69558152,      -3.631257191,      -3.715164282,     -0.2784828208
          0,           0,         603,      -5.706363056,      -3.639004584,      -3.723258138,      -0.289100799
          0,           0,         604,      -5.717357146,      -3.647466826,      -3.731065659,     -0.2999329856
          0,           0,         605,       -5.72856366,      -3.656703499,      -3.738696937,     -0.3109833961
          0,           0,         606,      -5.739975443,      -3.666759097,      -3.746260867,     -0.3222484477
          0,           0,         607,      -5.751576199,      -3.677660513,      -3.753857112,     -0.3337154459
          0,           0,         608,      -5.763341673,      -3.689413731,      -3.761573323,     -0.3453642213
          0,           0,         609,      -5.775241912,      -3.702002136,      -3.769486832,     -0.3571692162
          0,           0,         610,      -5.787240568,      -3.715386016,      -3.777657734,     -0.3690983273
          0,           0,         611,      -5.799300688,      -3.729509492,      -3.786150758,     -0.3811191819
          0,           0,         612,      -5.811385549,      -3.744294699,      -3.795036591,     -0.3931957809
          0,           0,         613,      -5.823459737,      -3.759641279,      -3.804369384,     -0.4052921069
          0,           0,         614,      -5.835487383,       -3.77542506,      -3.814182185,     -0.4173710818
          0,           0,         615,      -5.847430256,       -3.79149918,      -3.824489476,     -0.4293927702
          0,           0,         616,      -5.859249465,      -3.807696002,      -3.835290853,     -0.4413161712
          0,           0,         617,      -5.870914583,       -3.82383118,      -3.846586368,     -0.4531079989
          0,           0,         618,      -5.882392591,      -3.839700422,      -3.858352906,     -0.4647296483
          0,           0,         619,      -5.893664153,      -3.855088453,      -3.870535951,     -0.4761602036
          0,           0,         620,       -5.90470069,       -3.86978316,      -3.883090825,     -0.4873641397
          0,           0,         621,      -5.915488824,      -3.883591677,      -3.895975194,     -0.4983205138
          0,           0,         622,      -5.926030822,      -3.896355403,      -3.909134218,     -0.5090250767
          0,           0,         623,      -5.936332541,      -3.907963117,      -3.922501981,     -0.5194770267
          0,           0,         624,       -5.94640236,      -3.918350986,      -3.935995726,     -0.5296780719
          0,           0,         625,      -5.956259377,      -3.927505648,       -3.94951661,      -0.539643169
          0,           0,         626,      -5.965926438,      -3.935470065,      -3.962961243,     -0.5493920189
          0,           0,         627,      -5.975431803,      -3.942342338,       -3.97622549,     -0.5589504807
          0,           0,         628,       -5.98480812,      -3.948269466,      -3.989207773,     -0.5683495995
          0,           0,         629,      -5.994090512,      -3.953435338,      -4.001813338,     -0.5776237444
          0,           0,         630,      -6.003314883,      -3.958045479,      -4.013959059,     -0.5868089821
          0,           0,         631,      -6.012516632,      -3.962312689,      -4.025577826,     -0.5959418448
          0,           0,         632,      -6.021729545,      -3.966445969,      -4.036621893,      -0.605058244
          0,           0,         633,      -6.030984777,      -3.970642888,      -4.047065074,     -0.6141924583
          0,           0,         634,      -6.040309932,      -3.975084438,      -4.056903551,     -0.6233762488
          0,           0,         635,      -6.049727493,      -3.979932834,      -4.066146224,     -0.6326398433
          0,           0,         636,      -6.059255402,      -3.985322357,      -4.074853211,     -0.6420051389
          0,           0,         637,      -6.068915236,      -3.991366266,      -4.083106794,     -0.6514965963
          0,           0,         638,       -6.07872526,       -3.99816236,      -4.090985094,     -0.6611367424
          0,           0,         639,      -6.088685135,      -4.005788287,      -4.098572547,      -0.670928996
          0,           0,         640,      -6.098787524,       -4.01430028,      -4.105944636,      -0.680872134
          0,           0,         641,      -6.109019213,      -4.023734365,      -4.113184139,     -0.6909592438
          0,           0,         642,       -6.11936457,      -4.034108516,      -4.120383948,     -0.7011801874
          0,           0,         643,      -6.129820685,      -4.045425659,      -4.127634027,     -0.7115378565
          0,           0,         644,      -6.140368399,      -4.057669268,      -4.135040367,     -0.7220151162
          0,           0,         645,      -6.150991029,      -4.070808185,      -4.142690771,     -0.7325976002
          0,           0,         646,      -6.161667668,      -4.084794642,      -4.150659822,     -0.7432660769
          0,           0,         647,      -6.172373942,      -4.099562987,      -4.159006219,     -0.7539972916
          0,           0,         648,      -6.183084517,      -4.115025679,      -4.167774765,     -0.7647661293
          0,           0,         649,      -6.193775033,      -4.131070142,      -4.176998564,     -0.7755472426
          0,           0,         650,      -6.204422825,      -4.147557439,      -4.186700445,     -0.7863157118
          0,           0,         651,      -6.215007061,      -4.164322783,      -4.196893161,     -0.7970473682
          0,           0,         652,      -6.225508134,      -4.181177108,      -4.207576707,      -0.807718394
          0,           0,         653,      -6.235905766,      -4.197909325,      -4.218728171,     -0.8183040374
          0,           0,         654,       -6.24619449,      -4.214299183,        -4.2303373,     -0.8287947838
          0,           0,         655,      -6.256371448,      -4.230121968,      -4.242381592,     -0.8391800586
          0,           0,         656,      -6.266434673,      -4.245155545,      -4.254826302,     -0.8494496504
          0,           0,         657,      -6.276384664,      -4.259189391,      -4.267612627,     -0.8595969989
          0,           0,         658,      -6.286224121,      -4.272039497,      -4.280659654,     -0.8696190466
          0,           0,         659,      -6.295955888,      -4.283566974,      -4.293880422,     -0.8795131178
          0,           0,         660,      -6.305588527,      -4.293695548,      -4.307182344,     -0.8892827436
          0,           0,         661,      -6.315135385,      -4.302421909,      -4.320469246,     -0.8989366805
          0,           0,         662,      -6.324611715,       -4.30981589,      -4.333643282,     -0.9084862648
          0,           0,         663,      -6.334032536,      -4.316011182,       -4.34660675,     -0.9179437626
          0,           0,         664,      -6.343412079,      -4.321190272,      -4.359264492,     -0.9273221979
          0,           0,         665,      -6.352764015,      -4.325567657,      -4.371527753,      -0.936635599
          0,           0,         666,       -6.36210156,      -4.329374108,      -4.383319197,     -0.9458988304
          0,           0,         667,      -6.371437155,      -4.332843309,      -4.394577609,     -0.9551269987
          0,           0,         668,      -6.380781911,      -4.336201276,      -4.405261173,     -0.9643347524
          0,           0,         669,      -6.390145037,      -4.339658378,      -4.415349068,      -0.973535656
          0,           0,         670,      -6.399533801,      -4.343403641,      -4.424845527,     -0.9827411494
          0,           0,         671,      -6.408953924,      -4.347602455,      -4.433774247,     -0.9919610845
          0,           0,         672,      -6.418404376,      -4.352400181,      -4.442154393,      -1.001202525
          0,           0,         673,      -6.427878062,      -4.357912872,      -4.450032051,      -1.010466758
          0,           0,         674,      -6.437368091,      -4.364229164,      -4.457487043,      -1.019754042
          0,           0,         675,      -6.446871691,        -4.3714168,      -4.464620993,      -1.029067885
          0,           0,         676,      -6.456387937,      -4.379526786,      -4.471543947,      -1.038412922
          0,           0,         677,      -6.465913337,      -4.388594595,      -4.478364278,      -1.047790513
          0,           0,         678,      -6.475440326,       -4.39863884,        -4.4851817,      -1.057197509
          0,           0,         679,       -6.48495889,      -4.409659549,      -4.492084502,      -1.066628056
          0,           0,         680,      -6.494458887,      -4.421637272,      -4.499150945,      -1.076075648
          0,           0,         681,      -6.503931553,      -4.434533182,      -4.506451985,      -1.085534091
          0,           0,         682,      -6.513370115,      -4.448289481,      -4.514052359,      -1.094997718
          0,           0,         683,      -6.522770006,      -4.462829183,       -4.52200933,      -1.104461521
          0,           0,         684,      -6.532128954,      -4.478055147,      -4.530370335,      -1.113921404
          0,           0,         685,      -6.541447002,      -4.493848435,      -4.539171063,      -1.123374429
          0,           0,         686,      -6.550726424,      -4.510066621,      -4.548434739,      -1.132818951
          0,           0,         687,      -6.559976582,      -4.526544737,      -4.558183434,      -1.142259694
          0,           0,         688,       -6.56920049,      -4.543089152,      -4.568415799,      -1.151692433
          0,           0,         689,      -6.578401874,      -4.559483814,      -4.579095392,      -1.161116368
          0,           0,         690,      -6.587586987,      -4.575497534,      -4.590192582,      -1.170532164
          0,           0,         691,      -6.596768125,      -4.590896041,      -4.601680122,       -1.17994544
          0,           0,         692,      -6.605962988,      -4.605456322,      -4.613523751,        -1.1893669
          0,           0,         693,      -6.615190257,      -4.618980378,      -4.625678468,       -1.19880825
          0,           0,         694,      -6.624465919,      -4.631307646,      -4.638090475,      -1.208278808
          0,           0,         695,      -6.633804026,      -4.642324634,      -4.650698666,       -1.21778659
          0,           0,         696,      -6.643222522,      -4.651971796,      -4.663416672,      -1.227345857
          0,           0,         697,      -6.652735677,      -4.660256999,      -4.676156626,      -1.236967722
          0,           0,         698,      -6.662357899,      -4.667255978,      -4.688832282,      -1.246663761
          0,           0,         699,      -6.672103771,      -4.673105507,      -4.701360096,      -1.256446405
          0,           0,         700,      -6.681986212,      -4.677990198,      -4.713660452,      -1.266327289
          0,           0,         701,      -6.692014919,      -4.682125485,      -4.725659888,      -1.276315804
          0,           0,         702,      -6.702196042,      -4.685741028,      -4.737293666,      -1.286418886
          0,           0,         703,      -6.712532481,      -4.689067055,      -4.748508658,      -1.296641317
          0,           0,         704,      -6.723024113,      -4.692324383,      -4.759266224,      -1.306985882
          0,           0,         705,      -6.733667588,      -4.695717895,      -4.769539911,      -1.317454194
          0,           0,         706,      -6.744454806,      -4.699430155,      -4.779326462,      -1.328043891
          0,           0,         707,      -6.755379163,      -4.703615129,      -4.788663164,       -1.33875179
          0,           0,         708,      -6.766433878,      -4.708408852,      -4.797592157,      -1.349575501
          0,           0,         709,      -6.777606524,      -4.713927287,      -4.806154158,      -1.360508446
          0,           0,         710,        -6.7888763,      -4.720263111,      -4.814394073,      -1.371536491
          0,           0,         711,        -6.8002172,      -4.727485204,      -4.822366256,      -1.382640833
          0,           0,         712,      -6.811602764,      -4.735640788,      -4.830136761,      -1.393802456
          0,           0,         713,      -6.823008019,      -4.744758966,      -4.837782932,      -1.405003452
          0,           0,         714,      -6.834408813,      -4.754853647,      -4.845389609,      -1.416225806
          0,           0,         715,      -6.845780809,      -4.765924392,      -4.853042297,      -1.427450319
          0,           0,         716,      -6.857096191,      -4.777955714,      -4.860829462,      -1.438653247
          0,           0,         717,      -6.868330785,      -4.790914253,      -4.868812459,      -1.449814529
          0,           0,         718,      -6.879463465,      -4.804747417,       -4.87703408,      -1.460916336
          0,           0,         719,      -6.890473029,       -4.81938233,      -4.885548822,      -1.471938494
          0,           0,         720,       -6.90134348,      -4.834723719,      -4.894403378,      -1.482864437
          0,           0,         721,      -6.912062897,      -4.850652343,      -4.903633838,       -1.49368034
          0,           0,         722,      -6.922622264,      -4.867023404,      -4.913265279,      -1.504373961
          0,           0,         723,      -6.933012003,      -4.883664284,      -4.923298985,       -1.51493165
          0,           0,         724,      -6.943234198,      -4.900381768,      -4.933740148,       -1.52535159
          0,           0,         725,      -6.953298241,      -4.916962437,       -4.94460543,      -1.535635114
          0,           0,         726,      -6.963218775,      -4.933177419,      -4.955883342,      -1.545788781
          0,           0,         727,      -6.973010264,      -4.948788591,      -4.967539596,      -1.555819273
          0,           0,         728,      -6.982686445,      -4.963558233,      -4.979527871,      -1.565732632
          0,           0,         729,      -6.992264134,      -4.977264341,      -4.991794623,      -1.575538359
          0,           0,         730,      -7.001765118,      -4.989720284,      -5.004280583,       -1.58525131
          0,           0,         731,        -7.0112147,      -5.000794169,      -5.016921792,      -1.594890122
          0,           0,         732,      -7.020639251,      -5.010422184,      -5.029650251,      -1.604474954
          0,           0,         733,       -7.03006463,      -5.018613704,      -5.042394079,      -1.614026356
          0,           0,         734,      -7.039515559,      -5.025448452,       -5.05507806,      -1.623565033
          0,           0,         735,      -7.049015448,       -5.03106739,      -5.067625281,      -1.633111813
          0,           0,         736,      -7.058586182,       -5.03565922,      -5.079959957,      -1.642687386
          0,           0,         737,      -7.068247722,      -5.039445223,      -5.092010818,       -1.65231178
          0,           0,         738,      -7.078017605,      -5.042663433,      -5.103714638,      -1.662003755
          0,           0,         739,      -7.087910528,      -5.045554415,      -5.115019152,      -1.671780272
          0,           0,         740,      -7.097938029,      -5.048349583,      -5.125885531,      -1.681656074
          0,           0,         741,      -7.108108144,      -5.051262173,      -5.136295384,      -1.691642044
          0,           0,         742,      -7.118427181,      -5.054483734,      -5.146241245,      -1.701748221
          0,           0,         743,      -7.128893692,       -5.05818556,      -5.155710604,      -1.711980659
          0,           0,         744,      -7.139499206,      -5.062507323,      -5.164719676,      -1.722338413
          0,           0,         745,      -7.150234288,      -5.067560417,      -5.173316796,      -1.732818894
          0,           0,         746,      -7.161091882,      -5.073433877,      -5.181572407,       -1.74342163
          0,           0,         747,      -7.172064716,       -5.08019879,      -5.189567928,      -1.754145723
          0,           0,         748,      -7.183141044,      -5.087909596,      -5.197387112,      -1.764985532
          0,           0,         749,      -7.194303397,      -5.096603356,      -5.205110238,      -1.775929684
          0,           0,         750,      -7.205530259,      -5.106299179,        -5.2128117,      -1.786962917
          0,           0,         751,      -7.216798281,      -5.116997891,      -5.220561509,      -1.798067931
          0,           0,         752,      -7.228083683,      -5.128682956,      -5.228427552,      -1.809226212
          0,           0,         753,       -7.23936294,      -5.141321274,      -5.236476029,       -1.82041823
          0,           0,         754,      -7.250613132,       -5.15486328,       -5.24476943,      -1.831623657
          0,           0,         755,      -7.261812269,      -5.169242181,      -5.253363334,      -1.842821718
          0,           0,         756,      -7.272939722,      -5.184372306,      -5.262303788,      -1.853991697
          0,           0,         757,       -7.28397913,      -5.200147479,      -5.271630235,      -1.865115789
          0,           0,         758,      -7.294917531,      -5.216438529,      -5.281380031,      -1.876176995
          0,           0,         759,      -7.305734905,      -5.233088472,      -5.291545513,       -1.88715093
          0,           0,         760,      -7.316415135,      -5.249914083,      -5.302110456,      -1.898018366
          0,           0,         761,      -7.326946869,      -5.266709632,      -5.313068165,      -1.908762481
          0,           0,         762,       -7.33732821,      -5.283253921,      -5.324411037,      -1.919374294
          0,           0,         763,      -7.347564597,      -5.299319582,      -5.336121866,      -1.929851104
          0,           0,         764,      -7.357664232,      -5.314682051,      -5.348171216,      -1.940192382
          0,           0,         765,       -7.36763641,      -5.329129381,      -5.360516981,      -1.950398895
          0,           0,         766,      -7.377492545,      -5.342474384,      -5.373104771,      -1.960474376
          0,           0,         767,      -7.387247381,      -5.354569407,      -5.385869413,      -1.970426895
          0,           0,         768,      -7.396919093,      -5.365320958,       -5.39873739,       -1.98026877
          0,           0,         769,      -7.406528472,      -5.374700132,      -5.411629462,      -1.990015686
          0,           0,         770,      -7.416097789,      -5.382746502,      -5.424463063,      -1.999685661
          0,           0,         771,      -7.425649781,      -5.389564131,      -5.437154805,      -2.009298281
          0,           0,         772,      -7.435206923,      -5.395311178,      -5.449623031,      -2.018874168
          0,           0,         773,      -7.444790838,      -5.400185593,      -5.461790998,      -2.028434507
          0,           0,         774,      -7.454421818,      -5.404409533,      -5.473590316,      -2.038000515
          0,           0,         775,      -7.464118355,      -5.408214465,      -5.484964286,      -2.047592923
          0,           0,         776,      -7.473896523,      -5.411829807,      -5.495863324,      -2.057233013
          0,           0,         777,      -7.483767406,      -5.415468907,      -5.506267324,      -2.066936709
          0,           0,         778,      -7.493745874,      -5.419322702,      -5.516193028,      -2.076721768
          0,           0,         779,      -7.503846608,      -5.423566392,      -5.525660965,       -2.08660729
          0,           0,         780,      -7.514077449,      -5.428353394,      -5.534692466,      -2.096607089
          0,           0,         781,      -7.524436636,      -5.433811485,      -5.543316388,      -2.106726236
          0,           0,         782,      -7.534916482,      -5.440041815,      -5.551575107,      -2.116964445
          0,           0,         783,      -7.545508064,      -5.447120948,      -5.559527567,      -2.127320468
          0,           0,         784,       -7.55620259,      -5.455105251,      -5.567249289,      -2.137792785
          0,           0,         785,      -7.566990055,      -5.464034085,      -5.574827878,      -2.148377764
          0,           0,         786,       -7.57785774,      -5.473930695,      -5.582355563,      -2.159068148
          0,           0,         787,      -7.588789743,      -5.484803055,      -5.589921298,      -2.169852911
          0,           0,         788,       -7.59976727,      -5.496641219,      -5.597606324,      -2.180717622
          0,           0,         789,      -7.610769369,      -5.509417573,       -5.60548267,      -2.191645036
          0,           0,         790,      -7.621773748,      -5.523083944,      -5.613613806,      -2.202615573
          0,           0,         791,      -7.632757642,      -5.537571541,      -5.622055059,      -2.213607915
          0,           0,         792,      -7.643698641,      -5.552789619,      -5.630853629,      -2.224599646
          0,           0,         793,      -7.654575434,      -5.568624434,      -5.640047686,      -2.235567963
          0,           0,         794,      -7.665368415,      -5.584938268,      -5.649665306,      -2.246490356
          0,           0,         795,      -7.676060118,      -5.601568767,      -5.659723977,      -2.257345234
          0,           0,         796,      -7.686635703,      -5.618329093,      -5.670229855,      -2.268112555
          0,           0,         797,        -7.6970835,      -5.635010608,      -5.681177944,      -2.278774525
          0,           0,         798,      -7.707394972,      -5.651386616,      -5.692548294,      -2.289315825
          0,           0,         799,      -7.717565966,      -5.667220823,      -5.704304755,      -2.299725504
          0,           0,         800,      -7.727599423,      -5.682284935,      -5.716422122,      -2.309998251
          0,           0,         801,      -7.737503806,      -5.696366559,      -5.728869473,      -2.320132942
          0,           0,         802,      -7.747289348,      -5.709282257,      -5.741588734,      -2.330131897
          0,           0,         803,      -7.756964506,      -5.720893491,      -5.754503147,      -2.339996875
          0,           0,         804,      -7.766538667,      -5.731118132,      -5.767526894,      -2.349731508
          0,           0,         805,      -7.776025904,      -5.739941979,      -5.780569667,      -2.359345162
          0,           0,         806,      -7.785445219,      -5.747422992,      -5.793539662,      -2.368853066
          0,           0,         807,      -7.794818117,      -5.753686692,      -5.806346297,      -2.378273814
          0,           0,         808,      -7.804166291,      -5.758912581,      -5.818902323,      -2.387627399
          0,           0,         809,      -7.813510569,      -5.763316976,      -5.831125682,      -2.396934459
          0,           0,         810,      -7.822870691,      -5.767134875,      -5.842942271,      -2.406216177
          0,           0,         811,      -7.832265303,      -5.770605492,      -5.854289081,       -2.41549412
          0,           0,         812,      -7.841711775,      -5.773959414,      -5.865117911,       -2.42478976
          0,           0,         813,      -7.851225758,      -5.777412076,      -5.875398568,      -2.434123781
          0,           0,         814,       -7.86082076,      -5.781156773,         -5.885121,       -2.44351539
          0,           0,         815,      -7.870507261,      -5.785362675,      -5.894299119,      -2.452980512
          0,           0,         816,      -7.880292882,      -5.790174311,      -5.902967178,      -2.462531765
          0,           0,         817,      -7.890182657,      -5.795714501,      -5.911154749,      -2.472182938
          0,           0,         818,      -7.900173121,       -5.80208124,      -5.918913905,       -2.48193921
          0,           0,         819,      -7.910259125,      -5.809346182,      -5.926326395,      -2.491802682
          0,           0,         820,      -7.920437793,      -5.817560447,      -5.933493055,      -2.501776802
          0,           0,         821,      -7.930706747,      -5.826758532,      -5.940520627,      -2.511864736
          0,           0,         822,      -7.941059711,      -5.836960012,      -5.947512765,      -2.522065069
          0,           0,         823,      -7.951484583,      -5.848167269,      -5.954563958,      -2.532369936
          0,           0,         824,      -7.961964739,      -5.860364391,      -5.961757198,      -2.542766612
          0,           0,         825,      -7.972494592,      -5.873515737,      -5.969180189,      -2.553253138
          0,           0,         826,      -7.983045643,      -5.887566181,      -5.976888888,      -2.563799875
          0,           0,         827,      -7.993594206,       -5.90243449,      -5.984918385,      -2.574385605
          0,           0,         828,      -8.004114958,      -5.918013602,      -5.993313312,      -2.584985254
          0,           0,         829,      -8.014586632,      -5.934173815,      -6.002120399,      -2.595575485
          0,           0,         830,      -8.024993651,      -5.950762437,      -6.011377701,      -2.606137034
          0,           0,         831,      -8.035322738,      -5.967604712,      -6.021109709,      -2.616651364
          0,           0,         832,      -8.045560554,      -5.984503129,      -6.031326676,      -2.627098883
          0,           0,         833,      -8.055694363,      -6.001235038,      -6.042024591,      -2.637459933
          0,           0,         834,      -8.065714036,       -6.01755786,      -6.053184728,      -2.647717201
          0,           0,         835,       -8.07561323,      -6.033219727,      -6.064775419,      -2.657856883
          0,           0,         836,      -8.085389726,      -6.047974659,      -6.076752978,      -2.667869134
          0,           0,         837,      -8.095045103,      -6.061599918,       -6.08906257,      -2.677747865
          0,           0,         838,      -8.104584445,      -6.073916367,       -6.10163886,      -2.687490849
          0,           0,         839,      -8.114016117,      -6.084802428,      -6.114406619,      -2.697099721
          0,           0,         840,      -8.123351505,      -6.094206672,      -6.127282212,      -2.706580105
          0,           0,         841,      -8.132604682,      -6.102153576,      -6.140174624,       -2.71594142
          0,           0,         842,      -8.141791789,      -6.108737919,      -6.152988822,       -2.72519641
          0,           0,         843,       -8.15093048,      -6.114118242,      -6.165627994,       -2.73436086
          0,           0,         844,      -8.160039198,      -6.118500525,      -6.177997435,      -2.743452737
          0,           0,         845,      -8.169133127,      -6.122121388,      -6.190000238,      -2.752489471
          0,           0,         846,      -8.178229091,      -6.125226921,      -6.201562583,      -2.761491198
          0,           0,         847,      -8.187349063,      -6.128061964,      -6.212640783,      -2.770481647
          0,           0,         848,      -8.196516493,      -6.130865051,      -6.223198803,      -2.779487191
          0,           0,         849,      -8.205750008,      -6.133858115,        -6.2332046,      -2.788531244
          0,           0,         850,      -8.215059986,      -6.137233959,      -6.242638185,      -2.797630072
          0,           0,         851,      -8.224451474,      -6.141156541,      -6.251499541,      -2.806795649
          0,           0,         852,      -8.233928051,      -6.145759055,      -6.259813823,      -2.816039051
          0,           0,         853,      -8.243493102,       -6.15115083,      -6.267633357,      -2.825371316
          0,           0,         854,      -8.253148738,      -6.157416811,       -6.27503367,      -2.834801526
          0,           0,         855,      -8.262894298,       -6.16462564,      -6.282105943,      -2.844335498
          0,           0,         856,      -8.272725662,      -6.172825738,      -6.288948521,       -2.85397513
          0,           0,         857,      -8.282635177,      -6.182048795,      -6.295660364,      -2.863718482
          0,           0,         858,       -8.29261216,      -6.192307667,      -6.302337556,      -2.873560092
          0,           0,         859,      -8.302643303,       -6.20359599,      -6.309072364,      -2.883491176
          0,           0,         860,      -8.312713385,      -6.215888325,      -6.315951802,      -2.893499965
          0,           0,         861,      -8.322805759,      -6.229141652,      -6.323055703,      -2.903572204
          0,           0,         862,      -8.332903122,      -6.243293744,      -6.330456124,      -2.913691643
          0,           0,         863,      -8.342988032,      -6.258260587,       -6.33821435,      -2.923840593
          0,           0,         864,      -8.353043603,      -6.273935744,      -6.346380887,      -2.934000575
          0,           0,         865,      -8.363054029,      -6.290188025,       -6.35499446,      -2.944152923
          0,           0,         866,      -8.373005158,      -6.306860727,      -6.364081629,      -2.954279418
          0,           0,         867,      -8.382884648,      -6.323767316,      -6.373657696,      -2.964362568
          0,           0,         868,      -8.392682585,      -6.340698074,        -6.3837258,      -2.974386558
          0,           0,         869,      -8.402391987,      -6.357419552,      -6.394277716,      -2.984337589
          0,           0,         870,      -8.412009136,      -6.373683676,      -6.405292821,      -2.994204619
          0,           0,         871,      -8.421533729,      -6.389236949,      -6.416739113,      -3.003979487
          0,           0,         872,      -8.430968773,      -6.403836447,      -6.428573122,      -3.013657402
          0,           0,         873,      -8.440320612,      -6.417264557,       -6.44074016,      -3.023237154
          0,           0,         874,      -8.449598597,      -6.429351422,      -6.453175252,      -3.032721174
          0,           0,         875,      -8.458814808,      -6.439985834,      -6.465803556,      -3.042115357
          0,           0,         876,        -8.4679838,      -6.449127531,      -6.478541719,      -3.051428972
          0,           0,         877,      -8.477122008,      -6.456814495,      -6.491299784,      -3.060674418
          0,           0,         878,      -8.486247285,      -6.463155661,      -6.503982785,      -3.069866552
          0,           0,         879,      -8.495378061,      -6.468318534,      -6.516495167,      -3.079022074
          0,           0,         880,      -8.504532788,      -6.472517462,       -6.52874278,      -3.088159159
          0,           0,         881,      -8.513729545,      -6.475996253,      -6.540638044,      -3.097297032
          0,           0,         882,      -8.522985224,      -6.479007212,      -6.552103226,      -3.106454707
          0,           0,         883,      -8.532315138,      -6.481798093,      -6.563074849,      -3.115650742
          0,           0,         884,      -8.541732598,      -6.484605867,        -6.5735067,       -3.12490294
          0,           0,         885,      -8.551248405,      -6.487638876,      -6.583372968,      -3.134226924
          0,           0,         886,      -8.560870661,      -6.491084432,      -6.592669241,      -3.143636715
          0,           0,         887,      -8.570604428,      -6.495102821,      -6.601412621,      -3.153143686
          0,           0,         888,      -8.580451494,      -6.499823942,      -6.609641909,      -3.162756217
          0,           0,         889,      -8.590410496,      -6.505354818,      -6.617414155,      -3.172479744
          0,           0,         890,      -8.600476669,      -6.511779825,      -6.624801207,       -3.18231642
          0,           0,         891,      -8.610642124,       -6.51916137,      -6.631887756,      -3.192265116
          0,           0,         892,      -8.620895924,      -6.527541178,      -6.638765051,      -3.202321326
          0,           0,         893,      -8.631224366,      -6.536941888,      -6.645528768,      -3.212477234
          0,           0,         894,      -8.641611229,      -6.547371423,       -6.65227353,      -3.222721876
          0,           0,         895,      -8.652038425,      -6.558820303,      -6.659091064,      -3.233041917
          0,           0,         896,      -8.662486106,      -6.571257657,      -6.666068177,      -3.243420763
          0,           0,         897,      -8.672933732,      -6.584638363,      -6.673282762,      -3.253840558
          0,           0,         898,      -8.683360239,      -6.598895103,      -6.680803081,      -3.264281175
          0,           0,         899,      -8.693744967,      -6.613937632,      -6.688687476,      -3.274722134
          0,           0,         900,      -8.704068451,      -6.629657161,      -6.696983415,      -3.285142522
          0,           0,         901,      -8.714312871,      -6.645914684,       -6.70572634,      -3.295521633
          0,           0,         902,      -8.724462969,      -6.662545958,      -6.714940396,      -3.305840214
          0,           0,         903,      -8.734505985,      -6.679361486,      -6.724638407,      -3.316080446
          0,           0,         904,      -8.744432555,      -6.696145752,      -6.734821522,      -3.326226935
          0,           0,         905,       -8.75423725,      -6.712663003,      -6.745478816,       -3.33626744
          0,           0,         906,      -8.763918695,      -6.728665551,      -6.756587225,      -3.346192983
          0,           0,         907,      -8.773479892,      -6.743902918,      -6.768113349,      -3.355998857
          0,           0,         908,      -8.782927601,      -6.758141008,      -6.780011272,      -3.365684021
          0,           0,         909,      -8.792272495,       -6.77117849,      -6.792225378,      -3.375251691
          0,           0,         910,      -8.801528909,      -6.782856084,       -6.80468944,       -3.38470921
          0,           0,         911,      -8.810713935,      -6.793083719,      -6.817328215,      -3.394067763
          0,           0,         912,       -8.81984724,      -6.801837476,      -6.830058186,      -3.403341706
          0,           0,         913,      -8.828950292,      -6.809170543,      -6.842790411,      -3.412548508
          0,           0,         914,      -8.838045774,      -6.815205348,      -6.855431142,      -3.421707956
          0,           0,         915,      -8.847156677,      -6.820120862,        -6.8678875,      -3.430841505
          0,           0,         916,      -8.856305749,        -6.8241384,      -6.880067976,      -3.439971849
          0,           0,         917,      -8.865514694,      -6.827498038,      -6.891890855,      -3.449121587
          0,           0,         918,       -8.87480358,      -6.830450368,      -6.903282793,      -3.458312993
          0,           0,         919,      -8.884190234,      -6.833239732,      -6.914185525,      -3.467567221
          0,           0,         920,       -8.89369007,      -6.836090226,      -6.924558647,      -3.476903772
          0,           0,         921,      -8.903315232,      -6.839209273,      -6.934381477,      -3.486339551
          0,           0,         922,      -8.913074835,      -6.842774701,      -6.943656353,       -3.49588967
          0,           0,         923,      -8.922974165,      -6.846935047,      -6.952403344,       -3.50556507
          0,           0,         924,      -8.933014738,      -6.851816408,      -6.960667111,       -3.51537365
          0,           0,         925,      -8.943194451,      -6.857518884,      -6.968503952,      -3.525319881
          0,           0,         926,      -8.953507176,      -6.864122119,      -6.975988192,      -3.535404419
          0,           0,         927,      -8.963943242,      -6.871683345,      -6.983204099,      -3.545624321
          0,           0,         928,      -8.974489309,      -6.880240126,      -6.990240549,      -3.555972294
          0,           0,         929,      -8.985129206,       -6.88981337,      -6.997191975,       -3.56643795
          0,           0,         930,      -8.995843743,      -6.900408455,      -7.004150613,      -3.577007521
          0,           0,         931,      -9.006611299,      -6.912010752,      -7.011205129,      -3.587663906
          0,           0,         932,      -9.017408591,       -6.92459036,       -7.01843846,       -3.59838747
          0,           0,         933,      -9.028210965,      -6.938097344,      -7.025924122,      -3.609156123
          0,           0,         934,      -9.038993575,      -6.952464473,      -7.033727404,      -3.619946411
          0,           0,         935,      -9.049731847,      -6.967601963,       -7.04190277,      -3.630733903
          0,           0,         936,      -9.060402294,      -6.983397034,      -7.050493775,      -3.641493953
          0,           0,         937,      -9.070983447,      -6.999709902,      -7.059532689,      -3.652202356
          0,           0,         938,      -9.081456401,      -7.016385761,      -7.069041141,      -3.662836636
          0,           0,         939,      -9.091805459,      -7.033225923,      -7.079027499,      -3.673375902
          0,           0,         940,      -9.102018474,       -7.05002481,      -7.089489396,      -3.683802448
          0,           0,         941,      -9.112087777,      -7.066549612,      -7.100413035,      -3.694101507
          0,           0,         942,      -9.122010678,       -7.08256023,      -7.111772789,      -3.704263273
          0,           0,         943,      -9.131788918,      -7.097814282,      -7.123531899,      -3.714281709
          0,           0,         944,      -9.141429142,      -7.112082075,      -7.135642266,      -3.724155403
          0,           0,         945,      -9.150942165,      -7.125173952,      -7.148044479,      -3.733888024
          0,           0,         946,      -9.160342827,       -7.13693556,      -7.160670502,      -3.743487119
          0,           0,         947,      -9.169649634,      -7.147279431,      -7.173442537,      -3.752965268
          0,           0,         948,      -9.178883993,      -7.156192654,      -7.186277492,      -3.762338515
          0,           0,         949,      -9.188069186,      -7.163727288,      -7.199083355,      -3.771626616
          0,           0,         950,      -9.197229647,      -7.170001987,      -7.211768438,        -3.7808506
          0,           0,         951,       -9.20639107,      -7.175193261,      -7.224240098,      -3.790034873
          0,           0,         952,      -9.215578259,      -7.179515725,      -7.236409571,      -3.799204429
          0,           0,         953,       -9.22481488,      -7.183205134,      -7.248197529,      -3.808383505
          0,           0,         954,      -9.234123462,      -7.186504376,      -7.259535949,      -3.817597091
          0,           0,         955,      -9.243523752,      -7.189649268,      -7.270372883,      -3.826868139
          0,           0,         956,      -9.253033004,      -7.192865003,      -7.280674449,      -3.836218258
          0,           0,         957,      -9.262664588,      -7.196350478,      -7.290425937,      -3.845665692
          0,           0,         958,      -9.272429456,      -7.200270497,      -7.299632779,      -3.855226476
          0,           0,         959,      -9.282333912,      -7.204783948,      -7.308327456,      -3.864913573
          0,           0,         960,      -9.292380155,      -7.210010868,      -7.316555894,      -3.874735387
          0,           0,         961,      -9.302566893,      -7.216048412,      -7.324380784,      -3.884696969
          0,           0,         962,      -9.312889042,      -7.222975635,      -7.331879725,      -3.894799552
          0,           0,         963,      -9.323336912,      -7.230847181,      -7.339135875,      -3.905040106
