"Time_Iter","Outer_Iter","Inner_Iter",    "rms[Rho]"    ,    "rms[RhoU]"   ,    "rms[RhoV]"   ,    "rms[RhoE]"   
          0,           0,           0,      -1.171840999,      0.7868563698,     0.03050770222,       4.274345683
          0,           0,           1,      -1.545006593,       0.772474276,       1.028923406,       3.912384107
          0,           0,           2,      -1.506395217,      0.9446433065,       1.027655098,        3.95274644
          0,           0,           3,      -1.507589127,       1.056330683,       1.108662035,       3.947047241
          0,           0,           4,      -1.475616149,       1.095405578,        1.11382171,       3.969189466
          0,           0,           5,       -1.45265223,       1.082942738,       1.085107854,       3.990773534
          0,           0,           6,      -1.443765281,       1.054838807,       1.069881365,        4.00696297
          0,           0,           7,      -1.449389716,       1.027866129,       1.090488114,       4.004052014
          0,           0,           8,      -1.451415943,       1.016783126,       1.105520073,       3.995191833
          0,           0,           9,      -1.461508382,       1.029031237,       1.095509286,       3.979620301
          0,           0,          10,      -1.463258232,       1.052888154,       1.086057956,       3.980835274
          0,           0,          11,      -1.468738673,       1.061659363,       1.080429811,       3.978354976
          0,           0,          12,      -1.487057763,       1.054777606,       1.060444684,       3.956426306
          0,           0,          13,       -1.52413698,       1.034637817,       1.012426786,       3.912609077
          0,           0,          14,      -1.562571795,       1.007331579,      0.9488281252,       3.871632374
          0,           0,          15,      -1.599128168,      0.9806388729,      0.8902995881,       3.840660744
          0,           0,          16,      -1.637989344,      0.9636693638,      0.8658043247,       3.812198065
          0,           0,          17,      -1.675045491,      0.9624426599,      0.8796012281,       3.782610549
          0,           0,          18,      -1.702393844,      0.9707508671,      0.9039344832,       3.752967636
          0,           0,          19,      -1.725445475,       0.964829146,      0.9084368561,       3.718555484
          0,           0,          20,      -1.738629968,        0.95732344,      0.9042235599,       3.693127484
          0,           0,          21,      -1.746132049,      0.9467712082,      0.8913215879,       3.677129889
          0,           0,          22,      -1.753591337,      0.9327350184,      0.8710137716,       3.666644392
          0,           0,          23,      -1.766081505,      0.9155322449,      0.8447727966,       3.655770759
          0,           0,          24,      -1.784104753,      0.8966335473,      0.8139758111,       3.643134662
          0,           0,          25,      -1.805152602,      0.8777215674,      0.7815499001,       3.629811489
          0,           0,          26,      -1.826060741,      0.8610180858,      0.7523795912,       3.617318261
          0,           0,          27,      -1.844795666,      0.8490098483,      0.7333832493,       3.605821467
          0,           0,          28,       -1.86215528,      0.8429415233,      0.7292151917,        3.59251295
          0,           0,          29,      -1.878142189,      0.8430423145,      0.7386296423,       3.576532222
          0,           0,          30,      -1.891594958,      0.8466471316,      0.7540084095,        3.55864043
          0,           0,          31,      -1.899911023,       0.850902751,      0.7682665473,       3.542767994
          0,           0,          32,      -1.900811881,      0.8537694993,      0.7781209527,       3.533942879
          0,           0,          33,      -1.896905319,      0.8533469791,      0.7822315743,       3.532061129
          0,           0,          34,      -1.891376497,      0.8491146817,       0.781162978,       3.535057497
          0,           0,          35,      -1.888805469,      0.8398409505,      0.7746366626,         3.5374748
          0,           0,          36,      -1.891489526,      0.8250000282,      0.7621786302,       3.535982326
          0,           0,          37,      -1.899688626,      0.8043240569,      0.7433278406,        3.52986774
          0,           0,          38,       -1.91340213,      0.7781461792,      0.7185393989,       3.519070047
          0,           0,          39,      -1.931475218,      0.7483929495,      0.6903098659,       3.505304892
          0,           0,          40,      -1.952266802,      0.7190842471,       0.664145045,       3.490044588
          0,           0,          41,      -1.973628032,      0.6956202988,      0.6459882305,       3.474751569
          0,           0,          42,      -1.992296593,       0.682718008,      0.6395555376,       3.461434071
          0,           0,          43,      -2.006764269,      0.6809589972,      0.6429955727,       3.449686007
          0,           0,          44,      -2.015636423,      0.6875791358,      0.6516966866,       3.440101297
          0,           0,          45,      -2.020782532,       0.696557143,      0.6594295762,       3.430739205
          0,           0,          46,      -2.024698662,      0.7033841671,      0.6621112608,       3.420466812
          0,           0,          47,      -2.029107797,      0.7056557772,      0.6575984634,        3.40932967
          0,           0,          48,      -2.036053604,      0.7016113518,      0.6442155025,       3.396842308
          0,           0,          49,      -2.044995262,       0.691332024,      0.6213373145,       3.385177781
          0,           0,          50,       -2.05499562,      0.6753827389,      0.5898386773,       3.376235487
          0,           0,          51,      -2.064879618,       0.656471815,      0.5531897524,       3.371395417
          0,           0,          52,      -2.073627336,      0.6392967366,      0.5188856004,       3.370813007
          0,           0,          53,      -2.082398449,      0.6288597131,      0.4977650192,       3.370824439
          0,           0,          54,        -2.0914337,      0.6285519416,      0.4971308043,       3.368803844
          0,           0,          55,       -2.10151041,      0.6355896385,      0.5118278715,       3.360941269
          0,           0,          56,       -2.11166822,      0.6440576088,      0.5286935878,       3.346816081
          0,           0,          57,      -2.119479235,      0.6484347437,      0.5366712759,       3.329598508
          0,           0,          58,      -2.125328502,      0.6444644764,      0.5290840006,       3.312237556
          0,           0,          59,      -2.130044046,      0.6315164749,      0.5041885591,       3.299229805
          0,           0,          60,      -2.136972894,      0.6112043122,      0.4656502629,       3.291005204
          0,           0,          61,      -2.149248291,      0.5881419024,      0.4232678331,       3.284487668
          0,           0,          62,      -2.168100527,      0.5681372272,      0.3915648049,       3.275682793
          0,           0,          63,      -2.193745748,      0.5551952553,      0.3802898043,       3.259888056
          0,           0,          64,      -2.223502411,      0.5498627428,      0.3851983372,       3.236289011
          0,           0,          65,      -2.253701328,       0.548032017,      0.3920564965,       3.205589766
          0,           0,          66,      -2.281170132,      0.5452174329,      0.3901020147,       3.171621626
          0,           0,          67,      -2.304339679,      0.5386653833,      0.3752710212,       3.140035868
          0,           0,          68,      -2.325082376,      0.5273566556,      0.3479322895,       3.114227237
          0,           0,          69,      -2.344776941,      0.5124445498,      0.3122076622,       3.096214468
          0,           0,          70,      -2.364945261,      0.4957036983,      0.2760308975,       3.083137977
          0,           0,          71,      -2.386197507,      0.4796379262,      0.2478358123,       3.070760263
          0,           0,          72,      -2.408394495,      0.4662780357,      0.2324761242,       3.055859348
          0,           0,          73,      -2.432594193,      0.4559074847,      0.2272659517,       3.035146611
          0,           0,          74,      -2.458566949,       0.447870943,      0.2255154762,       3.008865432
          0,           0,          75,       -2.48564787,      0.4398444857,      0.2199992964,       2.978291055
          0,           0,          76,      -2.510898111,      0.4302850125,      0.2070450061,       2.948335192
          0,           0,          77,      -2.529654456,       0.418787191,      0.1865310898,       2.926064208
          0,           0,          78,      -2.540770513,      0.4056694549,       0.161309866,       2.914086465
          0,           0,          79,      -2.544788686,      0.3922849868,      0.1368327914,        2.91191116
          0,           0,          80,      -2.547464872,      0.3794431354,      0.1192716041,       2.912042968
          0,           0,          81,      -2.553869649,      0.3678862381,      0.1115818765,       2.908253707
          0,           0,          82,      -2.566302917,      0.3578581187,         0.1120223,       2.897783192
          0,           0,          83,      -2.586747163,       0.348688526,      0.1144084064,        2.87833321
          0,           0,          84,      -2.613209423,       0.339479719,      0.1129140125,       2.851899056
          0,           0,          85,      -2.641210893,       0.329284722,      0.1037658942,       2.823112004
          0,           0,          86,      -2.665019577,      0.3177156407,     0.08609032453,       2.798425556
          0,           0,          87,      -2.680106073,      0.3051074161,     0.06197305016,       2.783479235
          0,           0,          88,       -2.68822817,      0.2920079636,     0.03606274342,       2.776990706
          0,           0,          89,      -2.693883347,      0.2792952591,     0.01467416951,       2.774044728
          0,           0,          90,      -2.702243455,      0.2677607215,    0.002459603442,       2.768571347
          0,           0,          91,      -2.716390188,      0.2577021572,   -0.001171748092,       2.756626625
          0,           0,          92,      -2.735125733,      0.2489655235,   -0.001355228601,       2.738789257
          0,           0,          93,      -2.756645476,      0.2406747855,   -0.005045126688,       2.716596544
          0,           0,          94,      -2.775575427,      0.2320904017,    -0.01660468328,       2.695826206
          0,           0,          95,      -2.786585791,      0.2229185483,    -0.03662046952,       2.682801822
          0,           0,          96,      -2.788334263,      0.2133641181,    -0.06169561642,       2.679739539
          0,           0,          97,      -2.783652264,       0.204044597,    -0.08487647829,       2.683847694
          0,           0,          98,      -2.779739813,      0.1952731806,    -0.09867403619,       2.687279712
          0,           0,          99,      -2.781827845,      0.1871143019,      -0.100324178,       2.684353893
          0,           0,         100,       -2.79253814,      0.1792944094,    -0.09401977341,       2.672548387
          0,           0,         101,      -2.811717286,      0.1712815126,    -0.08738914607,       2.652568166
          0,           0,         102,      -2.835575921,      0.1626900694,    -0.08646007827,        2.62909682
          0,           0,         103,      -2.861190386,      0.1531241423,    -0.09464466345,       2.605884316
          0,           0,         104,      -2.883384388,      0.1427854398,     -0.1113322199,       2.588096338
          0,           0,         105,      -2.899170519,      0.1324590137,     -0.1323770085,       2.577454729
          0,           0,         106,       -2.90978497,      0.1231684242,     -0.1512741079,       2.570905092
          0,           0,         107,      -2.917935414,      0.1158342538,      -0.162016556,       2.564535344
          0,           0,         108,       -2.92813819,      0.1102918801,     -0.1639853727,       2.553520114
          0,           0,         109,      -2.941346548,       0.105745667,     -0.1623255648,       2.537558395
          0,           0,         110,      -2.955429534,       0.101076638,     -0.1640059027,       2.520069296
          0,           0,         111,      -2.966939626,     0.09540113211,     -0.1739833045,       2.506172572
          0,           0,         112,      -2.972823807,     0.08860554729,     -0.1934956744,       2.500168278
          0,           0,         113,       -2.97560009,     0.08102255938,     -0.2198706022,       2.499516146
          0,           0,         114,      -2.977903408,     0.07353206783,     -0.2463274159,       2.500178949
          0,           0,         115,       -2.98273761,     0.06703358478,     -0.2644938054,       2.497719912
          0,           0,         116,      -2.991955109,     0.06187854076,      -0.269970531,       2.489447663
          0,           0,         117,      -3.004022181,     0.05785203725,     -0.2655468007,       2.476642869
          0,           0,         118,      -3.019816954,     0.05379888432,     -0.2595005619,       2.459156923
          0,           0,         119,      -3.037975498,     0.04871276865,     -0.2587263383,       2.439774761
          0,           0,         120,      -3.056927445,     0.04214159706,     -0.2661255354,       2.421720437
          0,           0,         121,      -3.075676977,     0.03430826447,     -0.2806700137,       2.406910967
          0,           0,         122,      -3.092574856,     0.02607494249,     -0.2982094677,       2.396352694
          0,           0,         123,      -3.107391687,     0.01813350114,     -0.3133686942,       2.387951182
          0,           0,         124,      -3.117706002,      0.0110332055,     -0.3222696609,       2.381095598
          0,           0,         125,      -3.121773523,    0.004821847743,     -0.3251113135,       2.375574272
          0,           0,         126,      -3.120501694,  -0.0009917228932,     -0.3258522136,       2.370959158
          0,           0,         127,      -3.115943514,    -0.00700820557,     -0.3289578047,       2.367686525
          0,           0,         128,      -3.114959085,    -0.01409029143,     -0.3382292211,       2.362339066
          0,           0,         129,      -3.120266609,    -0.02252390467,     -0.3542545141,       2.354411476
          0,           0,         130,      -3.132046676,    -0.03199577821,     -0.3746952124,       2.344459973
          0,           0,         131,      -3.148466515,    -0.04180545521,     -0.3950834576,       2.333378353
          0,           0,         132,      -3.165364331,    -0.05107842943,     -0.4104736505,       2.322939173
          0,           0,         133,      -3.181383461,    -0.05958880318,     -0.4188163916,       2.311482849
          0,           0,         134,      -3.195914453,    -0.06753620957,     -0.4221362054,       2.297909031
          0,           0,         135,      -3.210409193,    -0.07546302153,     -0.4248885849,       2.281253629
          0,           0,         136,       -3.22727533,    -0.08397663184,     -0.4311638707,       2.261247379
          0,           0,         137,      -3.246674276,    -0.09332122534,     -0.4428380364,       2.240053012
          0,           0,         138,      -3.269709685,     -0.1036700485,     -0.4597637471,       2.218418172
          0,           0,         139,      -3.292105709,     -0.1146615026,     -0.4794529976,        2.20017951
          0,           0,         140,      -3.308366333,     -0.1257017457,      -0.498368766,       2.188162414
          0,           0,         141,      -3.316041781,     -0.1363236895,     -0.5138056342,       2.181700562
          0,           0,         142,      -3.316227241,     -0.1462765974,     -0.5250646283,       2.178592758
          0,           0,         143,      -3.316707509,     -0.1560199545,     -0.5346721999,       2.172830167
          0,           0,         144,      -3.322590526,     -0.1660423341,     -0.5456082449,       2.162064273
          0,           0,         145,      -3.335931337,     -0.1766347279,     -0.5596848826,       2.146653984
          0,           0,         146,       -3.35596511,     -0.1877646974,     -0.5767615997,       2.128673476
          0,           0,         147,      -3.378926195,     -0.1989900927,     -0.5947581252,       2.111543751
          0,           0,         148,      -3.403132545,     -0.2100660359,     -0.6114223876,       2.094821024
          0,           0,         149,      -3.426096185,     -0.2207720003,     -0.6253089679,       2.078096116
          0,           0,         150,      -3.447214867,     -0.2310749545,     -0.6368838199,       2.060171427
          0,           0,         151,      -3.467702176,     -0.2411528177,     -0.6481264366,       2.039996221
          0,           0,         152,      -3.488431755,     -0.2512192084,      -0.661084347,       2.018173031
          0,           0,         153,      -3.510655234,     -0.2615488168,     -0.6770268964,       1.995444732
          0,           0,         154,      -3.532693406,     -0.2721652881,     -0.6956680719,       1.974506805
          0,           0,         155,      -3.551777795,      -0.282888042,     -0.7154677354,       1.957766681
          0,           0,         156,      -3.566051552,     -0.2934713271,     -0.7344395295,       1.945694328
          0,           0,         157,      -3.575750573,     -0.3037497523,     -0.7511594936,        1.93682018
          0,           0,         158,       -3.58281806,     -0.3136925766,     -0.7653860733,       1.929072236
          0,           0,         159,      -3.589660379,     -0.3233636363,      -0.777888192,       1.920957098
          0,           0,         160,      -3.598157035,     -0.3328435231,     -0.7897257339,       1.911840286
          0,           0,         161,      -3.609322354,     -0.3421733836,     -0.8015905477,        1.90161367
          0,           0,         162,      -3.623391767,     -0.3513440116,     -0.8135930827,       1.890296208
          0,           0,         163,      -3.640018086,     -0.3603189934,     -0.8254495086,       1.877886493
          0,           0,         164,      -3.658439973,     -0.3690703484,     -0.8368310331,       1.864459114
          0,           0,         165,      -3.677663723,     -0.3776017501,     -0.8476240655,       1.850294792
          0,           0,         166,      -3.696672714,     -0.3859523984,      -0.857986703,       1.835889722
          0,           0,         167,      -3.714652444,     -0.3941818293,     -0.8682257427,       1.821811869
          0,           0,         168,      -3.731126843,     -0.4023479559,     -0.8786122221,       1.808514697
          0,           0,         169,      -3.745916675,     -0.4104912592,     -0.8892570989,       1.796247071
          0,           0,         170,      -3.758954807,     -0.4186308433,     -0.9000826386,       1.785107606
          0,           0,         171,      -3.770132461,      -0.426769501,     -0.9108727512,       1.775155806
          0,           0,         172,      -3.779307764,     -0.4349010073,     -0.9213589015,       1.766467791
          0,           0,         173,      -3.786456269,     -0.4430138288,     -0.9312956444,       1.759091701
          0,           0,         174,       -3.79189066,     -0.4510922846,     -0.9405087064,       1.752914251
          0,           0,         175,      -3.796330507,     -0.4591172669,     -0.9489113615,       1.747573702
          0,           0,         176,      -3.800770396,     -0.4670698469,     -0.9565050028,       1.742493852
          0,           0,         177,      -3.806209081,     -0.4749362212,     -0.9633747737,       1.737039575
          0,           0,         178,      -3.813379203,     -0.4827138268,     -0.9696812198,        1.73070964
          0,           0,         179,      -3.822593607,        -0.4904138,     -0.9756382491,       1.723265367
          0,           0,         180,      -3.833722995,     -0.4980597763,      -0.981474584,        1.71475502
          0,           0,         181,      -3.846279309,     -0.5056830172,     -0.9873880213,       1.705443143
          0,           0,         182,      -3.859565133,     -0.5133163852,     -0.9935098602,       1.695687839
          0,           0,         183,      -3.872840886,     -0.5209897244,     -0.9998952012,       1.685824668
          0,           0,         184,      -3.885462215,     -0.5287277228,      -1.006539959,       1.676102917
          0,           0,         185,      -3.896956443,     -0.5365501463,      -1.013411217,       1.666687155
          0,           0,         186,      -3.907046577,     -0.5444721495,      -1.020469395,       1.657694274
          0,           0,         187,      -3.915644874,     -0.5525035158,      -1.027670234,       1.649224115
          0,           0,         188,      -3.922849752,     -0.5606464333,      -1.034950233,       1.641349412
          0,           0,         189,      -3.928944577,     -0.5688934487,      -1.042213999,       1.634071725
          0,           0,         190,      -3.934372662,     -0.5772270268,       -1.04934106,       1.627279949
          0,           0,         191,       -3.93966897,     -0.5856235543,      -1.056218068,       1.620748797
          0,           0,         192,      -3.945356713,     -0.5940577932,      -1.062781556,       1.614189995
          0,           0,         193,      -3.951841179,     -0.6025085616,      -1.069048605,       1.607332251
          0,           0,         194,      -3.959337194,     -0.6109630706,      -1.075116794,        1.59999192
          0,           0,         195,      -3.967849595,     -0.6194182374,      -1.081133653,       1.592106414
          0,           0,         196,      -3.977205843,     -0.6278786533,      -1.087250749,       1.583722832
          0,           0,         197,      -3.987120461,     -0.6363537522,      -1.093585345,        1.57495861
          0,           0,         198,      -3.997266411,     -0.6448548813,      -1.100202335,       1.565957349
          0,           0,         199,      -4.007332967,     -0.6533930677,      -1.107116373,       1.556858062
          0,           0,         200,      -4.017062288,      -0.661977631,      -1.114305478,       1.547782207
          0,           0,         201,      -4.026270868,     -0.6706152193,      -1.121724978,       1.538829256
          0,           0,         202,      -4.034862628,     -0.6793090557,      -1.129316121,       1.530072153
          0,           0,         203,      -4.042837977,     -0.6880584115,      -1.137010416,       1.521548134
          0,           0,         204,      -4.050291698,      -0.696858584,      -1.144734252,       1.513250676
          0,           0,         205,      -4.057392317,     -0.7057017455,      -1.152417917,       1.505130816
          0,           0,         206,      -4.064342778,     -0.7145782551,      -1.160007589,        1.49711194
          0,           0,         207,      -4.071331518,      -0.723478497,      -1.167475126,       1.489113449
          0,           0,         208,      -4.078488944,     -0.7323936292,      -1.174822164,       1.481075652
          0,           0,         209,      -4.085864268,     -0.7413163358,      -1.182075551,       1.472973436
          0,           0,         210,       -4.09342816,     -0.7502402403,      -1.189276128,       1.464814759
          0,           0,         211,      -4.101099721,      -0.759159888,      -1.196467836,       1.456626471
          0,           0,         212,      -4.108786188,     -0.7680708439,      -1.203689943,       1.448434395
          0,           0,         213,      -4.116420241,      -0.776969624,      -1.210974316,       1.440248124
          0,           0,         214,      -4.123982297,     -0.7858542438,      -1.218345986,       1.432055535
          0,           0,         215,       -4.13150039,     -0.7947245294,      -1.225823757,        1.42382841
          0,           0,         216,      -4.139029642,     -0.8035819777,      -1.233418533,       1.415535474
          0,           0,         217,      -4.146622247,     -0.8124290637,      -1.241129823,       1.407156214
          0,           0,         218,      -4.154300994,     -0.8212683585,      -1.248943011,       1.398690164
          0,           0,         219,       -4.16204757,     -0.8301019495,      -1.256830108,       1.390157837
          0,           0,         220,      -4.169808719,     -0.8389312249,      -1.264755121,       1.381594514
          0,           0,         221,      -4.177515053,     -0.8477571103,      -1.272682754,       1.373040866
          0,           0,         222,      -4.185102366,      -0.856580618,      -1.280586762,       1.364535042
          0,           0,         223,       -4.19252595,     -0.8654029536,      -1.288454519,         1.3561089
          0,           0,         224,      -4.199764472,     -0.8742250652,      -1.296286031,       1.347787179
          0,           0,         225,      -4.206815852,     -0.8830469506,      -1.304088876,       1.339587401
          0,           0,         226,      -4.213691807,     -0.8918669946,      -1.311871904,       1.331517589
          0,           0,         227,      -4.220417545,     -0.9006815517,      -1.319642659,       1.323570736
          0,           0,         228,      -4.227033599,     -0.9094854855,       -1.32740692,       1.315720922
          0,           0,         229,      -4.233599347,     -0.9182732254,      -1.335171746,       1.307922699
          0,           0,         230,      -4.240189421,     -0.9270399837,      -1.342948569,       1.300117711
          0,           0,         231,      -4.246881765,     -0.9357828217,      -1.350753674,       1.292247039
          0,           0,         232,      -4.253740235,      -0.944500996,      -1.358605086,       1.284264988
          0,           0,         233,      -4.260798162,     -0.9531956547,      -1.366517576,       1.276149385
          0,           0,         234,      -4.268049224,     -0.9618690953,      -1.374497973,        1.26790499
          0,           0,         235,      -4.275449418,     -0.9705240446,      -1.382543155,        1.25955941
          0,           0,         236,      -4.282929037,     -0.9791630654,      -1.390641361,       1.251154476
          0,           0,         237,      -4.290410269,     -0.9877884086,      -1.398776072,       1.242735725
          0,           0,         238,      -4.297823632,     -0.9964017393,      -1.406930664,       1.234344877
          0,           0,         239,      -4.305119345,      -1.005003801,      -1.415091639,        1.22601523
          0,           0,         240,      -4.312271309,      -1.013594877,      -1.423249817,       1.217770422
          0,           0,         241,      -4.319275256,       -1.02217387,      -1.431399761,       1.209624201
          0,           0,         242,      -4.326142895,      -1.030738259,        -1.4395384,       1.201581671
          0,           0,         243,      -4.332897616,      -1.039284114,      -1.447664062,        1.19363893
          0,           0,         244,      -4.339569908,      -1.047806338,      -1.455776283,       1.185783928
          0,           0,         245,      -4.346194718,      -1.056299184,      -1.463876214,       1.177997726
          0,           0,         246,      -4.352809787,      -1.064756785,      -1.471967505,       1.170256295
          0,           0,         247,      -4.359453192,      -1.073173719,      -1.480055639,       1.162533715
          0,           0,         248,      -4.366160003,      -1.081545338,      -1.488147176,       1.154805761
          0,           0,         249,      -4.372958167,      -1.089867902,       -1.49624806,       1.147053313
          0,           0,         250,      -4.379864679,      -1.098138515,      -1.504361699,       1.139264958
          0,           0,         251,      -4.386883147,      -1.106354937,      -1.512488405,       1.131437773
          0,           0,         252,      -4.394002839,      -1.114515355,      -1.520624805,       1.123577654
          0,           0,         253,      -4.401199944,      -1.122618257,      -1.528764719,       1.115698642
          0,           0,         254,      -4.408441001,      -1.130662317,      -1.536900459,       1.107821125
          0,           0,         255,      -4.415687461,      -1.138646162,      -1.545023975,        1.09996968
          0,           0,         256,      -4.422900881,      -1.146568252,      -1.553128232,       1.092170468
          0,           0,         257,      -4.430047025,      -1.154426758,      -1.561207258,       1.084449253
          0,           0,         258,      -4.437099831,      -1.162219437,      -1.569255852,       1.076828766
          0,           0,         259,      -4.444044279,      -1.169943519,      -1.577269154,        1.06932617
          0,           0,         260,      -4.450877918,      -1.177595671,      -1.585242185,       1.061951049
          0,           0,         261,      -4.457611171,      -1.185172064,       -1.59316967,       1.054704013
          0,           0,         262,      -4.464266345,      -1.192668542,      -1.601046333,       1.047576435
          0,           0,         263,       -4.47087482,      -1.200080887,      -1.608867453,       1.040551502
          0,           0,         264,      -4.477473217,      -1.207405154,      -1.616629534,       1.033606541
          0,           0,         265,      -4.484098253,      -1.214637985,      -1.624330893,       1.026716573
          0,           0,         266,      -4.490781174,       -1.22177687,      -1.631971872,        1.01985841
          0,           0,         267,      -4.497480305,      -1.228820509,      -1.639554033,       1.013043293
          0,           0,         268,      -4.504276583,      -1.235765735,      -1.647086091,       1.006225858
          0,           0,         269,      -4.511138499,      -1.242612702,      -1.654568143,       0.999426807
          0,           0,         270,       -4.51803579,      -1.249363652,      -1.662001602,      0.9926595582
          0,           0,         271,      -4.524953707,      -1.256022078,      -1.669387714,      0.9859272871
          0,           0,         272,      -4.531876354,      -1.262591683,      -1.676726294,       0.979235683
          0,           0,         273,      -4.538780432,      -1.269075798,      -1.684015821,      0.9725980529
          0,           0,         274,      -4.545639836,      -1.275477195,      -1.691253953,      0.9660322918
          0,           0,         275,      -4.552434294,      -1.281798206,       -1.69843791,      0.9595543645
          0,           0,         276,      -4.559154708,      -1.288040828,      -1.705564682,       0.953173635
          0,           0,         277,      -4.565803173,      -1.294206783,      -1.712631143,      0.9468917603
          0,           0,         278,      -4.572390185,      -1.300297611,      -1.719634282,      0.9407037666
          0,           0,         279,      -4.578931927,      -1.306314787,      -1.726571806,      0.9345992993
          0,           0,         280,      -4.585447841,       -1.31225998,      -1.733442926,      0.9285640083
          0,           0,         281,      -4.591958475,       -1.31813527,      -1.740249006,      0.9225811658
          0,           0,         282,      -4.598482532,      -1.323943275,      -1.746993723,      0.9166340581
          0,           0,         283,       -4.60503396,      -1.329687154,       -1.75368272,      0.9107084235
          0,           0,         284,      -4.611620079,      -1.335370669,      -1.760322918,      0.9047940971
          0,           0,         285,      -4.618241097,      -1.340998048,      -1.766921608,      0.8988855642
          0,           0,         286,      -4.624890967,      -1.346573899,      -1.773485612,      0.8929816364
          0,           0,         287,      -4.631559307,      -1.352103099,       -1.78002066,      0.8870843312
          0,           0,         288,      -4.638233397,      -1.357590652,      -1.786531123,      0.8811977767
          0,           0,         289,      -4.644900234,      -1.363041569,      -1.793019985,      0.8753271055
          0,           0,         290,      -4.651548366,      -1.368460803,      -1.799489049,      0.8694773695
          0,           0,         291,      -4.658169438,      -1.373853066,      -1.805939362,      0.8636522649
          0,           0,         292,      -4.664758311,      -1.379222729,      -1.812371472,      0.8578539796
          0,           0,         293,      -4.671313435,      -1.384573823,      -1.818785896,      0.8520828922
          0,           0,         294,      -4.677836753,      -1.389910027,       -1.82518337,      0.8463371997
          0,           0,         295,      -4.684333189,      -1.395234691,      -1.831565051,      0.8406129598
          0,           0,         296,      -4.690809934,      -1.400550904,      -1.837932768,      0.8349044399
          0,           0,         297,      -4.697275626,      -1.405861542,      -1.844289102,      0.8292046244
          0,           0,         298,      -4.703739465,      -1.411169372,      -1.850637363,      0.8235057861
          0,           0,         299,      -4.710210349,       -1.41647706,      -1.856981393,      0.8178000434
          0,           0,         300,        -4.7166961,      -1.421787271,      -1.863325465,      0.8120799556
          0,           0,         301,      -4.723202702,      -1.427102704,      -1.869674047,      0.8063390358
          0,           0,         302,      -4.729733821,      -1.432426087,      -1.876031589,      0.8005721409
          0,           0,         303,      -4.736290495,      -1.437760153,      -1.882402304,      0.7947758077
          0,           0,         304,      -4.742871185,      -1.443107633,       -1.88878996,      0.7889483369
          0,           0,         305,      -4.749472124,      -1.448471182,      -1.895197796,      0.7830896988
          0,           0,         306,       -4.75608791,      -1.453853341,      -1.901628392,       0.777201276
          0,           0,         307,      -4.762712201,       -1.45925646,      -1.908083703,      0.7712854685
          0,           0,         308,      -4.769338679,      -1.464682712,       -1.91456503,      0.7653451743
          0,           0,         309,      -4.775962011,      -1.470134013,      -1.921073207,      0.7593830439
          0,           0,         310,      -4.782578312,      -1.475612046,      -1.927608718,      0.7534011999
          0,           0,         311,      -4.789185535,      -1.481118247,      -1.934171829,      0.7474008993
          0,           0,         312,      -4.795783665,      -1.486653797,      -1.940762783,      0.7413822586
          0,           0,         313,      -4.802374599,      -1.492219657,      -1.947381955,      0.7353442025
          0,           0,         314,      -4.808962185,       -1.49781661,       -1.95402994,      0.7292843327
          0,           0,         315,      -4.815551098,      -1.503445306,      -1.960707598,      0.7231995773
          0,           0,         316,      -4.822145199,      -1.509106307,      -1.967416145,      0.7170869634
          0,           0,         317,      -4.828749396,      -1.514800122,      -1.974157052,       0.710942611
          0,           0,         318,      -4.835367654,      -1.520527236,      -1.980931947,       0.704763104
          0,           0,         319,      -4.842002633,      -1.526288137,      -1.987742536,      0.6985457851
          0,           0,         320,      -4.848655525,      -1.532083324,      -1.994590464,      0.6922889253
          0,           0,         321,      -4.855326034,      -1.537913299,      -2.001477177,      0.6859917889
          0,           0,         322,      -4.862012587,      -1.543778532,      -2.008403813,       0.679654598
          0,           0,         323,      -4.868712508,      -1.549679441,      -2.015371102,      0.6732784105
          0,           0,         324,      -4.875422382,       -1.55561648,      -2.022379395,      0.6668649815
          0,           0,         325,      -4.882138835,      -1.561589962,      -2.029428717,      0.6604161512
          0,           0,         326,      -4.888858395,       -1.56760008,      -2.036518756,      0.6539338511
          0,           0,         327,      -4.895576491,      -1.573646882,      -2.043649141,       0.647421367
          0,           0,         328,      -4.902291793,      -1.579730332,      -2.050819172,      0.6408800023
          0,           0,         329,      -4.909005031,      -1.585850415,      -2.058028144,      0.6343098373
          0,           0,         330,      -4.915717455,      -1.592007104,      -2.065275407,      0.6277106028
          0,           0,         331,      -4.922430421,      -1.598200189,      -2.072560485,      0.6210817875
          0,           0,         332,       -4.92914531,       -1.60442936,      -2.079883242,      0.6144227877
          0,           0,         333,      -4.935863826,      -1.610694266,      -2.087243667,      0.6077327386
          0,           0,         334,      -4.942587772,      -1.616994522,      -2.094641893,      0.6010105779
          0,           0,         335,      -4.949318805,      -1.623329751,      -2.102078123,      0.5942551845
          0,           0,         336,      -4.956058222,      -1.629699605,      -2.109552624,        0.58746564
          0,           0,         337,      -4.962806969,      -1.636103745,      -2.117065564,       0.580641162
          0,           0,         338,      -4.969565227,      -1.642541937,      -2.124617041,      0.5737815194
          0,           0,         339,      -4.976333004,      -1.649014331,      -2.132207089,      0.5668865422
          0,           0,         340,      -4.983111201,      -1.655520297,      -2.139835342,      0.5599553555
          0,           0,         341,      -4.989897317,      -1.662059565,      -2.147501439,      0.5529900425
          0,           0,         342,       -4.99668919,      -1.668631811,       -2.15520488,      0.5459922449
          0,           0,         343,      -5.003484886,      -1.675236585,      -2.162945085,       0.538963256
          0,           0,         344,       -5.01028277,      -1.681873456,      -2.170721508,       0.531904293
          0,           0,         345,      -5.017081567,      -1.688542091,      -2.178533549,      0.5248165735
          0,           0,         346,      -5.023880083,      -1.695242069,      -2.186380363,      0.5177012905
          0,           0,         347,      -5.030677362,      -1.701972903,      -2.194261154,       0.510559536
          0,           0,         348,      -5.037472913,      -1.708734059,      -2.202175219,      0.5033920546
          0,           0,         349,      -5.044266839,      -1.715524984,      -2.210121913,      0.4961991159
          0,           0,         350,      -5.051059735,       -1.72234514,      -2.218100638,      0.4889805835
          0,           0,         351,       -5.05785246,      -1.729193993,      -2.226110841,      0.4817361402
          0,           0,         352,      -5.064645873,      -1.736071011,      -2.234152032,       0.474465455
          0,           0,         353,      -5.071440703,       -1.74297567,      -2.242223768,       0.467168263
          0,           0,         354,      -5.078237495,      -1.749907452,      -2.250325629,      0.4598443818
          0,           0,         355,      -5.085036569,      -1.756865866,      -2.258457179,      0.4524937276
          0,           0,         356,      -5.091837968,      -1.763850446,      -2.266617936,       0.445116363
          0,           0,         357,      -5.098641414,      -1.770860752,      -2.274807357,      0.4377125638
          0,           0,         358,      -5.105446296,       -1.77789636,      -2.283024832,      0.4302828655
          0,           0,         359,      -5.112251725,      -1.784956853,      -2.291269674,      0.4228280478
          0,           0,         360,       -5.11905665,       -1.79204182,      -2.299541111,      0.4153490546
          0,           0,         361,      -5.125859977,      -1.799150851,      -2.307838301,       0.407846901
          0,           0,         362,       -5.13266069,      -1.806283534,      -2.316160347,      0.4003225786
          0,           0,         363,      -5.139457944,      -1.813439451,      -2.324506329,      0.3927769808
          0,           0,         364,      -5.146251149,      -1.820618186,      -2.332875318,      0.3852108108
          0,           0,         365,      -5.153039889,       -1.82781935,      -2.341266442,      0.3776246931
          0,           0,         366,      -5.159824007,      -1.835042497,      -2.349678847,      0.3700190835
          0,           0,         367,      -5.166603623,       -1.84228717,       -2.35811173,      0.3623942186
          0,           0,         368,      -5.173379007,      -1.849552951,       -2.36656435,      0.3547502039
          0,           0,         369,      -5.180150506,      -1.856839442,      -2.375036007,      0.3470870328
          0,           0,         370,      -5.186918469,      -1.864146265,      -2.383526032,      0.3394046643
          0,           0,         371,      -5.193683198,      -1.871473061,      -2.392033782,       0.331703073
          0,           0,         372,      -5.200444913,      -1.878819499,      -2.400558622,      0.3239822792
          0,           0,         373,       -5.20720372,      -1.886185272,      -2.409099905,      0.3162423719
          0,           0,         374,      -5.213959595,      -1.893570102,      -2.417656961,      0.3084835323
          0,           0,         375,      -5.220712385,      -1.900973733,      -2.426229097,      0.3007060457
          0,           0,         376,      -5.227461823,      -1.908395932,       -2.43481559,      0.2929102974
          0,           0,         377,      -5.234207566,      -1.915836478,      -2.443415694,      0.2850967495
          0,           0,         378,      -5.240949235,      -1.923295168,      -2.452028645,      0.2772659096
          0,           0,         379,      -5.247686457,      -1.930771804,       -2.46065367,      0.2694182968
          0,           0,         380,      -5.254418906,      -1.938266201,      -2.469289997,      0.2615544102
          0,           0,         381,      -5.261146333,      -1.945778179,      -2.477936868,      0.2536747013
          0,           0,         382,      -5.267868595,      -1.953307566,      -2.486593481,       0.245779552
          0,           0,         383,       -5.27458566,      -1.960854197,      -2.495259109,      0.2378692511
          0,           0,         384,       -5.28129759,      -1.968417917,       -2.50393314,       0.229944015
          0,           0,         385,      -5.288004524,      -1.975998586,      -2.512614946,       0.222003982
          0,           0,         386,      -5.294706714,      -1.983596079,      -2.521303933,       0.214049192
          0,           0,         387,      -5.301404482,      -1.991210288,      -2.529999541,      0.2060796243
          0,           0,         388,      -5.308098174,      -1.998841124,      -2.538701242,       0.198095231
          0,           0,         389,      -5.314788129,      -2.006488517,      -2.547408519,      0.1900959576
          0,           0,         390,      -5.321474658,       -2.01415242,      -2.556120861,      0.1820817601
          0,           0,         391,      -5.328158027,      -2.021832804,      -2.564837752,      0.1740526226
          0,           0,         392,      -5.334838457,      -2.029529662,      -2.573558672,      0.1660085703
          0,           0,         393,       -5.34151612,      -2.037243002,      -2.582283098,      0.1579496747
          0,           0,         394,      -5.348191146,      -2.044972846,        -2.5910105,      0.1498760504
          0,           0,         395,      -5.354863637,      -2.052719229,      -2.599740346,      0.1417878459
          0,           0,         396,      -5.361533681,      -2.060482196,      -2.608472105,      0.1336852309
          0,           0,         397,      -5.368201372,      -2.068261798,      -2.617205248,      0.1255683766
          0,           0,         398,       -5.37486682,      -2.076058097,      -2.625939256,      0.1174374471
          0,           0,         399,      -5.381530159,      -2.083871157,      -2.634673619,      0.1092925854
          0,           0,         400,       -5.38819157,      -2.091701051,      -2.643407846,      0.1011338959
          0,           0,         401,      -5.394851284,      -2.099547857,      -2.652141475,     0.09296143338
          0,           0,         402,      -5.401509586,      -2.107411658,      -2.660874072,     0.08477520432
          0,           0,         403,      -5.408166804,      -2.115292546,       -2.66960523,     0.07657516964
          0,           0,         404,      -5.414823299,      -2.123190621,      -2.678334561,     0.06836125738
          0,           0,         405,      -5.421479453,      -2.131105989,      -2.687061691,     0.06013337536
          0,           0,         406,      -5.428135651,      -2.139038766,      -2.695786257,     0.05189141914
          0,           0,         407,      -5.434792282,      -2.146989078,      -2.704507905,      0.0436352808
          0,           0,         408,      -5.441449729,      -2.154957057,       -2.71322628,      0.0353648581
          0,           0,         409,      -5.448108365,      -2.162942843,      -2.721941029,      0.0270800645
          0,           0,         410,      -5.454768538,      -2.170946572,      -2.730651767,     0.01878082705
          0,           0,         411,      -5.461430666,      -2.178968368,      -2.739358134,     0.01046686715
          0,           0,         412,      -5.468095101,      -2.187008424,      -2.748059933,    0.002138324811
          0,           0,         413,      -5.474762047,      -2.195066885,      -2.756756727,   -0.006204600789
          0,           0,         414,      -5.481431738,      -2.203143906,      -2.765448099,    -0.01456185489
          0,           0,         415,      -5.488104429,      -2.211239652,      -2.774133619,    -0.02293344065
          0,           0,         416,      -5.494780466,      -2.219354288,      -2.782812908,    -0.03131938668
          0,           0,         417,      -5.501460372,      -2.227487986,      -2.791485681,    -0.03971982454
          0,           0,         418,      -5.508144097,      -2.235640895,      -2.800151326,    -0.04813465431
          0,           0,         419,      -5.514832055,      -2.243813172,      -2.808809555,    -0.05656390655
          0,           0,         420,      -5.521524578,      -2.252004964,      -2.817460084,    -0.06500753512
          0,           0,         421,      -5.528221902,      -2.260216401,      -2.826102574,    -0.07346551004
          0,           0,         422,       -5.53492435,      -2.268447625,       -2.83473666,    -0.08193792888
          0,           0,         423,      -5.541632331,      -2.276698787,      -2.843361999,    -0.09042490585
          0,           0,         424,      -5.548346279,      -2.284970037,      -2.851978265,    -0.09892651112
          0,           0,         425,      -5.555066601,      -2.293261522,      -2.860585124,     -0.1074427694
          0,           0,         426,      -5.561793633,      -2.301573389,      -2.869182225,     -0.1159736769
          0,           0,         427,      -5.568527725,      -2.309905784,      -2.877769189,     -0.1245192565
          0,           0,         428,      -5.575269242,      -2.318258854,      -2.886345616,     -0.1330795393
          0,           0,         429,      -5.582018558,      -2.326632742,      -2.894911102,     -0.1416545429
          0,           0,         430,      -5.588776036,      -2.335027586,      -2.903465258,     -0.1502442629
          0,           0,         431,       -5.59554203,      -2.343443517,      -2.912007703,     -0.1588486789
          0,           0,         432,      -5.602316875,      -2.351880661,      -2.920538064,     -0.1674677542
          0,           0,         433,      -5.609100893,      -2.360339137,      -2.929055966,     -0.1761014302
          0,           0,         434,       -5.61589439,      -2.368819056,      -2.937561027,     -0.1847496264
          0,           0,         435,      -5.622697667,      -2.377320519,      -2.946052868,     -0.1934122485
          0,           0,         436,      -5.629511241,       -2.38584369,      -2.954531489,      -0.202089095
          0,           0,         437,      -5.636335583,      -2.394388644,      -2.962995932,     -0.2107807257
          0,           0,         438,      -5.643170841,      -2.402955465,      -2.971445787,       -0.21948703
          0,           0,         439,      -5.650017035,      -2.411544188,      -2.979880821,     -0.2282074153
          0,           0,         440,      -5.656874277,       -2.42015481,      -2.988300766,     -0.2369413734
          0,           0,         441,      -5.663742863,      -2.428787337,      -2.996705287,      -0.245688729
          0,           0,         442,       -5.67062322,      -2.437441787,      -3.005093993,     -0.2544495212
          0,           0,         443,      -5.677515767,      -2.446118181,      -3.013466464,     -0.2632237504
          0,           0,         444,      -5.684420841,      -2.454816519,       -3.02182226,     -0.2720112457
          0,           0,         445,      -5.691338707,      -2.463536775,      -3.030160927,     -0.2808117073
          0,           0,         446,      -5.698269597,      -2.472278897,      -3.038482004,     -0.2896248145
          0,           0,         447,      -5.705213754,      -2.481042817,      -3.046785033,     -0.2984502853
          0,           0,         448,      -5.712171427,      -2.489828451,      -3.055069563,     -0.3072878621
          0,           0,         449,      -5.719142863,      -2.498635692,      -3.063335155,     -0.3161372607
          0,           0,         450,      -5.726128291,      -2.507464411,      -3.071581369,     -0.3249981351
          0,           0,         451,      -5.733127881,      -2.516314439,      -3.079807749,     -0.3338700117
          0,           0,         452,      -5.740141812,      -2.525185596,      -3.088013855,     -0.3427524332
          0,           0,         453,      -5.747170256,      -2.534077679,      -3.096199242,     -0.3516449518
          0,           0,         454,      -5.754213408,      -2.542990454,      -3.104363414,     -0.3605471611
          0,           0,         455,      -5.761271462,      -2.551923668,      -3.112505873,     -0.3694586148
          0,           0,         456,      -5.768344575,      -2.560877038,      -3.120626129,     -0.3783787931
          0,           0,         457,       -5.77543286,      -2.569850254,      -3.128723696,     -0.3873070924
          0,           0,         458,      -5.782536398,       -2.57884297,       -3.13679808,     -0.3962428478
          0,           0,         459,      -5.789655292,      -2.587854827,      -3.144848777,     -0.4051853904
          0,           0,         460,      -5.796789595,      -2.596885414,      -3.152875254,     -0.4141339917
          0,           0,         461,       -5.80393938,      -2.605934297,      -3.160876975,     -0.4230879318
          0,           0,         462,      -5.811104746,      -2.615001019,      -3.168853397,     -0.4320465023
          0,           0,         463,      -5.818285787,      -2.624085092,      -3.176803976,     -0.4410089776
          0,           0,         464,      -5.825482585,      -2.633185993,      -3.184728175,     -0.4499745927
          0,           0,         465,      -5.832695204,      -2.642303168,      -3.192625466,     -0.4589425368
          0,           0,         466,      -5.839923699,      -2.651436029,      -3.200495332,     -0.4679119666
          0,           0,         467,      -5.847168121,      -2.660583955,       -3.20833726,      -0.476882005
          0,           0,         468,      -5.854428504,      -2.669746292,      -3.216150749,     -0.4858517431
          0,           0,         469,      -5.861704862,      -2.678922352,      -3.223935308,     -0.4948202281
          0,           0,         470,      -5.868997216,       -2.68811141,      -3.231690463,     -0.5037864973
          0,           0,         471,      -5.876305572,      -2.697312708,      -3.239415758,     -0.5127495524
          0,           0,         472,      -5.883629919,      -2.706525449,      -3.247110753,     -0.5217083514
          0,           0,         473,      -5.890970235,      -2.715748804,      -3.254775026,     -0.5306618137
          0,           0,         474,      -5.898326497,      -2.724981903,      -3.262408175,      -0.539608834
          0,           0,         475,      -5.905698684,      -2.734223844,      -3.270009818,     -0.5485482878
          0,           0,         476,      -5.913086773,      -2.743473683,      -3.277579591,     -0.5574790217
          0,           0,         477,      -5.920490741,       -2.75273044,      -3.285117151,     -0.5663998612
          0,           0,         478,      -5.927910563,      -2.761993097,      -3.292622183,      -0.575309607
          0,           0,         479,      -5.935346214,      -2.771260589,      -3.300094396,     -0.5842070399
          0,           0,         480,      -5.942797681,      -2.780531819,      -3.307533524,     -0.5930909302
          0,           0,         481,      -5.950264939,      -2.789805656,      -3.314939327,     -0.6019600191
          0,           0,         482,      -5.957747954,      -2.799080917,      -3.322311598,     -0.6108130199
          0,           0,         483,      -5.965246705,      -2.808356382,      -3.329650167,     -0.6196486411
          0,           0,         484,       -5.97276117,       -2.81763079,      -3.336954892,     -0.6284655773
          0,           0,         485,      -5.980291319,      -2.826902836,      -3.344225663,     -0.6372625003
          0,           0,         486,       -5.98783707,      -2.836171169,       -3.35146241,     -0.6460380621
          0,           0,         487,      -5.995398402,      -2.845434406,      -3.358665102,     -0.6547909354
          0,           0,         488,      -6.002975305,      -2.854691125,      -3.365833724,     -0.6635197093
          0,           0,         489,       -6.01056773,      -2.863939856,      -3.372968293,     -0.6722229511
          0,           0,         490,      -6.018175609,      -2.873179085,       -3.38006886,     -0.6808992376
          0,           0,         491,      -6.025798871,      -2.882407262,      -3.387135513,     -0.6895471526
          0,           0,         492,      -6.033437438,      -2.891622798,      -3.394168373,     -0.6981652887
          0,           0,         493,      -6.041091234,      -2.900824062,      -3.401167593,     -0.7067522348
          0,           0,         494,      -6.048760182,      -2.910009387,      -3.408133355,     -0.7153065755
          0,           0,         495,      -6.056444204,      -2.919177072,      -3.415065867,     -0.7238268894
          0,           0,         496,      -6.064143219,      -2.928325375,      -3.421965363,     -0.7323117538
          0,           0,         497,      -6.071857149,      -2.937452524,      -3.428832101,     -0.7407597599
          0,           0,         498,      -6.079585914,      -2.946556712,      -3.435666368,     -0.7491695109
          0,           0,         499,      -6.087329435,      -2.955636102,      -3.442468479,     -0.7575396363
          0,           0,         500,      -6.095087629,      -2.964688821,      -3.449238781,     -0.7658687895
          0,           0,         501,      -6.102860414,      -2.973712989,      -3.455977637,     -0.7741556513
          0,           0,         502,      -6.110647673,       -2.98270669,      -3.462685445,     -0.7823988943
          0,           0,         503,      -6.118449303,      -2.991667995,      -3.469362628,     -0.7905972364
          0,           0,         504,      -6.126265195,      -3.000594954,      -3.476009632,     -0.7987494245
          0,           0,         505,      -6.134095228,      -3.009485603,      -3.482626924,     -0.8068542359
          0,           0,         506,      -6.141939271,       -3.01833797,      -3.489214995,     -0.8149104742
          0,           0,         507,      -6.149797178,      -3.027150078,      -3.495774354,     -0.8229169835
          0,           0,         508,      -6.157668801,      -3.035919947,       -3.50230553,     -0.8308726514
          0,           0,         509,      -6.165553983,      -3.044645603,       -3.50880907,     -0.8387764105
          0,           0,         510,      -6.173452557,      -3.053325081,      -3.515285534,     -0.8466272416
          0,           0,         511,      -6.181364353,      -3.061956427,        -3.5217355,     -0.8544241808
          0,           0,         512,      -6.189289189,      -3.070537709,       -3.52815956,     -0.8621663183
          0,           0,         513,      -6.197226878,      -3.079067015,      -3.534558321,     -0.8698528045
          0,           0,         514,      -6.205177228,      -3.087542465,      -3.540932402,     -0.8774828581
          0,           0,         515,      -6.213140039,      -3.095962213,      -3.547282432,     -0.8850557628
          0,           0,         516,      -6.221115103,      -3.104324454,      -3.553609057,     -0.8925708696
          0,           0,         517,      -6.229102207,       -3.11262743,       -3.55991293,      -0.900027608
          0,           0,         518,      -6.237101129,      -3.120869435,      -3.566194718,     -0.9074254793
          0,           0,         519,      -6.245111638,      -3.129048821,      -3.572455094,     -0.9147640592
          0,           0,         520,      -6.253133495,      -3.137164006,      -3.578694744,     -0.9220430036
          0,           0,         521,      -6.261166446,      -3.145213478,      -3.584914359,     -0.9292620405
          0,           0,         522,      -6.269210227,      -3.153195801,      -3.591114639,     -0.9364209733
          0,           0,         523,      -6.277264566,      -3.161109619,      -3.597296289,     -0.9435196902
          0,           0,         524,      -6.285329177,      -3.168953666,      -3.603460019,     -0.9505581532
          0,           0,         525,      -6.293403761,      -3.176726767,      -3.609606544,     -0.9575364014
          0,           0,         526,      -6.301488012,      -3.184427846,       -3.61573658,     -0.9644545593
          0,           0,         527,      -6.309581609,      -3.192055924,      -3.621850847,      -0.971312825
          0,           0,         528,      -6.317684224,      -3.199610134,      -3.627950066,     -0.9781114795
          0,           0,         529,      -6.325795517,      -3.207089715,      -3.634034958,     -0.9848508845
          0,           0,         530,      -6.333915141,       -3.21449402,      -3.640106244,     -0.9915314792
          0,           0,         531,      -6.342042736,      -3.221822518,      -3.646164646,     -0.9981537822
          0,           0,         532,      -6.350177936,      -3.229074799,      -3.652210885,      -1.004718387
          0,           0,         533,      -6.358320366,       -3.23625057,      -3.658245681,      -1.011225969
          0,           0,         534,      -6.366469635,      -3.243349664,      -3.664269748,      -1.017677263
          0,           0,         535,      -6.374625342,      -3.250372011,      -3.670283785,      -1.024073124
          0,           0,         536,      -6.382786976,      -3.257317651,      -3.676288474,      -1.030414321
          0,           0,         537,      -6.390954197,      -3.264186835,      -3.682284567,      -1.036701758
          0,           0,         538,      -6.399126646,       -3.27097989,       -3.68827276,      -1.042936539
          0,           0,         539,      -6.407303905,      -3.277697263,      -3.694253757,       -1.04911977
          0,           0,         540,      -6.415485527,       -3.28433952,      -3.700228257,      -1.055252593
          0,           0,         541,      -6.423671044,      -3.290907345,      -3.706196956,      -1.061336192
          0,           0,         542,      -6.431859975,      -3.297401541,      -3.712160545,      -1.067371791
          0,           0,         543,      -6.440051826,      -3.303823024,      -3.718119696,      -1.073360657
          0,           0,         544,      -6.448246092,      -3.310172816,      -3.724075083,      -1.079304075
          0,           0,         545,       -6.45644226,      -3.316452043,      -3.730027371,       -1.08520337
          0,           0,         546,      -6.464639819,      -3.322661929,       -3.73597722,      -1.091059913
          0,           0,         547,      -6.472838256,      -3.328803794,      -3.741925282,      -1.096875122
          0,           0,         548,      -6.481037051,      -3.334879052,      -3.747872202,      -1.102650452
          0,           0,         549,      -6.489235674,      -3.340889201,      -3.753818618,      -1.108387379
          0,           0,         550,      -6.497433588,      -3.346835817,       -3.75976516,      -1.114087395
          0,           0,         551,      -6.505630235,      -3.352720554,      -3.765712445,      -1.119752002
          0,           0,         552,      -6.513825057,      -3.358545131,       -3.77166108,      -1.125382718
          0,           0,         553,      -6.522017487,       -3.36431133,      -3.777611667,      -1.130981082
          0,           0,         554,      -6.530206958,      -3.370020992,      -3.783564798,      -1.136548642
          0,           0,         555,      -6.538392891,      -3.375676006,      -3.789521059,      -1.142086949
          0,           0,         556,        -6.5465747,      -3.381278304,      -3.795481023,      -1.147597553
          0,           0,         557,        -6.5547518,       -3.38682986,      -3.801445262,      -1.153082012
          0,           0,         558,      -6.562923591,      -3.392332678,       -3.80741433,      -1.158541873
          0,           0,         559,      -6.571089496,      -3.397788783,      -3.813388763,      -1.163978707
          0,           0,         560,      -6.579248954,      -3.403200239,      -3.819369108,      -1.169394175
          0,           0,         561,       -6.58740129,      -3.408569119,      -3.825355913,       -1.17478965
          0,           0,         562,      -6.595545869,      -3.413897494,      -3.831349699,      -1.180166563
          0,           0,         563,      -6.603682063,      -3.419187448,       -3.83735097,      -1.185526402
          0,           0,         564,      -6.611809256,      -3.424441074,      -3.843360231,      -1.190870685
          0,           0,         565,      -6.619926818,      -3.429660459,      -3.849377972,      -1.196200886
          0,           0,         566,      -6.628034123,      -3.434847682,      -3.855404673,      -1.201518454
          0,           0,         567,      -6.636130548,      -3.440004807,      -3.861440805,      -1.206824806
          0,           0,         568,      -6.644215475,      -3.445133885,      -3.867486839,      -1.212121351
          0,           0,         569,      -6.652288288,      -3.450236943,      -3.873543225,      -1.217409475
          0,           0,         570,      -6.660348381,      -3.455315994,      -3.879610417,      -1.222690545
          0,           0,         571,      -6.668395123,      -3.460373017,      -3.885688854,      -1.227965867
          0,           0,         572,      -6.676427905,      -3.465409966,      -3.891778959,      -1.233236747
          0,           0,         573,      -6.684446125,      -3.470428766,      -3.897881154,      -1.238504469
          0,           0,         574,      -6.692449182,      -3.475431309,      -3.903995847,      -1.243770285
          0,           0,         575,      -6.700436478,      -3.480419449,      -3.910123447,      -1.249035416
          0,           0,         576,      -6.708407408,      -3.485395009,      -3.916264343,       -1.25430104
          0,           0,         577,      -6.716361391,      -3.490359769,      -3.922418914,      -1.259568321
          0,           0,         578,       -6.72429785,       -3.49531547,       -3.92858754,      -1.264838397
          0,           0,         579,      -6.732216202,      -3.500263815,      -3.934770579,      -1.270112361
          0,           0,         580,        -6.7401159,      -3.505206464,       -3.94096839,      -1.275391297
          0,           0,         581,       -6.74799638,      -3.510145035,      -3.947181321,      -1.280676247
          0,           0,         582,      -6.755857106,      -3.515081102,      -3.953409708,      -1.285968226
          0,           0,         583,       -6.76369755,      -3.520016198,      -3.959653877,       -1.29126823
          0,           0,         584,      -6.771517187,      -3.524951811,      -3.965914152,      -1.296577207
          0,           0,         585,      -6.779315515,      -3.529889386,      -3.972190841,      -1.301896087
          0,           0,         586,      -6.787092046,      -3.534830325,      -3.978484247,      -1.307225774
          0,           0,         587,      -6.794846313,      -3.539775984,       -3.98479466,      -1.312567152
          0,           0,         588,      -6.802577843,      -3.544727679,      -3.991122374,      -1.317921052
          0,           0,         589,      -6.810286205,      -3.549686681,      -3.997467663,      -1.323288303
          0,           0,         590,      -6.817970972,       -3.55465422,      -4.003830795,      -1.328669698
          0,           0,         591,      -6.825631744,      -3.559631482,      -4.010212029,      -1.334066012
          0,           0,         592,      -6.833268121,      -3.564619614,      -4.016611624,      -1.339477976
          0,           0,         593,      -6.840879752,       -3.56961972,      -4.023029821,      -1.344906316
          0,           0,         594,      -6.848466261,      -3.574632867,       -4.02946686,      -1.350351707
          0,           0,         595,      -6.856027348,      -3.579660079,      -4.035922965,      -1.355814832
          0,           0,         596,      -6.863562687,      -3.584702346,      -4.042398364,      -1.361296323
          0,           0,         597,      -6.871072001,      -3.589760616,      -4.048893267,      -1.366796812
          0,           0,         598,      -6.878555013,      -3.594835801,      -4.055407879,      -1.372316873
          0,           0,         599,      -6.886011485,      -3.599928781,      -4.061942398,      -1.377857096
          0,           0,         600,      -6.893441205,      -3.605040398,      -4.068497009,       -1.38341803
          0,           0,         601,      -6.900843979,       -3.61017146,        -4.0750719,      -1.389000209
          0,           0,         602,      -6.908219627,      -3.615322741,      -4.081667244,      -1.394604145
          0,           0,         603,      -6.915567994,      -3.620494986,       -4.08828321,      -1.400230317
          0,           0,         604,      -6.922888967,      -3.625688906,      -4.094919947,      -1.405879208
          0,           0,         605,      -6.930182436,      -3.630905184,      -4.101577621,      -1.411551263
          0,           0,         606,      -6.937448338,      -3.636144472,      -4.108256362,      -1.417246921
          0,           0,         607,      -6.944686614,      -3.641407393,      -4.114956312,      -1.422966603
          0,           0,         608,      -6.951897259,      -3.646694546,      -4.121677595,      -1.428710713
          0,           0,         609,      -6.959080235,      -3.652006501,      -4.128420346,      -1.434479612
          0,           0,         610,      -6.966235588,      -3.657343801,      -4.135184675,      -1.440273676
          0,           0,         611,      -6.973363391,      -3.662706968,      -4.141970689,      -1.446093279
          0,           0,         612,      -6.980463683,      -3.668096497,      -4.148778492,      -1.451938737
          0,           0,         613,      -6.987536576,      -3.673512862,      -4.155608171,      -1.457810377
          0,           0,         614,       -6.99458218,      -3.678956516,      -4.162459828,      -1.463708501
          0,           0,         615,      -7.001600654,      -3.684427888,      -4.169333531,      -1.469633412
          0,           0,         616,      -7.008592163,      -3.689927389,      -4.176229361,      -1.475585388
          0,           0,         617,      -7.015556904,      -3.695455408,      -4.183147386,      -1.481564693
          0,           0,         618,      -7.022495076,      -3.701012317,      -4.190087659,      -1.487571579
          0,           0,         619,       -7.02940694,       -3.70659847,      -4.197050232,       -1.49360631
          0,           0,         620,      -7.036292744,      -3.712214203,      -4.204035155,      -1.499669098
          0,           0,         621,      -7.043152766,      -3.717859836,      -4.211042477,      -1.505760165
          0,           0,         622,      -7.049987332,       -3.72353567,      -4.218072218,      -1.511879744
          0,           0,         623,      -7.056796735,      -3.729241995,      -4.225124414,      -1.518028009
          0,           0,         624,      -7.063581334,      -3.734979087,      -4.232199077,      -1.524205161
          0,           0,         625,      -7.070341474,      -3.740747201,      -4.239296241,       -1.53041137
          0,           0,         626,      -7.077077569,      -3.746546587,      -4.246415891,      -1.536646832
          0,           0,         627,      -7.083789994,      -3.752377477,      -4.253558034,      -1.542911688
          0,           0,         628,      -7.090479188,      -3.758240094,      -4.260722667,      -1.549206116
          0,           0,         629,      -7.097145569,      -3.764134645,      -4.267909784,      -1.555530243
          0,           0,         630,      -7.103789589,      -3.770061329,      -4.275119359,       -1.56188422
          0,           0,         631,      -7.110411723,      -3.776020336,      -4.282351366,      -1.568268181
          0,           0,         632,       -7.11701243,      -3.782011841,      -4.289605778,      -1.574682226
          0,           0,         633,      -7.123592225,      -3.788036013,      -4.296882562,      -1.581126494
          0,           0,         634,      -7.130151611,      -3.794093011,      -4.304181667,      -1.587601093
          0,           0,         635,      -7.136691097,      -3.800182983,      -4.311503043,      -1.594106117
          0,           0,         636,      -7.143211193,      -3.806306073,      -4.318846645,      -1.600641658
          0,           0,         637,       -7.14971249,      -3.812462412,      -4.326212385,      -1.607207835
          0,           0,         638,      -7.156195495,      -3.818652126,      -4.333600216,      -1.613804701
          0,           0,         639,      -7.162660792,      -3.824875335,      -4.341010048,      -1.620432351
          0,           0,         640,      -7.169108941,      -3.831132148,      -4.348441805,      -1.627090858
          0,           0,         641,      -7.175540515,       -3.83742267,      -4.355895401,      -1.633780276
          0,           0,         642,      -7.181956099,      -3.843746999,      -4.363370733,      -1.640500686
          0,           0,         643,       -7.18835628,       -3.85010523,      -4.370867692,      -1.647252144
          0,           0,         644,      -7.194741642,      -3.856497447,      -4.378386189,      -1.654034682
          0,           0,         645,      -7.201112803,      -3.862923731,      -4.385926081,       -1.66084837
          0,           0,         646,      -7.207470354,      -3.869384158,      -4.393487252,      -1.667693243
          0,           0,         647,      -7.213814914,      -3.875878798,      -4.401069586,      -1.674569342
          0,           0,         648,       -7.22014708,      -3.882407717,       -4.40867294,      -1.681476695
          0,           0,         649,      -7.226467456,      -3.888970976,      -4.416297158,      -1.688415336
          0,           0,         650,      -7.232776657,      -3.895568632,        -4.4239421,       -1.69538529
          0,           0,         651,      -7.239075289,      -3.902200736,      -4.431607603,      -1.702386557
          0,           0,         652,      -7.245363989,      -3.908867337,      -4.439293486,       -1.70941919
          0,           0,         653,      -7.251643344,      -3.915568479,      -4.446999593,      -1.716483171
          0,           0,         654,      -7.257913963,      -3.922304199,      -4.454725749,      -1.723578512
          0,           0,         655,      -7.264176465,      -3.929074535,      -4.462471745,      -1.730705215
          0,           0,         656,      -7.270431463,       -3.93587952,      -4.470237395,      -1.737863295
          0,           0,         657,      -7.276679521,      -3.942719179,      -4.478022506,      -1.745052709
          0,           0,         658,      -7.282921268,      -3.949593537,      -4.485826845,      -1.752273465
          0,           0,         659,       -7.28915729,      -3.956502616,      -4.493650186,      -1.759525544
          0,           0,         660,       -7.29538818,       -3.96344643,      -4.501492313,      -1.766808933
          0,           0,         661,      -7.301614509,      -3.970424992,       -4.50935299,      -1.774123582
          0,           0,         662,      -7.307836852,      -3.977438309,      -4.517231955,      -1.781469458
          0,           0,         663,      -7.314055814,      -3.984486384,      -4.525128968,      -1.788846559
          0,           0,         664,      -7.320271921,      -3.991569217,      -4.533043759,        -1.7962548
          0,           0,         665,      -7.326485721,      -3.998686802,      -4.540976059,      -1.803694129
          0,           0,         666,      -7.332697783,      -4.005839128,      -4.548925566,        -1.8111645
          0,           0,         667,      -7.338908618,      -4.013026181,      -4.556892014,       -1.81866583
          0,           0,         668,      -7.345118769,      -4.020247939,      -4.564875071,      -1.826198059
          0,           0,         669,       -7.35132878,      -4.027504376,      -4.572874433,      -1.833761108
          0,           0,         670,      -7.357539094,      -4.034795461,      -4.580889762,      -1.841354851
          0,           0,         671,      -7.363750279,      -4.042121157,      -4.588920728,      -1.848979241
          0,           0,         672,       -7.36996278,      -4.049481421,      -4.596966957,      -1.856634144
          0,           0,         673,      -7.376177062,      -4.056876204,      -4.605028111,      -1.864319431
          0,           0,         674,      -7.382393656,      -4.064305454,      -4.613103788,      -1.872035021
          0,           0,         675,      -7.388612979,      -4.071769111,      -4.621193608,      -1.879780758
          0,           0,         676,      -7.394835481,      -4.079267113,      -4.629297137,      -1.887556524
          0,           0,         677,      -7.401061609,      -4.086799389,       -4.63741397,      -1.895362142
          0,           0,         678,      -7.407291816,      -4.094365868,      -4.645543637,      -1.903197504
          0,           0,         679,      -7.413526489,       -4.10196647,      -4.653685697,      -1.911062395
          0,           0,         680,      -7.419766095,      -4.109601117,       -4.66183967,      -1.918956714
          0,           0,         681,      -7.426011024,      -4.117269724,      -4.670005063,      -1.926880261
          0,           0,         682,      -7.432261706,      -4.124972203,      -4.678181361,      -1.934832877
          0,           0,         683,      -7.438518493,      -4.132708463,      -4.686368049,      -1.942814346
          0,           0,         684,      -7.444781838,      -4.140478411,      -4.694564564,       -1.95082451
          0,           0,         685,      -7.451052072,       -4.14828195,      -4.702770384,      -1.958863151
          0,           0,         686,      -7.457329612,      -4.156118988,      -4.710984935,        -1.9669301
          0,           0,         687,       -7.46361481,       -4.16398942,      -4.719207618,      -1.975025111
          0,           0,         688,      -7.469908056,      -4.171893145,      -4.727437852,       -1.98314799
          0,           0,         689,      -7.476209714,      -4.179830064,      -4.735675022,      -1.991298538
          0,           0,         690,      -7.482520163,       -4.18780007,      -4.743918541,      -1.999476554
          0,           0,         691,      -7.488839731,      -4.195803054,      -4.752167773,      -2.007681755
          0,           0,         692,      -7.495168828,       -4.20383891,      -4.760422089,      -2.015914007
          0,           0,         693,      -7.501507777,      -4.211907529,      -4.768680896,      -2.024173012
          0,           0,         694,      -7.507856923,      -4.220008794,      -4.776943511,       -2.03245853
          0,           0,         695,      -7.514216645,      -4.228142592,      -4.785209281,      -2.040770369
          0,           0,         696,      -7.520587268,      -4.236308806,       -4.79347758,      -2.049108234
          0,           0,         697,      -7.526969159,      -4.244507314,      -4.801747757,      -2.057471907
          0,           0,         698,      -7.533362658,      -4.252737991,      -4.810019125,       -2.06586113
          0,           0,         699,      -7.539768101,      -4.261000705,      -4.818291045,      -2.074275622
          0,           0,         700,      -7.546185826,      -4.269295321,       -4.82656286,      -2.082715104
          0,           0,         701,      -7.552616181,      -4.277621695,      -4.834833869,      -2.091179298
          0,           0,         702,      -7.559059458,      -4.285979679,      -4.843103437,      -2.099667887
          0,           0,         703,      -7.565515983,      -4.294369116,      -4.851370861,      -2.108180549
          0,           0,         704,      -7.571986089,      -4.302789838,      -4.859635487,      -2.116716984
          0,           0,         705,      -7.578470057,      -4.311241669,      -4.867896654,       -2.12527683
          0,           0,         706,      -7.584968181,      -4.319724419,      -4.876153659,      -2.133859688
          0,           0,         707,      -7.591480784,       -4.32823789,      -4.884405819,      -2.142465228
          0,           0,         708,       -7.59800811,      -4.336781864,       -4.89265245,      -2.151093012
          0,           0,         709,      -7.604550432,      -4.345356115,      -4.900892852,      -2.159742639
          0,           0,         710,       -7.61110801,      -4.353960397,      -4.909126331,      -2.168413627
          0,           0,         711,      -7.617681074,      -4.362594451,      -4.917352192,      -2.177105522
          0,           0,         712,      -7.624269875,      -4.371257991,      -4.925569715,      -2.185817823
          0,           0,         713,      -7.630874644,      -4.379950723,      -4.933778203,      -2.194550007
          0,           0,         714,      -7.637495571,      -4.388672328,      -4.941976931,      -2.203301578
          0,           0,         715,      -7.644132876,      -4.397422463,      -4.950165151,      -2.212071913
          0,           0,         716,      -7.650786709,      -4.406200767,      -4.958342134,       -2.22086037
          0,           0,         717,      -7.657457267,      -4.415006851,       -4.96650714,      -2.229666362
          0,           0,         718,      -7.664144714,      -4.423840306,      -4.974659407,      -2.238489244
          0,           0,         719,      -7.670849165,      -4.432700701,      -4.982798177,      -2.247328264
          0,           0,         720,      -7.677570763,       -4.44158757,      -4.990922638,      -2.256182689
          0,           0,         721,      -7.684309678,      -4.450500426,       -4.99903206,      -2.265051842
          0,           0,         722,      -7.691065977,       -4.45943875,      -5.007125609,      -2.273934871
          0,           0,         723,      -7.697839765,      -4.468402001,      -5.015202526,      -2.282830988
          0,           0,         724,      -7.704631121,      -4.477389608,      -5.023261987,      -2.291739344
          0,           0,         725,      -7.711440132,       -4.48640096,      -5.031303201,      -2.300658998
          0,           0,         726,      -7.718266862,      -4.495435426,      -5.039325352,      -2.309589104
          0,           0,         727,       -7.72511133,      -4.504492336,      -5.047327651,      -2.318528633
          0,           0,         728,      -7.731973626,      -4.513570998,      -5.055309268,      -2.327476682
          0,           0,         729,      -7.738853735,      -4.522670678,      -5.063269406,      -2.336432177
          0,           0,         730,      -7.745751715,      -4.531790613,      -5.071207277,      -2.345394079
          0,           0,         731,      -7.752667575,      -4.540930001,      -5.079122055,      -2.354361309
          0,           0,         732,      -7.759601313,       -4.55008801,      -5.087012997,      -2.363332722
          0,           0,         733,       -7.76655292,      -4.559263778,      -5.094879253,      -2.372307213
          0,           0,         734,      -7.773522371,      -4.568456395,      -5.102720109,      -2.381283612
          0,           0,         735,      -7.780509714,      -4.577664922,      -5.110534827,      -2.390260736
          0,           0,         736,      -7.787514851,      -4.586888379,      -5.118322641,      -2.399237229
          0,           0,         737,      -7.794537798,      -4.596125748,      -5.126082842,      -2.408211859
          0,           0,         738,      -7.801578479,       -4.60537598,      -5.133814761,      -2.417183335
          0,           0,         739,      -7.808636911,      -4.614637983,      -5.141517668,      -2.426150359
          0,           0,         740,      -7.815713011,      -4.623910622,      -5.149190987,      -2.435111523
          0,           0,         741,      -7.822806759,      -4.633192722,      -5.156834046,      -2.444065494
          0,           0,         742,      -7.829918117,       -4.64248307,      -5.164446251,      -2.453010805
          0,           0,         743,       -7.83704698,      -4.651780412,      -5.172027045,      -2.461946014
          0,           0,         744,      -7.844193345,       -4.66108345,      -5.179575904,      -2.470869721
          0,           0,         745,      -7.851357133,      -4.670390844,      -5.187092389,      -2.479780393
          0,           0,         746,      -7.858538269,      -4.679701216,       -5.19457595,      -2.488676499
          0,           0,         747,      -7.865736695,      -4.689013142,      -5.202026183,        -2.4975565
          0,           0,         748,      -7.872952366,      -4.698325149,        -5.2094427,      -2.506418886
          0,           0,         749,      -7.880185191,      -4.707635732,      -5.216825172,      -2.515262096
          0,           0,         750,      -7.887435105,      -4.716943341,      -5.224173231,      -2.524084518
          0,           0,         751,      -7.894702024,      -4.726246368,      -5.231486642,      -2.532884577
          0,           0,         752,      -7.901985924,      -4.735543193,      -5.238765182,      -2.541660697
          0,           0,         753,      -7.909286677,      -4.744832121,       -5.24600863,      -2.550411165
          0,           0,         754,       -7.91660422,      -4.754111434,      -5.253216851,       -2.55913442
          0,           0,         755,      -7.923938422,      -4.763379365,      -5.260389656,      -2.567828784
          0,           0,         756,      -7.931289254,      -4.772634116,       -5.26752707,      -2.576492713
          0,           0,         757,      -7.938656628,      -4.781873844,      -5.274628963,      -2.585124571
          0,           0,         758,      -7.946040353,      -4.791096667,      -5.281695399,      -2.593722586
          0,           0,         759,      -7.953440474,      -4.800300667,      -5.288726409,      -2.602285278
          0,           0,         760,      -7.960856844,      -4.809483901,      -5.295722053,      -2.610811065
          0,           0,         761,      -7.968289295,      -4.818644371,      -5.302682479,      -2.619298205
          0,           0,         762,      -7.975737767,      -4.827780077,      -5.309607798,      -2.627745203
          0,           0,         763,      -7.983202193,      -4.836888978,      -5.316498235,      -2.636150555
          0,           0,         764,      -7.990682373,      -4.845969007,      -5.323354011,      -2.644512684
          0,           0,         765,      -7.998178254,      -4.855018067,      -5.330175407,       -2.65283008
          0,           0,         766,      -8.005689628,      -4.864034059,      -5.336962717,      -2.661101172
          0,           0,         767,        -8.0132164,       -4.87301487,      -5.343716319,      -2.669324619
          0,           0,         768,      -8.020758459,      -4.881958362,      -5.350436412,      -2.677499038
          0,           0,         769,      -8.028315692,        -4.8908624,      -5.357123544,      -2.685623081
          0,           0,         770,      -8.035887924,      -4.899724849,      -5.363778169,      -2.693695381
          0,           0,         771,      -8.043474972,      -4.908543568,      -5.370400697,      -2.701714711
          0,           0,         772,      -8.051076621,      -4.917316427,      -5.376991601,      -2.709679774
          0,           0,         773,      -8.058692862,      -4.926041313,      -5.383551462,      -2.717589606
          0,           0,         774,       -8.06632335,      -4.934716133,      -5.390080803,      -2.725442881
          0,           0,         775,      -8.073968026,      -4.943338816,      -5.396580176,      -2.733238829
          0,           0,         776,      -8.081626638,      -4.951907318,      -5.403050137,      -2.740976365
          0,           0,         777,      -8.089299081,      -4.960419635,      -5.409491384,      -2.748654659
          0,           0,         778,      -8.096985067,      -4.968873797,       -5.41590457,      -2.756272889
          0,           0,         779,      -8.104684398,      -4.977267896,      -5.422290322,      -2.763830326
          0,           0,         780,      -8.112396915,      -4.985600072,      -5.428649311,      -2.771326386
          0,           0,         781,      -8.120122322,      -4.993868538,       -5.43498222,      -2.778760428
          0,           0,         782,      -8.127860476,      -5.002071561,      -5.441289812,      -2.786132064
          0,           0,         783,      -8.135611101,      -5.010207463,      -5.447572897,      -2.793440878
          0,           0,         784,      -8.143373908,      -5.018274693,      -5.453832151,      -2.800686547
          0,           0,         785,      -8.151148757,      -5.026271755,      -5.460068272,      -2.807868941
          0,           0,         786,      -8.158935223,      -5.034197253,      -5.466282061,       -2.81498771
          0,           0,         787,      -8.166733203,      -5.042049878,      -5.472474413,      -2.822043166
          0,           0,         788,      -8.174542282,      -5.049828438,      -5.478645991,      -2.829035039
          0,           0,         789,      -8.182362292,      -5.057531857,      -5.484797681,      -2.835963753
          0,           0,         790,       -8.19019286,      -5.065159153,      -5.490930201,      -2.842829409
          0,           0,         791,      -8.198033751,      -5.072709441,      -5.497044544,       -2.84963242
          0,           0,         792,      -8.205884605,       -5.08018201,      -5.503141411,      -2.856373209
          0,           0,         793,      -8.213745113,      -5.087576219,      -5.509221652,      -2.863052074
          0,           0,         794,      -8.221614889,      -5.094891593,      -5.515286085,      -2.869669791
          0,           0,         795,      -8.229493706,      -5.102127755,      -5.521335558,      -2.876226978
          0,           0,         796,      -8.237381225,       -5.10928449,      -5.527370764,      -2.882724595
          0,           0,         797,      -8.245276879,      -5.116361705,      -5.533392718,      -2.889163143
          0,           0,         798,      -8.253180591,      -5.123359405,      -5.539402122,      -2.895543711
          0,           0,         799,       -8.26109186,      -5.130277742,      -5.545399919,      -2.901867261
          0,           0,         800,       -8.26901027,      -5.137117025,      -5.551386814,      -2.908134762
          0,           0,         801,      -8.276935485,      -5.143877659,       -5.55736358,      -2.914347311
          0,           0,         802,      -8.284867208,      -5.150560198,      -5.563331215,      -2.920506388
          0,           0,         803,        -8.2928048,      -5.157165346,      -5.569290466,      -2.926612787
          0,           0,         804,      -8.300748009,      -5.163693869,      -5.575241943,      -2.932668028
          0,           0,         805,      -8.308696357,      -5.170146662,      -5.581186635,      -2.938673439
          0,           0,         806,      -8.316649514,      -5.176524802,      -5.587125224,      -2.944630421
          0,           0,         807,      -8.324606851,       -5.18282938,      -5.593058629,      -2.950540103
          0,           0,         808,      -8.332568074,       -5.18906165,      -5.598987525,      -2.956404306
          0,           0,         809,       -8.34053268,      -5.195222986,      -5.604912695,      -2.962224316
          0,           0,         810,      -8.348500331,      -5.201314824,       -5.61083467,      -2.968001895
          0,           0,         811,      -8.356470232,      -5.207338674,      -5.616754554,      -2.973738256
          0,           0,         812,       -8.36444197,      -5.213296166,      -5.622672713,      -2.979434897
          0,           0,         813,      -8.372415432,       -5.21918897,      -5.628589977,        -2.9850939
          0,           0,         814,      -8.380389893,      -5.225018891,      -5.634507271,      -2.990716547
          0,           0,         815,      -8.388364824,      -5.230787712,      -5.640425138,      -2.996304526
          0,           0,         816,      -8.396339614,      -5.236497376,       -5.64634416,      -3.001859376
          0,           0,         817,      -8.404313962,       -5.24214977,      -5.652265048,      -3.007382796
          0,           0,         818,      -8.412287221,      -5.247746903,      -5.658188527,      -3.012876464
          0,           0,         819,      -8.420258894,      -5.253290848,      -5.664115237,       -3.01834175
          0,           0,         820,       -8.42822846,      -5.258783613,      -5.670045662,      -3.023780627
          0,           0,         821,      -8.436195263,      -5.264227266,      -5.675980657,      -3.029194422
          0,           0,         822,      -8.444158812,         -5.269624,      -5.681920572,      -3.034584888
          0,           0,         823,      -8.452118599,      -5.274975857,      -5.687866114,      -3.039953246
          0,           0,         824,      -8.460074423,       -5.28028506,      -5.693817904,      -3.045301925
          0,           0,         825,       -8.46802512,      -5.285553709,      -5.699776566,      -3.050631744
          0,           0,         826,      -8.475970375,      -5.290783948,      -5.705742358,      -3.055944441
          0,           0,         827,      -8.483909661,      -5.295977933,      -5.711716211,      -3.061241639
          0,           0,         828,       -8.49184247,      -5.301137775,      -5.717698472,      -3.066524737
          0,           0,         829,      -8.499768076,      -5.306265618,      -5.723689576,      -3.071795253
          0,           0,         830,      -8.507686029,      -5.311363545,      -5.729690152,      -3.077054577
          0,           0,         831,      -8.515595509,      -5.316433683,      -5.735700675,       -3.08230406
          0,           0,         832,      -8.523496045,      -5.321478038,      -5.741721634,      -3.087545267
          0,           0,         833,      -8.531387497,      -5.326498698,      -5.747753562,      -3.092779707
          0,           0,         834,      -8.539268421,      -5.331497575,       -5.75379669,      -3.098007911
          0,           0,         835,      -8.547139068,      -5.336476732,      -5.759851774,      -3.103231986
          0,           0,         836,      -8.554998878,      -5.341438117,      -5.765918757,      -3.108453695
          0,           0,         837,      -8.562846397,      -5.346383558,      -5.771998619,      -3.113672999
          0,           0,         838,      -8.570681898,      -5.351314977,      -5.778091387,      -3.118891996
          0,           0,         839,      -8.578504878,      -5.356234146,      -5.784197483,      -3.124111774
          0,           0,         840,      -8.586313971,      -5.361142829,      -5.790317672,      -3.129333361
          0,           0,         841,      -8.594109459,      -5.366042926,      -5.796452128,      -3.134558007
          0,           0,         842,      -8.601890083,      -5.370935932,      -5.802600847,       -3.13978619
          0,           0,         843,       -8.60965597,      -5.375823593,      -5.808764494,      -3.145019839
          0,           0,         844,      -8.617405866,      -5.380707492,      -5.814943706,      -3.150259153
          0,           0,         845,       -8.62513978,      -5.385589256,      -5.821138306,      -3.155506209
          0,           0,         846,      -8.632857541,      -5.390470353,      -5.827348926,      -3.160761471
          0,           0,         847,      -8.640557369,      -5.395352284,       -5.83357576,       -3.16602515
          0,           0,         848,      -8.648240155,      -5.400236459,      -5.839819132,      -3.171299461
          0,           0,         849,      -8.655904793,      -5.405124273,      -5.846079587,      -3.176584713
          0,           0,         850,      -8.663550795,      -5.410017072,      -5.852356889,      -3.181881678
          0,           0,         851,       -8.67117798,      -5.414916072,      -5.858651757,      -3.187191021
          0,           0,         852,      -8.678785262,      -5.419822656,      -5.864964453,      -3.192513814
          0,           0,         853,      -8.686372624,      -5.424737969,      -5.871294915,      -3.197850904
          0,           0,         854,      -8.693939535,      -5.429663204,       -5.87764366,      -3.203202957
          0,           0,         855,      -8.701485557,      -5.434599513,       -5.88401066,      -3.208570514
          0,           0,         856,       -8.70901084,      -5.439547931,      -5.890396132,      -3.213954549
          0,           0,         857,      -8.716514612,      -5.444509492,      -5.896800787,      -3.219356089
          0,           0,         858,      -8.723995975,      -5.449485268,      -5.903224578,       -3.22477483
          0,           0,         859,      -8.731455368,       -5.45447614,      -5.909667997,      -3.230212121
          0,           0,         860,      -8.738892058,      -5.459483116,      -5.916130482,      -3.235668252
          0,           0,         861,      -8.746305345,      -5.464507106,      -5.922612893,      -3.241143428
          0,           0,         862,      -8.753696494,      -5.469548896,      -5.929115251,      -3.246639662
          0,           0,         863,       -8.76106357,      -5.474609391,      -5.935637447,      -3.252155979
          0,           0,         864,      -8.768407524,      -5.479689323,      -5.942180171,      -3.257693797
          0,           0,         865,      -8.775726721,      -5.484789467,      -5.948743311,      -3.263253015
          0,           0,         866,      -8.783021779,      -5.489910594,      -5.955326866,       -3.26883426
          0,           0,         867,      -8.790293301,        -5.4950534,      -5.961931224,      -3.274438493
          0,           0,         868,      -8.797539619,       -5.50021846,      -5.968556234,      -3.280065259
          0,           0,         869,      -8.804761794,      -5.505406583,      -5.975202095,       -3.28571601
          0,           0,         870,      -8.811959304,      -5.510618196,      -5.981869345,      -3.291390496
          0,           0,         871,      -8.819131534,      -5.515853955,      -5.988558164,      -3.297089255
          0,           0,         872,      -8.826278819,      -5.521114522,      -5.995267956,       -3.30281248
          0,           0,         873,      -8.833402369,      -5.526400306,      -6.001999302,      -3.308561539
          0,           0,         874,       -8.84049942,      -5.531711873,      -6.008752439,      -3.314334916
          0,           0,         875,      -8.847572435,      -5.537049684,       -6.01552696,      -3.320134588
          0,           0,         876,      -8.854619782,       -5.54241426,      -6.022323781,      -3.325960113
          0,           0,         877,      -8.861642168,      -5.547805989,      -6.029141903,       -3.33181186
          0,           0,         878,      -8.868639772,      -5.553225334,       -6.03598165,      -3.337690041
          0,           0,         879,      -8.875613633,      -5.558672657,      -6.042843662,      -3.343595943
          0,           0,         880,      -8.882561738,      -5.564148405,      -6.049728037,       -3.34952835
          0,           0,         881,      -8.889486026,      -5.569652874,      -6.056634245,      -3.355488164
          0,           0,         882,      -8.896386269,      -5.575186482,      -6.063562577,      -3.361476466
          0,           0,         883,      -8.903261285,      -5.580749521,      -6.070513325,      -3.367492125
          0,           0,         884,      -8.910111583,      -5.586342332,      -6.077487011,      -3.373535426
          0,           0,         885,      -8.916938816,      -5.591965202,      -6.084481802,      -3.379607258
          0,           0,         886,       -8.92374309,      -5.597618426,      -6.091499809,      -3.385707589
          0,           0,         887,      -8.930523136,      -5.603302303,      -6.098539264,      -3.391836359
          0,           0,         888,       -8.93728078,      -5.609017062,      -6.105601284,      -3.397994595
          0,           0,         889,      -8.944015243,      -5.614762971,      -6.112685672,      -3.404181548
          0,           0,         890,      -8.950728039,      -5.620540191,      -6.119792595,       -3.41039851
          0,           0,         891,      -8.957418314,      -5.626349019,      -6.126922028,      -3.416644659
          0,           0,         892,      -8.964086506,      -5.632189716,      -6.134073651,      -3.422919759
          0,           0,         893,        -8.9707346,      -5.638062338,      -6.141247638,      -3.429225232
          0,           0,         894,        -8.9773605,      -5.643967167,      -6.148444452,      -3.435559903
          0,           0,         895,      -8.983965002,      -5.649904384,      -6.155663149,      -3.441924248
          0,           0,         896,      -8.990550509,      -5.655874161,      -6.162903615,      -3.448319177
          0,           0,         897,      -8.997116481,      -5.661876707,      -6.170167264,      -3.454744829
          0,           0,         898,      -9.003663154,      -5.667912008,      -6.177452787,      -3.461200297
          0,           0,         899,      -9.010189815,      -5.673980343,      -6.184760014,      -3.467685263
          0,           0,         900,      -9.016699351,      -5.680081812,      -6.192089397,      -3.474202023
          0,           0,         901,      -9.023190696,      -5.686216567,      -6.199441507,       -3.48074911
          0,           0,         902,      -9.029665153,      -5.692384729,      -6.206815139,      -3.487326662
          0,           0,         903,      -9.036121996,        -5.6985864,      -6.214210954,      -3.493934667
          0,           0,         904,      -9.042563557,      -5.704821747,       -6.22162828,      -3.500574814
          0,           0,         905,      -9.048987531,      -5.711090788,      -6.229067853,      -3.507243891
          0,           0,         906,      -9.055396556,      -5.717393576,      -6.236527847,      -3.513944378
          0,           0,         907,      -9.061791903,      -5.723730416,      -6.244009913,       -3.52067724
          0,           0,         908,      -9.068172455,       -5.73010125,      -6.251514381,      -3.527440077
          0,           0,         909,       -9.07454094,      -5.736506017,      -6.259039169,      -3.534235385
          0,           0,         910,      -9.080895331,       -5.74294494,      -6.266585873,       -3.54106056
          0,           0,         911,      -9.087237051,      -5.749418162,      -6.274154438,       -3.54791777
          0,           0,         912,      -9.093565957,      -5.755925716,      -6.281743215,      -3.554805243
          0,           0,         913,      -9.099883559,      -5.762467599,      -6.289352827,       -3.56172373
          0,           0,         914,      -9.106190842,       -5.76904396,      -6.296982546,       -3.56867466
          0,           0,         915,       -9.11248828,       -5.77565472,       -6.30463313,      -3.575656357
          0,           0,         916,      -9.118775344,      -5.782299988,      -6.312304664,      -3.582669586
          0,           0,         917,      -9.125053295,      -5.788979816,       -6.31999547,      -3.589713956
          0,           0,         918,      -9.131323611,      -5.795694302,      -6.327706196,      -3.596789938
          0,           0,         919,      -9.137585409,      -5.802443421,      -6.335437715,       -3.60389731
          0,           0,         920,      -9.143840762,      -5.809227258,      -6.343188587,      -3.611037209
          0,           0,         921,      -9.150088093,      -5.816045727,      -6.350960085,      -3.618207405
          0,           0,         922,      -9.156329595,      -5.822898883,      -6.358750308,      -3.625408339
          0,           0,         923,       -9.16256533,      -5.829786937,       -6.36655948,      -3.632640542
          0,           0,         924,      -9.168797091,      -5.836709621,      -6.374387402,      -3.639904952
          0,           0,         925,      -9.175024104,      -5.843667138,       -6.38223371,      -3.647200893
          0,           0,         926,      -9.181245404,      -5.850659485,      -6.390098935,      -3.654527173
          0,           0,         927,      -9.187463928,      -5.857686701,      -6.397982002,      -3.661883813
          0,           0,         928,      -9.193682071,      -5.864748629,      -6.405882763,       -3.66927538
          0,           0,         929,      -9.199894781,      -5.871845391,      -6.413801833,      -3.676694953
          0,           0,         930,      -9.206106781,      -5.878977068,      -6.421737751,      -3.684146313
          0,           0,         931,       -9.21231784,      -5.886143433,      -6.429690494,      -3.691629044
          0,           0,         932,      -9.218527944,      -5.893344584,      -6.437660607,      -3.699142716
          0,           0,         933,      -9.224737909,      -5.900580464,      -6.445647674,      -3.706687129
          0,           0,         934,      -9.230947706,      -5.907851046,      -6.453649797,      -3.714261582
          0,           0,         935,      -9.237159305,      -5.915156368,      -6.461668893,      -3.721868836
          0,           0,         936,      -9.243371155,      -5.922496317,      -6.469703289,      -3.729505426
          0,           0,         937,      -9.249586546,      -5.929870923,      -6.477752569,      -3.737173316
          0,           0,         938,       -9.25580227,      -5.937279993,      -6.485816877,       -3.74487079
          0,           0,         939,      -9.262020856,      -5.944723702,       -6.49389544,      -3.752598917
          0,           0,         940,      -9.268242392,      -5.952201759,      -6.501987688,      -3.760356705
          0,           0,         941,      -9.274467178,      -5.959714165,      -6.510094775,      -3.768143492
          0,           0,         942,      -9.280696508,       -5.96726084,      -6.518213475,      -3.775961213
          0,           0,         943,      -9.286929987,      -5.974841835,      -6.526344284,       -3.78380894
          0,           0,         944,      -9.293168392,      -5.982457033,      -6.534489818,      -3.791686872
          0,           0,         945,       -9.29941118,      -5.990106279,      -6.542645676,      -3.799592365
          0,           0,         946,      -9.305662145,      -5.997789453,      -6.550812373,      -3.807529982
          0,           0,         947,      -9.311917105,      -6.005506504,      -6.558992041,      -3.815494957
          0,           0,         948,        -9.3181773,      -6.013257342,      -6.567180621,      -3.823487134
          0,           0,         949,      -9.324445587,      -6.021041992,      -6.575377799,      -3.831510104
          0,           0,         950,      -9.330720206,      -6.028860377,      -6.583584503,      -3.839559364
          0,           0,         951,      -9.337003925,      -6.036712185,      -6.591799023,      -3.847639507
          0,           0,         952,      -9.343295196,      -6.044597232,      -6.600022996,      -3.855746787
          0,           0,         953,      -9.349593247,      -6.052515769,      -6.608255082,      -3.863880904
          0,           0,         954,      -9.355901306,      -6.060467456,      -6.616492132,      -3.872043537
          0,           0,         955,      -9.362218801,      -6.068452231,      -6.624736571,      -3.880234381
          0,           0,         956,       -9.36854496,      -6.076469936,      -6.632987219,      -3.888451193
          0,           0,         957,      -9.374881561,      -6.084520574,      -6.641242123,      -3.896696003
          0,           0,         958,      -9.381227137,      -6.092604106,      -6.649500688,      -3.904967037
          0,           0,         959,      -9.387582559,      -6.100720199,      -6.657762668,      -3.913264118
          0,           0,         960,      -9.393949184,      -6.108868703,      -6.666027592,      -3.921587378
          0,           0,         961,      -9.400327322,      -6.117049901,      -6.674295443,      -3.929937265
          0,           0,         962,      -9.406716907,       -6.12526327,      -6.682566174,      -3.938312235
          0,           0,         963,      -9.413118907,      -6.133508552,      -6.690836169,      -3.946713703
          0,           0,         964,      -9.419532524,       -6.14178623,      -6.699107338,      -3.955140098
          0,           0,         965,      -9.425957381,      -6.150095734,      -6.707378606,      -3.963591158
          0,           0,         966,      -9.432395437,       -6.15843693,      -6.715649183,      -3.972065407
          0,           0,         967,       -9.43884794,      -6.166809843,      -6.723915852,      -3.980566469
          0,           0,         968,      -9.445313213,      -6.175214078,      -6.732180332,        -3.9890899
          0,           0,         969,      -9.451792213,      -6.183649559,      -6.740443824,      -3.997639163
          0,           0,         970,       -9.45828454,      -6.192116121,      -6.748703477,      -4.006209378
          0,           0,         971,       -9.46479085,      -6.200613748,      -6.756958127,      -4.014802406
          0,           0,         972,      -9.471312437,        -6.2091418,      -6.765206649,      -4.023418529
          0,           0,         973,      -9.477848827,      -6.217700495,      -6.773450842,      -4.032056832
          0,           0,         974,      -9.484400299,      -6.226289417,      -6.781688694,      -4.040717008
          0,           0,         975,      -9.490967834,      -6.234908095,       -6.78991961,       -4.04939898
          0,           0,         976,      -9.497550923,      -6.243556637,      -6.798141331,       -4.05810128
          0,           0,         977,      -9.504149487,      -6.252234335,      -6.806354867,      -4.066823499
          0,           0,         978,      -9.510764155,      -6.260941366,      -6.814558894,      -4.075564387
          0,           0,         979,      -9.517394083,      -6.269677236,      -6.822753241,      -4.084325213
          0,           0,         980,      -9.524041914,      -6.278441407,      -6.830937865,      -4.093106896
          0,           0,         981,      -9.530706508,      -6.287233308,      -6.839110242,      -4.101905089
          0,           0,         982,      -9.537388112,      -6.296053129,      -6.847269462,      -4.110720652
          0,           0,         983,      -9.544085377,      -6.304900336,      -6.855416558,      -4.119552516
          0,           0,         984,      -9.550798846,      -6.313774046,      -6.863551321,      -4.128397295
          0,           0,         985,      -9.557529519,      -6.322673919,      -6.871671623,      -4.137259328
          0,           0,         986,         -9.564279,      -6.331599763,      -6.879774965,      -4.146136933
          0,           0,         987,      -9.571047131,       -6.34055087,      -6.887860757,      -4.155027138
          0,           0,         988,      -9.577830496,      -6.349526854,      -6.895928851,      -4.163931169
          0,           0,         989,      -9.584633015,      -6.358526536,      -6.903981388,      -4.172847144
          0,           0,         990,      -9.591452359,      -6.367549962,      -6.912017372,      -4.181770868
          0,           0,         991,      -9.598289005,      -6.376596113,      -6.920030966,      -4.190705709
          0,           0,         992,         -9.605145,      -6.385664489,       -6.92802559,      -4.199651703
          0,           0,         993,      -9.612018446,      -6.394754208,      -6.935999541,      -4.208606316
          0,           0,         994,      -9.618907123,      -6.403864777,      -6.943950202,       -4.21756412
          0,           0,         995,      -9.625815252,      -6.412995156,      -6.951878162,      -4.226529821
          0,           0,         996,      -9.632742477,      -6.422144749,      -6.959784291,      -4.235502004
          0,           0,         997,      -9.639686818,      -6.431312413,      -6.967666548,       -4.24447625
          0,           0,         998,      -9.646649674,      -6.440497395,      -6.975522416,      -4.253455029
          0,           0,         999,      -9.653630704,      -6.449698871,      -6.983353208,      -4.262433913
          0,           0,        1000,      -9.660628161,      -6.458915963,      -6.991156197,      -4.271410379
          0,           0,        1001,      -9.667644604,      -6.468147415,      -6.998933424,      -4.280387751
          0,           0,        1002,      -9.674678281,      -6.477392049,      -7.006682243,      -4.289361815
          0,           0,        1003,      -9.681726327,      -6.486649409,      -7.014402289,      -4.298330307
          0,           0,        1004,      -9.688795328,      -6.495918228,      -7.022091845,      -4.307299986
          0,           0,        1005,      -9.695882449,      -6.505196786,      -7.029757066,      -4.316260377
          0,           0,        1006,      -9.702988122,      -6.514484285,      -7.037386254,      -4.325212042
          0,           0,        1007,      -9.710110215,      -6.523779295,      -7.044984953,      -4.334153735
          0,           0,        1008,      -9.717248273,      -6.533080957,      -7.052552198,      -4.343082546
          0,           0,        1009,      -9.724404824,      -6.542387333,      -7.060089413,      -4.352002151
          0,           0,        1010,      -9.731577688,      -6.551697821,      -7.067593018,      -4.360907501
          0,           0,        1011,      -9.738770856,      -6.561010793,      -7.075061342,      -4.369800737
          0,           0,        1012,      -9.745980303,      -6.570324054,      -7.082497404,      -4.378673079
          0,           0,        1013,       -9.75320554,      -6.579636852,      -7.089899113,       -4.38753028
          0,           0,        1014,      -9.760447721,      -6.588947615,      -7.097266017,      -4.396363839
          0,           0,        1015,      -9.767708646,      -6.598254521,      -7.104601773,      -4.405176992
          0,           0,        1016,      -9.774986399,       -6.60755632,      -7.111900238,      -4.413967461
          0,           0,        1017,      -9.782278283,      -6.616851285,      -7.119163692,      -4.422731951
          0,           0,        1018,      -9.789589986,      -6.626137019,      -7.126392771,      -4.431472875
          0,           0,        1019,      -9.796917355,      -6.635412486,      -7.133585792,      -4.440183238
          0,           0,        1020,      -9.804261243,      -6.644676079,      -7.140742143,      -4.448865233
          0,           0,        1021,      -9.811622439,      -6.653925424,      -7.147864571,      -4.457516684
          0,           0,        1022,      -9.818999247,      -6.663158834,      -7.154951934,      -4.466134856
          0,           0,        1023,      -9.826393282,      -6.672374559,      -7.162001651,      -4.474720718
          0,           0,        1024,      -9.833803603,      -6.681569946,      -7.169019008,      -4.483266764
          0,           0,        1025,      -9.841227444,      -6.690744406,      -7.176000905,      -4.491771723
          0,           0,        1026,      -9.848670451,      -6.699894448,      -7.182946476,      -4.500239449
          0,           0,        1027,      -9.856128955,      -6.709019166,      -7.189855937,      -4.508669178
          0,           0,        1028,      -9.863602165,      -6.718116124,      -7.196731656,      -4.517056676
          0,           0,        1029,       -9.87109213,      -6.727183161,      -7.203571308,      -4.525400543
          0,           0,        1030,      -9.878599339,      -6.736218436,      -7.210377982,      -4.533701223
          0,           0,        1031,      -9.886121678,      -6.745219353,      -7.217150011,      -4.541954178
          0,           0,        1032,      -9.893656524,       -6.75418409,      -7.223889053,      -4.550152722
          0,           0,        1033,      -9.901207688,      -6.763110441,      -7.230593117,       -4.55830568
          0,           0,        1034,      -9.908772775,      -6.771996584,      -7.237268043,      -4.566406199
          0,           0,        1035,      -9.916357505,      -6.780839653,      -7.243908124,      -4.574456477
          0,           0,        1036,      -9.923949994,       -6.78963818,      -7.250516685,      -4.582448525
          0,           0,        1037,      -9.931557992,      -6.798389747,      -7.257095416,       -4.59038461
          0,           0,        1038,      -9.939185886,      -6.807092095,      -7.263641887,      -4.598270173
          0,           0,        1039,      -9.946825645,      -6.815744113,       -7.27015613,      -4.606103251
          0,           0,        1040,      -9.954475928,      -6.824342945,      -7.276641949,      -4.613870802
          0,           0,        1041,      -9.962144794,      -6.832886444,      -7.283101228,      -4.621580898
          0,           0,        1042,      -9.969826648,      -6.841372405,       -7.28952796,      -4.629234698
          0,           0,        1043,      -9.977517717,      -6.849799461,       -7.29592941,      -4.636820038
          0,           0,        1044,      -9.985223077,      -6.858165692,      -7.302302914,      -4.644347447
          0,           0,        1045,      -9.992945182,      -6.866468855,      -7.308649369,      -4.651824152
          0,           0,        1046,      -10.00067578,       -6.87470828,      -7.314973988,      -4.659220825
          0,           0,        1047,      -10.00842111,      -6.882880672,      -7.321268412,      -4.666564425
          0,           0,        1048,      -10.01618307,      -6.890985818,      -7.327536188,      -4.673850875
          0,           0,        1049,      -10.02395539,      -6.899020557,      -7.333784593,      -4.681068205
          0,           0,        1050,      -10.03173228,      -6.906985737,      -7.340013367,      -4.688214235
          0,           0,        1051,      -10.03953399,      -6.914878026,      -7.346218924,      -4.695314307
          0,           0,        1052,      -10.04733256,      -6.922696509,      -7.352403359,      -4.702332046
          0,           0,        1053,      -10.05515093,      -6.930440866,      -7.358564891,      -4.709293959
          0,           0,        1054,      -10.06297851,      -6.938109204,      -7.364707034,      -4.716199339
          0,           0,        1055,      -10.07081738,      -6.945701396,      -7.370836782,      -4.723037258
          0,           0,        1056,      -10.07866368,      -6.953216067,      -7.376941252,      -4.729814715
          0,           0,        1057,      -10.08651588,      -6.960653176,      -7.383022568,      -4.736515763
          0,           0,        1058,      -10.09438644,      -6.968010817,      -7.389099541,      -4.743170033
          0,           0,        1059,      -10.10226477,      -6.975290211,      -7.395155565,      -4.749762529
          0,           0,        1060,      -10.11014487,      -6.982488836,       -7.40120288,      -4.756287459
          0,           0,        1061,      -10.11803821,      -6.989610485,      -7.407231501,      -4.762761922
          0,           0,        1062,      -10.12594539,       -6.99664922,      -7.413244446,      -4.769178737
          0,           0,        1063,      -10.13384966,      -7.003610195,      -7.419243151,      -4.775529348
          0,           0,        1064,      -10.14176663,      -7.010492952,      -7.425239141,      -4.781823811
          0,           0,        1065,      -10.14969046,      -7.017296654,      -7.431227095,      -4.788069722
          0,           0,        1066,       -10.1576172,      -7.024021257,      -7.437191748,      -4.794256346
          0,           0,        1067,      -10.16554654,      -7.030668512,      -7.443157588,      -4.800380484
          0,           0,        1068,      -10.17349417,      -7.037237626,      -7.449111871,      -4.806469257
          0,           0,        1069,       -10.1814429,      -7.043730294,      -7.455061687,      -4.812509823
          0,           0,        1070,      -10.18940245,      -7.050149171,      -7.461005334,      -4.818494779
          0,           0,        1071,      -10.19735322,      -7.056492931,      -7.466944013,      -4.824425564
          0,           0,        1072,      -10.20532512,      -7.062765007,      -7.472868747,      -4.830324961
          0,           0,        1073,      -10.21327937,      -7.068966386,      -7.478800802,      -4.836155659
          0,           0,        1074,      -10.22124588,      -7.075094977,      -7.484724942,      -4.841961841
          0,           0,        1075,      -10.22922299,      -7.081156205,      -7.490644092,      -4.847730873
          0,           0,        1076,      -10.23719196,        -7.0871481,      -7.496562477,      -4.853437323
          0,           0,        1077,      -10.24516353,      -7.093074056,      -7.502492371,      -4.859116154
          0,           0,        1078,      -10.25313573,       -7.09893972,      -7.508402306,      -4.864750369
          0,           0,        1079,      -10.26111701,      -7.104741377,       -7.51431548,      -4.870365799
          0,           0,        1080,      -10.26908897,      -7.110483852,      -7.520238568,      -4.875932608
          0,           0,        1081,      -10.27705477,      -7.116167712,      -7.526158369,      -4.881459918
          0,           0,        1082,      -10.28504251,      -7.121794804,      -7.532080498,      -4.886984953
          0,           0,        1083,      -10.29300777,      -7.127366267,      -7.538009087,      -4.892466242
          0,           0,        1084,      -10.30098112,      -7.132886396,      -7.543940853,      -4.897916708
          0,           0,        1085,      -10.30895902,      -7.138356735,      -7.549871133,      -4.903355127
          0,           0,        1086,      -10.31692453,      -7.143779272,      -7.555803414,       -4.90874794
          0,           0,        1087,      -10.32489449,      -7.149157159,      -7.561738739,      -4.914137881
          0,           0,        1088,      -10.33285235,      -7.154488306,      -7.567693549,      -4.919492953
          0,           0,        1089,      -10.34079848,      -7.159778439,      -7.573642632,      -4.924832272
          0,           0,        1090,      -10.34875929,      -7.165029174,      -7.579607188,      -4.930164854
          0,           0,        1091,      -10.35670225,      -7.170243664,      -7.585575101,      -4.935455862
          0,           0,        1092,      -10.36464318,      -7.175422112,       -7.59154735,      -4.940758483
          0,           0,        1093,      -10.37256072,      -7.180566776,      -7.597540363,      -4.946023714
          0,           0,        1094,      -10.38047236,      -7.185681765,      -7.603549114,      -4.951269729
          0,           0,        1095,      -10.38839605,       -7.19076789,      -7.609547513,      -4.956526755
          0,           0,        1096,      -10.39631264,      -7.195825098,      -7.615562794,      -4.961799259
          0,           0,        1097,      -10.40421241,      -7.200858722,         -7.621587,      -4.967037703
          0,           0,        1098,      -10.41208801,      -7.205867941,      -7.627635179,      -4.972265677
          0,           0,        1099,       -10.4199625,      -7.210858905,      -7.633677857,      -4.977480696
          0,           0,        1100,      -10.42783015,      -7.215830305,      -7.639727349,      -4.982712679
          0,           0,        1101,      -10.43569194,      -7.220785212,        -7.6458022,      -4.987936132
          0,           0,        1102,      -10.44353024,      -7.225726051,      -7.651904782,      -4.993162086
          0,           0,        1103,      -10.45135186,        -7.2306491,      -7.658005822,      -4.998364789
          0,           0,        1104,      -10.45920029,      -7.235566437,      -7.664103734,      -5.003606501
          0,           0,        1105,      -10.46699518,      -7.240469845,      -7.670224721,      -5.008821011
          0,           0,        1106,      -10.47477222,      -7.245370917,      -7.676368988,      -5.014043705
          0,           0,        1107,      -10.48254425,      -7.250259925,      -7.682527293,        -5.0192787
          0,           0,        1108,      -10.49029891,      -7.255147468,      -7.688698848,      -5.024505643
          0,           0,        1109,      -10.49803697,      -7.260031753,       -7.69487348,       -5.02974646
          0,           0,        1110,      -10.50578453,      -7.264913722,      -7.701072035,      -5.035012915
          0,           0,        1111,      -10.51349045,      -7.269795084,      -7.707302838,      -5.040266419
          0,           0,        1112,      -10.52118071,       -7.27467771,      -7.713531327,      -5.045527374
          0,           0,        1113,       -10.5288429,      -7.279563831,      -7.719790965,      -5.050797937
          0,           0,        1114,       -10.5365269,      -7.284453838,      -7.726082187,      -5.056113516
          0,           0,        1115,      -10.54416095,      -7.289348494,      -7.732350018,      -5.061419547
          0,           0,        1116,      -10.55177531,      -7.294253212,      -7.738650179,      -5.066722081
          0,           0,        1117,      -10.55937098,      -7.299166662,      -7.744992734,      -5.072070051
          0,           0,        1118,      -10.56695819,      -7.304084915,      -7.751322652,      -5.077408686
          0,           0,        1119,      -10.57450701,      -7.309014624,      -7.757686017,      -5.082751836
          0,           0,        1120,      -10.58201255,      -7.313957977,      -7.764045548,      -5.088113554
          0,           0,        1121,      -10.58953854,      -7.318911261,      -7.770443843,      -5.093518951
          0,           0,        1122,      -10.59703808,      -7.323880631,      -7.776858171,      -5.098925233
          0,           0,        1123,      -10.60450618,      -7.328864419,      -7.783297557,      -5.104348345
          0,           0,        1124,      -10.61197613,      -7.333864105,      -7.789735986,      -5.109796822
          0,           0,        1125,      -10.61941299,      -7.338880684,      -7.796205107,      -5.115272034
          0,           0,        1126,      -10.62683252,      -7.343913715,      -7.802679605,      -5.120782891
          0,           0,        1127,      -10.63417911,      -7.348963119,      -7.809213804,      -5.126262609
          0,           0,        1128,      -10.64154705,      -7.354031455,       -7.81575902,      -5.131804727
          0,           0,        1129,      -10.64890179,      -7.359120765,      -7.822304819,      -5.137362387
          0,           0,        1130,      -10.65621631,      -7.364232765,      -7.828873564,      -5.142938226
          0,           0,        1131,      -10.66350008,      -7.369364144,      -7.835460666,      -5.148543018
          0,           0,        1132,      -10.67075577,      -7.374515467,      -7.842100504,       -5.15413269
          0,           0,        1133,      -10.67799062,      -7.379688531,      -7.848742849,      -5.159777411
          0,           0,        1134,      -10.68511206,      -7.384892246,      -7.855400083,      -5.165371324
          0,           0,        1135,       -10.6923328,      -7.390116847,      -7.862073559,      -5.171086767
          0,           0,        1136,      -10.69951058,      -7.395360403,      -7.868745432,      -5.176817856
          0,           0,        1137,      -10.70664119,      -7.400631817,      -7.875467663,      -5.182531238
          0,           0,        1138,       -10.7137533,      -7.405932179,      -7.882219379,      -5.188291738
          0,           0,        1139,      -10.72084607,      -7.411258167,      -7.888960842,      -5.194109214
          0,           0,        1140,      -10.72796462,      -7.416611768,      -7.895746754,      -5.199952054
          0,           0,        1141,      -10.73494132,      -7.421988715,       -7.90256784,      -5.205744667
          0,           0,        1142,      -10.74197682,      -7.427393432,      -7.909393215,      -5.211629072
          0,           0,        1143,      -10.74893879,      -7.432820879,       -7.91625467,      -5.217503686
          0,           0,        1144,      -10.75594717,      -7.438283807,      -7.923151826,      -5.223430152
          0,           0,        1145,      -10.76283226,      -7.443772998,      -7.930032763,      -5.229332998
          0,           0,        1146,       -10.7697604,      -7.449291583,      -7.936944136,      -5.235335481
          0,           0,        1147,      -10.77663398,      -7.454839038,      -7.943865155,       -5.24132966
          0,           0,        1148,      -10.78352524,      -7.460416831,      -7.950820575,      -5.247375595
          0,           0,        1149,      -10.79037822,      -7.466025959,      -7.957798953,      -5.253444231
          0,           0,        1150,      -10.79720943,      -7.471661501,      -7.964805505,      -5.259533964
          0,           0,        1151,      -10.80396113,      -7.477327749,      -7.971829094,      -5.265606243
          0,           0,        1152,      -10.81073512,      -7.483027018,      -7.978870029,      -5.271769432
          0,           0,        1153,      -10.81747334,      -7.488758228,      -7.985963301,      -5.277947555
          0,           0,        1154,      -10.82421109,      -7.494518886,      -7.993041295,      -5.284158055
          0,           0,        1155,       -10.8308906,      -7.500307955,      -8.000165601,      -5.290369633
          0,           0,        1156,      -10.83756659,      -7.506134643,      -8.007320477,      -5.296626892
          0,           0,        1157,      -10.84421522,      -7.511986443,      -8.014482108,      -5.302912492
          0,           0,        1158,      -10.85086907,      -7.517876127,      -8.021656125,      -5.309215179
          0,           0,        1159,      -10.85747809,      -7.523795046,      -8.028865251,      -5.315561108
          0,           0,        1160,      -10.86406886,      -7.529745713,      -8.036135195,      -5.321925886
          0,           0,        1161,      -10.87066414,      -7.535735723,        -8.0433491,      -5.328362673
          0,           0,        1162,      -10.87722449,      -7.541747506,      -8.050641529,      -5.334814736
          0,           0,        1163,      -10.88372403,      -7.547799982,      -8.057916157,      -5.341267793
          0,           0,        1164,       -10.8902905,      -7.553882901,      -8.065243637,      -5.347788495
          0,           0,        1165,      -10.89678506,      -7.560001715,      -8.072609305,      -5.354307325
          0,           0,        1166,      -10.90331512,      -7.566151012,      -8.079955537,      -5.360890297
          0,           0,        1167,      -10.90980326,      -7.572339337,      -8.087350949,      -5.367503299
          0,           0,        1168,      -10.91621379,      -7.578552576,      -8.094748494,      -5.374114848
          0,           0,        1169,      -10.92255346,      -7.584800634,      -8.102178457,      -5.380678178
          0,           0,        1170,      -10.92899727,      -7.591088772,      -8.109617605,       -5.38743396
          0,           0,        1171,      -10.93545326,      -7.597406639,      -8.117112268,      -5.394161317
          0,           0,        1172,      -10.94180501,      -7.603759926,      -8.124591736,      -5.400859477
          0,           0,        1173,      -10.94815148,      -7.610143511,      -8.132118435,      -5.407626735
          0,           0,        1174,      -10.95451071,      -7.616567336,       -8.13961564,       -5.41445889
          0,           0,        1175,      -10.96084755,       -7.62302555,      -8.147122427,       -5.42129254
          0,           0,        1176,      -10.96724007,      -7.629518685,       -8.15467063,      -5.428167399
          0,           0,        1177,      -10.97359884,      -7.636044054,      -8.162302403,      -5.435121613
          0,           0,        1178,      -10.97988029,      -7.642593335,      -8.169981022,      -5.442018827
          0,           0,        1179,      -10.98612858,      -7.649185181,      -8.177642709,      -5.448956516
          0,           0,        1180,      -10.99251144,      -7.655814433,      -8.185286302,      -5.455981086
          0,           0,        1181,      -10.99882738,      -7.662476775,      -8.192939147,        -5.4630321
          0,           0,        1182,      -11.00501574,      -7.669175819,      -8.200661018,      -5.470059786
          0,           0,        1183,      -11.01136156,      -7.675904583,      -8.208368118,      -5.477212445
          0,           0,        1184,      -11.01755411,      -7.682672332,       -8.21610892,      -5.484266106
          0,           0,        1185,      -11.02377951,      -7.689466229,      -8.223855219,      -5.491391005
          0,           0,        1186,      -11.03011922,      -7.696301988,      -8.231627612,         -5.498632
          0,           0,        1187,      -11.03643813,      -7.703162651,      -8.239467859,      -5.505949837
          0,           0,        1188,      -11.04257238,      -7.710076613,       -8.24732866,      -5.513147918
          0,           0,        1189,      -11.04880306,      -7.717016091,      -8.255186456,      -5.520399937
          0,           0,        1190,      -11.05494395,      -7.723985201,      -8.263043647,      -5.527646483
          0,           0,        1191,      -11.06121103,      -7.730991383,      -8.270914339,      -5.535008352
          0,           0,        1192,      -11.06741114,      -7.738036598,      -8.278744782,       -5.54236855
          0,           0,        1193,      -11.07358541,      -7.745119648,      -8.286599376,      -5.549694023
          0,           0,        1194,      -11.07985059,      -7.752236202,      -8.294473713,      -5.557259117
          0,           0,        1195,      -11.08605144,      -7.759381391,      -8.302503317,      -5.564734612
          0,           0,        1196,      -11.09227912,       -7.76656595,      -8.310468471,       -5.57217315
          0,           0,        1197,      -11.09850304,      -7.773782626,      -8.318477674,      -5.579721492
          0,           0,        1198,      -11.10469404,      -7.781025393,       -8.32648086,      -5.587229732
          0,           0,        1199,      -11.11090819,      -7.788318137,      -8.334407852,      -5.594875107
          0,           0,        1200,      -11.11714363,      -7.795635719,       -8.34247298,      -5.602483298
          0,           0,        1201,      -11.12338427,      -7.802992316,      -8.350479007,      -5.610158258
          0,           0,        1202,      -11.12949324,      -7.810390707,      -8.358534832,      -5.617783143
          0,           0,        1203,       -11.1356939,      -7.817816121,      -8.366603702,      -5.625482369
          0,           0,        1204,      -11.14190208,      -7.825275558,      -8.374672025,       -5.63320605
          0,           0,        1205,      -11.14828547,      -7.832763651,      -8.382794789,      -5.641110383
          0,           0,        1206,      -11.15446039,      -7.840294518,      -8.390921775,      -5.648894064
          0,           0,        1207,      -11.16057989,      -7.847861936,      -8.399056766,      -5.656675597
          0,           0,        1208,      -11.16685608,      -7.855460933,        -8.4072329,      -5.664581369
          0,           0,        1209,      -11.17304185,      -7.863085423,      -8.415387215,      -5.672349713
          0,           0,        1210,      -11.17939684,      -7.870740665,      -8.423532375,      -5.680295117
          0,           0,        1211,      -11.18562312,      -7.878442889,      -8.431689521,      -5.688272601
          0,           0,        1212,      -11.19183742,      -7.886183983,      -8.439867782,      -5.696275691
          0,           0,        1213,      -11.19812741,        -7.8939543,      -8.448014417,      -5.704271159
          0,           0,        1214,      -11.20445147,      -7.901750171,      -8.456244128,      -5.712349078
          0,           0,        1215,      -11.21068732,      -7.909580485,      -8.464454229,      -5.720312911
          0,           0,        1216,      -11.21704947,      -7.917446074,      -8.472656477,      -5.728509961
          0,           0,        1217,       -11.2233854,      -7.925344354,      -8.480886071,      -5.736658803
          0,           0,        1218,      -11.22962319,      -7.933284219,        -8.4891527,      -5.744790521
          0,           0,        1219,      -11.23600277,      -7.941250189,      -8.497421976,      -5.753112997
          0,           0,        1220,      -11.24227929,      -7.949251747,      -8.505725122,        -5.7612533
          0,           0,        1221,      -11.24857271,      -7.957288806,       -8.51395646,      -5.769384901
          0,           0,        1222,      -11.25483606,      -7.965349618,      -8.522183083,      -5.777555896
          0,           0,        1223,      -11.26127599,      -7.973453171,      -8.530385047,      -5.785944275
          0,           0,        1224,       -11.2675867,      -7.981581631,      -8.538726015,      -5.794250646
