
-------------------------------------------------------------------------
|    ___ _   _ ___                                                      |
|   / __| | | |_  )   Release 8.5.0 "Harrier"                           |
|   \__ \ |_| |/ /                                                      |
|   |___/\___//___|   Suite (Computational Fluid Dynamics Code)         |
|                                                                       |
-------------------------------------------------------------------------
| SU2 Project Website: https://su2code.github.io                        |
|                                                                       |
| The SU2 Project is maintained by the SU2 Foundation                   |
| (http://su2foundation.org)                                            |
-------------------------------------------------------------------------
| Copyright 2012-2026, SU2 Contributors                                 |
|                                                                       |
| SU2 is free software; you can redistribute it and/or                  |
| modify it under the terms of the GNU Lesser General Public            |
| License as published by the Free Software Foundation; either          |
| version 2.1 of the License, or (at your option) any later version.    |
|                                                                       |
| SU2 is distributed in the hope that it will be useful,                |
| but WITHOUT ANY WARRANTY; without even the implied warranty of        |
| MERCHANTABILITY or FITNESS FOR A PARTICULAR PURPOSE. See the GNU      |
| Lesser General Public License for more details.                       |
|                                                                       |
| You should have received a copy of the GNU Lesser General Public      |
| License along with SU2. If not, see <http://www.gnu.org/licenses/>.   |
-------------------------------------------------------------------------

Parsing config file for zone 0

----------------- Physical Case Definition ( Zone 0 ) -------------------
Compressible Euler equations.
Mach number: 0.3.
Angle of attack (AoA): 12 deg, and angle of sideslip (AoS): 0 deg.
No restart solution, use the values at infinity (freestream).
Dimensional simulation.
The reference area is 1 m^2.
The semi-span will be computed using the max y(3D) value.
The reference length is 1 m.
Reference origin for moment evaluation is (0.25, 0, 0).
Surface(s) where the force coefficients are evaluated: airfoil.

Surface(s) where the objective function is evaluated: airfoil.
Surface(s) plotted in the output file: airfoil.
Input mesh file name: mesh_NACA0012_inv.su2

--------------- Space Numerical Integration ( Zone 0 ) ------------------
Jameson-Schmidt-Turkel scheme (2nd order in space) for the flow inviscid terms.
JST viscous coefficients (2nd & 4th): 0.5, 0.02.
The method includes a grid stretching correction (p = 0.3).
Gradient for upwind reconstruction: inverse-distance weighted Least-Squares.
Gradient for viscous and source terms: inverse-distance weighted Least-Squares.

--------------- Time Numerical Integration  ( Zone 0 ) ------------------
Local time stepping (steady state simulation).
Euler implicit method for the flow equations.
FGMRES is used for solving the linear system.
Using a LU-SGS preconditioning.
Convergence criteria of the linear solver: 1e-06.
Max number of linear iterations: 5.
W Multigrid Cycle, with 3 multigrid levels.
Damping factor for the residual restriction: 1.
Damping factor for the correction prolongation: 1.
No CFL adaptation.
+-------------------------------------------+
|  MG Level| Presmooth|PostSmooth|CorrectSmo|
+-------------------------------------------+
|         0|         1|         0|         0|
|         1|         2|         0|         0|
|         2|         3|         0|         0|
|         3|         3|         0|         0|
+-------------------------------------------+
Courant-Friedrichs-Lewy number:        4

------------------ Convergence Criteria  ( Zone 0 ) ---------------------
Maximum number of solver subiterations: 9999.
Begin convergence monitoring at iteration 10.
Residual minimum value: 1e-8.
Cauchy series min. value: 1e-10.
Number of Cauchy elements: 100.
Begin windowed time average at iteration 0.

-------------------- Output Information ( Zone 0 ) ----------------------
File writing frequency: 
+------------------------------------+
|                     File| Frequency|
+------------------------------------+
|                  RESTART|        10|
|                 PARAVIEW|       250|
|         SURFACE_PARAVIEW|       250|
|              SURFACE_CSV|       250|
+------------------------------------+
Writing the convergence history file every 1 inner iterations.
Writing the screen convergence history every 1 inner iterations.
The tabular file format is CSV (.csv).
Convergence history file name: history.
Forces breakdown file name: forces_breakdown.dat.
Surface file name: surface_flow.
Volume file name: flow.
Restart file name: restart_flow.

------------- Config File Boundary Information ( Zone 0 ) ---------------
+-----------------------------------------------------------------------+
|                        Marker Type|                        Marker Name|
+-----------------------------------------------------------------------+
|                         Euler wall|                            airfoil|
+-----------------------------------------------------------------------+
|                          Far-field|                           farfield|
+-----------------------------------------------------------------------+

-------------------- Output Preprocessing ( Zone 0 ) --------------------

WARNING: SURFACE_PRESSURE_DROP can only be computed for at least 2 surfaces (outlet, inlet, ...)

Screen output fields: INNER_ITER, RMS_DENSITY, RMS_MOMENTUM-X, RMS_MOMENTUM-Y, RMS_ENERGY
History output group(s): ITER, RMS_RES
Convergence field(s): DRAG
Warning: No (valid) fields chosen for time convergence monitoring. Time convergence monitoring inactive.
Volume output fields: COORDINATES, SOLUTION, PRIMITIVE

------------------- Geometry Preprocessing ( Zone 0 ) -------------------
Two dimensional problem.
5233 grid points before partitioning.
10216 volume elements before partitioning.
2 surface markers.
200 boundary elements in index 0 (Marker = airfoil).
50 boundary elements in index 1 (Marker = farfield).
Executing the partitioning functions.
Building the graph adjacency structure.
Calling ParMETIS... graph partitioning complete (316 edge cuts).
Distributing ParMETIS coloring.
Rebalancing vertices.
Rebalancing volume element connectivity.
Rebalancing markers and surface elements.
5555 vertices including ghost points. 
10532 interior elements including halo cells. 
10532 triangles.
Establishing MPI communication patterns.
Setting point connectivity.
Renumbering points (Reverse Cuthill McKee Ordering).
Recomputing point connectivity.
Setting element connectivity.
Checking the numerical grid orientation.
All volume elements are correctly oriented.
All surface elements are correctly oriented.
Identifying edges and vertices.
Setting the control volume structure.
Area of the computational grid: 1255.76.
Searching for the closest normal neighbors to the surfaces.
Storing a mapping from global to local point index.
Compute the surface curvature.
Max K: 7835.1. Mean K: 34.8252. Standard deviation K: 494.448.
Computing mesh quality statistics for the dual control volumes.
+--------------------------------------------------------------+
|           Mesh Quality Metric|        Minimum|        Maximum|
+--------------------------------------------------------------+
|    Orthogonality Angle (deg.)|        62.6714|        89.7089|
|     CV Face Area Aspect Ratio|        1.00001|        7.18337|
|           CV Sub-Volume Ratio|        1.00285|        6.47826|
+--------------------------------------------------------------+
Setting the multigrid structure. NMG=3
+-------------------------------------------+
|  MG Level|       CVs|Aggl. Rate|       CFL|
+-------------------------------------------+
|         0|      5233|    1/1.00|         4|
|         1|      1659|    1/3.15|   2.66667|

Euler Wall Agglomeration Statistics (45° curvature threshold):
----------------------------------------------------------------
  Marker: airfoil
    Seeds agglomerated:       37 (100.0%)
    Seeds rejected (>45° curv): 0 (0.0%)
----------------------------------------------------------------
|         2|       563|    1/2.95|  1.777778|

Euler Wall Agglomeration Statistics (45° curvature threshold):
----------------------------------------------------------------
  Marker: airfoil
    Seeds agglomerated:       18 (100.0%)
    Seeds rejected (>45° curv): 0 (0.0%)
----------------------------------------------------------------
MG level 3 has only 209 CVs (< MG_MIN_MESHSIZE=500). Reducing MG levels to 2.

Euler Wall Agglomeration Statistics (45° curvature threshold):
----------------------------------------------------------------
  Marker: airfoil
    Seeds agglomerated:       9 (100.0%)
    Seeds rejected (>45° curv): 0 (0.0%)
----------------------------------------------------------------
Finding max control volume width.
Communicating number of neighbors.
Wetted area = 2.0 m.
Area projection in the x-plane = 0.1 m, y-plane = 1.0 m.
Max. coordinate in the x-direction = 1.0 m, y-direction = 0.1 m.
Min. coordinate in the x-direction = 0.0 m, y-direction = -0.1 m.
Computing wall distances.

-------------------- Solver Preprocessing ( Zone 0 ) --------------------
Inviscid flow: Computing density based on free-stream
temperature and pressure using the ideal gas law.
Force coefficients computed using free-stream values.

-- Models:
+------------------------------------------------------------------------------+
|          Viscosity Model|        Conductivity Model|              Fluid Model|
+------------------------------------------------------------------------------+
|                        -|                         -|             STANDARD_AIR|
+------------------------------------------------------------------------------+
-- Fluid properties:
+------------------------------------------------------------------------------+
|                  Name|    Dim. value|    Ref. value|      Unit|Non-dim. value|
+------------------------------------------------------------------------------+
|          Gas Constant|       287.058|             1|  N.m/kg.K|       287.058|
|      Spec. Heat Ratio|             -|             -|         -|           1.4|
+------------------------------------------------------------------------------+
-- Initial and free-stream conditions:
+------------------------------------------------------------------------------+
|                  Name|    Dim. value|    Ref. value|      Unit|Non-dim. value|
+------------------------------------------------------------------------------+
|       Static Pressure|        101325|             1|        Pa|        101325|
|               Density|       1.29225|             1|    kg/m^3|       1.29225|
|           Temperature|        273.15|             1|         K|        273.15|
|          Total Energy|        200965|             1|   m^2/s^2|        200965|
|            Velocity-X|       97.2244|             1|       m/s|       97.2244|
|            Velocity-Y|       20.6657|             1|       m/s|       20.6657|
|    Velocity Magnitude|       99.3964|             1|       m/s|       99.3964|
+------------------------------------------------------------------------------+
|           Mach Number|             -|             -|         -|           0.3|
+------------------------------------------------------------------------------+
Initialize Jacobian structure (Euler). MG level: 0.
Initialize Jacobian structure (Euler). MG level: 1.
Initialize Jacobian structure (Euler). MG level: 2.

------------------- Numerics Preprocessing ( Zone 0 ) -------------------

----------------- Integration Preprocessing ( Zone 0 ) ------------------

------------------- Iteration Preprocessing ( Zone 0 ) ------------------
Euler/Navier-Stokes/RANS fluid iteration.

------------------------------ Begin Solver -----------------------------

Simulation Run using the Single-zone Driver
WARNING: SU2 was not compiled for an AVX-capable architecture. Performance could be better,
         see https://su2code.github.io/docs_v7/Build-SU2-Linux-MacOS/#compiler-optimizations
WARNING: SU2 was not compiled for an AVX-capable architecture. Performance could be better,
         see https://su2code.github.io/docs_v7/Build-SU2-Linux-MacOS/#compiler-optimizations
WARNING: SU2 was not compiled for an AVX-capable architecture. Performance could be better,
         see https://su2code.github.io/docs_v7/Build-SU2-Linux-MacOS/#compiler-optimizations
+----------------------------------------------------------------+
|  Inner_Iter|    rms[Rho]|   rms[RhoU]|   rms[RhoV]|   rms[RhoE]|
+----------------------------------------------------------------+
|           0|   -1.171841|    0.786856|    0.030508|    4.274346|
|           1|   -1.545007|    0.772474|    1.028923|    3.912384|
|           2|   -1.506395|    0.944643|    1.027655|    3.952746|
|           3|   -1.507589|    1.056331|    1.108662|    3.947047|
|           4|   -1.475616|    1.095406|    1.113822|    3.969189|
|           5|   -1.452652|    1.082943|    1.085108|    3.990774|
|           6|   -1.443765|    1.054839|    1.069881|    4.006963|
|           7|   -1.449390|    1.027866|    1.090488|    4.004052|
|           8|   -1.451416|    1.016783|    1.105520|    3.995192|
|           9|   -1.461508|    1.029031|    1.095509|    3.979620|
|          10|   -1.463258|    1.052888|    1.086058|    3.980835|
+-----------------------------------------------------------------------+
|        File Writing Summary       |              Filename             |
+-----------------------------------------------------------------------+
|SU2 binary restart                 |restart_flow.dat                   |

Writing the forces breakdown file (forces_breakdown.dat).
+-----------------------------------------------------------------------+
+----------------------------------------------------------------+
|  Inner_Iter|    rms[Rho]|   rms[RhoU]|   rms[RhoV]|   rms[RhoE]|
+----------------------------------------------------------------+
|          11|   -1.468739|    1.061659|    1.080430|    3.978355|
|          12|   -1.487058|    1.054778|    1.060445|    3.956426|
|          13|   -1.524137|    1.034638|    1.012427|    3.912609|
|          14|   -1.562572|    1.007332|    0.948828|    3.871632|
|          15|   -1.599128|    0.980639|    0.890300|    3.840661|
|          16|   -1.637989|    0.963669|    0.865804|    3.812198|
|          17|   -1.675045|    0.962443|    0.879601|    3.782611|
|          18|   -1.702394|    0.970751|    0.903934|    3.752968|
|          19|   -1.725445|    0.964829|    0.908437|    3.718555|
|          20|   -1.738630|    0.957323|    0.904224|    3.693127|
+-----------------------------------------------------------------------+
|        File Writing Summary       |              Filename             |
+-----------------------------------------------------------------------+
|SU2 binary restart                 |restart_flow.dat                   |

Writing the forces breakdown file (forces_breakdown.dat).
+-----------------------------------------------------------------------+
+----------------------------------------------------------------+
|  Inner_Iter|    rms[Rho]|   rms[RhoU]|   rms[RhoV]|   rms[RhoE]|
+----------------------------------------------------------------+
|          21|   -1.746132|    0.946771|    0.891322|    3.677130|
|          22|   -1.753591|    0.932735|    0.871014|    3.666644|
|          23|   -1.766082|    0.915532|    0.844773|    3.655771|
|          24|   -1.784105|    0.896634|    0.813976|    3.643135|
|          25|   -1.805153|    0.877722|    0.781550|    3.629811|
|          26|   -1.826061|    0.861018|    0.752380|    3.617318|
|          27|   -1.844796|    0.849010|    0.733383|    3.605821|
|          28|   -1.862155|    0.842942|    0.729215|    3.592513|
|          29|   -1.878142|    0.843042|    0.738630|    3.576532|
|          30|   -1.891595|    0.846647|    0.754008|    3.558640|
+-----------------------------------------------------------------------+
|        File Writing Summary       |              Filename             |
+-----------------------------------------------------------------------+
|SU2 binary restart                 |restart_flow.dat                   |

Writing the forces breakdown file (forces_breakdown.dat).
+-----------------------------------------------------------------------+
+----------------------------------------------------------------+
|  Inner_Iter|    rms[Rho]|   rms[RhoU]|   rms[RhoV]|   rms[RhoE]|
+----------------------------------------------------------------+
|          31|   -1.899911|    0.850903|    0.768267|    3.542768|
|          32|   -1.900812|    0.853769|    0.778121|    3.533943|
|          33|   -1.896905|    0.853347|    0.782232|    3.532061|
|          34|   -1.891376|    0.849115|    0.781163|    3.535057|
|          35|   -1.888805|    0.839841|    0.774637|    3.537475|
|          36|   -1.891490|    0.825000|    0.762179|    3.535982|
|          37|   -1.899689|    0.804324|    0.743328|    3.529868|
|          38|   -1.913402|    0.778146|    0.718539|    3.519070|
|          39|   -1.931475|    0.748393|    0.690310|    3.505305|
|          40|   -1.952267|    0.719084|    0.664145|    3.490045|
+-----------------------------------------------------------------------+
|        File Writing Summary       |              Filename             |
+-----------------------------------------------------------------------+
|SU2 binary restart                 |restart_flow.dat                   |

Writing the forces breakdown file (forces_breakdown.dat).
+-----------------------------------------------------------------------+
+----------------------------------------------------------------+
|  Inner_Iter|    rms[Rho]|   rms[RhoU]|   rms[RhoV]|   rms[RhoE]|
+----------------------------------------------------------------+
|          41|   -1.973628|    0.695620|    0.645988|    3.474752|
|          42|   -1.992297|    0.682718|    0.639556|    3.461434|
|          43|   -2.006764|    0.680959|    0.642996|    3.449686|
|          44|   -2.015636|    0.687579|    0.651697|    3.440101|
|          45|   -2.020783|    0.696557|    0.659430|    3.430739|
|          46|   -2.024699|    0.703384|    0.662111|    3.420467|
|          47|   -2.029108|    0.705656|    0.657598|    3.409330|
|          48|   -2.036054|    0.701611|    0.644216|    3.396842|
|          49|   -2.044995|    0.691332|    0.621337|    3.385178|
|          50|   -2.054996|    0.675383|    0.589839|    3.376235|
+-----------------------------------------------------------------------+
|        File Writing Summary       |              Filename             |
+-----------------------------------------------------------------------+
|SU2 binary restart                 |restart_flow.dat                   |

Writing the forces breakdown file (forces_breakdown.dat).
+-----------------------------------------------------------------------+
+----------------------------------------------------------------+
|  Inner_Iter|    rms[Rho]|   rms[RhoU]|   rms[RhoV]|   rms[RhoE]|
+----------------------------------------------------------------+
|          51|   -2.064880|    0.656472|    0.553190|    3.371395|
|          52|   -2.073627|    0.639297|    0.518886|    3.370813|
|          53|   -2.082398|    0.628860|    0.497765|    3.370824|
|          54|   -2.091434|    0.628552|    0.497131|    3.368804|
|          55|   -2.101510|    0.635590|    0.511828|    3.360941|
|          56|   -2.111668|    0.644058|    0.528694|    3.346816|
|          57|   -2.119479|    0.648435|    0.536671|    3.329599|
|          58|   -2.125329|    0.644464|    0.529084|    3.312238|
|          59|   -2.130044|    0.631516|    0.504189|    3.299230|
|          60|   -2.136973|    0.611204|    0.465650|    3.291005|
+-----------------------------------------------------------------------+
|        File Writing Summary       |              Filename             |
+-----------------------------------------------------------------------+
|SU2 binary restart                 |restart_flow.dat                   |

Writing the forces breakdown file (forces_breakdown.dat).
+-----------------------------------------------------------------------+
+----------------------------------------------------------------+
|  Inner_Iter|    rms[Rho]|   rms[RhoU]|   rms[RhoV]|   rms[RhoE]|
+----------------------------------------------------------------+
|          61|   -2.149248|    0.588142|    0.423268|    3.284488|
|          62|   -2.168101|    0.568137|    0.391565|    3.275683|
|          63|   -2.193746|    0.555195|    0.380290|    3.259888|
|          64|   -2.223502|    0.549863|    0.385198|    3.236289|
|          65|   -2.253701|    0.548032|    0.392056|    3.205590|
|          66|   -2.281170|    0.545217|    0.390102|    3.171622|
|          67|   -2.304340|    0.538665|    0.375271|    3.140036|
|          68|   -2.325082|    0.527357|    0.347932|    3.114227|
|          69|   -2.344777|    0.512445|    0.312208|    3.096214|
|          70|   -2.364945|    0.495704|    0.276031|    3.083138|
+-----------------------------------------------------------------------+
|        File Writing Summary       |              Filename             |
+-----------------------------------------------------------------------+
|SU2 binary restart                 |restart_flow.dat                   |

Writing the forces breakdown file (forces_breakdown.dat).
+-----------------------------------------------------------------------+
+----------------------------------------------------------------+
|  Inner_Iter|    rms[Rho]|   rms[RhoU]|   rms[RhoV]|   rms[RhoE]|
+----------------------------------------------------------------+
|          71|   -2.386198|    0.479638|    0.247836|    3.070760|
|          72|   -2.408394|    0.466278|    0.232476|    3.055859|
|          73|   -2.432594|    0.455907|    0.227266|    3.035147|
|          74|   -2.458567|    0.447871|    0.225515|    3.008865|
|          75|   -2.485648|    0.439844|    0.219999|    2.978291|
|          76|   -2.510898|    0.430285|    0.207045|    2.948335|
|          77|   -2.529654|    0.418787|    0.186531|    2.926064|
|          78|   -2.540771|    0.405669|    0.161310|    2.914086|
|          79|   -2.544789|    0.392285|    0.136833|    2.911911|
|          80|   -2.547465|    0.379443|    0.119272|    2.912043|
+-----------------------------------------------------------------------+
|        File Writing Summary       |              Filename             |
+-----------------------------------------------------------------------+
|SU2 binary restart                 |restart_flow.dat                   |

Writing the forces breakdown file (forces_breakdown.dat).
+-----------------------------------------------------------------------+
+----------------------------------------------------------------+
|  Inner_Iter|    rms[Rho]|   rms[RhoU]|   rms[RhoV]|   rms[RhoE]|
+----------------------------------------------------------------+
|          81|   -2.553870|    0.367886|    0.111582|    2.908254|
|          82|   -2.566303|    0.357858|    0.112022|    2.897783|
|          83|   -2.586747|    0.348689|    0.114408|    2.878333|
|          84|   -2.613209|    0.339480|    0.112914|    2.851899|
|          85|   -2.641211|    0.329285|    0.103766|    2.823112|
|          86|   -2.665020|    0.317716|    0.086090|    2.798426|
|          87|   -2.680106|    0.305107|    0.061973|    2.783479|
|          88|   -2.688228|    0.292008|    0.036063|    2.776991|
|          89|   -2.693883|    0.279295|    0.014674|    2.774045|
|          90|   -2.702243|    0.267761|    0.002460|    2.768571|
+-----------------------------------------------------------------------+
|        File Writing Summary       |              Filename             |
+-----------------------------------------------------------------------+
|SU2 binary restart                 |restart_flow.dat                   |

Writing the forces breakdown file (forces_breakdown.dat).
+-----------------------------------------------------------------------+
+----------------------------------------------------------------+
|  Inner_Iter|    rms[Rho]|   rms[RhoU]|   rms[RhoV]|   rms[RhoE]|
+----------------------------------------------------------------+
|          91|   -2.716390|    0.257702|   -0.001172|    2.756627|
|          92|   -2.735126|    0.248966|   -0.001355|    2.738789|
|          93|   -2.756645|    0.240675|   -0.005045|    2.716597|
|          94|   -2.775575|    0.232090|   -0.016605|    2.695826|
|          95|   -2.786586|    0.222919|   -0.036620|    2.682802|
|          96|   -2.788334|    0.213364|   -0.061696|    2.679740|
|          97|   -2.783652|    0.204045|   -0.084876|    2.683848|
|          98|   -2.779740|    0.195273|   -0.098674|    2.687280|
|          99|   -2.781828|    0.187114|   -0.100324|    2.684354|
|         100|   -2.792538|    0.179294|   -0.094020|    2.672548|
+-----------------------------------------------------------------------+
|        File Writing Summary       |              Filename             |
+-----------------------------------------------------------------------+
|SU2 binary restart                 |restart_flow.dat                   |

Writing the forces breakdown file (forces_breakdown.dat).
+-----------------------------------------------------------------------+
+----------------------------------------------------------------+
|  Inner_Iter|    rms[Rho]|   rms[RhoU]|   rms[RhoV]|   rms[RhoE]|
+----------------------------------------------------------------+
|         101|   -2.811717|    0.171282|   -0.087389|    2.652568|
|         102|   -2.835576|    0.162690|   -0.086460|    2.629097|
|         103|   -2.861190|    0.153124|   -0.094645|    2.605884|
|         104|   -2.883384|    0.142785|   -0.111332|    2.588096|
|         105|   -2.899171|    0.132459|   -0.132377|    2.577455|
|         106|   -2.909785|    0.123168|   -0.151274|    2.570905|
|         107|   -2.917935|    0.115834|   -0.162017|    2.564535|
|         108|   -2.928138|    0.110292|   -0.163985|    2.553520|
|         109|   -2.941347|    0.105746|   -0.162326|    2.537558|
|         110|   -2.955430|    0.101077|   -0.164006|    2.520069|
+-----------------------------------------------------------------------+
|        File Writing Summary       |              Filename             |
+-----------------------------------------------------------------------+
|SU2 binary restart                 |restart_flow.dat                   |

Writing the forces breakdown file (forces_breakdown.dat).
+-----------------------------------------------------------------------+
+----------------------------------------------------------------+
|  Inner_Iter|    rms[Rho]|   rms[RhoU]|   rms[RhoV]|   rms[RhoE]|
+----------------------------------------------------------------+
|         111|   -2.966940|    0.095401|   -0.173983|    2.506173|
|         112|   -2.972824|    0.088606|   -0.193496|    2.500168|
|         113|   -2.975600|    0.081023|   -0.219871|    2.499516|
|         114|   -2.977903|    0.073532|   -0.246327|    2.500179|
|         115|   -2.982738|    0.067034|   -0.264494|    2.497720|
|         116|   -2.991955|    0.061879|   -0.269971|    2.489448|
|         117|   -3.004022|    0.057852|   -0.265547|    2.476643|
|         118|   -3.019817|    0.053799|   -0.259501|    2.459157|
|         119|   -3.037975|    0.048713|   -0.258726|    2.439775|
|         120|   -3.056927|    0.042142|   -0.266126|    2.421720|
+-----------------------------------------------------------------------+
|        File Writing Summary       |              Filename             |
+-----------------------------------------------------------------------+
|SU2 binary restart                 |restart_flow.dat                   |

Writing the forces breakdown file (forces_breakdown.dat).
+-----------------------------------------------------------------------+
+----------------------------------------------------------------+
|  Inner_Iter|    rms[Rho]|   rms[RhoU]|   rms[RhoV]|   rms[RhoE]|
+----------------------------------------------------------------+
|         121|   -3.075677|    0.034308|   -0.280670|    2.406911|
|         122|   -3.092575|    0.026075|   -0.298209|    2.396353|
|         123|   -3.107392|    0.018134|   -0.313369|    2.387951|
|         124|   -3.117706|    0.011033|   -0.322270|    2.381096|
|         125|   -3.121774|    0.004822|   -0.325111|    2.375574|
|         126|   -3.120502|   -0.000992|   -0.325852|    2.370959|
|         127|   -3.115944|   -0.007008|   -0.328958|    2.367687|
|         128|   -3.114959|   -0.014090|   -0.338229|    2.362339|
|         129|   -3.120267|   -0.022524|   -0.354255|    2.354411|
|         130|   -3.132047|   -0.031996|   -0.374695|    2.344460|
+-----------------------------------------------------------------------+
|        File Writing Summary       |              Filename             |
+-----------------------------------------------------------------------+
|SU2 binary restart                 |restart_flow.dat                   |

Writing the forces breakdown file (forces_breakdown.dat).
+-----------------------------------------------------------------------+
+----------------------------------------------------------------+
|  Inner_Iter|    rms[Rho]|   rms[RhoU]|   rms[RhoV]|   rms[RhoE]|
+----------------------------------------------------------------+
|         131|   -3.148467|   -0.041805|   -0.395083|    2.333378|
|         132|   -3.165364|   -0.051078|   -0.410474|    2.322939|
|         133|   -3.181383|   -0.059589|   -0.418816|    2.311483|
|         134|   -3.195914|   -0.067536|   -0.422136|    2.297909|
|         135|   -3.210409|   -0.075463|   -0.424889|    2.281254|
|         136|   -3.227275|   -0.083977|   -0.431164|    2.261247|
|         137|   -3.246674|   -0.093321|   -0.442838|    2.240053|
|         138|   -3.269710|   -0.103670|   -0.459764|    2.218418|
|         139|   -3.292106|   -0.114662|   -0.479453|    2.200180|
|         140|   -3.308366|   -0.125702|   -0.498369|    2.188162|
+-----------------------------------------------------------------------+
|        File Writing Summary       |              Filename             |
+-----------------------------------------------------------------------+
|SU2 binary restart                 |restart_flow.dat                   |

Writing the forces breakdown file (forces_breakdown.dat).
+-----------------------------------------------------------------------+
+----------------------------------------------------------------+
|  Inner_Iter|    rms[Rho]|   rms[RhoU]|   rms[RhoV]|   rms[RhoE]|
+----------------------------------------------------------------+
|         141|   -3.316042|   -0.136324|   -0.513806|    2.181701|
|         142|   -3.316227|   -0.146277|   -0.525065|    2.178593|
|         143|   -3.316708|   -0.156020|   -0.534672|    2.172830|
|         144|   -3.322591|   -0.166042|   -0.545608|    2.162064|
|         145|   -3.335931|   -0.176635|   -0.559685|    2.146654|
|         146|   -3.355965|   -0.187765|   -0.576762|    2.128673|
|         147|   -3.378926|   -0.198990|   -0.594758|    2.111544|
|         148|   -3.403133|   -0.210066|   -0.611422|    2.094821|
|         149|   -3.426096|   -0.220772|   -0.625309|    2.078096|
|         150|   -3.447215|   -0.231075|   -0.636884|    2.060171|
+-----------------------------------------------------------------------+
|        File Writing Summary       |              Filename             |
+-----------------------------------------------------------------------+
|SU2 binary restart                 |restart_flow.dat                   |

Writing the forces breakdown file (forces_breakdown.dat).
+-----------------------------------------------------------------------+
+----------------------------------------------------------------+
|  Inner_Iter|    rms[Rho]|   rms[RhoU]|   rms[RhoV]|   rms[RhoE]|
+----------------------------------------------------------------+
|         151|   -3.467702|   -0.241153|   -0.648126|    2.039996|
|         152|   -3.488432|   -0.251219|   -0.661084|    2.018173|
|         153|   -3.510655|   -0.261549|   -0.677027|    1.995445|
|         154|   -3.532693|   -0.272165|   -0.695668|    1.974507|
|         155|   -3.551778|   -0.282888|   -0.715468|    1.957767|
|         156|   -3.566052|   -0.293471|   -0.734440|    1.945694|
|         157|   -3.575751|   -0.303750|   -0.751159|    1.936820|
|         158|   -3.582818|   -0.313693|   -0.765386|    1.929072|
|         159|   -3.589660|   -0.323364|   -0.777888|    1.920957|
|         160|   -3.598157|   -0.332844|   -0.789726|    1.911840|
+-----------------------------------------------------------------------+
|        File Writing Summary       |              Filename             |
+-----------------------------------------------------------------------+
|SU2 binary restart                 |restart_flow.dat                   |

Writing the forces breakdown file (forces_breakdown.dat).
+-----------------------------------------------------------------------+
+----------------------------------------------------------------+
|  Inner_Iter|    rms[Rho]|   rms[RhoU]|   rms[RhoV]|   rms[RhoE]|
+----------------------------------------------------------------+
|         161|   -3.609322|   -0.342173|   -0.801591|    1.901614|
|         162|   -3.623392|   -0.351344|   -0.813593|    1.890296|
|         163|   -3.640018|   -0.360319|   -0.825450|    1.877886|
|         164|   -3.658440|   -0.369070|   -0.836831|    1.864459|
|         165|   -3.677664|   -0.377602|   -0.847624|    1.850295|
|         166|   -3.696673|   -0.385952|   -0.857987|    1.835890|
|         167|   -3.714652|   -0.394182|   -0.868226|    1.821812|
|         168|   -3.731127|   -0.402348|   -0.878612|    1.808515|
|         169|   -3.745917|   -0.410491|   -0.889257|    1.796247|
|         170|   -3.758955|   -0.418631|   -0.900083|    1.785108|
+-----------------------------------------------------------------------+
|        File Writing Summary       |              Filename             |
+-----------------------------------------------------------------------+
|SU2 binary restart                 |restart_flow.dat                   |

Writing the forces breakdown file (forces_breakdown.dat).
+-----------------------------------------------------------------------+
+----------------------------------------------------------------+
|  Inner_Iter|    rms[Rho]|   rms[RhoU]|   rms[RhoV]|   rms[RhoE]|
+----------------------------------------------------------------+
|         171|   -3.770132|   -0.426770|   -0.910873|    1.775156|
|         172|   -3.779308|   -0.434901|   -0.921359|    1.766468|
|         173|   -3.786456|   -0.443014|   -0.931296|    1.759092|
|         174|   -3.791891|   -0.451092|   -0.940509|    1.752914|
|         175|   -3.796331|   -0.459117|   -0.948911|    1.747574|
|         176|   -3.800770|   -0.467070|   -0.956505|    1.742494|
|         177|   -3.806209|   -0.474936|   -0.963375|    1.737040|
|         178|   -3.813379|   -0.482714|   -0.969681|    1.730710|
|         179|   -3.822594|   -0.490414|   -0.975638|    1.723265|
|         180|   -3.833723|   -0.498060|   -0.981475|    1.714755|
+-----------------------------------------------------------------------+
|        File Writing Summary       |              Filename             |
+-----------------------------------------------------------------------+
|SU2 binary restart                 |restart_flow.dat                   |

Writing the forces breakdown file (forces_breakdown.dat).
+-----------------------------------------------------------------------+
+----------------------------------------------------------------+
|  Inner_Iter|    rms[Rho]|   rms[RhoU]|   rms[RhoV]|   rms[RhoE]|
+----------------------------------------------------------------+
|         181|   -3.846279|   -0.505683|   -0.987388|    1.705443|
|         182|   -3.859565|   -0.513316|   -0.993510|    1.695688|
|         183|   -3.872841|   -0.520990|   -0.999895|    1.685825|
|         184|   -3.885462|   -0.528728|   -1.006540|    1.676103|
|         185|   -3.896956|   -0.536550|   -1.013411|    1.666687|
|         186|   -3.907047|   -0.544472|   -1.020469|    1.657694|
|         187|   -3.915645|   -0.552504|   -1.027670|    1.649224|
|         188|   -3.922850|   -0.560646|   -1.034950|    1.641349|
|         189|   -3.928945|   -0.568893|   -1.042214|    1.634072|
|         190|   -3.934373|   -0.577227|   -1.049341|    1.627280|
+-----------------------------------------------------------------------+
|        File Writing Summary       |              Filename             |
+-----------------------------------------------------------------------+
|SU2 binary restart                 |restart_flow.dat                   |

Writing the forces breakdown file (forces_breakdown.dat).
+-----------------------------------------------------------------------+
+----------------------------------------------------------------+
|  Inner_Iter|    rms[Rho]|   rms[RhoU]|   rms[RhoV]|   rms[RhoE]|
+----------------------------------------------------------------+
|         191|   -3.939669|   -0.585624|   -1.056218|    1.620749|
|         192|   -3.945357|   -0.594058|   -1.062782|    1.614190|
|         193|   -3.951841|   -0.602509|   -1.069049|    1.607332|
|         194|   -3.959337|   -0.610963|   -1.075117|    1.599992|
|         195|   -3.967850|   -0.619418|   -1.081134|    1.592106|
|         196|   -3.977206|   -0.627879|   -1.087251|    1.583723|
|         197|   -3.987120|   -0.636354|   -1.093585|    1.574959|
|         198|   -3.997266|   -0.644855|   -1.100202|    1.565957|
|         199|   -4.007333|   -0.653393|   -1.107116|    1.556858|
|         200|   -4.017062|   -0.661978|   -1.114305|    1.547782|
+-----------------------------------------------------------------------+
|        File Writing Summary       |              Filename             |
+-----------------------------------------------------------------------+
|SU2 binary restart                 |restart_flow.dat                   |

Writing the forces breakdown file (forces_breakdown.dat).
+-----------------------------------------------------------------------+
+----------------------------------------------------------------+
|  Inner_Iter|    rms[Rho]|   rms[RhoU]|   rms[RhoV]|   rms[RhoE]|
+----------------------------------------------------------------+
|         201|   -4.026271|   -0.670615|   -1.121725|    1.538829|
|         202|   -4.034863|   -0.679309|   -1.129316|    1.530072|
|         203|   -4.042838|   -0.688058|   -1.137010|    1.521548|
|         204|   -4.050292|   -0.696859|   -1.144734|    1.513251|
|         205|   -4.057392|   -0.705702|   -1.152418|    1.505131|
|         206|   -4.064343|   -0.714578|   -1.160008|    1.497112|
|         207|   -4.071332|   -0.723478|   -1.167475|    1.489113|
|         208|   -4.078489|   -0.732394|   -1.174822|    1.481076|
|         209|   -4.085864|   -0.741316|   -1.182076|    1.472973|
|         210|   -4.093428|   -0.750240|   -1.189276|    1.464815|
+-----------------------------------------------------------------------+
|        File Writing Summary       |              Filename             |
+-----------------------------------------------------------------------+
|SU2 binary restart                 |restart_flow.dat                   |

Writing the forces breakdown file (forces_breakdown.dat).
+-----------------------------------------------------------------------+
+----------------------------------------------------------------+
|  Inner_Iter|    rms[Rho]|   rms[RhoU]|   rms[RhoV]|   rms[RhoE]|
+----------------------------------------------------------------+
|         211|   -4.101100|   -0.759160|   -1.196468|    1.456626|
|         212|   -4.108786|   -0.768071|   -1.203690|    1.448434|
|         213|   -4.116420|   -0.776970|   -1.210974|    1.440248|
|         214|   -4.123982|   -0.785854|   -1.218346|    1.432056|
|         215|   -4.131500|   -0.794725|   -1.225824|    1.423828|
|         216|   -4.139030|   -0.803582|   -1.233419|    1.415535|
|         217|   -4.146622|   -0.812429|   -1.241130|    1.407156|
|         218|   -4.154301|   -0.821268|   -1.248943|    1.398690|
|         219|   -4.162048|   -0.830102|   -1.256830|    1.390158|
|         220|   -4.169809|   -0.838931|   -1.264755|    1.381595|
+-----------------------------------------------------------------------+
|        File Writing Summary       |              Filename             |
+-----------------------------------------------------------------------+
|SU2 binary restart                 |restart_flow.dat                   |

Writing the forces breakdown file (forces_breakdown.dat).
+-----------------------------------------------------------------------+
+----------------------------------------------------------------+
|  Inner_Iter|    rms[Rho]|   rms[RhoU]|   rms[RhoV]|   rms[RhoE]|
+----------------------------------------------------------------+
|         221|   -4.177515|   -0.847757|   -1.272683|    1.373041|
|         222|   -4.185102|   -0.856581|   -1.280587|    1.364535|
|         223|   -4.192526|   -0.865403|   -1.288455|    1.356109|
|         224|   -4.199764|   -0.874225|   -1.296286|    1.347787|
|         225|   -4.206816|   -0.883047|   -1.304089|    1.339587|
|         226|   -4.213692|   -0.891867|   -1.311872|    1.331518|
|         227|   -4.220418|   -0.900682|   -1.319643|    1.323571|
|         228|   -4.227034|   -0.909485|   -1.327407|    1.315721|
|         229|   -4.233599|   -0.918273|   -1.335172|    1.307923|
|         230|   -4.240189|   -0.927040|   -1.342949|    1.300118|
+-----------------------------------------------------------------------+
|        File Writing Summary       |              Filename             |
+-----------------------------------------------------------------------+
|SU2 binary restart                 |restart_flow.dat                   |

Writing the forces breakdown file (forces_breakdown.dat).
+-----------------------------------------------------------------------+
+----------------------------------------------------------------+
|  Inner_Iter|    rms[Rho]|   rms[RhoU]|   rms[RhoV]|   rms[RhoE]|
+----------------------------------------------------------------+
|         231|   -4.246882|   -0.935783|   -1.350754|    1.292247|
|         232|   -4.253740|   -0.944501|   -1.358605|    1.284265|
|         233|   -4.260798|   -0.953196|   -1.366518|    1.276149|
|         234|   -4.268049|   -0.961869|   -1.374498|    1.267905|
|         235|   -4.275449|   -0.970524|   -1.382543|    1.259559|
|         236|   -4.282929|   -0.979163|   -1.390641|    1.251154|
|         237|   -4.290410|   -0.987788|   -1.398776|    1.242736|
|         238|   -4.297824|   -0.996402|   -1.406931|    1.234345|
|         239|   -4.305119|   -1.005004|   -1.415092|    1.226015|
|         240|   -4.312271|   -1.013595|   -1.423250|    1.217770|
+-----------------------------------------------------------------------+
|        File Writing Summary       |              Filename             |
+-----------------------------------------------------------------------+
|SU2 binary restart                 |restart_flow.dat                   |

Writing the forces breakdown file (forces_breakdown.dat).
+-----------------------------------------------------------------------+
+----------------------------------------------------------------+
|  Inner_Iter|    rms[Rho]|   rms[RhoU]|   rms[RhoV]|   rms[RhoE]|
+----------------------------------------------------------------+
|         241|   -4.319275|   -1.022174|   -1.431400|    1.209624|
|         242|   -4.326143|   -1.030738|   -1.439538|    1.201582|
|         243|   -4.332898|   -1.039284|   -1.447664|    1.193639|
|         244|   -4.339570|   -1.047806|   -1.455776|    1.185784|
|         245|   -4.346195|   -1.056299|   -1.463876|    1.177998|
|         246|   -4.352810|   -1.064757|   -1.471968|    1.170256|
|         247|   -4.359453|   -1.073174|   -1.480056|    1.162534|
|         248|   -4.366160|   -1.081545|   -1.488147|    1.154806|
|         249|   -4.372958|   -1.089868|   -1.496248|    1.147053|
|         250|   -4.379865|   -1.098139|   -1.504362|    1.139265|
+-----------------------------------------------------------------------+
|        File Writing Summary       |              Filename             |
+-----------------------------------------------------------------------+
|SU2 binary restart                 |restart_flow.dat                   |

Writing the forces breakdown file (forces_breakdown.dat).
|Paraview                           |flow.vtu                           |

Writing the forces breakdown file (forces_breakdown.dat).
|Paraview surface                   |surface_flow.vtu                   |

Writing the forces breakdown file (forces_breakdown.dat).
|CSV file                           |surface_flow.csv                   |

Writing the forces breakdown file (forces_breakdown.dat).
+-----------------------------------------------------------------------+
+----------------------------------------------------------------+
|  Inner_Iter|    rms[Rho]|   rms[RhoU]|   rms[RhoV]|   rms[RhoE]|
+----------------------------------------------------------------+
|         251|   -4.386883|   -1.106355|   -1.512488|    1.131438|
|         252|   -4.394003|   -1.114515|   -1.520625|    1.123578|
|         253|   -4.401200|   -1.122618|   -1.528765|    1.115699|
|         254|   -4.408441|   -1.130662|   -1.536900|    1.107821|
|         255|   -4.415687|   -1.138646|   -1.545024|    1.099970|
|         256|   -4.422901|   -1.146568|   -1.553128|    1.092170|
|         257|   -4.430047|   -1.154427|   -1.561207|    1.084449|
|         258|   -4.437100|   -1.162219|   -1.569256|    1.076829|
|         259|   -4.444044|   -1.169944|   -1.577269|    1.069326|
|         260|   -4.450878|   -1.177596|   -1.585242|    1.061951|
+-----------------------------------------------------------------------+
|        File Writing Summary       |              Filename             |
+-----------------------------------------------------------------------+
|SU2 binary restart                 |restart_flow.dat                   |

Writing the forces breakdown file (forces_breakdown.dat).
+-----------------------------------------------------------------------+
+----------------------------------------------------------------+
|  Inner_Iter|    rms[Rho]|   rms[RhoU]|   rms[RhoV]|   rms[RhoE]|
+----------------------------------------------------------------+
|         261|   -4.457611|   -1.185172|   -1.593170|    1.054704|
|         262|   -4.464266|   -1.192669|   -1.601046|    1.047576|
|         263|   -4.470875|   -1.200081|   -1.608867|    1.040552|
|         264|   -4.477473|   -1.207405|   -1.616630|    1.033607|
|         265|   -4.484098|   -1.214638|   -1.624331|    1.026717|
|         266|   -4.490781|   -1.221777|   -1.631972|    1.019858|
|         267|   -4.497480|   -1.228821|   -1.639554|    1.013043|
|         268|   -4.504277|   -1.235766|   -1.647086|    1.006226|
|         269|   -4.511138|   -1.242613|   -1.654568|    0.999427|
|         270|   -4.518036|   -1.249364|   -1.662002|    0.992660|
+-----------------------------------------------------------------------+
|        File Writing Summary       |              Filename             |
+-----------------------------------------------------------------------+
|SU2 binary restart                 |restart_flow.dat                   |

Writing the forces breakdown file (forces_breakdown.dat).
+-----------------------------------------------------------------------+
+----------------------------------------------------------------+
|  Inner_Iter|    rms[Rho]|   rms[RhoU]|   rms[RhoV]|   rms[RhoE]|
+----------------------------------------------------------------+
|         271|   -4.524954|   -1.256022|   -1.669388|    0.985927|
|         272|   -4.531876|   -1.262592|   -1.676726|    0.979236|
|         273|   -4.538780|   -1.269076|   -1.684016|    0.972598|
|         274|   -4.545640|   -1.275477|   -1.691254|    0.966032|
|         275|   -4.552434|   -1.281798|   -1.698438|    0.959554|
|         276|   -4.559155|   -1.288041|   -1.705565|    0.953174|
|         277|   -4.565803|   -1.294207|   -1.712631|    0.946892|
|         278|   -4.572390|   -1.300298|   -1.719634|    0.940704|
|         279|   -4.578932|   -1.306315|   -1.726572|    0.934599|
|         280|   -4.585448|   -1.312260|   -1.733443|    0.928564|
+-----------------------------------------------------------------------+
|        File Writing Summary       |              Filename             |
+-----------------------------------------------------------------------+
|SU2 binary restart                 |restart_flow.dat                   |

Writing the forces breakdown file (forces_breakdown.dat).
+-----------------------------------------------------------------------+
+----------------------------------------------------------------+
|  Inner_Iter|    rms[Rho]|   rms[RhoU]|   rms[RhoV]|   rms[RhoE]|
+----------------------------------------------------------------+
|         281|   -4.591958|   -1.318135|   -1.740249|    0.922581|
|         282|   -4.598483|   -1.323943|   -1.746994|    0.916634|
|         283|   -4.605034|   -1.329687|   -1.753683|    0.910708|
|         284|   -4.611620|   -1.335371|   -1.760323|    0.904794|
|         285|   -4.618241|   -1.340998|   -1.766922|    0.898886|
|         286|   -4.624891|   -1.346574|   -1.773486|    0.892982|
|         287|   -4.631559|   -1.352103|   -1.780021|    0.887084|
|         288|   -4.638233|   -1.357591|   -1.786531|    0.881198|
|         289|   -4.644900|   -1.363042|   -1.793020|    0.875327|
|         290|   -4.651548|   -1.368461|   -1.799489|    0.869477|
+-----------------------------------------------------------------------+
|        File Writing Summary       |              Filename             |
+-----------------------------------------------------------------------+
|SU2 binary restart                 |restart_flow.dat                   |

Writing the forces breakdown file (forces_breakdown.dat).
+-----------------------------------------------------------------------+
+----------------------------------------------------------------+
|  Inner_Iter|    rms[Rho]|   rms[RhoU]|   rms[RhoV]|   rms[RhoE]|
+----------------------------------------------------------------+
|         291|   -4.658169|   -1.373853|   -1.805939|    0.863652|
|         292|   -4.664758|   -1.379223|   -1.812371|    0.857854|
|         293|   -4.671313|   -1.384574|   -1.818786|    0.852083|
|         294|   -4.677837|   -1.389910|   -1.825183|    0.846337|
|         295|   -4.684333|   -1.395235|   -1.831565|    0.840613|
|         296|   -4.690810|   -1.400551|   -1.837933|    0.834904|
|         297|   -4.697276|   -1.405862|   -1.844289|    0.829205|
|         298|   -4.703739|   -1.411169|   -1.850637|    0.823506|
|         299|   -4.710210|   -1.416477|   -1.856981|    0.817800|
|         300|   -4.716696|   -1.421787|   -1.863325|    0.812080|
+-----------------------------------------------------------------------+
|        File Writing Summary       |              Filename             |
+-----------------------------------------------------------------------+
|SU2 binary restart                 |restart_flow.dat                   |

Writing the forces breakdown file (forces_breakdown.dat).
+-----------------------------------------------------------------------+
+----------------------------------------------------------------+
|  Inner_Iter|    rms[Rho]|   rms[RhoU]|   rms[RhoV]|   rms[RhoE]|
+----------------------------------------------------------------+
|         301|   -4.723203|   -1.427103|   -1.869674|    0.806339|
|         302|   -4.729734|   -1.432426|   -1.876032|    0.800572|
|         303|   -4.736290|   -1.437760|   -1.882402|    0.794776|
|         304|   -4.742871|   -1.443108|   -1.888790|    0.788948|
|         305|   -4.749472|   -1.448471|   -1.895198|    0.783090|
|         306|   -4.756088|   -1.453853|   -1.901628|    0.777201|
|         307|   -4.762712|   -1.459256|   -1.908084|    0.771285|
|         308|   -4.769339|   -1.464683|   -1.914565|    0.765345|
|         309|   -4.775962|   -1.470134|   -1.921073|    0.759383|
|         310|   -4.782578|   -1.475612|   -1.927609|    0.753401|
+-----------------------------------------------------------------------+
|        File Writing Summary       |              Filename             |
+-----------------------------------------------------------------------+
|SU2 binary restart                 |restart_flow.dat                   |

Writing the forces breakdown file (forces_breakdown.dat).
+-----------------------------------------------------------------------+
+----------------------------------------------------------------+
|  Inner_Iter|    rms[Rho]|   rms[RhoU]|   rms[RhoV]|   rms[RhoE]|
+----------------------------------------------------------------+
|         311|   -4.789186|   -1.481118|   -1.934172|    0.747401|
|         312|   -4.795784|   -1.486654|   -1.940763|    0.741382|
|         313|   -4.802375|   -1.492220|   -1.947382|    0.735344|
|         314|   -4.808962|   -1.497817|   -1.954030|    0.729284|
|         315|   -4.815551|   -1.503445|   -1.960708|    0.723200|
|         316|   -4.822145|   -1.509106|   -1.967416|    0.717087|
|         317|   -4.828749|   -1.514800|   -1.974157|    0.710943|
|         318|   -4.835368|   -1.520527|   -1.980932|    0.704763|
|         319|   -4.842003|   -1.526288|   -1.987743|    0.698546|
|         320|   -4.848656|   -1.532083|   -1.994590|    0.692289|
+-----------------------------------------------------------------------+
|        File Writing Summary       |              Filename             |
+-----------------------------------------------------------------------+
|SU2 binary restart                 |restart_flow.dat                   |

Writing the forces breakdown file (forces_breakdown.dat).
+-----------------------------------------------------------------------+
+----------------------------------------------------------------+
|  Inner_Iter|    rms[Rho]|   rms[RhoU]|   rms[RhoV]|   rms[RhoE]|
+----------------------------------------------------------------+
|         321|   -4.855326|   -1.537913|   -2.001477|    0.685992|
|         322|   -4.862013|   -1.543779|   -2.008404|    0.679655|
|         323|   -4.868713|   -1.549679|   -2.015371|    0.673278|
|         324|   -4.875422|   -1.555616|   -2.022379|    0.666865|
|         325|   -4.882139|   -1.561590|   -2.029429|    0.660416|
|         326|   -4.888858|   -1.567600|   -2.036519|    0.653934|
|         327|   -4.895576|   -1.573647|   -2.043649|    0.647421|
|         328|   -4.902292|   -1.579730|   -2.050819|    0.640880|
|         329|   -4.909005|   -1.585850|   -2.058028|    0.634310|
|         330|   -4.915717|   -1.592007|   -2.065275|    0.627711|
+-----------------------------------------------------------------------+
|        File Writing Summary       |              Filename             |
+-----------------------------------------------------------------------+
|SU2 binary restart                 |restart_flow.dat                   |

Writing the forces breakdown file (forces_breakdown.dat).
+-----------------------------------------------------------------------+
+----------------------------------------------------------------+
|  Inner_Iter|    rms[Rho]|   rms[RhoU]|   rms[RhoV]|   rms[RhoE]|
+----------------------------------------------------------------+
|         331|   -4.922430|   -1.598200|   -2.072560|    0.621082|
|         332|   -4.929145|   -1.604429|   -2.079883|    0.614423|
|         333|   -4.935864|   -1.610694|   -2.087244|    0.607733|
|         334|   -4.942588|   -1.616995|   -2.094642|    0.601011|
|         335|   -4.949319|   -1.623330|   -2.102078|    0.594255|
|         336|   -4.956058|   -1.629700|   -2.109553|    0.587466|
|         337|   -4.962807|   -1.636104|   -2.117066|    0.580641|
|         338|   -4.969565|   -1.642542|   -2.124617|    0.573782|
|         339|   -4.976333|   -1.649014|   -2.132207|    0.566887|
|         340|   -4.983111|   -1.655520|   -2.139835|    0.559955|
+-----------------------------------------------------------------------+
|        File Writing Summary       |              Filename             |
+-----------------------------------------------------------------------+
|SU2 binary restart                 |restart_flow.dat                   |

Writing the forces breakdown file (forces_breakdown.dat).
+-----------------------------------------------------------------------+
+----------------------------------------------------------------+
|  Inner_Iter|    rms[Rho]|   rms[RhoU]|   rms[RhoV]|   rms[RhoE]|
+----------------------------------------------------------------+
|         341|   -4.989897|   -1.662060|   -2.147501|    0.552990|
|         342|   -4.996689|   -1.668632|   -2.155205|    0.545992|
|         343|   -5.003485|   -1.675237|   -2.162945|    0.538963|
|         344|   -5.010283|   -1.681873|   -2.170722|    0.531904|
|         345|   -5.017082|   -1.688542|   -2.178534|    0.524817|
|         346|   -5.023880|   -1.695242|   -2.186380|    0.517701|
|         347|   -5.030677|   -1.701973|   -2.194261|    0.510560|
|         348|   -5.037473|   -1.708734|   -2.202175|    0.503392|
|         349|   -5.044267|   -1.715525|   -2.210122|    0.496199|
|         350|   -5.051060|   -1.722345|   -2.218101|    0.488981|
+-----------------------------------------------------------------------+
|        File Writing Summary       |              Filename             |
+-----------------------------------------------------------------------+
|SU2 binary restart                 |restart_flow.dat                   |

Writing the forces breakdown file (forces_breakdown.dat).
+-----------------------------------------------------------------------+
+----------------------------------------------------------------+
|  Inner_Iter|    rms[Rho]|   rms[RhoU]|   rms[RhoV]|   rms[RhoE]|
+----------------------------------------------------------------+
|         351|   -5.057852|   -1.729194|   -2.226111|    0.481736|
|         352|   -5.064646|   -1.736071|   -2.234152|    0.474465|
|         353|   -5.071441|   -1.742976|   -2.242224|    0.467168|
|         354|   -5.078237|   -1.749907|   -2.250326|    0.459844|
|         355|   -5.085037|   -1.756866|   -2.258457|    0.452494|
|         356|   -5.091838|   -1.763850|   -2.266618|    0.445116|
|         357|   -5.098641|   -1.770861|   -2.274807|    0.437713|
|         358|   -5.105446|   -1.777896|   -2.283025|    0.430283|
|         359|   -5.112252|   -1.784957|   -2.291270|    0.422828|
|         360|   -5.119057|   -1.792042|   -2.299541|    0.415349|
+-----------------------------------------------------------------------+
|        File Writing Summary       |              Filename             |
+-----------------------------------------------------------------------+
|SU2 binary restart                 |restart_flow.dat                   |

Writing the forces breakdown file (forces_breakdown.dat).
+-----------------------------------------------------------------------+
+----------------------------------------------------------------+
|  Inner_Iter|    rms[Rho]|   rms[RhoU]|   rms[RhoV]|   rms[RhoE]|
+----------------------------------------------------------------+
|         361|   -5.125860|   -1.799151|   -2.307838|    0.407847|
|         362|   -5.132661|   -1.806284|   -2.316160|    0.400323|
|         363|   -5.139458|   -1.813439|   -2.324506|    0.392777|
|         364|   -5.146251|   -1.820618|   -2.332875|    0.385211|
|         365|   -5.153040|   -1.827819|   -2.341266|    0.377625|
|         366|   -5.159824|   -1.835042|   -2.349679|    0.370019|
|         367|   -5.166604|   -1.842287|   -2.358112|    0.362394|
|         368|   -5.173379|   -1.849553|   -2.366564|    0.354750|
|         369|   -5.180151|   -1.856839|   -2.375036|    0.347087|
|         370|   -5.186918|   -1.864146|   -2.383526|    0.339405|
+-----------------------------------------------------------------------+
|        File Writing Summary       |              Filename             |
+-----------------------------------------------------------------------+
|SU2 binary restart                 |restart_flow.dat                   |

Writing the forces breakdown file (forces_breakdown.dat).
+-----------------------------------------------------------------------+
+----------------------------------------------------------------+
|  Inner_Iter|    rms[Rho]|   rms[RhoU]|   rms[RhoV]|   rms[RhoE]|
+----------------------------------------------------------------+
|         371|   -5.193683|   -1.871473|   -2.392034|    0.331703|
|         372|   -5.200445|   -1.878819|   -2.400559|    0.323982|
|         373|   -5.207204|   -1.886185|   -2.409100|    0.316242|
|         374|   -5.213960|   -1.893570|   -2.417657|    0.308484|
|         375|   -5.220712|   -1.900974|   -2.426229|    0.300706|
|         376|   -5.227462|   -1.908396|   -2.434816|    0.292910|
|         377|   -5.234208|   -1.915836|   -2.443416|    0.285097|
|         378|   -5.240949|   -1.923295|   -2.452029|    0.277266|
|         379|   -5.247686|   -1.930772|   -2.460654|    0.269418|
|         380|   -5.254419|   -1.938266|   -2.469290|    0.261554|
+-----------------------------------------------------------------------+
|        File Writing Summary       |              Filename             |
+-----------------------------------------------------------------------+
|SU2 binary restart                 |restart_flow.dat                   |

Writing the forces breakdown file (forces_breakdown.dat).
+-----------------------------------------------------------------------+
+----------------------------------------------------------------+
|  Inner_Iter|    rms[Rho]|   rms[RhoU]|   rms[RhoV]|   rms[RhoE]|
+----------------------------------------------------------------+
|         381|   -5.261146|   -1.945778|   -2.477937|    0.253675|
|         382|   -5.267869|   -1.953308|   -2.486593|    0.245780|
|         383|   -5.274586|   -1.960854|   -2.495259|    0.237869|
|         384|   -5.281298|   -1.968418|   -2.503933|    0.229944|
|         385|   -5.288005|   -1.975999|   -2.512615|    0.222004|
|         386|   -5.294707|   -1.983596|   -2.521304|    0.214049|
|         387|   -5.301404|   -1.991210|   -2.530000|    0.206080|
|         388|   -5.308098|   -1.998841|   -2.538701|    0.198095|
|         389|   -5.314788|   -2.006489|   -2.547409|    0.190096|
|         390|   -5.321475|   -2.014152|   -2.556121|    0.182082|
+-----------------------------------------------------------------------+
|        File Writing Summary       |              Filename             |
+-----------------------------------------------------------------------+
|SU2 binary restart                 |restart_flow.dat                   |

Writing the forces breakdown file (forces_breakdown.dat).
+-----------------------------------------------------------------------+
+----------------------------------------------------------------+
|  Inner_Iter|    rms[Rho]|   rms[RhoU]|   rms[RhoV]|   rms[RhoE]|
+----------------------------------------------------------------+
|         391|   -5.328158|   -2.021833|   -2.564838|    0.174053|
|         392|   -5.334838|   -2.029530|   -2.573559|    0.166009|
|         393|   -5.341516|   -2.037243|   -2.582283|    0.157950|
|         394|   -5.348191|   -2.044973|   -2.591011|    0.149876|
|         395|   -5.354864|   -2.052719|   -2.599740|    0.141788|
|         396|   -5.361534|   -2.060482|   -2.608472|    0.133685|
|         397|   -5.368201|   -2.068262|   -2.617205|    0.125568|
|         398|   -5.374867|   -2.076058|   -2.625939|    0.117437|
|         399|   -5.381530|   -2.083871|   -2.634674|    0.109293|
|         400|   -5.388192|   -2.091701|   -2.643408|    0.101134|
+-----------------------------------------------------------------------+
|        File Writing Summary       |              Filename             |
+-----------------------------------------------------------------------+
|SU2 binary restart                 |restart_flow.dat                   |

Writing the forces breakdown file (forces_breakdown.dat).
+-----------------------------------------------------------------------+
+----------------------------------------------------------------+
|  Inner_Iter|    rms[Rho]|   rms[RhoU]|   rms[RhoV]|   rms[RhoE]|
+----------------------------------------------------------------+
|         401|   -5.394851|   -2.099548|   -2.652141|    0.092961|
|         402|   -5.401510|   -2.107412|   -2.660874|    0.084775|
|         403|   -5.408167|   -2.115293|   -2.669605|    0.076575|
|         404|   -5.414823|   -2.123191|   -2.678335|    0.068361|
|         405|   -5.421479|   -2.131106|   -2.687062|    0.060133|
|         406|   -5.428136|   -2.139039|   -2.695786|    0.051891|
|         407|   -5.434792|   -2.146989|   -2.704508|    0.043635|
|         408|   -5.441450|   -2.154957|   -2.713226|    0.035365|
|         409|   -5.448108|   -2.162943|   -2.721941|    0.027080|
|         410|   -5.454769|   -2.170947|   -2.730652|    0.018781|
+-----------------------------------------------------------------------+
|        File Writing Summary       |              Filename             |
+-----------------------------------------------------------------------+
|SU2 binary restart                 |restart_flow.dat                   |

Writing the forces breakdown file (forces_breakdown.dat).
+-----------------------------------------------------------------------+
+----------------------------------------------------------------+
|  Inner_Iter|    rms[Rho]|   rms[RhoU]|   rms[RhoV]|   rms[RhoE]|
+----------------------------------------------------------------+
|         411|   -5.461431|   -2.178968|   -2.739358|    0.010467|
|         412|   -5.468095|   -2.187008|   -2.748060|    0.002138|
|         413|   -5.474762|   -2.195067|   -2.756757|   -0.006205|
|         414|   -5.481432|   -2.203144|   -2.765448|   -0.014562|
|         415|   -5.488104|   -2.211240|   -2.774134|   -0.022933|
|         416|   -5.494780|   -2.219354|   -2.782813|   -0.031319|
|         417|   -5.501460|   -2.227488|   -2.791486|   -0.039720|
|         418|   -5.508144|   -2.235641|   -2.800151|   -0.048135|
|         419|   -5.514832|   -2.243813|   -2.808810|   -0.056564|
|         420|   -5.521525|   -2.252005|   -2.817460|   -0.065008|
+-----------------------------------------------------------------------+
|        File Writing Summary       |              Filename             |
+-----------------------------------------------------------------------+
|SU2 binary restart                 |restart_flow.dat                   |

Writing the forces breakdown file (forces_breakdown.dat).
+-----------------------------------------------------------------------+
+----------------------------------------------------------------+
|  Inner_Iter|    rms[Rho]|   rms[RhoU]|   rms[RhoV]|   rms[RhoE]|
+----------------------------------------------------------------+
|         421|   -5.528222|   -2.260216|   -2.826103|   -0.073466|
|         422|   -5.534924|   -2.268448|   -2.834737|   -0.081938|
|         423|   -5.541632|   -2.276699|   -2.843362|   -0.090425|
|         424|   -5.548346|   -2.284970|   -2.851978|   -0.098927|
|         425|   -5.555067|   -2.293262|   -2.860585|   -0.107443|
|         426|   -5.561794|   -2.301573|   -2.869182|   -0.115974|
|         427|   -5.568528|   -2.309906|   -2.877769|   -0.124519|
|         428|   -5.575269|   -2.318259|   -2.886346|   -0.133080|
|         429|   -5.582019|   -2.326633|   -2.894911|   -0.141655|
|         430|   -5.588776|   -2.335028|   -2.903465|   -0.150244|
+-----------------------------------------------------------------------+
|        File Writing Summary       |              Filename             |
+-----------------------------------------------------------------------+
|SU2 binary restart                 |restart_flow.dat                   |

Writing the forces breakdown file (forces_breakdown.dat).
+-----------------------------------------------------------------------+
+----------------------------------------------------------------+
|  Inner_Iter|    rms[Rho]|   rms[RhoU]|   rms[RhoV]|   rms[RhoE]|
+----------------------------------------------------------------+
|         431|   -5.595542|   -2.343444|   -2.912008|   -0.158849|
|         432|   -5.602317|   -2.351881|   -2.920538|   -0.167468|
|         433|   -5.609101|   -2.360339|   -2.929056|   -0.176101|
|         434|   -5.615894|   -2.368819|   -2.937561|   -0.184750|
|         435|   -5.622698|   -2.377321|   -2.946053|   -0.193412|
|         436|   -5.629511|   -2.385844|   -2.954531|   -0.202089|
|         437|   -5.636336|   -2.394389|   -2.962996|   -0.210781|
|         438|   -5.643171|   -2.402955|   -2.971446|   -0.219487|
|         439|   -5.650017|   -2.411544|   -2.979881|   -0.228207|
|         440|   -5.656874|   -2.420155|   -2.988301|   -0.236941|
+-----------------------------------------------------------------------+
|        File Writing Summary       |              Filename             |
+-----------------------------------------------------------------------+
|SU2 binary restart                 |restart_flow.dat                   |

Writing the forces breakdown file (forces_breakdown.dat).
+-----------------------------------------------------------------------+
+----------------------------------------------------------------+
|  Inner_Iter|    rms[Rho]|   rms[RhoU]|   rms[RhoV]|   rms[RhoE]|
+----------------------------------------------------------------+
|         441|   -5.663743|   -2.428787|   -2.996705|   -0.245689|
|         442|   -5.670623|   -2.437442|   -3.005094|   -0.254450|
|         443|   -5.677516|   -2.446118|   -3.013466|   -0.263224|
|         444|   -5.684421|   -2.454817|   -3.021822|   -0.272011|
|         445|   -5.691339|   -2.463537|   -3.030161|   -0.280812|
|         446|   -5.698270|   -2.472279|   -3.038482|   -0.289625|
|         447|   -5.705214|   -2.481043|   -3.046785|   -0.298450|
|         448|   -5.712171|   -2.489828|   -3.055070|   -0.307288|
|         449|   -5.719143|   -2.498636|   -3.063335|   -0.316137|
|         450|   -5.726128|   -2.507464|   -3.071581|   -0.324998|
+-----------------------------------------------------------------------+
|        File Writing Summary       |              Filename             |
+-----------------------------------------------------------------------+
|SU2 binary restart                 |restart_flow.dat                   |

Writing the forces breakdown file (forces_breakdown.dat).
+-----------------------------------------------------------------------+
+----------------------------------------------------------------+
|  Inner_Iter|    rms[Rho]|   rms[RhoU]|   rms[RhoV]|   rms[RhoE]|
+----------------------------------------------------------------+
|         451|   -5.733128|   -2.516314|   -3.079808|   -0.333870|
|         452|   -5.740142|   -2.525186|   -3.088014|   -0.342752|
|         453|   -5.747170|   -2.534078|   -3.096199|   -0.351645|
|         454|   -5.754213|   -2.542990|   -3.104363|   -0.360547|
|         455|   -5.761271|   -2.551924|   -3.112506|   -0.369459|
|         456|   -5.768345|   -2.560877|   -3.120626|   -0.378379|
|         457|   -5.775433|   -2.569850|   -3.128724|   -0.387307|
|         458|   -5.782536|   -2.578843|   -3.136798|   -0.396243|
|         459|   -5.789655|   -2.587855|   -3.144849|   -0.405185|
|         460|   -5.796790|   -2.596885|   -3.152875|   -0.414134|
+-----------------------------------------------------------------------+
|        File Writing Summary       |              Filename             |
+-----------------------------------------------------------------------+
|SU2 binary restart                 |restart_flow.dat                   |

Writing the forces breakdown file (forces_breakdown.dat).
+-----------------------------------------------------------------------+
+----------------------------------------------------------------+
|  Inner_Iter|    rms[Rho]|   rms[RhoU]|   rms[RhoV]|   rms[RhoE]|
+----------------------------------------------------------------+
|         461|   -5.803939|   -2.605934|   -3.160877|   -0.423088|
|         462|   -5.811105|   -2.615001|   -3.168853|   -0.432047|
|         463|   -5.818286|   -2.624085|   -3.176804|   -0.441009|
|         464|   -5.825483|   -2.633186|   -3.184728|   -0.449975|
|         465|   -5.832695|   -2.642303|   -3.192625|   -0.458943|
|         466|   -5.839924|   -2.651436|   -3.200495|   -0.467912|
|         467|   -5.847168|   -2.660584|   -3.208337|   -0.476882|
|         468|   -5.854429|   -2.669746|   -3.216151|   -0.485852|
|         469|   -5.861705|   -2.678922|   -3.223935|   -0.494820|
|         470|   -5.868997|   -2.688111|   -3.231690|   -0.503786|
+-----------------------------------------------------------------------+
|        File Writing Summary       |              Filename             |
+-----------------------------------------------------------------------+
|SU2 binary restart                 |restart_flow.dat                   |

Writing the forces breakdown file (forces_breakdown.dat).
+-----------------------------------------------------------------------+
+----------------------------------------------------------------+
|  Inner_Iter|    rms[Rho]|   rms[RhoU]|   rms[RhoV]|   rms[RhoE]|
+----------------------------------------------------------------+
|         471|   -5.876306|   -2.697313|   -3.239416|   -0.512750|
|         472|   -5.883630|   -2.706525|   -3.247111|   -0.521708|
|         473|   -5.890970|   -2.715749|   -3.254775|   -0.530662|
|         474|   -5.898326|   -2.724982|   -3.262408|   -0.539609|
|         475|   -5.905699|   -2.734224|   -3.270010|   -0.548548|
|         476|   -5.913087|   -2.743474|   -3.277580|   -0.557479|
|         477|   -5.920491|   -2.752730|   -3.285117|   -0.566400|
|         478|   -5.927911|   -2.761993|   -3.292622|   -0.575310|
|         479|   -5.935346|   -2.771261|   -3.300094|   -0.584207|
|         480|   -5.942798|   -2.780532|   -3.307534|   -0.593091|
+-----------------------------------------------------------------------+
|        File Writing Summary       |              Filename             |
+-----------------------------------------------------------------------+
|SU2 binary restart                 |restart_flow.dat                   |

Writing the forces breakdown file (forces_breakdown.dat).
+-----------------------------------------------------------------------+
+----------------------------------------------------------------+
|  Inner_Iter|    rms[Rho]|   rms[RhoU]|   rms[RhoV]|   rms[RhoE]|
+----------------------------------------------------------------+
|         481|   -5.950265|   -2.789806|   -3.314939|   -0.601960|
|         482|   -5.957748|   -2.799081|   -3.322312|   -0.610813|
|         483|   -5.965247|   -2.808356|   -3.329650|   -0.619649|
|         484|   -5.972761|   -2.817631|   -3.336955|   -0.628466|
|         485|   -5.980291|   -2.826903|   -3.344226|   -0.637263|
|         486|   -5.987837|   -2.836171|   -3.351462|   -0.646038|
|         487|   -5.995398|   -2.845434|   -3.358665|   -0.654791|
|         488|   -6.002975|   -2.854691|   -3.365834|   -0.663520|
|         489|   -6.010568|   -2.863940|   -3.372968|   -0.672223|
|         490|   -6.018176|   -2.873179|   -3.380069|   -0.680899|
+-----------------------------------------------------------------------+
|        File Writing Summary       |              Filename             |
+-----------------------------------------------------------------------+
|SU2 binary restart                 |restart_flow.dat                   |

Writing the forces breakdown file (forces_breakdown.dat).
+-----------------------------------------------------------------------+
+----------------------------------------------------------------+
|  Inner_Iter|    rms[Rho]|   rms[RhoU]|   rms[RhoV]|   rms[RhoE]|
+----------------------------------------------------------------+
|         491|   -6.025799|   -2.882407|   -3.387136|   -0.689547|
|         492|   -6.033437|   -2.891623|   -3.394168|   -0.698165|
|         493|   -6.041091|   -2.900824|   -3.401168|   -0.706752|
|         494|   -6.048760|   -2.910009|   -3.408133|   -0.715307|
|         495|   -6.056444|   -2.919177|   -3.415066|   -0.723827|
|         496|   -6.064143|   -2.928325|   -3.421965|   -0.732312|
|         497|   -6.071857|   -2.937453|   -3.428832|   -0.740760|
|         498|   -6.079586|   -2.946557|   -3.435666|   -0.749170|
|         499|   -6.087329|   -2.955636|   -3.442468|   -0.757540|
|         500|   -6.095088|   -2.964689|   -3.449239|   -0.765869|
+-----------------------------------------------------------------------+
|        File Writing Summary       |              Filename             |
+-----------------------------------------------------------------------+
|SU2 binary restart                 |restart_flow.dat                   |

Writing the forces breakdown file (forces_breakdown.dat).
|Paraview                           |flow.vtu                           |

Writing the forces breakdown file (forces_breakdown.dat).
|Paraview surface                   |surface_flow.vtu                   |

Writing the forces breakdown file (forces_breakdown.dat).
|CSV file                           |surface_flow.csv                   |

Writing the forces breakdown file (forces_breakdown.dat).
+-----------------------------------------------------------------------+
+----------------------------------------------------------------+
|  Inner_Iter|    rms[Rho]|   rms[RhoU]|   rms[RhoV]|   rms[RhoE]|
+----------------------------------------------------------------+
|         501|   -6.102860|   -2.973713|   -3.455978|   -0.774156|
|         502|   -6.110648|   -2.982707|   -3.462685|   -0.782399|
|         503|   -6.118449|   -2.991668|   -3.469363|   -0.790597|
|         504|   -6.126265|   -3.000595|   -3.476010|   -0.798749|
|         505|   -6.134095|   -3.009486|   -3.482627|   -0.806854|
|         506|   -6.141939|   -3.018338|   -3.489215|   -0.814910|
|         507|   -6.149797|   -3.027150|   -3.495774|   -0.822917|
|         508|   -6.157669|   -3.035920|   -3.502306|   -0.830873|
|         509|   -6.165554|   -3.044646|   -3.508809|   -0.838776|
|         510|   -6.173453|   -3.053325|   -3.515286|   -0.846627|
+-----------------------------------------------------------------------+
|        File Writing Summary       |              Filename             |
+-----------------------------------------------------------------------+
|SU2 binary restart                 |restart_flow.dat                   |

Writing the forces breakdown file (forces_breakdown.dat).
+-----------------------------------------------------------------------+
+----------------------------------------------------------------+
|  Inner_Iter|    rms[Rho]|   rms[RhoU]|   rms[RhoV]|   rms[RhoE]|
+----------------------------------------------------------------+
|         511|   -6.181364|   -3.061956|   -3.521736|   -0.854424|
|         512|   -6.189289|   -3.070538|   -3.528160|   -0.862166|
|         513|   -6.197227|   -3.079067|   -3.534558|   -0.869853|
|         514|   -6.205177|   -3.087542|   -3.540932|   -0.877483|
|         515|   -6.213140|   -3.095962|   -3.547282|   -0.885056|
|         516|   -6.221115|   -3.104324|   -3.553609|   -0.892571|
|         517|   -6.229102|   -3.112627|   -3.559913|   -0.900028|
|         518|   -6.237101|   -3.120869|   -3.566195|   -0.907425|
|         519|   -6.245112|   -3.129049|   -3.572455|   -0.914764|
|         520|   -6.253133|   -3.137164|   -3.578695|   -0.922043|
+-----------------------------------------------------------------------+
|        File Writing Summary       |              Filename             |
+-----------------------------------------------------------------------+
|SU2 binary restart                 |restart_flow.dat                   |

Writing the forces breakdown file (forces_breakdown.dat).
+-----------------------------------------------------------------------+
+----------------------------------------------------------------+
|  Inner_Iter|    rms[Rho]|   rms[RhoU]|   rms[RhoV]|   rms[RhoE]|
+----------------------------------------------------------------+
|         521|   -6.261166|   -3.145213|   -3.584914|   -0.929262|
|         522|   -6.269210|   -3.153196|   -3.591115|   -0.936421|
|         523|   -6.277265|   -3.161110|   -3.597296|   -0.943520|
|         524|   -6.285329|   -3.168954|   -3.603460|   -0.950558|
|         525|   -6.293404|   -3.176727|   -3.609607|   -0.957536|
|         526|   -6.301488|   -3.184428|   -3.615737|   -0.964455|
|         527|   -6.309582|   -3.192056|   -3.621851|   -0.971313|
|         528|   -6.317684|   -3.199610|   -3.627950|   -0.978111|
|         529|   -6.325796|   -3.207090|   -3.634035|   -0.984851|
|         530|   -6.333915|   -3.214494|   -3.640106|   -0.991531|
+-----------------------------------------------------------------------+
|        File Writing Summary       |              Filename             |
+-----------------------------------------------------------------------+
|SU2 binary restart                 |restart_flow.dat                   |

Writing the forces breakdown file (forces_breakdown.dat).
+-----------------------------------------------------------------------+
+----------------------------------------------------------------+
|  Inner_Iter|    rms[Rho]|   rms[RhoU]|   rms[RhoV]|   rms[RhoE]|
+----------------------------------------------------------------+
|         531|   -6.342043|   -3.221823|   -3.646165|   -0.998154|
|         532|   -6.350178|   -3.229075|   -3.652211|   -1.004718|
|         533|   -6.358320|   -3.236251|   -3.658246|   -1.011226|
|         534|   -6.366470|   -3.243350|   -3.664270|   -1.017677|
|         535|   -6.374625|   -3.250372|   -3.670284|   -1.024073|
|         536|   -6.382787|   -3.257318|   -3.676288|   -1.030414|
|         537|   -6.390954|   -3.264187|   -3.682285|   -1.036702|
|         538|   -6.399127|   -3.270980|   -3.688273|   -1.042937|
|         539|   -6.407304|   -3.277697|   -3.694254|   -1.049120|
|         540|   -6.415486|   -3.284340|   -3.700228|   -1.055253|
+-----------------------------------------------------------------------+
|        File Writing Summary       |              Filename             |
+-----------------------------------------------------------------------+
|SU2 binary restart                 |restart_flow.dat                   |

Writing the forces breakdown file (forces_breakdown.dat).
+-----------------------------------------------------------------------+
+----------------------------------------------------------------+
|  Inner_Iter|    rms[Rho]|   rms[RhoU]|   rms[RhoV]|   rms[RhoE]|
+----------------------------------------------------------------+
|         541|   -6.423671|   -3.290907|   -3.706197|   -1.061336|
|         542|   -6.431860|   -3.297402|   -3.712161|   -1.067372|
|         543|   -6.440052|   -3.303823|   -3.718120|   -1.073361|
|         544|   -6.448246|   -3.310173|   -3.724075|   -1.079304|
|         545|   -6.456442|   -3.316452|   -3.730027|   -1.085203|
|         546|   -6.464640|   -3.322662|   -3.735977|   -1.091060|
|         547|   -6.472838|   -3.328804|   -3.741925|   -1.096875|
|         548|   -6.481037|   -3.334879|   -3.747872|   -1.102650|
|         549|   -6.489236|   -3.340889|   -3.753819|   -1.108387|
|         550|   -6.497434|   -3.346836|   -3.759765|   -1.114087|
+-----------------------------------------------------------------------+
|        File Writing Summary       |              Filename             |
+-----------------------------------------------------------------------+
|SU2 binary restart                 |restart_flow.dat                   |

Writing the forces breakdown file (forces_breakdown.dat).
+-----------------------------------------------------------------------+
+----------------------------------------------------------------+
|  Inner_Iter|    rms[Rho]|   rms[RhoU]|   rms[RhoV]|   rms[RhoE]|
+----------------------------------------------------------------+
|         551|   -6.505630|   -3.352721|   -3.765712|   -1.119752|
|         552|   -6.513825|   -3.358545|   -3.771661|   -1.125383|
|         553|   -6.522017|   -3.364311|   -3.777612|   -1.130981|
|         554|   -6.530207|   -3.370021|   -3.783565|   -1.136549|
|         555|   -6.538393|   -3.375676|   -3.789521|   -1.142087|
|         556|   -6.546575|   -3.381278|   -3.795481|   -1.147598|
|         557|   -6.554752|   -3.386830|   -3.801445|   -1.153082|
|         558|   -6.562924|   -3.392333|   -3.807414|   -1.158542|
|         559|   -6.571089|   -3.397789|   -3.813389|   -1.163979|
|         560|   -6.579249|   -3.403200|   -3.819369|   -1.169394|
+-----------------------------------------------------------------------+
|        File Writing Summary       |              Filename             |
+-----------------------------------------------------------------------+
|SU2 binary restart                 |restart_flow.dat                   |

Writing the forces breakdown file (forces_breakdown.dat).
+-----------------------------------------------------------------------+
+----------------------------------------------------------------+
|  Inner_Iter|    rms[Rho]|   rms[RhoU]|   rms[RhoV]|   rms[RhoE]|
+----------------------------------------------------------------+
|         561|   -6.587401|   -3.408569|   -3.825356|   -1.174790|
|         562|   -6.595546|   -3.413897|   -3.831350|   -1.180167|
|         563|   -6.603682|   -3.419187|   -3.837351|   -1.185526|
|         564|   -6.611809|   -3.424441|   -3.843360|   -1.190871|
|         565|   -6.619927|   -3.429660|   -3.849378|   -1.196201|
|         566|   -6.628034|   -3.434848|   -3.855405|   -1.201518|
|         567|   -6.636131|   -3.440005|   -3.861441|   -1.206825|
|         568|   -6.644215|   -3.445134|   -3.867487|   -1.212121|
|         569|   -6.652288|   -3.450237|   -3.873543|   -1.217409|
|         570|   -6.660348|   -3.455316|   -3.879610|   -1.222691|
+-----------------------------------------------------------------------+
|        File Writing Summary       |              Filename             |
+-----------------------------------------------------------------------+
|SU2 binary restart                 |restart_flow.dat                   |

Writing the forces breakdown file (forces_breakdown.dat).
+-----------------------------------------------------------------------+
+----------------------------------------------------------------+
|  Inner_Iter|    rms[Rho]|   rms[RhoU]|   rms[RhoV]|   rms[RhoE]|
+----------------------------------------------------------------+
|         571|   -6.668395|   -3.460373|   -3.885689|   -1.227966|
|         572|   -6.676428|   -3.465410|   -3.891779|   -1.233237|
|         573|   -6.684446|   -3.470429|   -3.897881|   -1.238504|
|         574|   -6.692449|   -3.475431|   -3.903996|   -1.243770|
|         575|   -6.700436|   -3.480419|   -3.910123|   -1.249035|
|         576|   -6.708407|   -3.485395|   -3.916264|   -1.254301|
|         577|   -6.716361|   -3.490360|   -3.922419|   -1.259568|
|         578|   -6.724298|   -3.495315|   -3.928588|   -1.264838|
|         579|   -6.732216|   -3.500264|   -3.934771|   -1.270112|
|         580|   -6.740116|   -3.505206|   -3.940968|   -1.275391|
+-----------------------------------------------------------------------+
|        File Writing Summary       |              Filename             |
+-----------------------------------------------------------------------+
|SU2 binary restart                 |restart_flow.dat                   |

Writing the forces breakdown file (forces_breakdown.dat).
+-----------------------------------------------------------------------+
+----------------------------------------------------------------+
|  Inner_Iter|    rms[Rho]|   rms[RhoU]|   rms[RhoV]|   rms[RhoE]|
+----------------------------------------------------------------+
|         581|   -6.747996|   -3.510145|   -3.947181|   -1.280676|
|         582|   -6.755857|   -3.515081|   -3.953410|   -1.285968|
|         583|   -6.763698|   -3.520016|   -3.959654|   -1.291268|
|         584|   -6.771517|   -3.524952|   -3.965914|   -1.296577|
|         585|   -6.779316|   -3.529889|   -3.972191|   -1.301896|
|         586|   -6.787092|   -3.534830|   -3.978484|   -1.307226|
|         587|   -6.794846|   -3.539776|   -3.984795|   -1.312567|
|         588|   -6.802578|   -3.544728|   -3.991122|   -1.317921|
|         589|   -6.810286|   -3.549687|   -3.997468|   -1.323288|
|         590|   -6.817971|   -3.554654|   -4.003831|   -1.328670|
+-----------------------------------------------------------------------+
|        File Writing Summary       |              Filename             |
+-----------------------------------------------------------------------+
|SU2 binary restart                 |restart_flow.dat                   |

Writing the forces breakdown file (forces_breakdown.dat).
+-----------------------------------------------------------------------+
+----------------------------------------------------------------+
|  Inner_Iter|    rms[Rho]|   rms[RhoU]|   rms[RhoV]|   rms[RhoE]|
+----------------------------------------------------------------+
|         591|   -6.825632|   -3.559631|   -4.010212|   -1.334066|
|         592|   -6.833268|   -3.564620|   -4.016612|   -1.339478|
|         593|   -6.840880|   -3.569620|   -4.023030|   -1.344906|
|         594|   -6.848466|   -3.574633|   -4.029467|   -1.350352|
|         595|   -6.856027|   -3.579660|   -4.035923|   -1.355815|
|         596|   -6.863563|   -3.584702|   -4.042398|   -1.361296|
|         597|   -6.871072|   -3.589761|   -4.048893|   -1.366797|
|         598|   -6.878555|   -3.594836|   -4.055408|   -1.372317|
|         599|   -6.886011|   -3.599929|   -4.061942|   -1.377857|
|         600|   -6.893441|   -3.605040|   -4.068497|   -1.383418|
+-----------------------------------------------------------------------+
|        File Writing Summary       |              Filename             |
+-----------------------------------------------------------------------+
|SU2 binary restart                 |restart_flow.dat                   |

Writing the forces breakdown file (forces_breakdown.dat).
+-----------------------------------------------------------------------+
+----------------------------------------------------------------+
|  Inner_Iter|    rms[Rho]|   rms[RhoU]|   rms[RhoV]|   rms[RhoE]|
+----------------------------------------------------------------+
|         601|   -6.900844|   -3.610171|   -4.075072|   -1.389000|
|         602|   -6.908220|   -3.615323|   -4.081667|   -1.394604|
|         603|   -6.915568|   -3.620495|   -4.088283|   -1.400230|
|         604|   -6.922889|   -3.625689|   -4.094920|   -1.405879|
|         605|   -6.930182|   -3.630905|   -4.101578|   -1.411551|
|         606|   -6.937448|   -3.636144|   -4.108256|   -1.417247|
|         607|   -6.944687|   -3.641407|   -4.114956|   -1.422967|
|         608|   -6.951897|   -3.646695|   -4.121678|   -1.428711|
|         609|   -6.959080|   -3.652007|   -4.128420|   -1.434480|
|         610|   -6.966236|   -3.657344|   -4.135185|   -1.440274|
+-----------------------------------------------------------------------+
|        File Writing Summary       |              Filename             |
+-----------------------------------------------------------------------+
|SU2 binary restart                 |restart_flow.dat                   |

Writing the forces breakdown file (forces_breakdown.dat).
+-----------------------------------------------------------------------+
+----------------------------------------------------------------+
|  Inner_Iter|    rms[Rho]|   rms[RhoU]|   rms[RhoV]|   rms[RhoE]|
+----------------------------------------------------------------+
|         611|   -6.973363|   -3.662707|   -4.141971|   -1.446093|
|         612|   -6.980464|   -3.668096|   -4.148778|   -1.451939|
|         613|   -6.987537|   -3.673513|   -4.155608|   -1.457810|
|         614|   -6.994582|   -3.678957|   -4.162460|   -1.463709|
|         615|   -7.001601|   -3.684428|   -4.169334|   -1.469633|
|         616|   -7.008592|   -3.689927|   -4.176229|   -1.475585|
|         617|   -7.015557|   -3.695455|   -4.183147|   -1.481565|
|         618|   -7.022495|   -3.701012|   -4.190088|   -1.487572|
|         619|   -7.029407|   -3.706598|   -4.197050|   -1.493606|
|         620|   -7.036293|   -3.712214|   -4.204035|   -1.499669|
+-----------------------------------------------------------------------+
|        File Writing Summary       |              Filename             |
+-----------------------------------------------------------------------+
|SU2 binary restart                 |restart_flow.dat                   |

Writing the forces breakdown file (forces_breakdown.dat).
+-----------------------------------------------------------------------+
+----------------------------------------------------------------+
|  Inner_Iter|    rms[Rho]|   rms[RhoU]|   rms[RhoV]|   rms[RhoE]|
+----------------------------------------------------------------+
|         621|   -7.043153|   -3.717860|   -4.211042|   -1.505760|
|         622|   -7.049987|   -3.723536|   -4.218072|   -1.511880|
|         623|   -7.056797|   -3.729242|   -4.225124|   -1.518028|
|         624|   -7.063581|   -3.734979|   -4.232199|   -1.524205|
|         625|   -7.070341|   -3.740747|   -4.239296|   -1.530411|
|         626|   -7.077078|   -3.746547|   -4.246416|   -1.536647|
|         627|   -7.083790|   -3.752377|   -4.253558|   -1.542912|
|         628|   -7.090479|   -3.758240|   -4.260723|   -1.549206|
|         629|   -7.097146|   -3.764135|   -4.267910|   -1.555530|
|         630|   -7.103790|   -3.770061|   -4.275119|   -1.561884|
+-----------------------------------------------------------------------+
|        File Writing Summary       |              Filename             |
+-----------------------------------------------------------------------+
|SU2 binary restart                 |restart_flow.dat                   |

Writing the forces breakdown file (forces_breakdown.dat).
+-----------------------------------------------------------------------+
+----------------------------------------------------------------+
|  Inner_Iter|    rms[Rho]|   rms[RhoU]|   rms[RhoV]|   rms[RhoE]|
+----------------------------------------------------------------+
|         631|   -7.110412|   -3.776020|   -4.282351|   -1.568268|
|         632|   -7.117012|   -3.782012|   -4.289606|   -1.574682|
|         633|   -7.123592|   -3.788036|   -4.296883|   -1.581126|
|         634|   -7.130152|   -3.794093|   -4.304182|   -1.587601|
|         635|   -7.136691|   -3.800183|   -4.311503|   -1.594106|
|         636|   -7.143211|   -3.806306|   -4.318847|   -1.600642|
|         637|   -7.149712|   -3.812462|   -4.326212|   -1.607208|
|         638|   -7.156195|   -3.818652|   -4.333600|   -1.613805|
|         639|   -7.162661|   -3.824875|   -4.341010|   -1.620432|
|         640|   -7.169109|   -3.831132|   -4.348442|   -1.627091|
+-----------------------------------------------------------------------+
|        File Writing Summary       |              Filename             |
+-----------------------------------------------------------------------+
|SU2 binary restart                 |restart_flow.dat                   |

Writing the forces breakdown file (forces_breakdown.dat).
+-----------------------------------------------------------------------+
+----------------------------------------------------------------+
|  Inner_Iter|    rms[Rho]|   rms[RhoU]|   rms[RhoV]|   rms[RhoE]|
+----------------------------------------------------------------+
|         641|   -7.175541|   -3.837423|   -4.355895|   -1.633780|
|         642|   -7.181956|   -3.843747|   -4.363371|   -1.640501|
|         643|   -7.188356|   -3.850105|   -4.370868|   -1.647252|
|         644|   -7.194742|   -3.856497|   -4.378386|   -1.654035|
|         645|   -7.201113|   -3.862924|   -4.385926|   -1.660848|
|         646|   -7.207470|   -3.869384|   -4.393487|   -1.667693|
|         647|   -7.213815|   -3.875879|   -4.401070|   -1.674569|
|         648|   -7.220147|   -3.882408|   -4.408673|   -1.681477|
|         649|   -7.226467|   -3.888971|   -4.416297|   -1.688415|
|         650|   -7.232777|   -3.895569|   -4.423942|   -1.695385|
+-----------------------------------------------------------------------+
|        File Writing Summary       |              Filename             |
+-----------------------------------------------------------------------+
|SU2 binary restart                 |restart_flow.dat                   |

Writing the forces breakdown file (forces_breakdown.dat).
+-----------------------------------------------------------------------+
+----------------------------------------------------------------+
|  Inner_Iter|    rms[Rho]|   rms[RhoU]|   rms[RhoV]|   rms[RhoE]|
+----------------------------------------------------------------+
|         651|   -7.239075|   -3.902201|   -4.431608|   -1.702387|
|         652|   -7.245364|   -3.908867|   -4.439293|   -1.709419|
|         653|   -7.251643|   -3.915568|   -4.447000|   -1.716483|
|         654|   -7.257914|   -3.922304|   -4.454726|   -1.723579|
|         655|   -7.264176|   -3.929075|   -4.462472|   -1.730705|
|         656|   -7.270431|   -3.935880|   -4.470237|   -1.737863|
|         657|   -7.276680|   -3.942719|   -4.478023|   -1.745053|
|         658|   -7.282921|   -3.949594|   -4.485827|   -1.752273|
|         659|   -7.289157|   -3.956503|   -4.493650|   -1.759526|
|         660|   -7.295388|   -3.963446|   -4.501492|   -1.766809|
+-----------------------------------------------------------------------+
|        File Writing Summary       |              Filename             |
+-----------------------------------------------------------------------+
|SU2 binary restart                 |restart_flow.dat                   |

Writing the forces breakdown file (forces_breakdown.dat).
+-----------------------------------------------------------------------+
+----------------------------------------------------------------+
|  Inner_Iter|    rms[Rho]|   rms[RhoU]|   rms[RhoV]|   rms[RhoE]|
+----------------------------------------------------------------+
|         661|   -7.301615|   -3.970425|   -4.509353|   -1.774124|
|         662|   -7.307837|   -3.977438|   -4.517232|   -1.781469|
|         663|   -7.314056|   -3.984486|   -4.525129|   -1.788847|
|         664|   -7.320272|   -3.991569|   -4.533044|   -1.796255|
|         665|   -7.326486|   -3.998687|   -4.540976|   -1.803694|
|         666|   -7.332698|   -4.005839|   -4.548926|   -1.811164|
|         667|   -7.338909|   -4.013026|   -4.556892|   -1.818666|
|         668|   -7.345119|   -4.020248|   -4.564875|   -1.826198|
|         669|   -7.351329|   -4.027504|   -4.572874|   -1.833761|
|         670|   -7.357539|   -4.034795|   -4.580890|   -1.841355|
+-----------------------------------------------------------------------+
|        File Writing Summary       |              Filename             |
+-----------------------------------------------------------------------+
|SU2 binary restart                 |restart_flow.dat                   |

Writing the forces breakdown file (forces_breakdown.dat).
+-----------------------------------------------------------------------+
+----------------------------------------------------------------+
|  Inner_Iter|    rms[Rho]|   rms[RhoU]|   rms[RhoV]|   rms[RhoE]|
+----------------------------------------------------------------+
|         671|   -7.363750|   -4.042121|   -4.588921|   -1.848979|
|         672|   -7.369963|   -4.049481|   -4.596967|   -1.856634|
|         673|   -7.376177|   -4.056876|   -4.605028|   -1.864319|
|         674|   -7.382394|   -4.064305|   -4.613104|   -1.872035|
|         675|   -7.388613|   -4.071769|   -4.621194|   -1.879781|
|         676|   -7.394835|   -4.079267|   -4.629297|   -1.887557|
|         677|   -7.401062|   -4.086799|   -4.637414|   -1.895362|
|         678|   -7.407292|   -4.094366|   -4.645544|   -1.903198|
|         679|   -7.413526|   -4.101966|   -4.653686|   -1.911062|
|         680|   -7.419766|   -4.109601|   -4.661840|   -1.918957|
+-----------------------------------------------------------------------+
|        File Writing Summary       |              Filename             |
+-----------------------------------------------------------------------+
|SU2 binary restart                 |restart_flow.dat                   |

Writing the forces breakdown file (forces_breakdown.dat).
+-----------------------------------------------------------------------+
+----------------------------------------------------------------+
|  Inner_Iter|    rms[Rho]|   rms[RhoU]|   rms[RhoV]|   rms[RhoE]|
+----------------------------------------------------------------+
|         681|   -7.426011|   -4.117270|   -4.670005|   -1.926880|
|         682|   -7.432262|   -4.124972|   -4.678181|   -1.934833|
|         683|   -7.438518|   -4.132708|   -4.686368|   -1.942814|
|         684|   -7.444782|   -4.140478|   -4.694565|   -1.950825|
|         685|   -7.451052|   -4.148282|   -4.702770|   -1.958863|
|         686|   -7.457330|   -4.156119|   -4.710985|   -1.966930|
|         687|   -7.463615|   -4.163989|   -4.719208|   -1.975025|
|         688|   -7.469908|   -4.171893|   -4.727438|   -1.983148|
|         689|   -7.476210|   -4.179830|   -4.735675|   -1.991299|
|         690|   -7.482520|   -4.187800|   -4.743919|   -1.999477|
+-----------------------------------------------------------------------+
|        File Writing Summary       |              Filename             |
+-----------------------------------------------------------------------+
|SU2 binary restart                 |restart_flow.dat                   |

Writing the forces breakdown file (forces_breakdown.dat).
+-----------------------------------------------------------------------+
+----------------------------------------------------------------+
|  Inner_Iter|    rms[Rho]|   rms[RhoU]|   rms[RhoV]|   rms[RhoE]|
+----------------------------------------------------------------+
|         691|   -7.488840|   -4.195803|   -4.752168|   -2.007682|
|         692|   -7.495169|   -4.203839|   -4.760422|   -2.015914|
|         693|   -7.501508|   -4.211908|   -4.768681|   -2.024173|
|         694|   -7.507857|   -4.220009|   -4.776944|   -2.032459|
|         695|   -7.514217|   -4.228143|   -4.785209|   -2.040770|
|         696|   -7.520587|   -4.236309|   -4.793478|   -2.049108|
|         697|   -7.526969|   -4.244507|   -4.801748|   -2.057472|
|         698|   -7.533363|   -4.252738|   -4.810019|   -2.065861|
|         699|   -7.539768|   -4.261001|   -4.818291|   -2.074276|
|         700|   -7.546186|   -4.269295|   -4.826563|   -2.082715|
+-----------------------------------------------------------------------+
|        File Writing Summary       |              Filename             |
+-----------------------------------------------------------------------+
|SU2 binary restart                 |restart_flow.dat                   |

Writing the forces breakdown file (forces_breakdown.dat).
+-----------------------------------------------------------------------+
+----------------------------------------------------------------+
|  Inner_Iter|    rms[Rho]|   rms[RhoU]|   rms[RhoV]|   rms[RhoE]|
+----------------------------------------------------------------+
|         701|   -7.552616|   -4.277622|   -4.834834|   -2.091179|
|         702|   -7.559059|   -4.285980|   -4.843103|   -2.099668|
|         703|   -7.565516|   -4.294369|   -4.851371|   -2.108181|
|         704|   -7.571986|   -4.302790|   -4.859635|   -2.116717|
|         705|   -7.578470|   -4.311242|   -4.867897|   -2.125277|
|         706|   -7.584968|   -4.319724|   -4.876154|   -2.133860|
|         707|   -7.591481|   -4.328238|   -4.884406|   -2.142465|
|         708|   -7.598008|   -4.336782|   -4.892652|   -2.151093|
|         709|   -7.604550|   -4.345356|   -4.900893|   -2.159743|
|         710|   -7.611108|   -4.353960|   -4.909126|   -2.168414|
+-----------------------------------------------------------------------+
|        File Writing Summary       |              Filename             |
+-----------------------------------------------------------------------+
|SU2 binary restart                 |restart_flow.dat                   |

Writing the forces breakdown file (forces_breakdown.dat).
+-----------------------------------------------------------------------+
+----------------------------------------------------------------+
|  Inner_Iter|    rms[Rho]|   rms[RhoU]|   rms[RhoV]|   rms[RhoE]|
+----------------------------------------------------------------+
|         711|   -7.617681|   -4.362594|   -4.917352|   -2.177106|
|         712|   -7.624270|   -4.371258|   -4.925570|   -2.185818|
|         713|   -7.630875|   -4.379951|   -4.933778|   -2.194550|
|         714|   -7.637496|   -4.388672|   -4.941977|   -2.203302|
|         715|   -7.644133|   -4.397422|   -4.950165|   -2.212072|
|         716|   -7.650787|   -4.406201|   -4.958342|   -2.220860|
|         717|   -7.657457|   -4.415007|   -4.966507|   -2.229666|
|         718|   -7.664145|   -4.423840|   -4.974659|   -2.238489|
|         719|   -7.670849|   -4.432701|   -4.982798|   -2.247328|
|         720|   -7.677571|   -4.441588|   -4.990923|   -2.256183|
+-----------------------------------------------------------------------+
|        File Writing Summary       |              Filename             |
+-----------------------------------------------------------------------+
|SU2 binary restart                 |restart_flow.dat                   |

Writing the forces breakdown file (forces_breakdown.dat).
+-----------------------------------------------------------------------+
+----------------------------------------------------------------+
|  Inner_Iter|    rms[Rho]|   rms[RhoU]|   rms[RhoV]|   rms[RhoE]|
+----------------------------------------------------------------+
|         721|   -7.684310|   -4.450500|   -4.999032|   -2.265052|
|         722|   -7.691066|   -4.459439|   -5.007126|   -2.273935|
|         723|   -7.697840|   -4.468402|   -5.015203|   -2.282831|
|         724|   -7.704631|   -4.477390|   -5.023262|   -2.291739|
|         725|   -7.711440|   -4.486401|   -5.031303|   -2.300659|
|         726|   -7.718267|   -4.495435|   -5.039325|   -2.309589|
|         727|   -7.725111|   -4.504492|   -5.047328|   -2.318529|
|         728|   -7.731974|   -4.513571|   -5.055309|   -2.327477|
|         729|   -7.738854|   -4.522671|   -5.063269|   -2.336432|
|         730|   -7.745752|   -4.531791|   -5.071207|   -2.345394|
+-----------------------------------------------------------------------+
|        File Writing Summary       |              Filename             |
+-----------------------------------------------------------------------+
|SU2 binary restart                 |restart_flow.dat                   |

Writing the forces breakdown file (forces_breakdown.dat).
+-----------------------------------------------------------------------+
+----------------------------------------------------------------+
|  Inner_Iter|    rms[Rho]|   rms[RhoU]|   rms[RhoV]|   rms[RhoE]|
+----------------------------------------------------------------+
|         731|   -7.752668|   -4.540930|   -5.079122|   -2.354361|
|         732|   -7.759601|   -4.550088|   -5.087013|   -2.363333|
|         733|   -7.766553|   -4.559264|   -5.094879|   -2.372307|
|         734|   -7.773522|   -4.568456|   -5.102720|   -2.381284|
|         735|   -7.780510|   -4.577665|   -5.110535|   -2.390261|
|         736|   -7.787515|   -4.586888|   -5.118323|   -2.399237|
|         737|   -7.794538|   -4.596126|   -5.126083|   -2.408212|
|         738|   -7.801578|   -4.605376|   -5.133815|   -2.417183|
|         739|   -7.808637|   -4.614638|   -5.141518|   -2.426150|
|         740|   -7.815713|   -4.623911|   -5.149191|   -2.435112|
+-----------------------------------------------------------------------+
|        File Writing Summary       |              Filename             |
+-----------------------------------------------------------------------+
|SU2 binary restart                 |restart_flow.dat                   |

Writing the forces breakdown file (forces_breakdown.dat).
+-----------------------------------------------------------------------+
+----------------------------------------------------------------+
|  Inner_Iter|    rms[Rho]|   rms[RhoU]|   rms[RhoV]|   rms[RhoE]|
+----------------------------------------------------------------+
|         741|   -7.822807|   -4.633193|   -5.156834|   -2.444065|
|         742|   -7.829918|   -4.642483|   -5.164446|   -2.453011|
|         743|   -7.837047|   -4.651780|   -5.172027|   -2.461946|
|         744|   -7.844193|   -4.661083|   -5.179576|   -2.470870|
|         745|   -7.851357|   -4.670391|   -5.187092|   -2.479780|
|         746|   -7.858538|   -4.679701|   -5.194576|   -2.488676|
|         747|   -7.865737|   -4.689013|   -5.202026|   -2.497557|
|         748|   -7.872952|   -4.698325|   -5.209443|   -2.506419|
|         749|   -7.880185|   -4.707636|   -5.216825|   -2.515262|
|         750|   -7.887435|   -4.716943|   -5.224173|   -2.524085|
+-----------------------------------------------------------------------+
|        File Writing Summary       |              Filename             |
+-----------------------------------------------------------------------+
|SU2 binary restart                 |restart_flow.dat                   |

Writing the forces breakdown file (forces_breakdown.dat).
|Paraview                           |flow.vtu                           |

Writing the forces breakdown file (forces_breakdown.dat).
|Paraview surface                   |surface_flow.vtu                   |

Writing the forces breakdown file (forces_breakdown.dat).
|CSV file                           |surface_flow.csv                   |

Writing the forces breakdown file (forces_breakdown.dat).
+-----------------------------------------------------------------------+
+----------------------------------------------------------------+
|  Inner_Iter|    rms[Rho]|   rms[RhoU]|   rms[RhoV]|   rms[RhoE]|
+----------------------------------------------------------------+
|         751|   -7.894702|   -4.726246|   -5.231487|   -2.532885|
|         752|   -7.901986|   -4.735543|   -5.238765|   -2.541661|
|         753|   -7.909287|   -4.744832|   -5.246009|   -2.550411|
|         754|   -7.916604|   -4.754111|   -5.253217|   -2.559134|
|         755|   -7.923938|   -4.763379|   -5.260390|   -2.567829|
|         756|   -7.931289|   -4.772634|   -5.267527|   -2.576493|
|         757|   -7.938657|   -4.781874|   -5.274629|   -2.585125|
|         758|   -7.946040|   -4.791097|   -5.281695|   -2.593723|
|         759|   -7.953440|   -4.800301|   -5.288726|   -2.602285|
|         760|   -7.960857|   -4.809484|   -5.295722|   -2.610811|
+-----------------------------------------------------------------------+
|        File Writing Summary       |              Filename             |
+-----------------------------------------------------------------------+
|SU2 binary restart                 |restart_flow.dat                   |

Writing the forces breakdown file (forces_breakdown.dat).
+-----------------------------------------------------------------------+
+----------------------------------------------------------------+
|  Inner_Iter|    rms[Rho]|   rms[RhoU]|   rms[RhoV]|   rms[RhoE]|
+----------------------------------------------------------------+
|         761|   -7.968289|   -4.818644|   -5.302682|   -2.619298|
|         762|   -7.975738|   -4.827780|   -5.309608|   -2.627745|
|         763|   -7.983202|   -4.836889|   -5.316498|   -2.636151|
|         764|   -7.990682|   -4.845969|   -5.323354|   -2.644513|
|         765|   -7.998178|   -4.855018|   -5.330175|   -2.652830|
|         766|   -8.005690|   -4.864034|   -5.336963|   -2.661101|
|         767|   -8.013216|   -4.873015|   -5.343716|   -2.669325|
|         768|   -8.020758|   -4.881958|   -5.350436|   -2.677499|
|         769|   -8.028316|   -4.890862|   -5.357124|   -2.685623|
|         770|   -8.035888|   -4.899725|   -5.363778|   -2.693695|
+-----------------------------------------------------------------------+
|        File Writing Summary       |              Filename             |
+-----------------------------------------------------------------------+
|SU2 binary restart                 |restart_flow.dat                   |

Writing the forces breakdown file (forces_breakdown.dat).
+-----------------------------------------------------------------------+
+----------------------------------------------------------------+
|  Inner_Iter|    rms[Rho]|   rms[RhoU]|   rms[RhoV]|   rms[RhoE]|
+----------------------------------------------------------------+
|         771|   -8.043475|   -4.908544|   -5.370401|   -2.701715|
|         772|   -8.051077|   -4.917316|   -5.376992|   -2.709680|
|         773|   -8.058693|   -4.926041|   -5.383551|   -2.717590|
|         774|   -8.066323|   -4.934716|   -5.390081|   -2.725443|
|         775|   -8.073968|   -4.943339|   -5.396580|   -2.733239|
|         776|   -8.081627|   -4.951907|   -5.403050|   -2.740976|
|         777|   -8.089299|   -4.960420|   -5.409491|   -2.748655|
|         778|   -8.096985|   -4.968874|   -5.415905|   -2.756273|
|         779|   -8.104684|   -4.977268|   -5.422290|   -2.763830|
|         780|   -8.112397|   -4.985600|   -5.428649|   -2.771326|
+-----------------------------------------------------------------------+
|        File Writing Summary       |              Filename             |
+-----------------------------------------------------------------------+
|SU2 binary restart                 |restart_flow.dat                   |

Writing the forces breakdown file (forces_breakdown.dat).
+-----------------------------------------------------------------------+
+----------------------------------------------------------------+
|  Inner_Iter|    rms[Rho]|   rms[RhoU]|   rms[RhoV]|   rms[RhoE]|
+----------------------------------------------------------------+
|         781|   -8.120122|   -4.993869|   -5.434982|   -2.778760|
|         782|   -8.127860|   -5.002072|   -5.441290|   -2.786132|
|         783|   -8.135611|   -5.010207|   -5.447573|   -2.793441|
|         784|   -8.143374|   -5.018275|   -5.453832|   -2.800687|
|         785|   -8.151149|   -5.026272|   -5.460068|   -2.807869|
|         786|   -8.158935|   -5.034197|   -5.466282|   -2.814988|
|         787|   -8.166733|   -5.042050|   -5.472474|   -2.822043|
|         788|   -8.174542|   -5.049828|   -5.478646|   -2.829035|
|         789|   -8.182362|   -5.057532|   -5.484798|   -2.835964|
|         790|   -8.190193|   -5.065159|   -5.490930|   -2.842829|
+-----------------------------------------------------------------------+
|        File Writing Summary       |              Filename             |
+-----------------------------------------------------------------------+
|SU2 binary restart                 |restart_flow.dat                   |

Writing the forces breakdown file (forces_breakdown.dat).
+-----------------------------------------------------------------------+
+----------------------------------------------------------------+
|  Inner_Iter|    rms[Rho]|   rms[RhoU]|   rms[RhoV]|   rms[RhoE]|
+----------------------------------------------------------------+
|         791|   -8.198034|   -5.072709|   -5.497045|   -2.849632|
|         792|   -8.205885|   -5.080182|   -5.503141|   -2.856373|
|         793|   -8.213745|   -5.087576|   -5.509222|   -2.863052|
|         794|   -8.221615|   -5.094892|   -5.515286|   -2.869670|
|         795|   -8.229494|   -5.102128|   -5.521336|   -2.876227|
|         796|   -8.237381|   -5.109284|   -5.527371|   -2.882725|
|         797|   -8.245277|   -5.116362|   -5.533393|   -2.889163|
|         798|   -8.253181|   -5.123359|   -5.539402|   -2.895544|
|         799|   -8.261092|   -5.130278|   -5.545400|   -2.901867|
|         800|   -8.269010|   -5.137117|   -5.551387|   -2.908135|
+-----------------------------------------------------------------------+
|        File Writing Summary       |              Filename             |
+-----------------------------------------------------------------------+
|SU2 binary restart                 |restart_flow.dat                   |

Writing the forces breakdown file (forces_breakdown.dat).
+-----------------------------------------------------------------------+
+----------------------------------------------------------------+
|  Inner_Iter|    rms[Rho]|   rms[RhoU]|   rms[RhoV]|   rms[RhoE]|
+----------------------------------------------------------------+
|         801|   -8.276935|   -5.143878|   -5.557364|   -2.914347|
|         802|   -8.284867|   -5.150560|   -5.563331|   -2.920506|
|         803|   -8.292805|   -5.157165|   -5.569290|   -2.926613|
|         804|   -8.300748|   -5.163694|   -5.575242|   -2.932668|
|         805|   -8.308696|   -5.170147|   -5.581187|   -2.938673|
|         806|   -8.316650|   -5.176525|   -5.587125|   -2.944630|
|         807|   -8.324607|   -5.182829|   -5.593059|   -2.950540|
|         808|   -8.332568|   -5.189062|   -5.598988|   -2.956404|
|         809|   -8.340533|   -5.195223|   -5.604913|   -2.962224|
|         810|   -8.348500|   -5.201315|   -5.610835|   -2.968002|
+-----------------------------------------------------------------------+
|        File Writing Summary       |              Filename             |
+-----------------------------------------------------------------------+
|SU2 binary restart                 |restart_flow.dat                   |

Writing the forces breakdown file (forces_breakdown.dat).
+-----------------------------------------------------------------------+
+----------------------------------------------------------------+
|  Inner_Iter|    rms[Rho]|   rms[RhoU]|   rms[RhoV]|   rms[RhoE]|
+----------------------------------------------------------------+
|         811|   -8.356470|   -5.207339|   -5.616755|   -2.973738|
|         812|   -8.364442|   -5.213296|   -5.622673|   -2.979435|
|         813|   -8.372415|   -5.219189|   -5.628590|   -2.985094|
|         814|   -8.380390|   -5.225019|   -5.634507|   -2.990717|
|         815|   -8.388365|   -5.230788|   -5.640425|   -2.996305|
|         816|   -8.396340|   -5.236497|   -5.646344|   -3.001859|
|         817|   -8.404314|   -5.242150|   -5.652265|   -3.007383|
|         818|   -8.412287|   -5.247747|   -5.658189|   -3.012876|
|         819|   -8.420259|   -5.253291|   -5.664115|   -3.018342|
|         820|   -8.428228|   -5.258784|   -5.670046|   -3.023781|
+-----------------------------------------------------------------------+
|        File Writing Summary       |              Filename             |
+-----------------------------------------------------------------------+
|SU2 binary restart                 |restart_flow.dat                   |

Writing the forces breakdown file (forces_breakdown.dat).
+-----------------------------------------------------------------------+
+----------------------------------------------------------------+
|  Inner_Iter|    rms[Rho]|   rms[RhoU]|   rms[RhoV]|   rms[RhoE]|
+----------------------------------------------------------------+
|         821|   -8.436195|   -5.264227|   -5.675981|   -3.029194|
|         822|   -8.444159|   -5.269624|   -5.681921|   -3.034585|
|         823|   -8.452119|   -5.274976|   -5.687866|   -3.039953|
|         824|   -8.460074|   -5.280285|   -5.693818|   -3.045302|
|         825|   -8.468025|   -5.285554|   -5.699777|   -3.050632|
|         826|   -8.475970|   -5.290784|   -5.705742|   -3.055944|
|         827|   -8.483910|   -5.295978|   -5.711716|   -3.061242|
|         828|   -8.491842|   -5.301138|   -5.717698|   -3.066525|
|         829|   -8.499768|   -5.306266|   -5.723690|   -3.071795|
|         830|   -8.507686|   -5.311364|   -5.729690|   -3.077055|
+-----------------------------------------------------------------------+
|        File Writing Summary       |              Filename             |
+-----------------------------------------------------------------------+
|SU2 binary restart                 |restart_flow.dat                   |

Writing the forces breakdown file (forces_breakdown.dat).
+-----------------------------------------------------------------------+
+----------------------------------------------------------------+
|  Inner_Iter|    rms[Rho]|   rms[RhoU]|   rms[RhoV]|   rms[RhoE]|
+----------------------------------------------------------------+
|         831|   -8.515596|   -5.316434|   -5.735701|   -3.082304|
|         832|   -8.523496|   -5.321478|   -5.741722|   -3.087545|
|         833|   -8.531387|   -5.326499|   -5.747754|   -3.092780|
|         834|   -8.539268|   -5.331498|   -5.753797|   -3.098008|
|         835|   -8.547139|   -5.336477|   -5.759852|   -3.103232|
|         836|   -8.554999|   -5.341438|   -5.765919|   -3.108454|
|         837|   -8.562846|   -5.346384|   -5.771999|   -3.113673|
|         838|   -8.570682|   -5.351315|   -5.778091|   -3.118892|
|         839|   -8.578505|   -5.356234|   -5.784197|   -3.124112|
|         840|   -8.586314|   -5.361143|   -5.790318|   -3.129333|
+-----------------------------------------------------------------------+
|        File Writing Summary       |              Filename             |
+-----------------------------------------------------------------------+
|SU2 binary restart                 |restart_flow.dat                   |

Writing the forces breakdown file (forces_breakdown.dat).
+-----------------------------------------------------------------------+
+----------------------------------------------------------------+
|  Inner_Iter|    rms[Rho]|   rms[RhoU]|   rms[RhoV]|   rms[RhoE]|
+----------------------------------------------------------------+
|         841|   -8.594109|   -5.366043|   -5.796452|   -3.134558|
|         842|   -8.601890|   -5.370936|   -5.802601|   -3.139786|
|         843|   -8.609656|   -5.375824|   -5.808764|   -3.145020|
|         844|   -8.617406|   -5.380707|   -5.814944|   -3.150259|
|         845|   -8.625140|   -5.385589|   -5.821138|   -3.155506|
|         846|   -8.632858|   -5.390470|   -5.827349|   -3.160761|
|         847|   -8.640557|   -5.395352|   -5.833576|   -3.166025|
|         848|   -8.648240|   -5.400236|   -5.839819|   -3.171299|
|         849|   -8.655905|   -5.405124|   -5.846080|   -3.176585|
|         850|   -8.663551|   -5.410017|   -5.852357|   -3.181882|
+-----------------------------------------------------------------------+
|        File Writing Summary       |              Filename             |
+-----------------------------------------------------------------------+
|SU2 binary restart                 |restart_flow.dat                   |

Writing the forces breakdown file (forces_breakdown.dat).
+-----------------------------------------------------------------------+
+----------------------------------------------------------------+
|  Inner_Iter|    rms[Rho]|   rms[RhoU]|   rms[RhoV]|   rms[RhoE]|
+----------------------------------------------------------------+
|         851|   -8.671178|   -5.414916|   -5.858652|   -3.187191|
|         852|   -8.678785|   -5.419823|   -5.864964|   -3.192514|
|         853|   -8.686373|   -5.424738|   -5.871295|   -3.197851|
|         854|   -8.693940|   -5.429663|   -5.877644|   -3.203203|
|         855|   -8.701486|   -5.434600|   -5.884011|   -3.208571|
|         856|   -8.709011|   -5.439548|   -5.890396|   -3.213955|
|         857|   -8.716515|   -5.444509|   -5.896801|   -3.219356|
|         858|   -8.723996|   -5.449485|   -5.903225|   -3.224775|
|         859|   -8.731455|   -5.454476|   -5.909668|   -3.230212|
|         860|   -8.738892|   -5.459483|   -5.916130|   -3.235668|
+-----------------------------------------------------------------------+
|        File Writing Summary       |              Filename             |
+-----------------------------------------------------------------------+
|SU2 binary restart                 |restart_flow.dat                   |

Writing the forces breakdown file (forces_breakdown.dat).
+-----------------------------------------------------------------------+
+----------------------------------------------------------------+
|  Inner_Iter|    rms[Rho]|   rms[RhoU]|   rms[RhoV]|   rms[RhoE]|
+----------------------------------------------------------------+
|         861|   -8.746305|   -5.464507|   -5.922613|   -3.241143|
|         862|   -8.753696|   -5.469549|   -5.929115|   -3.246640|
|         863|   -8.761064|   -5.474609|   -5.935637|   -3.252156|
|         864|   -8.768408|   -5.479689|   -5.942180|   -3.257694|
|         865|   -8.775727|   -5.484789|   -5.948743|   -3.263253|
|         866|   -8.783022|   -5.489911|   -5.955327|   -3.268834|
|         867|   -8.790293|   -5.495053|   -5.961931|   -3.274438|
|         868|   -8.797540|   -5.500218|   -5.968556|   -3.280065|
|         869|   -8.804762|   -5.505407|   -5.975202|   -3.285716|
|         870|   -8.811959|   -5.510618|   -5.981869|   -3.291390|
+-----------------------------------------------------------------------+
|        File Writing Summary       |              Filename             |
+-----------------------------------------------------------------------+
|SU2 binary restart                 |restart_flow.dat                   |

Writing the forces breakdown file (forces_breakdown.dat).
+-----------------------------------------------------------------------+
+----------------------------------------------------------------+
|  Inner_Iter|    rms[Rho]|   rms[RhoU]|   rms[RhoV]|   rms[RhoE]|
+----------------------------------------------------------------+
|         871|   -8.819132|   -5.515854|   -5.988558|   -3.297089|
|         872|   -8.826279|   -5.521115|   -5.995268|   -3.302812|
|         873|   -8.833402|   -5.526400|   -6.001999|   -3.308562|
|         874|   -8.840499|   -5.531712|   -6.008752|   -3.314335|
|         875|   -8.847572|   -5.537050|   -6.015527|   -3.320135|
|         876|   -8.854620|   -5.542414|   -6.022324|   -3.325960|
|         877|   -8.861642|   -5.547806|   -6.029142|   -3.331812|
|         878|   -8.868640|   -5.553225|   -6.035982|   -3.337690|
|         879|   -8.875614|   -5.558673|   -6.042844|   -3.343596|
|         880|   -8.882562|   -5.564148|   -6.049728|   -3.349528|
+-----------------------------------------------------------------------+
|        File Writing Summary       |              Filename             |
+-----------------------------------------------------------------------+
|SU2 binary restart                 |restart_flow.dat                   |

Writing the forces breakdown file (forces_breakdown.dat).
+-----------------------------------------------------------------------+
+----------------------------------------------------------------+
|  Inner_Iter|    rms[Rho]|   rms[RhoU]|   rms[RhoV]|   rms[RhoE]|
+----------------------------------------------------------------+
|         881|   -8.889486|   -5.569653|   -6.056634|   -3.355488|
|         882|   -8.896386|   -5.575186|   -6.063563|   -3.361476|
|         883|   -8.903261|   -5.580750|   -6.070513|   -3.367492|
|         884|   -8.910112|   -5.586342|   -6.077487|   -3.373535|
|         885|   -8.916939|   -5.591965|   -6.084482|   -3.379607|
|         886|   -8.923743|   -5.597618|   -6.091500|   -3.385708|
|         887|   -8.930523|   -5.603302|   -6.098539|   -3.391836|
|         888|   -8.937281|   -5.609017|   -6.105601|   -3.397995|
|         889|   -8.944015|   -5.614763|   -6.112686|   -3.404182|
|         890|   -8.950728|   -5.620540|   -6.119793|   -3.410399|
+-----------------------------------------------------------------------+
|        File Writing Summary       |              Filename             |
+-----------------------------------------------------------------------+
|SU2 binary restart                 |restart_flow.dat                   |

Writing the forces breakdown file (forces_breakdown.dat).
+-----------------------------------------------------------------------+
+----------------------------------------------------------------+
|  Inner_Iter|    rms[Rho]|   rms[RhoU]|   rms[RhoV]|   rms[RhoE]|
+----------------------------------------------------------------+
|         891|   -8.957418|   -5.626349|   -6.126922|   -3.416645|
|         892|   -8.964087|   -5.632190|   -6.134074|   -3.422920|
|         893|   -8.970735|   -5.638062|   -6.141248|   -3.429225|
|         894|   -8.977361|   -5.643967|   -6.148444|   -3.435560|
|         895|   -8.983965|   -5.649904|   -6.155663|   -3.441924|
|         896|   -8.990551|   -5.655874|   -6.162904|   -3.448319|
|         897|   -8.997116|   -5.661877|   -6.170167|   -3.454745|
|         898|   -9.003663|   -5.667912|   -6.177453|   -3.461200|
|         899|   -9.010190|   -5.673980|   -6.184760|   -3.467685|
|         900|   -9.016699|   -5.680082|   -6.192089|   -3.474202|
+-----------------------------------------------------------------------+
|        File Writing Summary       |              Filename             |
+-----------------------------------------------------------------------+
|SU2 binary restart                 |restart_flow.dat                   |

Writing the forces breakdown file (forces_breakdown.dat).
+-----------------------------------------------------------------------+
+----------------------------------------------------------------+
|  Inner_Iter|    rms[Rho]|   rms[RhoU]|   rms[RhoV]|   rms[RhoE]|
+----------------------------------------------------------------+
|         901|   -9.023191|   -5.686217|   -6.199442|   -3.480749|
|         902|   -9.029665|   -5.692385|   -6.206815|   -3.487327|
|         903|   -9.036122|   -5.698586|   -6.214211|   -3.493935|
|         904|   -9.042564|   -5.704822|   -6.221628|   -3.500575|
|         905|   -9.048988|   -5.711091|   -6.229068|   -3.507244|
|         906|   -9.055397|   -5.717394|   -6.236528|   -3.513944|
|         907|   -9.061792|   -5.723730|   -6.244010|   -3.520677|
|         908|   -9.068172|   -5.730101|   -6.251514|   -3.527440|
|         909|   -9.074541|   -5.736506|   -6.259039|   -3.534235|
|         910|   -9.080895|   -5.742945|   -6.266586|   -3.541061|
+-----------------------------------------------------------------------+
|        File Writing Summary       |              Filename             |
+-----------------------------------------------------------------------+
|SU2 binary restart                 |restart_flow.dat                   |

Writing the forces breakdown file (forces_breakdown.dat).
+-----------------------------------------------------------------------+
+----------------------------------------------------------------+
|  Inner_Iter|    rms[Rho]|   rms[RhoU]|   rms[RhoV]|   rms[RhoE]|
+----------------------------------------------------------------+
|         911|   -9.087237|   -5.749418|   -6.274154|   -3.547918|
|         912|   -9.093566|   -5.755926|   -6.281743|   -3.554805|
|         913|   -9.099884|   -5.762468|   -6.289353|   -3.561724|
|         914|   -9.106191|   -5.769044|   -6.296983|   -3.568675|
|         915|   -9.112488|   -5.775655|   -6.304633|   -3.575656|
|         916|   -9.118775|   -5.782300|   -6.312305|   -3.582670|
|         917|   -9.125053|   -5.788980|   -6.319995|   -3.589714|
|         918|   -9.131324|   -5.795694|   -6.327706|   -3.596790|
|         919|   -9.137585|   -5.802443|   -6.335438|   -3.603897|
|         920|   -9.143841|   -5.809227|   -6.343189|   -3.611037|
+-----------------------------------------------------------------------+
|        File Writing Summary       |              Filename             |
+-----------------------------------------------------------------------+
|SU2 binary restart                 |restart_flow.dat                   |

Writing the forces breakdown file (forces_breakdown.dat).
+-----------------------------------------------------------------------+
+----------------------------------------------------------------+
|  Inner_Iter|    rms[Rho]|   rms[RhoU]|   rms[RhoV]|   rms[RhoE]|
+----------------------------------------------------------------+
|         921|   -9.150088|   -5.816046|   -6.350960|   -3.618207|
|         922|   -9.156330|   -5.822899|   -6.358750|   -3.625408|
|         923|   -9.162565|   -5.829787|   -6.366559|   -3.632641|
|         924|   -9.168797|   -5.836710|   -6.374387|   -3.639905|
|         925|   -9.175024|   -5.843667|   -6.382234|   -3.647201|
|         926|   -9.181245|   -5.850659|   -6.390099|   -3.654527|
|         927|   -9.187464|   -5.857687|   -6.397982|   -3.661884|
|         928|   -9.193682|   -5.864749|   -6.405883|   -3.669275|
|         929|   -9.199895|   -5.871845|   -6.413802|   -3.676695|
|         930|   -9.206107|   -5.878977|   -6.421738|   -3.684146|
+-----------------------------------------------------------------------+
|        File Writing Summary       |              Filename             |
+-----------------------------------------------------------------------+
|SU2 binary restart                 |restart_flow.dat                   |

Writing the forces breakdown file (forces_breakdown.dat).
+-----------------------------------------------------------------------+
+----------------------------------------------------------------+
|  Inner_Iter|    rms[Rho]|   rms[RhoU]|   rms[RhoV]|   rms[RhoE]|
+----------------------------------------------------------------+
|         931|   -9.212318|   -5.886143|   -6.429690|   -3.691629|
|         932|   -9.218528|   -5.893345|   -6.437661|   -3.699143|
|         933|   -9.224738|   -5.900580|   -6.445648|   -3.706687|
|         934|   -9.230948|   -5.907851|   -6.453650|   -3.714262|
|         935|   -9.237159|   -5.915156|   -6.461669|   -3.721869|
|         936|   -9.243371|   -5.922496|   -6.469703|   -3.729505|
|         937|   -9.249587|   -5.929871|   -6.477753|   -3.737173|
|         938|   -9.255802|   -5.937280|   -6.485817|   -3.744871|
|         939|   -9.262021|   -5.944724|   -6.493895|   -3.752599|
|         940|   -9.268242|   -5.952202|   -6.501988|   -3.760357|
+-----------------------------------------------------------------------+
|        File Writing Summary       |              Filename             |
+-----------------------------------------------------------------------+
|SU2 binary restart                 |restart_flow.dat                   |

Writing the forces breakdown file (forces_breakdown.dat).
+-----------------------------------------------------------------------+
+----------------------------------------------------------------+
|  Inner_Iter|    rms[Rho]|   rms[RhoU]|   rms[RhoV]|   rms[RhoE]|
+----------------------------------------------------------------+
|         941|   -9.274467|   -5.959714|   -6.510095|   -3.768143|
|         942|   -9.280697|   -5.967261|   -6.518213|   -3.775961|
|         943|   -9.286930|   -5.974842|   -6.526344|   -3.783809|
|         944|   -9.293168|   -5.982457|   -6.534490|   -3.791687|
|         945|   -9.299411|   -5.990106|   -6.542646|   -3.799592|
|         946|   -9.305662|   -5.997789|   -6.550812|   -3.807530|
|         947|   -9.311917|   -6.005507|   -6.558992|   -3.815495|
|         948|   -9.318177|   -6.013257|   -6.567181|   -3.823487|
|         949|   -9.324446|   -6.021042|   -6.575378|   -3.831510|
|         950|   -9.330720|   -6.028860|   -6.583585|   -3.839559|
+-----------------------------------------------------------------------+
|        File Writing Summary       |              Filename             |
+-----------------------------------------------------------------------+
|SU2 binary restart                 |restart_flow.dat                   |

Writing the forces breakdown file (forces_breakdown.dat).
+-----------------------------------------------------------------------+
+----------------------------------------------------------------+
|  Inner_Iter|    rms[Rho]|   rms[RhoU]|   rms[RhoV]|   rms[RhoE]|
+----------------------------------------------------------------+
|         951|   -9.337004|   -6.036712|   -6.591799|   -3.847640|
|         952|   -9.343295|   -6.044597|   -6.600023|   -3.855747|
|         953|   -9.349593|   -6.052516|   -6.608255|   -3.863881|
|         954|   -9.355901|   -6.060467|   -6.616492|   -3.872044|
|         955|   -9.362219|   -6.068452|   -6.624737|   -3.880234|
|         956|   -9.368545|   -6.076470|   -6.632987|   -3.888451|
|         957|   -9.374882|   -6.084521|   -6.641242|   -3.896696|
|         958|   -9.381227|   -6.092604|   -6.649501|   -3.904967|
|         959|   -9.387583|   -6.100720|   -6.657763|   -3.913264|
|         960|   -9.393949|   -6.108869|   -6.666028|   -3.921587|
+-----------------------------------------------------------------------+
|        File Writing Summary       |              Filename             |
+-----------------------------------------------------------------------+
|SU2 binary restart                 |restart_flow.dat                   |

Writing the forces breakdown file (forces_breakdown.dat).
+-----------------------------------------------------------------------+
+----------------------------------------------------------------+
|  Inner_Iter|    rms[Rho]|   rms[RhoU]|   rms[RhoV]|   rms[RhoE]|
+----------------------------------------------------------------+
|         961|   -9.400327|   -6.117050|   -6.674295|   -3.929937|
|         962|   -9.406717|   -6.125263|   -6.682566|   -3.938312|
|         963|   -9.413119|   -6.133509|   -6.690836|   -3.946714|
|         964|   -9.419533|   -6.141786|   -6.699107|   -3.955140|
|         965|   -9.425957|   -6.150096|   -6.707379|   -3.963591|
|         966|   -9.432395|   -6.158437|   -6.715649|   -3.972065|
|         967|   -9.438848|   -6.166810|   -6.723916|   -3.980566|
|         968|   -9.445313|   -6.175214|   -6.732180|   -3.989090|
|         969|   -9.451792|   -6.183650|   -6.740444|   -3.997639|
|         970|   -9.458285|   -6.192116|   -6.748703|   -4.006209|
+-----------------------------------------------------------------------+
|        File Writing Summary       |              Filename             |
+-----------------------------------------------------------------------+
|SU2 binary restart                 |restart_flow.dat                   |

Writing the forces breakdown file (forces_breakdown.dat).
+-----------------------------------------------------------------------+
+----------------------------------------------------------------+
|  Inner_Iter|    rms[Rho]|   rms[RhoU]|   rms[RhoV]|   rms[RhoE]|
+----------------------------------------------------------------+
|         971|   -9.464791|   -6.200614|   -6.756958|   -4.014802|
|         972|   -9.471312|   -6.209142|   -6.765207|   -4.023419|
|         973|   -9.477849|   -6.217700|   -6.773451|   -4.032057|
|         974|   -9.484400|   -6.226289|   -6.781689|   -4.040717|
|         975|   -9.490968|   -6.234908|   -6.789920|   -4.049399|
|         976|   -9.497551|   -6.243557|   -6.798141|   -4.058101|
|         977|   -9.504149|   -6.252234|   -6.806355|   -4.066823|
|         978|   -9.510764|   -6.260941|   -6.814559|   -4.075564|
|         979|   -9.517394|   -6.269677|   -6.822753|   -4.084325|
|         980|   -9.524042|   -6.278441|   -6.830938|   -4.093107|
+-----------------------------------------------------------------------+
|        File Writing Summary       |              Filename             |
+-----------------------------------------------------------------------+
|SU2 binary restart                 |restart_flow.dat                   |

Writing the forces breakdown file (forces_breakdown.dat).
+-----------------------------------------------------------------------+
+----------------------------------------------------------------+
|  Inner_Iter|    rms[Rho]|   rms[RhoU]|   rms[RhoV]|   rms[RhoE]|
+----------------------------------------------------------------+
|         981|   -9.530707|   -6.287233|   -6.839110|   -4.101905|
|         982|   -9.537388|   -6.296053|   -6.847269|   -4.110721|
|         983|   -9.544085|   -6.304900|   -6.855417|   -4.119553|
|         984|   -9.550799|   -6.313774|   -6.863551|   -4.128397|
|         985|   -9.557530|   -6.322674|   -6.871672|   -4.137259|
|         986|   -9.564279|   -6.331600|   -6.879775|   -4.146137|
|         987|   -9.571047|   -6.340551|   -6.887861|   -4.155027|
|         988|   -9.577830|   -6.349527|   -6.895929|   -4.163931|
|         989|   -9.584633|   -6.358527|   -6.903981|   -4.172847|
|         990|   -9.591452|   -6.367550|   -6.912017|   -4.181771|
+-----------------------------------------------------------------------+
|        File Writing Summary       |              Filename             |
+-----------------------------------------------------------------------+
|SU2 binary restart                 |restart_flow.dat                   |

Writing the forces breakdown file (forces_breakdown.dat).
+-----------------------------------------------------------------------+
+----------------------------------------------------------------+
|  Inner_Iter|    rms[Rho]|   rms[RhoU]|   rms[RhoV]|   rms[RhoE]|
+----------------------------------------------------------------+
|         991|   -9.598289|   -6.376596|   -6.920031|   -4.190706|
|         992|   -9.605145|   -6.385664|   -6.928026|   -4.199652|
|         993|   -9.612018|   -6.394754|   -6.936000|   -4.208606|
|         994|   -9.618907|   -6.403865|   -6.943950|   -4.217564|
|         995|   -9.625815|   -6.412995|   -6.951878|   -4.226530|
|         996|   -9.632742|   -6.422145|   -6.959784|   -4.235502|
|         997|   -9.639687|   -6.431312|   -6.967667|   -4.244476|
|         998|   -9.646650|   -6.440497|   -6.975522|   -4.253455|
|         999|   -9.653631|   -6.449699|   -6.983353|   -4.262434|
|        1000|   -9.660628|   -6.458916|   -6.991156|   -4.271410|
+-----------------------------------------------------------------------+
|        File Writing Summary       |              Filename             |
+-----------------------------------------------------------------------+
|SU2 binary restart                 |restart_flow.dat                   |

Writing the forces breakdown file (forces_breakdown.dat).
|Paraview                           |flow.vtu                           |

Writing the forces breakdown file (forces_breakdown.dat).
|Paraview surface                   |surface_flow.vtu                   |

Writing the forces breakdown file (forces_breakdown.dat).
|CSV file                           |surface_flow.csv                   |

Writing the forces breakdown file (forces_breakdown.dat).
+-----------------------------------------------------------------------+
+----------------------------------------------------------------+
|  Inner_Iter|    rms[Rho]|   rms[RhoU]|   rms[RhoV]|   rms[RhoE]|
+----------------------------------------------------------------+
|        1001|   -9.667645|   -6.468147|   -6.998933|   -4.280388|
|        1002|   -9.674678|   -6.477392|   -7.006682|   -4.289362|
|        1003|   -9.681726|   -6.486649|   -7.014402|   -4.298330|
|        1004|   -9.688795|   -6.495918|   -7.022092|   -4.307300|
|        1005|   -9.695882|   -6.505197|   -7.029757|   -4.316260|
|        1006|   -9.702988|   -6.514484|   -7.037386|   -4.325212|
|        1007|   -9.710110|   -6.523779|   -7.044985|   -4.334154|
|        1008|   -9.717248|   -6.533081|   -7.052552|   -4.343083|
|        1009|   -9.724405|   -6.542387|   -7.060089|   -4.352002|
|        1010|   -9.731578|   -6.551698|   -7.067593|   -4.360908|
+-----------------------------------------------------------------------+
|        File Writing Summary       |              Filename             |
+-----------------------------------------------------------------------+
|SU2 binary restart                 |restart_flow.dat                   |

Writing the forces breakdown file (forces_breakdown.dat).
+-----------------------------------------------------------------------+
+----------------------------------------------------------------+
|  Inner_Iter|    rms[Rho]|   rms[RhoU]|   rms[RhoV]|   rms[RhoE]|
+----------------------------------------------------------------+
|        1011|   -9.738771|   -6.561011|   -7.075061|   -4.369801|
|        1012|   -9.745980|   -6.570324|   -7.082497|   -4.378673|
|        1013|   -9.753206|   -6.579637|   -7.089899|   -4.387530|
|        1014|   -9.760448|   -6.588948|   -7.097266|   -4.396364|
|        1015|   -9.767709|   -6.598255|   -7.104602|   -4.405177|
|        1016|   -9.774986|   -6.607556|   -7.111900|   -4.413967|
|        1017|   -9.782278|   -6.616851|   -7.119164|   -4.422732|
|        1018|   -9.789590|   -6.626137|   -7.126393|   -4.431473|
|        1019|   -9.796917|   -6.635412|   -7.133586|   -4.440183|
|        1020|   -9.804261|   -6.644676|   -7.140742|   -4.448865|
+-----------------------------------------------------------------------+
|        File Writing Summary       |              Filename             |
+-----------------------------------------------------------------------+
|SU2 binary restart                 |restart_flow.dat                   |

Writing the forces breakdown file (forces_breakdown.dat).
+-----------------------------------------------------------------------+
+----------------------------------------------------------------+
|  Inner_Iter|    rms[Rho]|   rms[RhoU]|   rms[RhoV]|   rms[RhoE]|
+----------------------------------------------------------------+
|        1021|   -9.811622|   -6.653925|   -7.147865|   -4.457517|
|        1022|   -9.818999|   -6.663159|   -7.154952|   -4.466135|
|        1023|   -9.826393|   -6.672375|   -7.162002|   -4.474721|
|        1024|   -9.833804|   -6.681570|   -7.169019|   -4.483267|
|        1025|   -9.841227|   -6.690744|   -7.176001|   -4.491772|
|        1026|   -9.848670|   -6.699894|   -7.182946|   -4.500239|
|        1027|   -9.856129|   -6.709019|   -7.189856|   -4.508669|
|        1028|   -9.863602|   -6.718116|   -7.196732|   -4.517057|
|        1029|   -9.871092|   -6.727183|   -7.203571|   -4.525401|
|        1030|   -9.878599|   -6.736218|   -7.210378|   -4.533701|
+-----------------------------------------------------------------------+
|        File Writing Summary       |              Filename             |
+-----------------------------------------------------------------------+
|SU2 binary restart                 |restart_flow.dat                   |

Writing the forces breakdown file (forces_breakdown.dat).
+-----------------------------------------------------------------------+
+----------------------------------------------------------------+
|  Inner_Iter|    rms[Rho]|   rms[RhoU]|   rms[RhoV]|   rms[RhoE]|
+----------------------------------------------------------------+
|        1031|   -9.886122|   -6.745219|   -7.217150|   -4.541954|
|        1032|   -9.893657|   -6.754184|   -7.223889|   -4.550153|
|        1033|   -9.901208|   -6.763110|   -7.230593|   -4.558306|
|        1034|   -9.908773|   -6.771997|   -7.237268|   -4.566406|
|        1035|   -9.916358|   -6.780840|   -7.243908|   -4.574456|
|        1036|   -9.923950|   -6.789638|   -7.250517|   -4.582449|
|        1037|   -9.931558|   -6.798390|   -7.257095|   -4.590385|
|        1038|   -9.939186|   -6.807092|   -7.263642|   -4.598270|
|        1039|   -9.946826|   -6.815744|   -7.270156|   -4.606103|
|        1040|   -9.954476|   -6.824343|   -7.276642|   -4.613871|
+-----------------------------------------------------------------------+
|        File Writing Summary       |              Filename             |
+-----------------------------------------------------------------------+
|SU2 binary restart                 |restart_flow.dat                   |

Writing the forces breakdown file (forces_breakdown.dat).
+-----------------------------------------------------------------------+
+----------------------------------------------------------------+
|  Inner_Iter|    rms[Rho]|   rms[RhoU]|   rms[RhoV]|   rms[RhoE]|
+----------------------------------------------------------------+
|        1041|   -9.962145|   -6.832886|   -7.283101|   -4.621581|
|        1042|   -9.969827|   -6.841372|   -7.289528|   -4.629235|
|        1043|   -9.977518|   -6.849799|   -7.295929|   -4.636820|
|        1044|   -9.985223|   -6.858166|   -7.302303|   -4.644347|
|        1045|   -9.992945|   -6.866469|   -7.308649|   -4.651824|
|        1046|  -10.000676|   -6.874708|   -7.314974|   -4.659221|
|        1047|  -10.008421|   -6.882881|   -7.321268|   -4.666564|
|        1048|  -10.016183|   -6.890986|   -7.327536|   -4.673851|
|        1049|  -10.023955|   -6.899021|   -7.333785|   -4.681068|
|        1050|  -10.031732|   -6.906986|   -7.340013|   -4.688214|
+-----------------------------------------------------------------------+
|        File Writing Summary       |              Filename             |
+-----------------------------------------------------------------------+
|SU2 binary restart                 |restart_flow.dat                   |

Writing the forces breakdown file (forces_breakdown.dat).
+-----------------------------------------------------------------------+
+----------------------------------------------------------------+
|  Inner_Iter|    rms[Rho]|   rms[RhoU]|   rms[RhoV]|   rms[RhoE]|
+----------------------------------------------------------------+
|        1051|  -10.039534|   -6.914878|   -7.346219|   -4.695314|
|        1052|  -10.047333|   -6.922697|   -7.352403|   -4.702332|
|        1053|  -10.055151|   -6.930441|   -7.358565|   -4.709294|
|        1054|  -10.062979|   -6.938109|   -7.364707|   -4.716199|
|        1055|  -10.070817|   -6.945701|   -7.370837|   -4.723037|
|        1056|  -10.078664|   -6.953216|   -7.376941|   -4.729815|
|        1057|  -10.086516|   -6.960653|   -7.383023|   -4.736516|
|        1058|  -10.094386|   -6.968011|   -7.389100|   -4.743170|
|        1059|  -10.102265|   -6.975290|   -7.395156|   -4.749763|
|        1060|  -10.110145|   -6.982489|   -7.401203|   -4.756287|
+-----------------------------------------------------------------------+
|        File Writing Summary       |              Filename             |
+-----------------------------------------------------------------------+
|SU2 binary restart                 |restart_flow.dat                   |

Writing the forces breakdown file (forces_breakdown.dat).
+-----------------------------------------------------------------------+
+----------------------------------------------------------------+
|  Inner_Iter|    rms[Rho]|   rms[RhoU]|   rms[RhoV]|   rms[RhoE]|
+----------------------------------------------------------------+
|        1061|  -10.118038|   -6.989610|   -7.407232|   -4.762762|
|        1062|  -10.125945|   -6.996649|   -7.413244|   -4.769179|
|        1063|  -10.133850|   -7.003610|   -7.419243|   -4.775529|
|        1064|  -10.141767|   -7.010493|   -7.425239|   -4.781824|
|        1065|  -10.149690|   -7.017297|   -7.431227|   -4.788070|
|        1066|  -10.157617|   -7.024021|   -7.437192|   -4.794256|
|        1067|  -10.165547|   -7.030669|   -7.443158|   -4.800380|
|        1068|  -10.173494|   -7.037238|   -7.449112|   -4.806469|
|        1069|  -10.181443|   -7.043730|   -7.455062|   -4.812510|
|        1070|  -10.189402|   -7.050149|   -7.461005|   -4.818495|
+-----------------------------------------------------------------------+
|        File Writing Summary       |              Filename             |
+-----------------------------------------------------------------------+
|SU2 binary restart                 |restart_flow.dat                   |

Writing the forces breakdown file (forces_breakdown.dat).
+-----------------------------------------------------------------------+
+----------------------------------------------------------------+
|  Inner_Iter|    rms[Rho]|   rms[RhoU]|   rms[RhoV]|   rms[RhoE]|
+----------------------------------------------------------------+
|        1071|  -10.197353|   -7.056493|   -7.466944|   -4.824426|
|        1072|  -10.205325|   -7.062765|   -7.472869|   -4.830325|
|        1073|  -10.213279|   -7.068966|   -7.478801|   -4.836156|
|        1074|  -10.221246|   -7.075095|   -7.484725|   -4.841962|
|        1075|  -10.229223|   -7.081156|   -7.490644|   -4.847731|
|        1076|  -10.237192|   -7.087148|   -7.496562|   -4.853437|
|        1077|  -10.245164|   -7.093074|   -7.502492|   -4.859116|
|        1078|  -10.253136|   -7.098940|   -7.508402|   -4.864750|
|        1079|  -10.261117|   -7.104741|   -7.514315|   -4.870366|
|        1080|  -10.269089|   -7.110484|   -7.520239|   -4.875933|
+-----------------------------------------------------------------------+
|        File Writing Summary       |              Filename             |
+-----------------------------------------------------------------------+
|SU2 binary restart                 |restart_flow.dat                   |

Writing the forces breakdown file (forces_breakdown.dat).
+-----------------------------------------------------------------------+
+----------------------------------------------------------------+
|  Inner_Iter|    rms[Rho]|   rms[RhoU]|   rms[RhoV]|   rms[RhoE]|
+----------------------------------------------------------------+
|        1081|  -10.277055|   -7.116168|   -7.526158|   -4.881460|
|        1082|  -10.285043|   -7.121795|   -7.532080|   -4.886985|
|        1083|  -10.293008|   -7.127366|   -7.538009|   -4.892466|
|        1084|  -10.300981|   -7.132886|   -7.543941|   -4.897917|
|        1085|  -10.308959|   -7.138357|   -7.549871|   -4.903355|
|        1086|  -10.316925|   -7.143779|   -7.555803|   -4.908748|
|        1087|  -10.324894|   -7.149157|   -7.561739|   -4.914138|
|        1088|  -10.332852|   -7.154488|   -7.567694|   -4.919493|
|        1089|  -10.340798|   -7.159778|   -7.573643|   -4.924832|
|        1090|  -10.348759|   -7.165029|   -7.579607|   -4.930165|
+-----------------------------------------------------------------------+
|        File Writing Summary       |              Filename             |
+-----------------------------------------------------------------------+
|SU2 binary restart                 |restart_flow.dat                   |

Writing the forces breakdown file (forces_breakdown.dat).
+-----------------------------------------------------------------------+
+----------------------------------------------------------------+
|  Inner_Iter|    rms[Rho]|   rms[RhoU]|   rms[RhoV]|   rms[RhoE]|
+----------------------------------------------------------------+
|        1091|  -10.356702|   -7.170244|   -7.585575|   -4.935456|
|        1092|  -10.364643|   -7.175422|   -7.591547|   -4.940758|
|        1093|  -10.372561|   -7.180567|   -7.597540|   -4.946024|
|        1094|  -10.380472|   -7.185682|   -7.603549|   -4.951270|
|        1095|  -10.388396|   -7.190768|   -7.609548|   -4.956527|
|        1096|  -10.396313|   -7.195825|   -7.615563|   -4.961799|
|        1097|  -10.404212|   -7.200859|   -7.621587|   -4.967038|
|        1098|  -10.412088|   -7.205868|   -7.627635|   -4.972266|
|        1099|  -10.419962|   -7.210859|   -7.633678|   -4.977481|
|        1100|  -10.427830|   -7.215830|   -7.639727|   -4.982713|
+-----------------------------------------------------------------------+
|        File Writing Summary       |              Filename             |
+-----------------------------------------------------------------------+
|SU2 binary restart                 |restart_flow.dat                   |

Writing the forces breakdown file (forces_breakdown.dat).
+-----------------------------------------------------------------------+
+----------------------------------------------------------------+
|  Inner_Iter|    rms[Rho]|   rms[RhoU]|   rms[RhoV]|   rms[RhoE]|
+----------------------------------------------------------------+
|        1101|  -10.435692|   -7.220785|   -7.645802|   -4.987936|
|        1102|  -10.443530|   -7.225726|   -7.651905|   -4.993162|
|        1103|  -10.451352|   -7.230649|   -7.658006|   -4.998365|
|        1104|  -10.459200|   -7.235566|   -7.664104|   -5.003607|
|        1105|  -10.466995|   -7.240470|   -7.670225|   -5.008821|
|        1106|  -10.474772|   -7.245371|   -7.676369|   -5.014044|
|        1107|  -10.482544|   -7.250260|   -7.682527|   -5.019279|
|        1108|  -10.490299|   -7.255147|   -7.688699|   -5.024506|
|        1109|  -10.498037|   -7.260032|   -7.694873|   -5.029746|
|        1110|  -10.505785|   -7.264914|   -7.701072|   -5.035013|
+-----------------------------------------------------------------------+
|        File Writing Summary       |              Filename             |
+-----------------------------------------------------------------------+
|SU2 binary restart                 |restart_flow.dat                   |

Writing the forces breakdown file (forces_breakdown.dat).
+-----------------------------------------------------------------------+
+----------------------------------------------------------------+
|  Inner_Iter|    rms[Rho]|   rms[RhoU]|   rms[RhoV]|   rms[RhoE]|
+----------------------------------------------------------------+
|        1111|  -10.513490|   -7.269795|   -7.707303|   -5.040266|
|        1112|  -10.521181|   -7.274678|   -7.713531|   -5.045527|
|        1113|  -10.528843|   -7.279564|   -7.719791|   -5.050798|
|        1114|  -10.536527|   -7.284454|   -7.726082|   -5.056114|
|        1115|  -10.544161|   -7.289348|   -7.732350|   -5.061420|
|        1116|  -10.551775|   -7.294253|   -7.738650|   -5.066722|
|        1117|  -10.559371|   -7.299167|   -7.744993|   -5.072070|
|        1118|  -10.566958|   -7.304085|   -7.751323|   -5.077409|
|        1119|  -10.574507|   -7.309015|   -7.757686|   -5.082752|
|        1120|  -10.582013|   -7.313958|   -7.764046|   -5.088114|
+-----------------------------------------------------------------------+
|        File Writing Summary       |              Filename             |
+-----------------------------------------------------------------------+
|SU2 binary restart                 |restart_flow.dat                   |

Writing the forces breakdown file (forces_breakdown.dat).
+-----------------------------------------------------------------------+
+----------------------------------------------------------------+
|  Inner_Iter|    rms[Rho]|   rms[RhoU]|   rms[RhoV]|   rms[RhoE]|
+----------------------------------------------------------------+
|        1121|  -10.589539|   -7.318911|   -7.770444|   -5.093519|
|        1122|  -10.597038|   -7.323881|   -7.776858|   -5.098925|
|        1123|  -10.604506|   -7.328864|   -7.783298|   -5.104348|
|        1124|  -10.611976|   -7.333864|   -7.789736|   -5.109797|
|        1125|  -10.619413|   -7.338881|   -7.796205|   -5.115272|
|        1126|  -10.626833|   -7.343914|   -7.802680|   -5.120783|
|        1127|  -10.634179|   -7.348963|   -7.809214|   -5.126263|
|        1128|  -10.641547|   -7.354031|   -7.815759|   -5.131805|
|        1129|  -10.648902|   -7.359121|   -7.822305|   -5.137362|
|        1130|  -10.656216|   -7.364233|   -7.828874|   -5.142938|
+-----------------------------------------------------------------------+
|        File Writing Summary       |              Filename             |
+-----------------------------------------------------------------------+
|SU2 binary restart                 |restart_flow.dat                   |

Writing the forces breakdown file (forces_breakdown.dat).
+-----------------------------------------------------------------------+
+----------------------------------------------------------------+
|  Inner_Iter|    rms[Rho]|   rms[RhoU]|   rms[RhoV]|   rms[RhoE]|
+----------------------------------------------------------------+
|        1131|  -10.663500|   -7.369364|   -7.835461|   -5.148543|
|        1132|  -10.670756|   -7.374515|   -7.842101|   -5.154133|
|        1133|  -10.677991|   -7.379689|   -7.848743|   -5.159777|
|        1134|  -10.685112|   -7.384892|   -7.855400|   -5.165371|
|        1135|  -10.692333|   -7.390117|   -7.862074|   -5.171087|
|        1136|  -10.699511|   -7.395360|   -7.868745|   -5.176818|
|        1137|  -10.706641|   -7.400632|   -7.875468|   -5.182531|
|        1138|  -10.713753|   -7.405932|   -7.882219|   -5.188292|
|        1139|  -10.720846|   -7.411258|   -7.888961|   -5.194109|
|        1140|  -10.727965|   -7.416612|   -7.895747|   -5.199952|
+-----------------------------------------------------------------------+
|        File Writing Summary       |              Filename             |
+-----------------------------------------------------------------------+
|SU2 binary restart                 |restart_flow.dat                   |

Writing the forces breakdown file (forces_breakdown.dat).
+-----------------------------------------------------------------------+
+----------------------------------------------------------------+
|  Inner_Iter|    rms[Rho]|   rms[RhoU]|   rms[RhoV]|   rms[RhoE]|
+----------------------------------------------------------------+
|        1141|  -10.734941|   -7.421989|   -7.902568|   -5.205745|
|        1142|  -10.741977|   -7.427393|   -7.909393|   -5.211629|
|        1143|  -10.748939|   -7.432821|   -7.916255|   -5.217504|
|        1144|  -10.755947|   -7.438284|   -7.923152|   -5.223430|
|        1145|  -10.762832|   -7.443773|   -7.930033|   -5.229333|
|        1146|  -10.769760|   -7.449292|   -7.936944|   -5.235335|
|        1147|  -10.776634|   -7.454839|   -7.943865|   -5.241330|
|        1148|  -10.783525|   -7.460417|   -7.950821|   -5.247376|
|        1149|  -10.790378|   -7.466026|   -7.957799|   -5.253444|
|        1150|  -10.797209|   -7.471662|   -7.964806|   -5.259534|
+-----------------------------------------------------------------------+
|        File Writing Summary       |              Filename             |
+-----------------------------------------------------------------------+
|SU2 binary restart                 |restart_flow.dat                   |

Writing the forces breakdown file (forces_breakdown.dat).
+-----------------------------------------------------------------------+
+----------------------------------------------------------------+
|  Inner_Iter|    rms[Rho]|   rms[RhoU]|   rms[RhoV]|   rms[RhoE]|
+----------------------------------------------------------------+
|        1151|  -10.803961|   -7.477328|   -7.971829|   -5.265606|
|        1152|  -10.810735|   -7.483027|   -7.978870|   -5.271769|
|        1153|  -10.817473|   -7.488758|   -7.985963|   -5.277948|
|        1154|  -10.824211|   -7.494519|   -7.993041|   -5.284158|
|        1155|  -10.830891|   -7.500308|   -8.000166|   -5.290370|
|        1156|  -10.837567|   -7.506135|   -8.007320|   -5.296627|
|        1157|  -10.844215|   -7.511986|   -8.014482|   -5.302912|
|        1158|  -10.850869|   -7.517876|   -8.021656|   -5.309215|
|        1159|  -10.857478|   -7.523795|   -8.028865|   -5.315561|
|        1160|  -10.864069|   -7.529746|   -8.036135|   -5.321926|
+-----------------------------------------------------------------------+
|        File Writing Summary       |              Filename             |
+-----------------------------------------------------------------------+
|SU2 binary restart                 |restart_flow.dat                   |

Writing the forces breakdown file (forces_breakdown.dat).
+-----------------------------------------------------------------------+
+----------------------------------------------------------------+
|  Inner_Iter|    rms[Rho]|   rms[RhoU]|   rms[RhoV]|   rms[RhoE]|
+----------------------------------------------------------------+
|        1161|  -10.870664|   -7.535736|   -8.043349|   -5.328363|
|        1162|  -10.877224|   -7.541748|   -8.050642|   -5.334815|
|        1163|  -10.883724|   -7.547800|   -8.057916|   -5.341268|
|        1164|  -10.890291|   -7.553883|   -8.065244|   -5.347788|
|        1165|  -10.896785|   -7.560002|   -8.072609|   -5.354307|
|        1166|  -10.903315|   -7.566151|   -8.079956|   -5.360890|
|        1167|  -10.909803|   -7.572339|   -8.087351|   -5.367503|
|        1168|  -10.916214|   -7.578553|   -8.094748|   -5.374115|
|        1169|  -10.922553|   -7.584801|   -8.102178|   -5.380678|
|        1170|  -10.928997|   -7.591089|   -8.109618|   -5.387434|
+-----------------------------------------------------------------------+
|        File Writing Summary       |              Filename             |
+-----------------------------------------------------------------------+
|SU2 binary restart                 |restart_flow.dat                   |

Writing the forces breakdown file (forces_breakdown.dat).
+-----------------------------------------------------------------------+
+----------------------------------------------------------------+
|  Inner_Iter|    rms[Rho]|   rms[RhoU]|   rms[RhoV]|   rms[RhoE]|
+----------------------------------------------------------------+
|        1171|  -10.935453|   -7.597407|   -8.117112|   -5.394161|
|        1172|  -10.941805|   -7.603760|   -8.124592|   -5.400859|
|        1173|  -10.948151|   -7.610144|   -8.132118|   -5.407627|
|        1174|  -10.954511|   -7.616567|   -8.139616|   -5.414459|
|        1175|  -10.960848|   -7.623026|   -8.147122|   -5.421293|
|        1176|  -10.967240|   -7.629519|   -8.154671|   -5.428167|
|        1177|  -10.973599|   -7.636044|   -8.162302|   -5.435122|
|        1178|  -10.979880|   -7.642593|   -8.169981|   -5.442019|
|        1179|  -10.986129|   -7.649185|   -8.177643|   -5.448957|
|        1180|  -10.992511|   -7.655814|   -8.185286|   -5.455981|
+-----------------------------------------------------------------------+
|        File Writing Summary       |              Filename             |
+-----------------------------------------------------------------------+
|SU2 binary restart                 |restart_flow.dat                   |

Writing the forces breakdown file (forces_breakdown.dat).
+-----------------------------------------------------------------------+
+----------------------------------------------------------------+
|  Inner_Iter|    rms[Rho]|   rms[RhoU]|   rms[RhoV]|   rms[RhoE]|
+----------------------------------------------------------------+
|        1181|  -10.998827|   -7.662477|   -8.192939|   -5.463032|
|        1182|  -11.005016|   -7.669176|   -8.200661|   -5.470060|
|        1183|  -11.011362|   -7.675905|   -8.208368|   -5.477212|
|        1184|  -11.017554|   -7.682672|   -8.216109|   -5.484266|
|        1185|  -11.023780|   -7.689466|   -8.223855|   -5.491391|
|        1186|  -11.030119|   -7.696302|   -8.231628|   -5.498632|
|        1187|  -11.036438|   -7.703163|   -8.239468|   -5.505950|
|        1188|  -11.042572|   -7.710077|   -8.247329|   -5.513148|
|        1189|  -11.048803|   -7.717016|   -8.255186|   -5.520400|
|        1190|  -11.054944|   -7.723985|   -8.263044|   -5.527646|
+-----------------------------------------------------------------------+
|        File Writing Summary       |              Filename             |
+-----------------------------------------------------------------------+
|SU2 binary restart                 |restart_flow.dat                   |

Writing the forces breakdown file (forces_breakdown.dat).
+-----------------------------------------------------------------------+
+----------------------------------------------------------------+
|  Inner_Iter|    rms[Rho]|   rms[RhoU]|   rms[RhoV]|   rms[RhoE]|
+----------------------------------------------------------------+
|        1191|  -11.061211|   -7.730991|   -8.270914|   -5.535008|
|        1192|  -11.067411|   -7.738037|   -8.278745|   -5.542369|
|        1193|  -11.073585|   -7.745120|   -8.286599|   -5.549694|
|        1194|  -11.079851|   -7.752236|   -8.294474|   -5.557259|
|        1195|  -11.086051|   -7.759381|   -8.302503|   -5.564735|
|        1196|  -11.092279|   -7.766566|   -8.310468|   -5.572173|
|        1197|  -11.098503|   -7.773783|   -8.318478|   -5.579721|
|        1198|  -11.104694|   -7.781025|   -8.326481|   -5.587230|
|        1199|  -11.110908|   -7.788318|   -8.334408|   -5.594875|
|        1200|  -11.117144|   -7.795636|   -8.342473|   -5.602483|
+-----------------------------------------------------------------------+
|        File Writing Summary       |              Filename             |
+-----------------------------------------------------------------------+
|SU2 binary restart                 |restart_flow.dat                   |

Writing the forces breakdown file (forces_breakdown.dat).
+-----------------------------------------------------------------------+
+----------------------------------------------------------------+
|  Inner_Iter|    rms[Rho]|   rms[RhoU]|   rms[RhoV]|   rms[RhoE]|
+----------------------------------------------------------------+
|        1201|  -11.123384|   -7.802992|   -8.350479|   -5.610158|
|        1202|  -11.129493|   -7.810391|   -8.358535|   -5.617783|
|        1203|  -11.135694|   -7.817816|   -8.366604|   -5.625482|
|        1204|  -11.141902|   -7.825276|   -8.374672|   -5.633206|
|        1205|  -11.148285|   -7.832764|   -8.382795|   -5.641110|
|        1206|  -11.154460|   -7.840295|   -8.390922|   -5.648894|
|        1207|  -11.160580|   -7.847862|   -8.399057|   -5.656676|
|        1208|  -11.166856|   -7.855461|   -8.407233|   -5.664581|
|        1209|  -11.173042|   -7.863085|   -8.415387|   -5.672350|
|        1210|  -11.179397|   -7.870741|   -8.423532|   -5.680295|
+-----------------------------------------------------------------------+
|        File Writing Summary       |              Filename             |
+-----------------------------------------------------------------------+
|SU2 binary restart                 |restart_flow.dat                   |

Writing the forces breakdown file (forces_breakdown.dat).
+-----------------------------------------------------------------------+
+----------------------------------------------------------------+
|  Inner_Iter|    rms[Rho]|   rms[RhoU]|   rms[RhoV]|   rms[RhoE]|
+----------------------------------------------------------------+
|        1211|  -11.185623|   -7.878443|   -8.431690|   -5.688273|
|        1212|  -11.191837|   -7.886184|   -8.439868|   -5.696276|
|        1213|  -11.198127|   -7.893954|   -8.448014|   -5.704271|
|        1214|  -11.204451|   -7.901750|   -8.456244|   -5.712349|
|        1215|  -11.210687|   -7.909580|   -8.464454|   -5.720313|
|        1216|  -11.217049|   -7.917446|   -8.472656|   -5.728510|
|        1217|  -11.223385|   -7.925344|   -8.480886|   -5.736659|
|        1218|  -11.229623|   -7.933284|   -8.489153|   -5.744791|
|        1219|  -11.236003|   -7.941250|   -8.497422|   -5.753113|
|        1220|  -11.242279|   -7.949252|   -8.505725|   -5.761253|
+-----------------------------------------------------------------------+
|        File Writing Summary       |              Filename             |
+-----------------------------------------------------------------------+
|SU2 binary restart                 |restart_flow.dat                   |

Writing the forces breakdown file (forces_breakdown.dat).
+-----------------------------------------------------------------------+
+----------------------------------------------------------------+
|  Inner_Iter|    rms[Rho]|   rms[RhoU]|   rms[RhoV]|   rms[RhoE]|
+----------------------------------------------------------------+
|        1221|  -11.248573|   -7.957289|   -8.513956|   -5.769385|
|        1222|  -11.254836|   -7.965350|   -8.522183|   -5.777556|
|        1223|  -11.261276|   -7.973453|   -8.530385|   -5.785944|
|        1224|  -11.267587|   -7.981582|   -8.538726|   -5.794251|

----------------------------- Solver Exit -------------------------------
All convergence criteria satisfied.
+-----------------------------------------------------------------------+
|      Convergence Field     |     Value    |   Criterion  |  Converged |
+-----------------------------------------------------------------------+
|                  Cauchy[CD]|   9.93106e-11|       < 1e-10|         Yes|
+-----------------------------------------------------------------------+
-------------------------------------------------------------------------
+-----------------------------------------------------------------------+
|        File Writing Summary       |              Filename             |
+-----------------------------------------------------------------------+
|SU2 binary restart                 |restart_flow.dat                   |

Writing the forces breakdown file (forces_breakdown.dat).
|Paraview                           |flow.vtu                           |

Writing the forces breakdown file (forces_breakdown.dat).
|Paraview surface                   |surface_flow.vtu                   |

Writing the forces breakdown file (forces_breakdown.dat).
|CSV file                           |surface_flow.csv                   |

Writing the forces breakdown file (forces_breakdown.dat).
+-----------------------------------------------------------------------+

--------------------------- Finalizing Solver ---------------------------
Deleted CNumerics container.
Deleted CIntegration container.
Deleted CSolver container.
Deleted CIteration container.
Deleted CInterface container.
Deleted CGeometry container.
Deleted CFreeFormDefBox class.
Deleted CSurfaceMovement class.
Deleted CVolumetricMovement class.
Deleted CConfig container.
Deleted nInst container.
Deleted COutput class.
-------------------------------------------------------------------------

------------------------- Exit Success (SU2_CFD) ------------------------

